time,torso_height,velocity_x,energy,com_x,com_z
0.002,1.24998038,1.698402868313763e-18,0.0,0.026749226006191954,0.5852413264838567
0.004,1.24992152,7.016545862908106e-20,0.0,0.026749226006191954,0.5851824664838567
0.006,1.24982342,-8.391061473540675e-19,0.0,0.026749226006191954,0.5850843664838569
0.008,1.24968608,-1.7483777533372163e-18,0.0,0.026749226006191954,0.5849470264838569
0.01,1.2495095,-2.657649359320365e-18,0.0,0.026749226006191954,0.5847704464838569
0.012,1.24929368,-3.5669209653035135e-18,0.0,0.026749226006191954,0.5845546264838569
0.014,1.24903862,-4.476192571286662e-18,0.0,0.026749226006191954,0.584299566483857
0.016,1.2487443200000001,-3.865783943971771e-18,0.0,0.026749226006191954,0.5840052664838569
0.018000000000000002,1.2484107800000002,-3.2034943002028457e-18,0.0,0.026749226006191954,0.5836717264838569
0.020000000000000004,1.2480380000000002,-4.112765906185994e-18,0.0,0.026749226006191954,0.5832989464838569
0.022000000000000006,1.2476259800000002,-5.0220375121691425e-18,0.0,0.026749226006191954,0.5828869264838571
0.024000000000000007,1.2471747200000003,-5.931309118152291e-18,0.0,0.026749226006191954,0.5824356664838571
0.02600000000000001,1.2466842200000003,-6.84058072413544e-18,0.0,0.026749226006191954,0.5819451664838571
0.02800000000000001,1.2461544800000004,-7.749852330118588e-18,0.0,0.026749226006191954,0.5814154264838572
0.030000000000000013,1.2455855000000005,-8.659123936101738e-18,0.0,0.026749226006191954,0.5808464464838573
0.032000000000000015,1.2449772800000005,-9.568395542084885e-18,0.0,0.026749226006191954,0.5802382264838574
0.034000000000000016,1.2443298200000006,-8.670119531584298e-18,0.0,0.026749226006191954,0.5795907664838574
0.03600000000000002,1.2436431200000007,-9.579391137567447e-18,0.0,0.026749226006191954,0.5789040664838575
0.03800000000000002,1.2429171800000007,-8.413603385156459e-18,0.0,0.026749226006191954,0.5781781264838575
0.04000000000000002,1.2421520000000008,-7.023269931891827e-18,0.0,0.026749226006191954,0.5774129464838577
0.04200000000000002,1.241347580000001,-5.185975358147019e-18,0.0,0.026749226006191954,0.5766085264838577
0.044000000000000025,1.240503920000001,-3.196805089078787e-18,0.0,0.026749226006191954,0.5757648664838577
0.04600000000000003,1.239621020000001,-2.424934564373295e-18,0.0,0.026749226006191954,0.5748819664838579
0.04800000000000003,1.2386988800000012,-1.0318019440306255e-18,0.0,0.026749226006191954,0.573959826483858
0.05000000000000003,1.2377375000000013,-3.8272761566354845e-19,0.0,0.026749226006191954,0.572998446483858
0.05200000000000003,1.2367368800000014,3.118863675605139e-19,0.0,0.026749226006191954,0.5719978264838582
0.054000000000000034,1.2356970200000015,1.0394438569912945e-18,0.0,0.026749226006191954,0.5709579664838582
0.056000000000000036,1.2346179200000014,1.7796933043021014e-18,0.0,0.026749226006191954,0.5698788664838582
0.05800000000000004,1.2334995800000013,3.3559185991586077e-18,0.0,0.026749226006191954,0.5687605264838581
0.06000000000000004,1.2323420000000012,1.949766625462081e-18,0.0,0.026749226006191954,0.5676029464838579
0.06200000000000004,1.231145180000001,2.867643602123556e-18,0.0,0.026749226006191954,0.5664061264838579
0.06400000000000004,1.229909120000001,4.8280654322318166e-18,0.0,0.026749226006191954,0.5651700664838577
0.06600000000000004,1.2286338200000009,5.8526025094576306e-18,0.0,0.026749226006191954,0.5638947664838577
0.06800000000000005,1.2273192800000008,6.411489629165328e-18,0.0,0.026749226006191954,0.5625802264838576
0.07000000000000005,1.2259655000000007,6.970376748873026e-18,0.0,0.026749226006191954,0.5612264464838574
0.07200000000000005,1.2245724800000006,7.529263868580723e-18,0.0,0.026749226006191954,0.5598334264838575
0.07400000000000005,1.2231402200000006,8.08815098828842e-18,0.0,0.026749226006191954,0.5584011664838574
0.07600000000000005,1.2216687200000005,8.647038107996118e-18,0.0,0.026749226006191954,0.5569296664838572
0.07800000000000006,1.2201579800000004,9.205925227703816e-18,0.0,0.026749226006191954,0.5554189264838573
0.08000000000000006,1.2186080000000004,9.764812347411513e-18,0.0,0.026749226006191954,0.5538689464838572
0.08200000000000006,1.2170187800000003,1.032369946711921e-17,0.0,0.026749226006191954,0.552279726483857
0.08400000000000006,1.2153903200000002,1.0708049713020466e-17,0.0,0.026749226006191954,0.5506512664838571
0.08600000000000006,1.2137226200000002,1.1266936832728163e-17,0.0,0.026749226006191954,0.548983566483857
0.08800000000000006,1.2120156800000002,1.1077273460790074e-17,0.0,0.026749226006191954,0.5472766264838569
0.09000000000000007,1.2102695,1.3272621285304569e-17,0.0,0.026749226006191954,0.545530446483857
0.09200000000000007,1.208670745073789,2.338682314851406e-05,0.0,0.026747968276154572,0.5439332059681775
0.09400000000000007,1.2072294081742954,3.945573100346558e-05,0.0,0.026746185904065436,0.5424939996316228
0.09600000000000007,1.206120186403063,4.9745665999801815e-05,0.0,0.026742915634726652,0.5413886975857543
0.09800000000000007,1.2052351518589512,5.521785014930281e-05,0.0,0.02673909902319408,0.5405082482545152
0.10000000000000007,1.2045428943755065,5.679133804668531e-05,0.0,0.026735024968261936,0.5398208996670382
0.10200000000000008,1.2040158060546444,5.529730610052973e-05,0.0,0.02673091192195475,0.5392987840484205
0.10400000000000008,1.203629658038803,5.1460067938196476e-05,0.0,0.026726921408985412,0.5389174793756561
0.10600000000000008,1.2033632217626298,4.5893621088447256e-05,0.0,0.026723169263730372,0.5386556178766079
0.10800000000000008,1.203197930207712,3.9106817785022386e-05,0.0,0.02671973492872828,0.5384945366297229
0.11000000000000008,1.2031175751195435,3.151293407160931e-05,0.0,0.02671666911671559,0.5384179659093586
0.11200000000000009,1.2031080365401976,2.3441087559681834e-05,0.0,0.026714000098026103,0.5384117513601973
0.11400000000000009,1.2031570413669224,1.5148000867396425e-05,0.0,0.026711738838135924,0.538463606479221
0.11600000000000009,1.203253947969608,6.829259734781502e-06,0.0,0.02670988317685606,0.5385628922394847
0.11800000000000009,1.2033895541920172,-1.3703811297199967e-06,0.0,0.02670842121132949,0.5387004210103951
0.12000000000000009,1.2035559263257063,-9.34784337537886e-06,0.0,0.026707334019468842,0.538868282217892
0.1220000000000001,1.203746246884329,-1.7033770771793244e-05,0.0,0.026706597838515096,0.5390596874479511
0.1240000000000001,1.203954679221861,-2.4385737190100425e-05,0.0,0.026706185794660928,0.5392688329310412
0.12600000000000008,1.2041762472404882,-4.505216282810797e-05,0.0,0.026706068869061635,0.5394907775632153
0.12800000000000009,1.2044067285791955,-6.654491121960149e-05,0.0,0.026706217747937102,0.5397213347761561
0.1300000000000001,1.2046425598909891,-8.622314520660313e-05,0.0,0.026706602861848023,0.5399569768065682
0.1320000000000001,1.2048807528896164,-0.00010424741021575133,0.0,0.02670719596823383,0.5401947499815658
0.1340000000000001,1.205118820057688,-0.00012077648167321016,0.0,0.02670796983816564,0.5404321998726404
0.1360000000000001,1.2053547089455197,-0.00013596459638620244,0.0,0.026708898729359238,0.5406673052046538
0.1380000000000001,1.2055867441457828,-0.000149959554013395,0.0,0.026709958598957112,0.5408984195742967
0.1400000000000001,1.205813576108212,-0.0001629015009306481,0.0,0.02671112723250256,0.5411242201147974
0.1420000000000001,1.20603413604657,-0.000174922239284737,0.0,0.02671238430687279,0.5413436623364711
0.1440000000000001,1.2062475962675356,-0.000186144931713687,0.0,0.026713711401772297,0.541555940454049
0.1460000000000001,1.2064533353209521,-0.0001966840966954436,0.0,0.026715091971757608,0.5417604525847738
0.1480000000000001,1.206650907433699,-0.00020664581067245585,0.0,0.0267165112885778,0.5419567702668462
0.1500000000000001,1.2068400156912968,-0.0002234100044410771,0.0,0.026717958798815302,0.5421446118055004
0.1520000000000001,1.2070204887737657,-0.00024018757570947293,0.0,0.026719423250002563,0.5423238190132957
0.1540000000000001,1.2071922604166314,-0.0002556513623554621,0.0,0.026720897046286704,0.5424943369431511
0.1560000000000001,1.207355351802709,-0.0002699806528360753,0.0,0.02672237039837707,0.542656196278009
0.1580000000000001,1.2075098560205286,-0.0002833397622426619,0.0,0.02672383580534266,0.5428094980534206
0.16000000000000011,1.207655924730708,-0.00029587912677184127,0.0,0.026725287008347386,0.5429544004458795
0.16200000000000012,1.2077937566277657,-0.00030773635658451275,0.0,0.026726718877037727,0.5430911073768792
0.16400000000000012,1.2079235875050112,-0.0003190372383461547,0.0,0.026728127299392588,0.5432198587143995
0.16600000000000012,1.2080456817293748,-0.0003298966824266357,0.0,0.02672950907620508,0.5433409218774021
0.16800000000000012,1.2081603249544592,-0.00034041961247144184,0.0,0.026730861821026793,0.5434545846707427
0.17000000000000012,1.208267817919275,-0.0003507017970355805,0.0,0.026732183866128568,0.543561149197446
0.17200000000000013,1.2083684711972735,-0.0003608306243590574,0.0,0.026733474174809948,0.5436609267126956
0.17400000000000013,1.2084626007756394,-0.0003708858222974015,0.0,0.026734732260210597,0.5437542332994633
0.17600000000000013,1.2085505243585133,-0.0003809401260089452,0.0,0.026735958110636324,0.5438413862595713
0.17800000000000013,1.2086325582997932,-0.0003910607270644635,0.0,0.026737152128793754,0.5439227011171872
0.18000000000000013,1.2087090150728323,-0.00040131794199764416,0.0,0.026738315366824503,0.5439984888083286
0.18200000000000013,1.2087802012236806,-0.0004117775589561895,0.0,0.02673944955834663,0.544069053597969
0.18400000000000014,1.2088464157325143,-0.00042249531010157555,0.0,0.026740557107313545,0.5441346914529366
0.18600000000000014,1.2089079487398866,-0.000433523632831671,0.0,0.026741640710901682,0.5441956892135473
0.18800000000000014,1.208965080566148,-0.0004449660660469118,0.0,0.026742703170909175,0.5442523238588995
0.19000000000000014,1.2090180809848101,-0.0004568676833613214,0.0,0.0267437472766225,0.5443048618963682
0.19200000000000014,1.209067201195011,-0.0004692324680259516,0.0,0.026744775628459123,0.5443535515274374
0.19400000000000014,1.2091126623749264,-0.000482029070088415,0.0,0.02674578962263167,0.5443986123934054
0.19600000000000015,1.209154651478307,-0.0004952383800172947,0.0,0.026746789145563957,0.5444402317314802
0.19800000000000015,1.2091933306228715,-0.0005088533636690462,0.0,0.026747772848543155,0.5444785734358886
0.20000000000000015,1.2092288470660368,-0.000522874947705109,0.0,0.02674873872034796,0.5445137873364657
0.20200000000000015,1.2092613392561535,-0.0005373142578591292,0.0,0.026749684448531666,0.5445460148150574
0.20400000000000015,1.2092909411829897,-0.0005521908970443309,0.0,0.026750607751886014,0.5445753927586727
0.20600000000000016,1.2093177853744237,-0.0005675308165301196,0.0,0.026751506671335853,0.5446020562105424
0.20800000000000016,1.2093420048260641,-0.0005833645475672534,0.0,0.02675237974547411,0.5446261400938008
0.21000000000000016,1.2093637340941656,-0.0005997257366215844,0.0,0.0267532261150362,0.5446477801843115
0.21200000000000016,1.2093831097415908,-0.0006166499380093804,0.0,0.026754045572337817,0.54466711350275
0.21400000000000016,1.2094002702927003,-0.0006341736263570648,0.0,0.026754838568704413,0.5446842782658705
0.21600000000000016,1.209415355825467,-0.0006523333981950334,0.0,0.02675560619048002,0.5446994135122901
0.21800000000000017,1.209428507306562,-0.0006711653374123514,0.0,0.026756350112220568,0.5447126584980047
0.22000000000000017,1.2094398657565464,-0.0006907045234925928,0.0,0.02675707253406606,0.544724151940222
0.22200000000000017,1.2094495713168034,-0.0007109846646361601,0.0,0.026757776108972845,0.5447340311742209
0.22400000000000017,1.209457762276719,-0.0007320378402432116,0.0,0.026758463864408135,0.5447424312761678
0.22600000000000017,1.2094645741083734,-0.000753894338959246,0.0,0.026759139122211388,0.5447494841946997
0.22800000000000017,1.2094701385462212,-0.0007765825797315376,0.0,0.02675980541957309,0.5447553179252481
0.23000000000000018,1.2094745827406443,-0.0008001291042341591,0.0,0.02676046643343788,0.5447600557532878
0.23200000000000018,1.2094780285066633,-0.0008245586297177985,0.0,0.026761125910085275,0.5447638155857977
0.23400000000000018,1.2094805916823836,-0.0008498941519326509,0.0,0.02676178760116062,0.5447667093841062
0.23600000000000018,1.2094823816058617,-0.0008761570883389756,0.0,0.026762455207012707,0.5447688427059043
0.23800000000000018,1.2094835007139593,-0.0009033674524184988,0.0,0.026763132327833703,0.5447703143595486
0.24000000000000019,1.209484044262413,-0.000931544050563316,0.0,0.026763822422789643,0.5447712161697839
0.2420000000000002,1.2094841001627394,-0.0009607046937615769,0.0,0.02676452877707082,0.5447716328507205
0.2440000000000002,1.2094837489287262,-0.0009908664171164282,0.0,0.026765254476580385,0.5447716419792697
0.2460000000000002,1.2094830637230722,-0.001022045701111413,0.0,0.026766002389812023,0.5447713140602425
0.2480000000000002,1.2094821104932123,-0.0010542586894464576,0.0,0.026766775156342407,0.5447707126729089
0.25000000000000017,1.2094809481844115,-0.0010875213991864573,0.0,0.026767575181276967,0.5447698946879741
0.25200000000000017,1.2094796290178011,-0.0011218499198610656,0.0,0.02676840463493494,0.5447689105435373
0.25400000000000017,1.2094781988210517,-0.0011572605990038626,0.0,0.026769265457037113,0.5447678045686459
0.25600000000000017,1.2094766973997702,-0.0011937702124006767,0.0,0.026770159364662486,0.5447666153434314
0.2580000000000002,1.2094751589384054,-0.0012313961180151324,0.0,0.026771087863264192,0.5447653760854592
0.2600000000000002,1.20947361242033,-0.0012701563931646483,0.0,0.026772052260074737,0.5447641150527603
0.2620000000000002,1.209472082057829,-0.001310069955027887,0.0,0.026773053679282607,0.5447628559549993
0.2640000000000002,1.209470587723834,-0.0013511566649759585,0.0,0.026774093078422385,0.5447616183652604
0.2660000000000002,1.2094691453784208,-0.0013934374175391582,0.0,0.026775171265484805,0.5447604181260354
0.2680000000000002,1.2094677674842178,-0.0014369342150557748,0.0,0.02677628891631929,0.5447592677440456
0.2700000000000002,1.209466463405982,-0.0014816702292094585,0.0,0.026777446591966545,0.5447581767695493
0.2720000000000002,1.2094652397906283,-0.0015276698507570266,0.0,0.02677864475562201,0.5447571521567559
0.2740000000000002,1.209464100924932,-0.0015749587287900463,0.0,0.026779883788988806,0.544756198602817
0.2760000000000002,1.2094630490689766,-0.0016235638008712775,0.0,0.026781164007833234,0.5447553188636648
0.2780000000000002,1.2094620847641473,-0.001673513315351726,0.0,0.02678248567660372,0.5447545140456383
0.2800000000000002,1.2094612071151176,-0.0017248368471123074,0.0,0.02678384902201677,0.544753783872429
0.2820000000000002,1.2094604140458016,-0.0017775653078962296,0.0,0.02678525424555035,0.544753126927373
0.2840000000000002,1.2094597025296945,-0.0018317309523073963,0.0,0.026786701534816163,0.544752540871525
0.2860000000000002,1.2094590687953717,-0.001887367380454574,0.0,0.026788191073808813,0.5447520226382667
0.2880000000000002,1.2094585085082017,-0.001944509538122069,0.0,0.026789723052050393,0.544751568605472
0.2900000000000002,1.2094580169295264,-0.0020031937152508866,0.0,0.026791297672666844,0.5447511747464238
0.2920000000000002,1.2094575890547161,-0.0020634575434197292,0.0,0.026792915159444458,0.5447508367608226
0.2940000000000002,1.2094572197316,-0.00212533999292671,0.0,0.02679457576292572,0.5447505501873094
0.2960000000000002,1.209456903760821,-0.002188881369988889,0.0,0.02679627976560917,0.544750310498969
0.2980000000000002,1.2094566359796868,-0.0022541233145005426,0.0,0.0267980274863236,0.5447501131832936
0.3000000000000002,1.2094564113310664,-0.002321108798721042,0.0,0.026799819283847948,0.5447499538080717
0.3020000000000002,1.2094562249188492,-0.0023898821272003642,0.0,0.026801655559849452,0.5447498280746284
0.3040000000000002,1.2094560720514265,-0.002460488938193662,0.0,0.026803536761211857,0.5447497318597923
0.3060000000000002,1.2094559482745872,-0.0025329762067662753,0.0,0.026805463381822877,0.5447496612478946
0.3080000000000002,1.2094558493951355,-0.002607392249746242,0.0,0.026807435963888043,0.544749612554033
0.3100000000000002,1.2094557714964558,-0.002683786732642568,0.0,0.02680945509883439,0.5447495823397511
0.3120000000000002,1.2094557109471629,-0.002762210678613804,0.0,0.026811521427863454,0.5447495674221982
0.3140000000000002,1.2094556644038763,-0.0028427164795419182,0.0,0.026813635642209118,0.5447495648777491
0.3160000000000002,1.2094556288090708,-0.002925357909241655,0.0,0.026815798483151555,0.5447495720409761
0.3180000000000002,1.2094556013848667,-0.003010190138813679,0.0,0.026818010741833914,0.5447495864997823
0.32000000000000023,1.209455579623531,-0.0030972697541319996,0.0,0.026820273258924446,0.5447496060874232
0.32200000000000023,1.2094555612753792,-0.0031866547754408753,0.0,0.026822586924161958,0.5447496288720601
0.32400000000000023,1.2094555443346926,-0.0032784046790235435,0.0,0.0268249526758189,0.5447496531444258
0.32600000000000023,1.2094555270241794,-0.003372580420895202,0.0,0.026827371500112194,0.544749677404097
0.32800000000000024,1.2094555077784495,-0.003469244462464273,0.0,0.026829844430588144,0.5447497003448157
0.33000000000000024,1.2094554852269035,-0.003568460798099688,0.0,0.026832372547504254,0.5447497208392358
0.33200000000000024,1.2094554581763757,-0.0036702949845367687,0.0,0.026834956977227823,0.5447497379234126
0.33400000000000024,1.2094554255938144,-0.0037748141720513255,0.0,0.026837598891667667,0.5447497507813066
0.33600000000000024,1.2094553865892406,-0.0038820871373287853,0.0,0.026840299507752963,0.5447497587295248
0.33800000000000024,1.2094553403991752,-0.003992184317954014,0.0,0.02684306008697056,0.5447497612024791
0.34000000000000025,1.209455286370685,-0.004105177848447253,0.0,0.02684588193496983,0.5447497577381079
0.34200000000000025,1.2094552239461651,-0.004221141597771307,0.0,0.02684876640124197,0.5447497479642696
0.34400000000000025,1.2094551526489465,-0.0043401512082362065,0.0,0.026851714878879347,0.5447497315858929
0.34600000000000025,1.2094550720697808,-0.004462284135728653,0.0,0.026854728804418016,0.5447497083729366
0.34800000000000025,1.2094549818542404,-0.004587619691194852,0.0,0.026857809657766293,0.544749678149193
0.35000000000000026,1.2094548816910498,-0.004716239083307031,0.0,0.026860958962219916,0.544749640781957
0.35200000000000026,1.2094547713013426,-0.004848225462245793,0.0,0.026864178284564253,0.5447495961725526
0.35400000000000026,1.2094546504288282,-0.004983663964531931,0.0,0.026867469235262564,0.5447495442477043
0.35600000000000026,1.20945451883084,-0.005122641758842849,0.0,0.026870833468728816,0.5447494849517356
0.35800000000000026,1.2094543762702314,-0.005265248092750626,0.0,0.026874272683683108,0.5447494182395529
0.36000000000000026,1.209454222508066,-0.005411574340319294,0.0,0.02687778862358706,0.5447493440703811
0.36200000000000027,1.2094540572970618,-0.005561714050500029,0.0,0.026881383077156255,0.5447492624022016
0.36400000000000027,1.209453880375727,-0.005715762996263439,0.0,0.026885057878946645,0.5447491731868473
0.36600000000000027,1.2094536914631386,-0.005873819224408074,0.0,0.026888814910011764,0.544749076365705
0.36800000000000027,1.209453490254297,-0.006035983105983595,0.0,0.026892656098626937,0.5447489718659648
0.3700000000000003,1.209453276416008,-0.006202357387266162,0.0,0.026896583421077497,0.5447488595973775
0.3720000000000003,1.2094530495832276,-0.006373047241221844,0.0,0.02690059890250723,0.5447487394494557
0.3740000000000003,1.209452809355818,-0.006548160319391381,0.0,0.02690470461782371,0.5447486112890778
0.3760000000000003,1.209452555295656,-0.00672780680412671,0.0,0.026908902692657437,0.5447484749584385
0.3780000000000003,1.209452286924048,-0.006912099461105843,0.0,0.026913195304371213,0.544748330273305
0.3800000000000003,1.2094520037193932,-0.007101153692048028,0.0,0.02691758468311698,0.5447481770215308
0.3820000000000003,1.2094517051150564,-0.00729508758754558,0.0,0.026922073112937036,0.5447480149617863
0.3840000000000003,1.2094513904974034,-0.00749402197992248,0.0,0.026926662932906822,0.5447478438224695
0.3860000000000003,1.2094510592039545,-0.007698080496022719,0.0,0.02693135653831686,0.5447476633007571
0.3880000000000003,1.2094507105216246,-0.007907389609822645,0.0,0.026936156381891063,0.544747473061764
0.3900000000000003,1.2094503436850106,-0.008122078694752278,0.0,0.026941064975039317,0.5447472727377829
0.3920000000000003,1.2094499578746953,-0.008342280075600766,0.0,0.026946084889141953,0.5447470619275739
0.3940000000000003,1.2094495522155377,-0.008568129079867827,0.0,0.026951218756864324,0.544746840195679
0.3960000000000003,1.2094491257749254,-0.008799764088412184,0.0,0.026956469273499158,0.5447466070717389
0.3980000000000003,1.2094486775609614,-0.00903732658523176,0.0,0.026961839198335204,0.5447463620497945
0.4000000000000003,1.2094482065205685,-0.009280961206195567,0.0,0.02696733135605018,0.5447461045875528
0.4020000000000003,1.2094477115374858,-0.009530815786529877,0.0,0.026972948638126406,0.5447458341056005
0.4040000000000003,1.209447191430144,-0.009787041406842464,0.0,0.02697869400428746,0.5447455499865542
0.4060000000000003,1.2094466449494017,-0.010049792437446813,0.0,0.026984570483954366,0.5447452515741305
0.4080000000000003,1.20944607077613,-0.010319226580727456,0.0,0.026990581177719394,0.5447449381721329
0.4100000000000003,1.20944546751863,-0.010595504911261357,0.0,0.026996729258836363,0.5447446090433372
0.4120000000000003,1.209444833709873,-0.010878791913384164,0.0,0.02700301797472523,0.5447442634082734
0.4140000000000003,1.2094441678045553,-0.011169255515861093,0.0,0.02700945064848979,0.544743900443895
0.4160000000000003,1.2094434681759518,-0.011467067123289553,0.0,0.02701603068044631,0.5447435192821302
0.4180000000000003,1.2094427331125666,-0.011772401643827628,0.0,0.02702276154966151,0.5447431190083092
0.4200000000000003,1.2094419608145672,-0.012085437512803728,0.0,0.02702964681549774,0.5447426986594645
0.4220000000000003,1.2094411493899975,-0.01240635671172262,0.0,0.027036690119163216,0.5447422572224978
0.4240000000000003,1.2094402968507614,-0.012735344782139627,0.0,0.027043895185265142,0.5447417936322128
0.4260000000000003,1.2094394011083693,-0.013072590833825688,0.0,0.027051265823363067,0.5447413067692077
0.4280000000000003,1.2094384599694443,-0.013418287546595024,0.0,0.027058805929519786,0.54474079545763
0.4300000000000003,1.2094374711309757,-0.013772631165111278,0.0,0.027066519487846896,0.5447402584627836
0.43200000000000033,1.2094364321753195,-0.014135821485925727,0.0,0.027074410572041525,0.5447396944885928
0.43400000000000033,1.2094353405649363,-0.014508061835936939,0.0,0.027082483346911063,0.5447391021749156
0.43600000000000033,1.2094341936368609,-0.0148895590413886,0.0,0.027090742069881466,0.54473848009471
0.43800000000000033,1.2094329885968986,-0.015280523386445121,0.0,0.02709919109248548,0.5447378267510449
0.44000000000000034,1.2094317225135396,-0.01568116856030103,0.0,0.027107834861825424,0.5447371405739582
0.44200000000000034,1.2094303923115886,-0.016091711591689734,0.0,0.02711667792200606,0.5447364199171597
0.44400000000000034,1.209428994765501,-0.01651237276955875,0.0,0.02712572491553139,0.5447356630545741
0.44600000000000034,1.2094275264924212,-0.016943375548572944,0.0,0.027134980584659765,0.5447348681767257
0.44800000000000034,1.2094259839449166,-0.017384946437992665,0.0,0.027144449772710046,0.5447340333869632
0.45000000000000034,1.209424363403401,-0.017837314872350248,0.0,0.027154137425312145,0.544733156697518
0.45200000000000035,1.2094226609682432,-0.018300713062215184,0.0,0.027164048591593333,0.5447322360254013
0.45400000000000035,1.2094208725515558,-0.01877537582319422,0.0,0.027174188425292085,0.544731269188136
0.45600000000000035,1.2094189938686581,-0.019261540381159067,0.0,0.02718456218578981,0.5447302538993204
0.45800000000000035,1.2094170204292098,-0.01975944615152676,0.0,0.027195175239050063,0.5447291877640266
0.46000000000000035,1.2094149475280134,-0.02026933449024146,0.0,0.027206033058454367,0.5447280682740305
0.46200000000000035,1.2094127702354807,-0.020791448413913175,0.0,0.027217141225521983,0.5447268928028776
0.46400000000000036,1.2094104833877621,-0.021326032286366925,0.0,0.02722850543050071,0.5447256586007775
0.46600000000000036,1.2094080815765411,-0.021873331468636403,0.0,0.02724013147281435,0.5447243627893418
0.46800000000000036,1.2094055591384902,-0.02243359192920572,0.0,0.027252025261351107,0.5447230023561529
0.47000000000000036,1.2094029101443955,-0.02300705981105713,0.0,0.027264192814576135,0.5447215741491774
0.47200000000000036,1.2094001283879496,-0.02359398095182331,0.0,0.02727664026044997,0.5447200748710235
0.47400000000000037,1.209397207374225,-0.02419460035307248,0.0,0.027289373836132922,0.5447185010730489
0.47600000000000037,1.2093941403078305,-0.024809161594467933,0.0,0.02730239988745439,0.5447168491493274
0.47800000000000037,1.2093909200807686,-0.025437906188253565,0.0,0.027315724868123576,0.5447151153304792
0.48000000000000037,1.209387539260001,-0.02608107286921002,0.0,0.027329355338657005,0.5447132956773774
0.4820000000000004,1.2093839900747467,-0.02673889681492351,0.0,0.02734329796499593,0.5447113860747391
0.4840000000000004,1.2093802644035307,-0.027411608790899187,0.0,0.02735755951678462,0.5447093822246203
0.4860000000000004,1.2093763537610098,-0.028099434214750148,0.0,0.02737214686527864,0.5447072796398227
0.4880000000000004,1.2093722492846033,-0.028802592133404997,0.0,0.027387066980849573,0.5447050736372349
0.4900000000000004,1.2093679417209682,-0.029521294107009627,0.0,0.02740232693005064,0.544702759331128
0.4920000000000004,1.209363421412353,-0.030255742992969247,0.0,0.027417933872204793,0.5447003316264266
0.4940000000000004,1.2093586782828807,-0.031006131623395335,0.0,0.027433895055474573,0.5446977852119826
0.4960000000000004,1.2093537018248077,-0.031772641369115104,0.0,0.02745021781237032,0.5446951145538728
0.4980000000000004,1.2093484810848212,-0.03255544058338416,0.0,0.02746690955465042,0.5446923138887649
0.5000000000000003,1.2093430046504339,-0.03335468291855572,0.0,0.0274839777675649,0.5446893772173688
0.5020000000000003,1.2093372606365507,-0.0341705055092302,0.0,0.027501430003390823,0.5446862982980201
0.5040000000000003,1.2093312366722815,-0.035003027015893376,0.0,0.027519273874205618,0.5446830706404264
0.5060000000000003,1.209324919888083,-0.03585234552378849,0.0,0.027537517043841515,0.5446796874996197
0.5080000000000003,1.2093182969033216,-0.03671853629284432,0.0,0.02755616721896325,0.5446761418701531
0.5100000000000003,1.2093113538143438,-0.037601649355959554,0.0,0.027575232139208424,0.5446724264805778
0.5120000000000003,1.2093040761831602,-0.03850170696492552,0.0,0.027594719566329473,0.5446685337882432
0.5140000000000003,1.2092964490268334,-0.03941870088587391,0.0,0.027614637272275356,0.5446644559744539
0.5160000000000003,1.2092884568076754,-0.040352589549479706,0.0,0.027634993026152403,0.5446601849400097
0.5180000000000003,1.2092800834243431,-0.04130329506540275,0.0,0.027655794580004448,0.5446557123011526
0.5200000000000004,1.2092713122039247,-0.04227070011577817,0.0,0.027677049653356905,0.5446510293859327
0.5220000000000004,1.2092621258950853,-0.04325464474918024,0.0,0.02769876591647429,0.5446461272309785
0.5240000000000004,1.2092525066623319,-0.04425492310459344,0.0,0.027720950972288362,0.5446409965786564
0.5260000000000004,1.209242436081419,-0.04527128010480224,0.0,0.027743612336965668,0.544635627874552
0.5280000000000004,1.209231895135888,-0.04630340817049781,0.0,0.02776675741909678,0.544630011265196
0.5300000000000004,1.2092208642146778,-0.047350944020590376,0.0,0.027790393497509492,0.5446241365958894
0.5320000000000004,1.2092093231106775,-0.048413465640975734,0.0,0.027814527697731482,0.5446179934084504
0.5340000000000004,1.209197251020023,-0.04949048952358962,0.0,0.02783916696715919,0.5446115709386223
0.5360000000000004,1.2091846265418165,-0.05058146830019998,0.0,0.027864318049026757,0.5446048581128078
0.5380000000000004,1.2091714276778478,-0.05168578892114403,0.0,0.027889987455315075,0.5445978435437052
0.5400000000000004,1.2091576318317274,-0.0528027715581139,0.0,0.02791618143879686,0.5445905155242989
0.5420000000000004,1.2091432158066715,-0.05393166944189045,0.0,0.02794290596447979,0.5445828620195313
0.5440000000000004,1.2091281558020999,-0.055071670368710544,0.0,0.027970166680955918,0.5445748706558265
0.5460000000000004,1.2091124274451193,-0.05622190455304913,0.0,0.02799796889775729,0.5445665287401551
0.5480000000000004,1.2090960058074498,-0.05738144732872598,0.0,0.0280263175625844,0.5445578232655449
0.5500000000000004,1.2090788654176212,-0.05854932262633275,0.0,0.02805521724036109,0.544548740911825
0.5520000000000004,1.2090609802182217,-0.05972451192072208,0.0,0.028084672087849243,0.5445392679978676
0.5540000000000004,1.2090423235180068,-0.060905966146417155,0.0,0.028114685832204424,0.544529390429279
0.5560000000000004,1.2090228679313577,-0.06209262090446864,0.0,0.02814526175389848,0.5445190936354516
0.5580000000000004,1.2090025853009978,-0.06328341534807397,0.0,0.028176402675087562,0.5445083624929808
0.5600000000000004,1.2089814466006505,-0.06447731510000272,0.0,0.02820811095480116,0.5444971812332715
0.5620000000000004,1.2089594218141648,-0.06567333949094738,0.0,0.028240388492467138,0.5444855333321601
0.5640000000000004,1.2089364797875803,-0.06687059330821075,0.0,0.02827323674140894,0.5444734013794692
0.5660000000000004,1.208912588050747,-0.06806830310313275,0.0,0.028306656734039728,0.5444607669266829
0.5680000000000004,1.2088877126054547,-0.06926585791946215,0.0,0.02834064912052285,0.5444476103113526
0.5700000000000004,1.208861817757815,-0.0704627405560367,0.0,0.028375214218239606,0.5444339105235151
0.5720000000000004,1.2088348673558207,-0.0716577419561361,0.0,0.028410351981454935,0.5444196462291688
0.5740000000000004,1.2088068257901121,-0.07284924081098712,0.0,0.028446061922645993,0.544404796573466
0.5760000000000004,1.2087776590137034,-0.0740355158112656,0.0,0.02848234302906004,0.5443893419901646
0.5780000000000004,1.2087473342870143,-0.0752147491669603,0.0,0.028519193720684604,0.5443732639496516
0.5800000000000004,1.2087158201566983,-0.07638502669588706,0.0,0.028556611804946102,0.5443565449001009
0.5820000000000004,1.208683086464746,-0.07754433848731632,0.0,0.028594594432034923,0.544339168231709
0.5840000000000004,1.208649104375085,-0.07869058017485943,0.0,0.028633138051569692,0.5443211182534101
0.5860000000000004,1.208613846417499,-0.07982155485123266,0.0,0.028672238370909518,0.5443023801819404
0.5880000000000004,1.2085772865484379,-0.08093497565547868,0.0,0.028711890315403315,0.5442829401429533
0.5900000000000004,1.2085394002280867,-0.08202846906054964,0.0,0.028752087990853537,0.5442627851837137
0.5920000000000004,1.2085001645128635,-0.08309957888580705,0.0,0.028792824648458802,0.5442419032967911
0.5940000000000004,1.2084595581623472,-0.08414577105491922,0.0,0.028834092652491306,0.5442202834540428
0.5960000000000004,1.2084175617594763,-0.08516443911482448,0.0,0.02887588345095646,0.544197915650077
0.5980000000000004,1.2083741578427214,-0.08615291052583357,0.0,0.028918187549474617,0.5441747909543182
0.6000000000000004,1.2083293310488057,-0.08710845372662716,0.0,0.02896099448861693,0.5441509015707107
0.6020000000000004,1.208283068264428,-0.08802828597084969,0.0,0.029004292824919602,0.5441262409040435
0.6040000000000004,1.2082353587853456,-0.08890958192428673,0.0,0.02904807011579126,0.5441008036318299
0.6060000000000004,1.2081861944810754,-0.08976049452220922,0.0,0.0290923129085172,0.5440745857806369
0.6080000000000004,1.208135592339113,-0.09056605143774532,0.0,0.029137165798053033,0.5440474084361456
0.6100000000000004,1.208083583358835,-0.09131320844079376,0.0,0.02918300511777764,0.5440187758782656
0.6120000000000004,1.2080300770879253,-0.09201042546829133,0.0,0.029228868787620918,0.5439898521570886
0.6140000000000004,1.2079751076419856,-0.09265479806783401,0.0,0.02927506944855773,0.5439602291692721
0.6160000000000004,1.2079186823239039,-0.09324344846217565,0.0,0.029321597722797157,0.5439298976615482
0.6180000000000004,1.2078608124595434,-0.09377989247588915,0.0,0.029368442211396176,0.5438988527335955
0.6200000000000004,1.2078015160700437,-0.09428496147144953,0.0,0.029415590146669904,0.5438670979794241
0.6220000000000004,1.207740816802484,-0.0947593609044632,0.0,0.029463027538997835,0.5438346436059479
0.6240000000000004,1.2076787432764453,-0.09520209671943344,0.0,0.029510739276526,0.5438015052069921
0.6260000000000004,1.2076153279585538,-0.09561228508862182,0.0,0.029558709149354892,0.5437677017249483
0.6280000000000004,1.2075506074574371,-0.0959891601383667,0.0,0.029606920038721292,0.5437332558337159
0.6300000000000004,1.207484622470029,-0.0963320809188406,0.0,0.029655354070569427,0.5436981937980823
0.6320000000000005,1.2074174176913168,-0.09664053752141842,0.0,0.029703992764618655,0.5436625453263341
0.6340000000000005,1.207349041687191,-0.0969141562591509,0.0,0.029752817178861683,0.5436263434139829
0.6360000000000005,1.2072795467305044,-0.09715270383867278,0.0,0.029801808049390203,0.5435896241769855
0.6380000000000005,1.2072089886009045,-0.09735609046597056,0.0,0.02985094592540774,0.5435524266733024
0.6400000000000005,1.2071375356540666,-0.09756211546735373,0.0,0.029901019664671968,0.54351383978215
0.6420000000000005,1.2070651326481943,-0.09769272885341057,0.0,0.02995106383852093,0.5434750594944167
0.6440000000000005,1.2069918695915405,-0.09778895919359805,0.0,0.03000128764145004,0.5434358404882194
0.6460000000000005,1.206917779388025,-0.09785128018766216,0.0,0.030051431605633984,0.5433965123701069
0.6480000000000005,1.2068429317995788,-0.09788031099223515,0.0,0.030101497999211944,0.5433570955752365
0.6500000000000005,1.2067673983659954,-0.09787681192363422,0.0,0.030151487128897383,0.5433176164543132
0.6520000000000005,1.2066912519673505,-0.09784167925928554,0.0,0.03020139769104633,0.5432781064407134
0.6540000000000005,1.2066145663740417,-0.09777593917445922,0.0,0.03025122709404679,0.5432386012846032
0.6560000000000005,1.2065374157876703,-0.09768074086717314,0.0,0.030300971753126675,0.543199140345468
0.6580000000000005,1.206459874376123,-0.0975573489380318,0.0,0.030350627358671448,0.5431597659361413
0.6600000000000005,1.2063820158063203,-0.09740713510332656,0.0,0.030400189119155315,0.5431205227128227
0.6620000000000005,1.2063039127781265,-0.09723156932896096,0.0,0.030449651979812413,0.5430814571066676
0.6640000000000005,1.2062256365629143,-0.09703221047974213,0.0,0.030499010818195484,0.543042616793453
0.6660000000000005,1.206147256550211,-0.09681069658337042,0.0,0.030548260617788835,0.5430040501985491
0.6680000000000005,1.2060688398057469,-0.09656873481119202,0.0,0.030597396620854103,0.542965806035012
0.6700000000000005,1.2059904506440795,-0.0963080912785578,0.0,0.030646414461694853,0.5429279328730918
0.6720000000000005,1.2059121502187742,-0.09603058076660742,0.0,0.03069531028152452,0.5428904787398203
0.6740000000000005,1.2058339961329074,-0.09573805646460931,0.0,0.03074408082611714,0.5428534907476368
0.6760000000000005,1.2057560420724043,-0.09543239982781769,0.0,0.030792723527408587,0.5428170147512347
0.6780000000000005,1.205678337464449,-0.09511551064029922,0.0,0.030841236570200232,0.5427810950319794
0.6800000000000005,1.2056009271629191,-0.09478929736555931,0.0,0.030889618945097196,0.5427457740093677
0.6820000000000005,1.2055238511624833,-0.09445566786021795,0.0,0.03093787048878946,0.5427110919790744
0.6840000000000005,1.2054471443426942,-0.09411652051766065,0.0,0.03098599191275787,0.542677086877173
0.6860000000000005,1.2053708362430826,-0.09377373589972726,0.0,0.03103398482145642,0.5426437940701284
0.6880000000000005,1.2052949508699469,-0.09342916890527489,0.0,0.03108185172098985,0.5426112461701512
0.6900000000000005,1.205219506535217,-0.09308464151507469,0.0,0.031129596019270102,0.5425794728754658
0.6920000000000005,1.205144515727462,-0.09274193614315056,0.0,0.03117722201859616,0.5425485008349897
0.6940000000000005,1.2050699850148427,-0.09240278960322244,0.0,0.031224734901400264,0.5425183535371022
0.6960000000000005,1.2049959149795435,-0.09206888769519717,0.0,0.031272140709601555,0.542489051222433
0.6980000000000005,1.2049223001828384,-0.09190281738472321,0.0,0.03131944631922588,0.5424606108187767
0.7000000000000005,1.204849087451091,-0.09247794950605652,0.0,0.03136706070047135,0.5424329623975408
0.7020000000000005,1.2047762495459122,-0.09298956868185014,0.0,0.03141516740488775,0.5424060762103718
0.7040000000000005,1.2047037837408336,-0.09345003926451023,0.0,0.03146373207956224,0.5423799686752422
0.7060000000000005,1.2046316795122625,-0.09387722517947013,0.0,0.03151272945904679,0.5423546515561984
0.7080000000000005,1.2045599571107282,-0.09425912318019984,0.0,0.03156231035253955,0.5423299552855063
0.7100000000000005,1.2044886672365231,-0.09458919263050419,0.0,0.031612876763617286,0.5423053846291566
0.7120000000000005,1.2044175967922444,-0.09488687083012418,0.0,0.03166337813948112,0.5422821239605766
0.7140000000000005,1.2043467751898418,-0.09515858637508265,0.0,0.03171415573721545,0.5422597577728603
0.7160000000000005,1.2042761641762803,-0.09536068530236605,0.0,0.03176520495629304,0.5422382704916352
0.7180000000000005,1.204204709042359,-0.09529309792745805,0.0,0.03181627571999275,0.54221668994297
0.7200000000000005,1.2041318970502333,-0.09539074396850306,0.0,0.03186723674168036,0.5421945553201
0.7220000000000005,1.2040599387811444,-0.0956718347565645,0.0,0.03191862579813347,0.5421739780372867
0.7240000000000005,1.2039881105040156,-0.09594746030625877,0.0,0.031970285535392426,0.5421543099233629
0.7260000000000005,1.2039166053823416,-0.09622188995717401,0.0,0.03202229339581774,0.5421357724134399
0.7280000000000005,1.203845302639125,-0.09649889796685608,0.0,0.03207464928424724,0.5421182924297676
0.7300000000000005,1.2037740832956543,-0.09678181689028205,0.0,0.03212735486051921,0.5421018004850247
0.7320000000000005,1.2037028298401455,-0.09707358704966992,0.0,0.03218041340579021,0.5420862301885037
0.7340000000000005,1.2036314259498118,-0.09737680064506264,0.0,0.032233829692396646,0.5420715178205024
0.7360000000000005,1.2035597562603373,-0.09769374026587381,0.0,0.03228760985862206,0.5420576019674654
0.7380000000000005,1.2034877061771518,-0.0980264121791775,0.0,0.03234176128891541,0.54204442321116
0.7400000000000005,1.203415161723295,-0.09837657503654462,0.0,0.03239629249971756,0.5420319238658028
0.7420000000000005,1.2033420094190368,-0.09874576470926612,0.0,0.03245121303089587,0.5420200477575863
0.7440000000000005,1.2032681361888067,-0.09913531592470562,0.0,0.03250653334274368,0.5420087400415371
0.7460000000000006,1.20319342929134,-0.0995463812903924,0.0,0.03256226471850685,0.5419979470510717
0.7480000000000006,1.2031177762693162,-0.09997994819022545,0.0,0.0326184191724133,0.5419876161760167
0.7500000000000006,1.203041064915118,-0.10043685393720288,0.0,0.03267500936319117,0.5419776957652512
0.7520000000000006,1.2029631832496686,-0.10091779947868261,0.0,0.03273204851305701,0.541968135050478
0.7540000000000006,1.2028841863583746,-0.1014801774312249,0.0,0.032790362258429406,0.5419579754019727
0.7560000000000006,1.2028037752730933,-0.10200566065046215,0.0,0.03284901613433152,0.5419482662030489
0.7580000000000006,1.2027218806659816,-0.10255689025742257,0.0,0.03290825329898048,0.5419386794310787
0.7600000000000006,1.2026383398959442,-0.103134190736157,0.0,0.032967846653244676,0.5419294345680377
0.7620000000000006,1.2025530444789598,-0.10373777570125982,0.0,0.033027831838771456,0.5419204554870833
0.7640000000000006,1.2024658862410258,-0.10436776250570466,0.0,0.033088242307291245,0.5419116710940548
0.7660000000000006,1.2023767572669446,-0.10502418543582627,0.0,0.03314910950245286,0.5419030147212902
0.7680000000000006,1.2022855498616032,-0.1057070071503531,0.0,0.03321046303078217,0.5418944236085261
0.7700000000000006,1.202192156520594,-0.1064161285613306,0.0,0.033272330821356784,0.541885838457982
0.7720000000000006,1.2020964699075298,-0.1071513973425154,0.0,0.03333473927425437,0.5418772030526403
0.7740000000000006,1.2019983828358165,-0.10791261523551175,0.0,0.03339771339792127,0.5418684639283662
0.7760000000000006,1.2018977882530117,-0.10869954430743509,0.0,0.033461276935707954,0.5418595700918962
0.7780000000000006,1.2017945792262315,-0.10951191229734134,0.0,0.033525452481916886,0.5418504727778974
0.7800000000000006,1.201688648927345,-0.11034941717280312,0.0,0.033590261587792686,0.5418411252392722
0.7820000000000006,1.2015798906169552,-0.1112117310032467,0.0,0.03365572485795254,0.5418314825657262
0.7840000000000006,1.2014681976263744,-0.11209850324317198,0.0,0.03372186203780388,0.541821501526326
0.7860000000000006,1.201353463336993,-0.11300936350625948,0.0,0.033788692092526953,0.5418111404323768
0.7880000000000006,1.2012355811566016,-0.11394392390057428,0.0,0.0338562332782163,0.5418003590174836
0.7900000000000006,1.2011144444923552,-0.1149165191145746,0.0,0.03392450320577479,0.5417891183321005
0.7920000000000006,1.2009876066433758,-0.11561086942400438,0.0,0.033993588869252266,0.5417736095347706
0.7940000000000006,1.2008601686451383,-0.11664657347644815,0.0,0.034064080383409315,0.5417610950561804
0.7960000000000006,1.2007276681219583,-0.11770027836991591,0.0,0.034134882017242775,0.5417463493820672
0.7980000000000006,1.2005916946708401,-0.11877201356970987,0.0,0.03420640436274131,0.5417314123013091
0.8000000000000006,1.2004521110623398,-0.11986174241607865,0.0,0.03427867219978989,0.5417161890004214
0.8020000000000006,1.2003087836030435,-0.12096936929056051,0.0,0.034351709146052754,0.5417005935795953
0.8040000000000006,1.2001615816288917,-0.12209474587048018,0.0,0.03442553766711948,0.5416845479931961
0.8060000000000006,1.2000103770513273,-0.12323767657733899,0.0,0.03450017910836107,0.5416679811197936
0.8080000000000006,1.1998550439493627,-0.12439792331362352,0.0,0.03457565374191243,0.5416508279445066
0.8100000000000006,1.1996954582016326,-0.12557520957258664,0.0,0.03465198082355123,0.5416330288389917
0.8120000000000006,1.199531497153327,-0.12676922399640694,0.0,0.03472917865538172,0.5416145289265467
0.8140000000000006,1.199363039313614,-0.12797962344970554,0.0,0.03480726465117887,0.5415952775215487
0.8160000000000006,1.199189964079779,-0.12922149218698206,0.0,0.0348862554020265,0.5415752276339422
0.8180000000000006,1.1990094539127152,-0.13012438328392523,0.0,0.03496616162473029,0.5415502265699618
0.8200000000000006,1.198827367655626,-0.13142063743016696,0.0,0.035047725071032425,0.5415282643262268
0.8220000000000006,1.1986385990983766,-0.13272685474543205,0.0,0.03512972774966459,0.5415035134670414
0.8240000000000006,1.1984449733697191,-0.1340431279974497,0.0,0.03521262685827391,0.5414782472800631
0.8260000000000006,1.1982463368867289,-0.1353694650433149,0.0,0.035296444882432984,0.5414523664449615
0.8280000000000006,1.1980397634658573,-0.13633558449252023,0.0,0.03538050854197907,0.5414232238531025
0.8300000000000006,1.1978310745517398,-0.13772580662342526,0.0,0.03546630166271508,0.5413962398503162
0.8320000000000006,1.1976152924448913,-0.13912076373129567,0.0,0.035552649934907046,0.5413668892788549
0.8340000000000006,1.1973941731690325,-0.14052070763684577,0.0,0.03564004403161943,0.5413368548575739
0.8360000000000006,1.1971675421428913,-0.1419257900100333,0.0,0.03572849556842652,0.5413060451098937
0.8380000000000006,1.1969322587654896,-0.14253163590829632,0.0,0.03581770497531273,0.5412703391566045
0.8400000000000006,1.1966917857820412,-0.14404300280741322,0.0,0.03590802111038923,0.5412345654836532
0.8420000000000006,1.1964449279115974,-0.14554812753605476,0.0,0.03599934001752402,0.5411973195517717
0.8440000000000006,1.196192459602186,-0.14704919527553048,0.0,0.036091774142193715,0.5411597825855745
0.8460000000000006,1.195934148001396,-0.14854829832238622,0.0,0.03618533123979294,0.5411217875820888
0.8480000000000006,1.1956697715780717,-0.15004614479608172,0.0,0.0362800201684366,0.5410831856077591
0.8500000000000006,1.1953991182741381,-0.15154326863044953,0.0,0.036375850056475256,0.5410438437288072
0.8520000000000006,1.1951219842398395,-0.15304005915429206,0.0,0.03647283019232734,0.5410036430934254
0.8540000000000006,1.1948352154830602,-0.15368821422505907,0.0,0.036570215300723186,0.5409597442331393
0.8560000000000006,1.1945422236557235,-0.1553043778011377,0.0,0.036668876936632004,0.5409153927060317
0.8580000000000007,1.1942420622606231,-0.15694768864410075,0.0,0.03676963081624052,0.5408684200911338
0.8600000000000007,1.193935087930917,-0.15853681556886626,0.0,0.036871141261553886,0.5408213558012432
0.8620000000000007,1.1936183404857914,-0.15919984606034893,0.0,0.03697394590772627,0.5407697937530523
0.8640000000000007,1.193294947743889,-0.16085604425490257,0.0,0.037077620634863764,0.5407184960102451
0.8660000000000007,1.1929637101314157,-0.16249342832313846,0.0,0.037182289294400594,0.5406659416262386
0.8680000000000007,1.1926253675858847,-0.1641135913261684,0.0,0.03728822400554629,0.5406128855865879
0.8700000000000007,1.1922765193700184,-0.16526528610712318,0.0,0.0373946093604277,0.5405562640871523
0.8720000000000007,1.1919203491764225,-0.1664377281886278,0.0,0.037503057912409474,0.5404974124655368
0.8740000000000007,1.1915582959511313,-0.1681114618122623,0.0,0.03761316055619006,0.5404404182882672
0.8760000000000007,1.1911831271941193,-0.16927309615175976,0.0,0.03772316877370353,0.5403774020077547
0.8780000000000007,1.1908036947726033,-0.17069191958897603,0.0,0.03783539423309268,0.5403172299875133
0.8800000000000007,1.1904100914604758,-0.17161110452775472,0.0,0.03794727634500797,0.5402507885862672
0.8820000000000007,1.1900099374802133,-0.17335054316564463,0.0,0.03806093545767947,0.5401852397716987
0.8840000000000007,1.1896010540204325,-0.17513737230840495,0.0,0.03817659031153407,0.5401175854197279
0.8860000000000007,1.1891838970285613,-0.17679877066099495,0.0,0.03829359618315777,0.5400496172253287
0.8880000000000007,1.1887550292511455,-0.17742213115469851,0.0,0.03841132313390277,0.5399779052437814
0.8900000000000007,1.1883146879391255,-0.17834570934876479,0.0,0.038529601936334486,0.5399031307061896
0.8920000000000007,1.1878661164537503,-0.18012982958549728,0.0,0.038649446361865986,0.5398284096000867
0.8940000000000007,1.1874082280527254,-0.18191056100852432,0.0,0.03877163780699946,0.5397513854260978
0.8960000000000007,1.1869380609083866,-0.18306314387895287,0.0,0.03889402986963478,0.5396714410183768
0.8980000000000007,1.1864591241644122,-0.18395080930672042,0.0,0.03901817513532958,0.5395912113816049
0.9000000000000007,1.1859667987488676,-0.1848578049542399,0.0,0.03914265177568824,0.5395068296118996
0.9020000000000007,1.1854657735492828,-0.1867100337718628,0.0,0.039269588699998484,0.5394217236962192
0.9040000000000007,1.1849543475432371,-0.18840277819846574,0.0,0.039397718768297126,0.539335704612648
0.9060000000000007,1.1844300101514271,-0.18897573866322845,0.0,0.03952668348752065,0.5392461534650044
0.9080000000000007,1.1838929198185206,-0.18985151976923528,0.0,0.039656309504767825,0.5391537017222897
0.9100000000000007,1.1833462335226623,-0.19161222159012675,0.0,0.03978763443988815,0.539061442065033
0.9120000000000007,1.1827851913616623,-0.19275610747298963,0.0,0.03992018959663375,0.5389631688950963
0.9140000000000007,1.1822145404434687,-0.19358605559367656,0.0,0.04005441406477251,0.5388663192100328
0.9160000000000007,1.181629120138608,-0.19442273413519706,0.0,0.040189132839785376,0.5387647295912532
0.9180000000000007,1.181033507147468,-0.19615631160837804,0.0,0.04032561554061351,0.5386635192261787
0.9200000000000007,1.1804228938839738,-0.19667558044258615,0.0,0.04046339892471162,0.5385563406172812
0.9220000000000007,1.1797987165244745,-0.19778382449410967,0.0,0.04060198718651574,0.5384475339509723
0.9240000000000007,1.1791660597051747,-0.19914260595428737,0.0,0.040743092661636164,0.5383408008968557
0.9260000000000007,1.1785156991024976,-0.1998865529320755,0.0,0.04088407000283284,0.5382278891961719
0.9280000000000007,1.1778519938671181,-0.20065222302522173,0.0,0.0410262725325028,0.5381131484823958
0.9300000000000007,1.1771737916385356,-0.2013761931558101,0.0,0.04117023954126247,0.5379937930949727
0.9320000000000007,1.176484258903977,-0.20272044379383333,0.0,0.041315816680389625,0.5378757966027221
0.9340000000000007,1.1757778208749596,-0.20339445852842855,0.0,0.041462550176948415,0.5377517130353058
0.9360000000000007,1.1750572897755382,-0.20405637993511425,0.0,0.04161017954108117,0.5376264346950591
0.9380000000000007,1.1743215891096133,-0.2047301732623226,0.0,0.04175882182107148,0.5374985092688171
0.9400000000000007,1.173570432041522,-0.2057539050759,0.0,0.04190932623251732,0.5373659389320768
0.9420000000000007,1.172806741924932,-0.20634109349684002,0.0,0.042062384116262605,0.537233544465995
0.9440000000000007,1.1720258203653302,-0.20690707635510816,0.0,0.042215781470390984,0.5370970310326246
0.9460000000000007,1.1712288826390627,-0.2071420648151676,0.0,0.04237017085766709,0.5369579081202389
0.9480000000000007,1.1704182664718625,-0.2082973157807472,0.0,0.042526328068384446,0.536818691393925
0.9500000000000007,1.1695890632938273,-0.2085146998574613,0.0,0.0426834808967647,0.5366730240776658
0.9520000000000007,1.1687437595717198,-0.20897142894962428,0.0,0.04284204025122751,0.5365256122533014
0.9540000000000007,1.1678816336270093,-0.20938889456613935,0.0,0.04300234676543242,0.5363734429621265
0.9560000000000007,1.1670028454585717,-0.20977868215945988,0.0,0.043163148663978336,0.5362207124948496
0.9580000000000007,1.1661070200975368,-0.21016061818615436,0.0,0.043325514304561906,0.5360644666493757
0.9600000000000007,1.1651940102478202,-0.21015413121305868,0.0,0.043489951534626765,0.5359038493044119
0.9620000000000007,1.164262653152158,-0.2104570789216193,0.0,0.04365587807820336,0.5357392511150322
0.9640000000000007,1.1633138171019322,-0.210701176184377,0.0,0.043822870156226164,0.5355724347220311
0.9660000000000007,1.1623471910783247,-0.21064514101627563,0.0,0.04399183004595814,0.5354015026033736
0.9680000000000007,1.1613620355055552,-0.21049451473074365,0.0,0.04416189739638731,0.5352282670879499
0.9700000000000008,1.1603576839360805,-0.21063050996263624,0.0,0.044332848444441374,0.5350511961727781
0.9720000000000008,1.1593351552274949,-0.21074183368107877,0.0,0.04450503835693761,0.5348720873526281
0.9740000000000008,1.1582941580364283,-0.21044543502298785,0.0,0.04468006903146785,0.5346878297327252
0.9760000000000008,1.157233529233481,-0.20941559611757526,0.0,0.04485495584168286,0.5345023337300978
0.9780000000000008,1.1561498286189797,-0.20940677762235732,0.0,0.04503100691268218,0.5343072731190447
0.9800000000000008,1.1550516481784372,-0.21033425938083417,0.0,0.045210257975990965,0.5341149426918705
0.9820000000000008,1.153933066089066,-0.20946459777222454,0.0,0.04539035937172024,0.533919385513624
0.9840000000000008,1.1527938846355175,-0.20822122814710112,0.0,0.045572353149189296,0.5337181619254111
0.9860000000000008,1.1516310467627282,-0.2069409873800469,0.0,0.045753890341252705,0.5335113753651506
0.9880000000000008,1.15044886334973,-0.20739510146757612,0.0,0.04593776690694651,0.5333009447247414
0.9900000000000008,1.1492474716735885,-0.20766989429678792,0.0,0.0461229993532096,0.5330902374095725
0.9920000000000008,1.148026113845655,-0.2061991933594987,0.0,0.04630969560229327,0.532877753001722
0.9940000000000008,1.1467811219547,-0.2046779465640463,0.0,0.04649756484654159,0.5326573365793575
0.9960000000000008,1.1455126515981053,-0.20312876217838244,0.0,0.046686891521021665,0.5324295620731142
0.9980000000000008,1.1442240508986479,-0.2032889651680727,0.0,0.04687763456065427,0.5322010994821984
1.0000000000000007,1.1429152164790395,-0.2032518149283009,0.0,0.04707099769456578,0.5319700767518261
1.0020000000000007,1.1415854705877355,-0.20147684667037236,0.0,0.047265556338744304,0.53173789098977
1.0040000000000007,1.1402313525004284,-0.1996468949669226,0.0,0.04746049934039318,0.5315000637944165
1.0060000000000007,1.1388528218723568,-0.19776368852836132,0.0,0.047656766455193546,0.5312545769923378
1.0080000000000007,1.1374499491055674,-0.19620186791162833,0.0,0.047854860460829124,0.5310015484902469
1.0100000000000007,1.1360265949389186,-0.19625782721636237,0.0,0.048054609332886626,0.5307490205456696
1.0120000000000007,1.134581381285709,-0.1944872882252385,0.0,0.04825637726567975,0.5304940283678519
1.0140000000000007,1.133113108199045,-0.19232784636074846,0.0,0.04845934230016659,0.5302360832701667
1.0160000000000007,1.1316186796596632,-0.19011490950509438,0.0,0.04866427526991684,0.5299679295075556
1.0180000000000007,1.1300991108490377,-0.18885419571674902,0.0,0.04886987423465605,0.529694058849933
1.0200000000000007,1.1285608358245116,-0.18844683610112517,0.0,0.049078796255955924,0.5294234165069054
1.0220000000000007,1.126998586536208,-0.18629001252833724,0.0,0.04928912336724388,0.5291490253364027
1.0240000000000007,1.1254122874460786,-0.1837630949614533,0.0,0.049501360024980366,0.5288703773585312
1.0260000000000007,1.1237990218781733,-0.18116331382233591,0.0,0.04971447839651002,0.5285832077287429
1.0280000000000007,1.1221598051406958,-0.17849563049535133,0.0,0.04992788303200861,0.5282912040723111
1.0300000000000007,1.1204945226971372,-0.17575833274312164,0.0,0.0501433015913438,0.5279910208765389
1.0320000000000007,1.1188032861550952,-0.17398275182742726,0.0,0.05036024607588951,0.5276846669242048
1.0340000000000007,1.117092061744703,-0.17300164354203015,0.0,0.0505804969214238,0.527381623108343
1.0360000000000007,1.1153558935029355,-0.17029664602381245,0.0,0.050802330154921624,0.5270749220594456
1.0380000000000007,1.113594547581764,-0.16721033297823565,0.0,0.05102649803018499,0.5267624520211065
1.0400000000000007,1.1118054964230293,-0.16406817445220503,0.0,0.05125136351396749,0.5264427154321908
1.0420000000000007,1.1099894701921262,-0.16118884401470054,0.0,0.05147818365716421,0.5261144605032761
1.0440000000000007,1.1081501320633451,-0.15914850702983227,0.0,0.05170720111810523,0.525786453308072
1.0460000000000007,1.1062832402549414,-0.15636132046802312,0.0,0.051937288104454665,0.5254512838992776
1.0480000000000007,1.1043926086477016,-0.15348521553581856,0.0,0.05216973661954456,0.5251154088871703
1.0500000000000007,1.1024759911482984,-0.14991852695998728,0.0,0.052405416141004656,0.5247725692391024
1.0520000000000007,1.1005308822033206,-0.14716099699411175,0.0,0.0526417062918304,0.5244215740601642
1.0540000000000007,1.0985613534490384,-0.14401639578382067,0.0,0.0528805050475137,0.5240692153232921
1.0560000000000007,1.0965655642277012,-0.14019320979923316,0.0,0.053122037230442086,0.5237110555331355
1.0580000000000007,1.0945408991505527,-0.13716296072832626,0.0,0.05336471684820578,0.5233432752461862
1.0600000000000007,1.0924913624341468,-0.13430406082955584,0.0,0.05360969506895612,0.5229744007057026
1.0620000000000007,1.090417573616783,-0.13075510804398968,0.0,0.05385771352122922,0.5226045654671367
1.0640000000000007,1.0883159094272545,-0.12657080249161445,0.0,0.05410838065054278,0.5222258723613727
1.0660000000000007,1.0861849672855368,-0.12313980853141898,0.0,0.05435940103306975,0.5218390261005537
1.0680000000000007,1.0840285813542412,-0.11962440132858139,0.0,0.05461332721263267,0.5214493714608516
1.0700000000000007,1.0818457650159585,-0.11597886022512599,0.0,0.05487110184389554,0.5210529842842595
1.0720000000000007,1.0796361724025074,-0.11194938056870489,0.0,0.05513051188989695,0.5206532647207279
1.0740000000000007,1.0773991911125824,-0.10811615138984415,0.0,0.055391979108555936,0.5202476576397965
1.0760000000000007,1.0751351394901767,-0.10392203239787891,0.0,0.05565663523190695,0.5198354137017976
1.0780000000000007,1.0728458934456209,-0.10036962323165982,0.0,0.05592458879849009,0.519421858205671
1.0800000000000007,1.0705276632805416,-0.09616122817627401,0.0,0.05619477080531806,0.5189981304570045
1.0820000000000007,1.0681827838897775,-0.09109344362776299,0.0,0.05646661435936966,0.51857220685153
1.0840000000000007,1.0658073017592902,-0.08675563931716858,0.0,0.05674050960394796,0.5181320619132176
1.0860000000000007,1.063407652710022,-0.0830507376383014,0.0,0.05701895759500842,0.5176920533270573
1.0880000000000007,1.0609817353936688,-0.07912394454421189,0.0,0.05730023344982459,0.5172490659195377
1.0900000000000007,1.0585298936967338,-0.07477394251789751,0.0,0.057584927199771395,0.5168033957068249
1.0920000000000007,1.0560489015757901,-0.06918174439093147,0.0,0.05787188780289053,0.516347563829622
1.0940000000000007,1.0535374244691178,-0.06380434795218569,0.0,0.0581600595826939,0.5158796835915697
1.0960000000000008,1.050998761097663,-0.05951262861800788,0.0,0.05845110659046945,0.515406575211341
1.0980000000000008,1.048434486491899,-0.0550546392378142,0.0,0.058746658003484394,0.5149301990505083
1.1000000000000008,1.0458439420267749,-0.05042533558361439,0.0,0.05904556142174555,0.51445067350866
1.1020000000000008,1.043227036288331,-0.0454052824049552,0.0,0.059349747318014325,0.513964708815763
1.1040000000000008,1.0405802948910254,-0.0395907628787368,0.0,0.0596546338905668,0.5134690314024465
1.1060000000000008,1.0379046475307852,-0.03391818015339291,0.0,0.059961770468110805,0.5129639805359807
1.1080000000000008,1.0352025764701176,-0.028775059126650116,0.0,0.06027236260935474,0.5124551497226927
1.1100000000000008,1.0324732556833773,-0.02347884652405655,0.0,0.06058678925094193,0.5119392511438774
1.1120000000000008,1.02971710148831,-0.018005473905443117,0.0,0.06090494481122558,0.5114177166239577
1.1140000000000008,1.0269315270040835,-0.011626423147140245,0.0,0.06122559378694155,0.5108843143815561
1.1160000000000008,1.024119116226192,-0.005877931587557766,0.0,0.06154946349690662,0.5103457805289311
1.1180000000000008,1.021278966565665,2.8539357193982026e-05,0.0,0.0618762893808363,0.509799613092727
1.1200000000000008,1.0184118350954061,0.006026656499690654,0.0,0.062207226898193614,0.509246152732963
1.1220000000000008,1.0155151316628748,0.012571260056935521,0.0,0.06254020270568754,0.5086801434846006
1.1240000000000008,1.0125938004902757,0.018924761397398574,0.0,0.06287848426718447,0.5081120835096956
1.1260000000000008,1.009641169222893,0.025700010849041745,0.0,0.06321773635165913,0.507527023665766
1.1280000000000008,1.00666384163596,0.03231178810572117,0.0,0.06356151493513278,0.5069405236437587
1.1300000000000008,1.0036576867920735,0.03907612325729442,0.0,0.06390747832475674,0.5063424733139839
1.1320000000000008,1.0006243750253978,0.045940299787168994,0.0,0.0642571425118249,0.505735557523265
1.1340000000000008,0.9975637140038691,0.05298666532492231,0.0,0.06460975625651062,0.5051200431204818
1.1360000000000008,0.9944733278661954,0.06038950304058854,0.0,0.06496493671725195,0.5044879566924527
1.1380000000000008,0.9913583918273464,0.0676612465119567,0.0,0.06532429933479285,0.5038540209700032
1.1400000000000008,0.9882145567639377,0.07506420147475251,0.0,0.0656858332142002,0.5032062008043195
1.1420000000000008,0.9850435250828473,0.08259196008795468,0.0,0.06605028838650073,0.5025486391522568
1.1440000000000008,0.9818452888430755,0.09023824276944989,0.0,0.06641765887729437,0.5018808348182465
1.1460000000000008,0.9786198576458104,0.09798609564306766,0.0,0.06678793909414009,0.5012023274738824
1.1480000000000008,0.9753674242758422,0.1059326173938432,0.0,0.06716200460085363,0.5005118553968835
1.1500000000000008,0.9720847005182084,0.11415256035567148,0.0,0.0675371174034971,0.4998013913875867
1.1520000000000008,0.968776273906103,0.1221159333207865,0.0,0.06791586174528066,0.49908294409770027
1.1540000000000008,0.9654405146584933,0.1301835210481287,0.0,0.06829732084776005,0.4983513836295832
1.1560000000000008,0.9620782840447905,0.13834745936680706,0.0,0.06868181291426194,0.4976087673956397
1.1580000000000008,0.9586896167717158,0.1466001905001971,0.0,0.06906932515735045,0.4968546377222034
1.1600000000000008,0.955274566121998,0.15493442160518361,0.0,0.06945984990228915,0.49608858520617805
1.1620000000000008,0.9518332028908653,0.16334311803681847,0.0,0.06985338486972338,0.49531024587395983
1.1640000000000008,0.9483657379331021,0.17177978348903802,0.0,0.0702506134954697,0.4945186418520655
1.1660000000000008,0.9448721348442516,0.18032578469526928,0.0,0.07065076413956144,0.4937142911972338
1.1680000000000008,0.9413526768392056,0.18888218944933594,0.0,0.07105478379930918,0.49289602683804024
1.1700000000000008,0.9378073032426484,0.19753946738043357,0.0,0.07146161944548486,0.49206470328090496
1.1720000000000008,0.9342361938977346,0.20623758300119402,0.0,0.07187151436042762,0.49121989894518375
1.1740000000000008,0.9306394643523613,0.2149711091836451,0.0,0.07228429350420736,0.4903616633099439
1.1760000000000008,0.927015699261331,0.22400724177862152,0.0,0.07269853783373281,0.4894858117429079
1.1780000000000008,0.9233669822410409,0.23270471424277336,0.0,0.07311609453761132,0.4885970716491881
1.1800000000000008,0.9196931581105215,0.241415756560321,0.0,0.07353762299012583,0.48769312108020957
1.1820000000000008,0.9159946315877745,0.25018321347126504,0.0,0.07396210025379074,0.48677653614660715
1.1840000000000008,0.9122717486956224,0.25898325706957487,0.0,0.07439083057456133,0.48584591897189894
1.1860000000000008,0.9085230747753296,0.2680545055699951,0.0,0.07482118702447461,0.48489866577016694
1.1880000000000008,0.904750430009823,0.27680418506832943,0.0,0.07525520268768937,0.48393857840061777
1.1900000000000008,0.9009536385585889,0.285523797608451,0.0,0.07569330743659959,0.4829635605199937
1.1920000000000008,0.8971330940202727,0.29430935676068626,0.0,0.07613503181857643,0.48197540409759143
1.1940000000000008,0.8932889058575375,0.30309750122476126,0.0,0.07658056939832315,0.48097355966261623
1.1960000000000008,0.8894211134033897,0.31188261741056145,0.0,0.07702966895761605,0.4799579368059927
1.1980000000000008,0.8855297920375518,0.320659135429201,0.0,0.07748232538894681,0.47892820566131455
1.2000000000000008,0.8816150140394111,0.32948722678767023,0.0,0.07793852715116181,0.4778840444464268
1.2020000000000008,0.8776753108758065,0.338388257183506,0.0,0.0783977228591575,0.4768185336819704
1.2040000000000008,0.8737129503654073,0.3470381025456568,0.0,0.07886068867424793,0.47574084188183663
1.2060000000000008,0.8697271657245795,0.35566794034557253,0.0,0.0793270865722949,0.47464707860921823
1.2080000000000009,0.865718398679735,0.3642712998854895,0.0,0.07979702412672003,0.4735386242255324
1.2100000000000009,0.8616866728830287,0.3728419240504114,0.0,0.08027045442778369,0.47241506322427446
1.2120000000000009,0.8576320136057964,0.38137378304642916,0.0,0.08074732919138476,0.47127600512875784
1.2140000000000009,0.8535544471616532,0.38986108547861975,0.0,0.08122759905033766,0.4701210827226616
1.2160000000000009,0.8494540003006454,0.3982982863551902,0.0,0.08171121374509059,0.4689499502590114
1.2180000000000009,0.8453306995966494,0.40675231524447836,0.0,0.08219812223423664,0.4677622816870838
1.2200000000000009,0.8411832655105261,0.41525191283927515,0.0,0.08268763502639433,0.46655123447443175
1.2220000000000009,0.8370135885636599,0.42343764156631314,0.0,0.08318064248360509,0.46532588073194214
1.2240000000000009,0.8328209853826566,0.43156421842179415,0.0,0.08367672078838813,0.46408237717093237
1.2260000000000009,0.8286057991423081,0.43962612074609675,0.0,0.08417598288115816,0.46282211884284913
1.2280000000000009,0.8243680180112664,0.4476181895266032,0.0,0.08467835990432976,0.4615447230484542
1.2300000000000009,0.8201076308477168,0.455535611348033,0.0,0.08518378351264591,0.46024983359298666
1.2320000000000009,0.8158246264527407,0.4633739013014877,0.0,0.08569218578949363,0.45893711824860667
1.2340000000000009,0.8115190758494064,0.47115307015311114,0.0,0.08620434743128769,0.45760546881371594
1.2360000000000009,0.8071898830890932,0.47903834192872474,0.0,0.08671728578889183,0.4562514861179755
1.2380000000000009,0.8028384625717665,0.4865532827433631,0.0,0.08723395574423028,0.45488045402232924
1.2400000000000009,0.7984642427908507,0.4939832877471444,0.0,0.08775294974922142,0.45349014734988996
1.2420000000000009,0.7940675212679404,0.5013500836616864,0.0,0.08827559990123844,0.45208051684207495
1.2440000000000009,0.7896472935925531,0.5088285768812061,0.0,0.08879878643701677,0.45064808526676653
1.2460000000000009,0.7852047840218421,0.5159163338693223,0.0,0.08932558356815312,0.4491981969062831
1.2480000000000009,0.7807394605779936,0.522914152134179,0.0,0.089854518542546,0.44772858499606366
1.2500000000000009,0.7762514919654443,0.5298018759469987,0.0,0.09038606287082877,0.4462400221923875
1.252000000000001,0.7717408892678557,0.5366527332834994,0.0,0.09092133123231978,0.44473107605971235
1.254000000000001,0.7672067848302495,0.5435921353345794,0.0,0.09145643494145765,0.4431989497130759
1.256000000000001,0.762650135424905,0.5501314338195433,0.0,0.09199494245569045,0.44164854861099356
1.258000000000001,0.7580705404873013,0.5565104562060725,0.0,0.09253623112349206,0.4400768538499787
1.260000000000001,0.7534675989367027,0.5631929774533122,0.0,0.09307813680080468,0.4384825579006524
1.262000000000001,0.7488417695778651,0.5693690145943576,0.0,0.09362265527290296,0.43686877794278495
1.264000000000001,0.7441928124103385,0.5754496231497143,0.0,0.09416900016300295,0.4352345369982887
1.266000000000001,0.7395208004605419,0.5814898413302089,0.0,0.09471851882078387,0.4335796468775376
1.268000000000001,0.7348251151252511,0.5875845351208735,0.0,0.09526806063869338,0.4318996159458583
1.270000000000001,0.7301063451693416,0.5932955190750689,0.0,0.09582059430383796,0.43020139237126487
1.272000000000001,0.7253641353220484,0.5989111880464593,0.0,0.09637499474707026,0.4284817676306476
1.274000000000001,0.7205982514216467,0.6045845822116704,0.0,0.09692974364517604,0.42673905981704413
1.276000000000001,0.7158088818270218,0.6101933059286538,0.0,0.09748655445487252,0.424976487858949
1.278000000000001,0.7109957913953008,0.6153238222877652,0.0,0.09804637899268251,0.42319186713275425
1.280000000000001,0.7061588864077912,0.6205551288361193,0.0,0.09860839760342836,0.4213855342297684
1.282000000000001,0.7012979627447031,0.6258400624902601,0.0,0.09917077497436283,0.4195543833335165
1.284000000000001,0.6964130649737831,0.6307434616300626,0.0,0.09973525933985329,0.4177050235740521
1.286000000000001,0.6915039638054622,0.6358699864620349,0.0,0.10029933985628908,0.41583142523630323
1.288000000000001,0.686570607237493,0.6405075075297555,0.0,0.10086553930454503,0.4139380606012037
1.290000000000001,0.6816127835131761,0.6449848550084941,0.0,0.1014345974670306,0.41202249756278375
1.292000000000001,0.6766303817043806,0.6497483550993014,0.0,0.10200544578700656,0.4100820035227815
1.294000000000001,0.6716232333071122,0.6541642741926517,0.0,0.1025789074768982,0.4081210509803607
1.296000000000001,0.6665913942530678,0.6586569409804001,0.0,0.10315086540228854,0.40613539732707415
1.298000000000001,0.6615343683136345,0.6627764625235417,0.0,0.1037266963614578,0.40413011525047504
1.300000000000001,0.656452155457426,0.6668149120881399,0.0,0.1043036566513768,0.4021040935463899
1.302000000000001,0.6513447168661206,0.671058528047306,0.0,0.10488199409455401,0.40005264372731425
1.304000000000001,0.6462119329709506,0.6751485970219434,0.0,0.10545978684319195,0.3979798127533756
1.306000000000001,0.6410533056382511,0.6789285327372078,0.0,0.10604000855818628,0.39588665683171653
1.308000000000001,0.6358687912524104,0.6826494921478835,0.0,0.10662131741219995,0.3937727681504113
1.310000000000001,0.6306584244909613,0.6865021639638179,0.0,0.10720377601724362,0.3916336390501939
1.312000000000001,0.6254215591077418,0.6899992431361865,0.0,0.10778905830236095,0.38947400340345895
1.314000000000001,0.6201581447702036,0.6935366460359104,0.0,0.10837628659464388,0.3872920566829193
1.316000000000001,0.6148685441947219,0.6971246440729246,0.0,0.10896247335336484,0.38508643228929224
1.318000000000001,0.6095522278200451,0.7006064994983615,0.0,0.10954924417866431,0.38285873128047854
1.320000000000001,0.6042084449959816,0.7038300791321825,0.0,0.1101392636990051,0.3806103444464079
1.322000000000001,0.5988378974932634,0.7072036166847278,0.0,0.11072958278972211,0.37833585937419467
1.324000000000001,0.5934394572802304,0.7103491978382501,0.0,0.11132194341710433,0.37604242731004983
1.326000000000001,0.5880132768669304,0.7134989444144403,0.0,0.11191570097870927,0.3737273980549388
1.328000000000001,0.5825598260557802,0.7166352722900107,0.0,0.11250931271827262,0.37138686370758583
1.330000000000001,0.5770782595290528,0.7197479522482926,0.0,0.11310334046402826,0.3690253825092796
1.332000000000001,0.5715678437427293,0.7226855052015362,0.0,0.1137006492447323,0.3666426014466322
1.334000000000001,0.5660288151656059,0.7256644709891747,0.0,0.11429860033882044,0.36423935442541117
1.336000000000001,0.5604614899963446,0.7286189661785858,0.0,0.1148979449122937,0.36180852187207047
1.338000000000001,0.5548652687283248,0.7314975344780202,0.0,0.11549735680783589,0.3593567082635024
1.340000000000001,0.5492393574522435,0.7343624667536361,0.0,0.11609879973417057,0.3568848665482066
1.342000000000001,0.5435844712448787,0.7372268453540597,0.0,0.11669956774313321,0.3543903953689215
1.344000000000001,0.5379077194762044,0.7311570169775697,0.0,0.11730593068571364,0.3518874755672205
1.346000000000001,0.5322253335546184,0.7209225119124114,0.0,0.11792369000243776,0.3494463161251998
1.348000000000001,0.5265395155916325,0.711975138208076,0.0,0.11855448356245592,0.34706561253945273
1.350000000000001,0.5208464444969919,0.7040867532812052,0.0,0.11919532963061003,0.34474366253426003
1.352000000000001,0.5151437286419928,0.6970837856025753,0.0,0.11984412707385703,0.34247721503431205
1.354000000000001,0.5094290407056834,0.6911030223151096,0.0,0.12049896690265345,0.34026266051236326
1.356000000000001,0.5036999157090096,0.6862954525686026,0.0,0.12115814955297724,0.3380947320413849
1.358000000000001,0.497953832610881,0.6826256787018651,0.0,0.12182021809799687,0.33596687860529234
1.360000000000001,0.4921884170851558,0.6800145592162202,0.0,0.12248394286288708,0.33387247290337585
1.362000000000001,0.4864015360992182,0.6783869337443172,0.0,0.12314827513064248,0.3318055132012493
1.364000000000001,0.48059125156421434,0.6776719304102592,0.0,0.12381232843366723,0.3297604177308388
1.366000000000001,0.47475457910191543,0.6794164645649947,0.0,0.1244759482204432,0.327720197197224
1.368000000000001,0.4688898386554379,0.680967980469719,0.0,0.12513864333071145,0.32567770979847127
1.370000000000001,0.46299729376379617,0.6821657224540519,0.0,0.12579900914979955,0.32364698126968433
1.372000000000001,0.45707531574646376,0.6840947899422651,0.0,0.1264568068383239,0.3216199077735996
1.374000000000001,0.45112233184386274,0.6875909412203494,0.0,0.1271124773674635,0.31958690730771105
1.376000000000001,0.44513802264491875,0.6906586466258856,0.0,0.127764496118064,0.3175551259909732
1.378000000000001,0.4391206470357465,0.6950760446376839,0.0,0.12841420892528707,0.31550977913225153
1.380000000000001,0.4330700698748968,0.6991774441507143,0.0,0.12905967842011218,0.31346050946929244
1.382000000000001,0.426984913570563,0.7044458915133203,0.0,0.12970250368263192,0.31139412195715543
1.384000000000001,0.4208649534707919,0.7094948743432783,0.0,0.13034066264407373,0.3093194365263419
1.386000000000001,0.414709095721292,0.7152954498041764,0.0,0.13097594218843925,0.307224633877331
1.388000000000001,0.4085170877820258,0.7216274099687251,0.0,0.13160629588264575,0.3051180262037384
1.390000000000001,0.40228798699089086,0.7283284648856437,0.0,0.13223363118072018,0.3029884669148403
1.392000000000001,0.39602147903999096,0.7350941159859555,0.0,0.1328558122138299,0.30084408289858755
1.394000000000001,0.3897168728724877,0.7424793850369804,0.0,0.13347486582630425,0.2986750225102322
1.396000000000001,0.3833738294718114,0.7503380653003591,0.0,0.13408867105575303,0.29648882975543994
1.398000000000001,0.37699171770067375,0.7584833028091548,0.0,0.13469936028746798,0.2942762519173665
1.400000000000001,0.37057021982578653,0.7668859463906433,0.0,0.13530362076687494,0.29204880010344303
1.402000000000001,0.36410878448275064,0.7759727769218955,0.0,0.1359053166243073,0.289791759234411
1.404000000000001,0.3576070382505916,0.7851932849501,0.0,0.1365017575774096,0.2875143003738524
1.406000000000001,0.3510645522675412,0.794918727913938,0.0,0.1370935678353685,0.28521390903277116
1.408000000000001,0.3444809887049479,0.8051753473287744,0.0,0.13768229417925718,0.28288482009646454
1.410000000000001,0.33785587745930457,0.8158055399266304,0.0,0.13826535448257074,0.2805359606964448
1.412000000000001,0.33118894735357496,0.8268054708847045,0.0,0.1388457052551198,0.2781572001741581
1.414000000000001,0.3244797384187924,0.8383015853456719,0.0,0.13942063481865805,0.27575777601775775
1.416000000000001,0.3177279192386919,0.8503381277311484,0.0,0.13999102126126695,0.27333496514272443
1.418000000000001,0.31093338091950273,0.8629295411698317,0.0,0.14055868573935923,0.2708821026470569
1.420000000000001,0.3040954987140956,0.8759547602436019,0.0,0.1411215790601098,0.26840763639255233
1.422000000000001,0.29721409913327523,0.8895449375704019,0.0,0.14168069808249875,0.26590808925999593
1.424000000000001,0.2902888211623158,0.9037204749699054,0.0,0.14223583318417507,0.26338499860997266
1.426000000000001,0.283319385153038,0.9185037993756959,0.0,0.14278718788966663,0.26083833170141796
1.428000000000001,0.27630552818576715,0.9339191327179662,0.0,0.1433349602446952,0.2582681582985865
1.430000000000001,0.2692470053789774,0.949992331956116,0.0,0.1438793466163297,0.25567464031613824
1.432000000000001,0.2621435913213148,0.9667507998586257,0.0,0.14442054488829253,0.2530580250104609
1.434000000000001,0.2549950815433577,0.9842234754345719,0.0,0.14495875720561074,0.25041864154226856
1.436000000000001,0.2478012939432035,1.0024409174566766,0.0,0.14549419241444148,0.24775690085595725
1.438000000000001,0.24056207008442887,1.0214354833581794,0.0,0.14602706833987059,0.24507329886746645
1.440000000000001,0.23327727741596327,1.041240879371584,0.0,0.1465576147405251,0.24236841361656133
1.442000000000001,0.22594681466986644,1.0618905410156034,0.0,0.14708607727941336,0.2396428805990096
1.444000000000001,0.2185706184036469,1.083417073137957,0.0,0.14761272145291157,0.23689736534192216
1.446000000000001,0.21114867007478555,1.0616591073125305,0.0,0.14813783550288,0.23413253890694952
1.448000000000001,0.20430886844214036,0.8334657276715127,0.0,0.14857225598386403,0.23153134164520953
1.450000000000001,0.19831058156488512,0.6333491575763247,0.0,0.14889162498253924,0.22918267478631346
1.452000000000001,0.19327887704119484,0.49988623397987697,0.0,0.14908641163866765,0.22714803959854707
1.454000000000001,0.189197885194194,0.3857453892016456,0.0,0.14916883447021512,0.2254298001208113
1.456000000000001,0.18592338279823362,0.28982721309942727,0.0,0.1491614188848755,0.22398530070859937
1.458000000000001,0.18332770771139906,0.21026008215351438,0.0,0.14908614209102838,0.222773851057548
1.460000000000001,0.1813053423322466,0.14487729662923862,0.0,0.14895959750844862,0.2217627540885795
1.462000000000001,0.1797712287831461,0.08866597904516794,0.0,0.14879349976281,0.22092675092405614
1.464000000000001,0.1786583379508193,0.037685624766604524,0.0,0.14859484554569635,0.22024752287998792
1.466000000000001,0.17791540682325602,-0.008360513134584115,0.0,0.1483666080501621,0.219712830388174
1.468000000000001,0.17749470982369475,-0.04974452199662555,0.0,0.1481119119220752,0.21931010046902022
1.470000000000001,0.17735272301611382,-0.08677280580840985,0.0,0.14783371581375557,0.21902710090226862
1.472000000000001,0.17745016371359146,-0.11976249142811925,0.0,0.1475347199773187,0.21885219476363443
1.474000000000001,0.1777516449695291,-0.14903123099871488,0.0,0.14721739673649814,0.2187743499498237
1.476000000000001,0.17822535719196186,-0.17489008682155877,0.0,0.14688401114832877,0.21878314446887015
1.478000000000001,0.17884277449363717,-0.19763850203239852,0.0,0.14653663525642527,0.21886876826148471
1.480000000000001,0.17957838176843577,-0.21756090216460358,0.0,0.14617715911727258,0.21902201991517906
1.482000000000001,0.18040942087795564,-0.23492456615519342,0.0,0.1458073000766676,0.21923429894952567
1.484000000000001,0.18131565461280008,-0.24997847645887786,0.0,0.14542861123530096,0.21949759434097435
1.486000000000001,0.18227914729166783,-0.2629529136158894,0.0,0.14504248966625036,0.21980446991522862
1.488000000000001,0.1832840610005062,-0.2740596053318881,0.0,0.14465018468860902,0.22014804718025038
1.490000000000001,0.18431646657087386,-0.2834922767454291,0.0,0.14425280632823148,0.22052198611301085
1.492000000000001,0.18536416846420134,-0.29142747894510984,0.0,0.14385133398484773,0.22092046435365856
1.494000000000001,0.18641654277639708,-0.29802559818980484,0.0,0.14344662525697197,0.22133815520468478
1.496000000000001,0.18746438761229411,-0.3034319695310801,0.0,0.1430394248391123,0.22177020478129006
1.498000000000001,0.1884997851068544,-0.3077780299196311,0.0,0.1426303733901257,0.2222122086128745
1.500000000000001,0.18951597739632842,-0.31114875996728814,0.0,0.142220016841027,0.22266018754921232
1.5020000000000011,0.19050780486206498,-0.3134263182681931,0.0,0.14180883705952707,0.223110639973221
1.5040000000000011,0.19147120543277185,-0.3148002985079619,0.0,0.1413972289689331,0.22356046589550238
1.5060000000000011,0.19240315255164608,-0.31540407796172065,0.0,0.14098550457837103,0.2240069478288719
1.5080000000000011,0.1933009230995899,-0.3153593374324679,0.0,0.14057391305288677,0.22444763993877648
1.5100000000000011,0.1941622172679136,-0.31477683801783896,0.0,0.14016264643955545,0.22488037277215672
1.5120000000000011,0.19498512341214957,-0.3137571105433116,0.0,0.13975184557459364,0.2253032366987881
1.5140000000000011,0.19576808448370397,-0.3123911189456169,0.0,0.13934160567288767,0.22571456536661005
1.5160000000000011,0.19650986623012345,-0.31076089965023973,0.0,0.13893198155706438,0.22611291931844985
1.5180000000000011,0.1972095271458032,-0.3089401779856962,0.0,0.13852299251369896,0.22649706988272864
1.5200000000000011,0.19786639015870322,-0.30700692647815964,0.0,0.13811462676938416,0.22686598344141254
1.5220000000000011,0.1984803002579223,-0.3051292178602959,0.0,0.13770679875602754,0.22721889841103873
1.5240000000000011,0.19905127992465954,-0.30331935626332496,0.0,0.13729940578115568,0.22755521122735103
1.5260000000000011,0.19957953888234847,-0.30156459145859876,0.0,0.13689232590561923,0.22787446983889342
1.5280000000000011,0.2000651945352261,-0.2998534017951005,0.0,0.13648546337228748,0.22817627705081464
1.5300000000000011,0.2005083470211042,-0.29817535146990626,0.0,0.13607873530821019,0.22846030582075338
1.5320000000000011,0.20090908081688763,-0.29652091966717953,0.0,0.13567207055057615,0.22872629308044984
1.5340000000000011,0.20126746630396175,-0.29489971747413585,0.0,0.1352654085137766,0.22897403347181342
1.5360000000000011,0.20158394927020895,-0.2934646358350669,0.0,0.13485863458892247,0.22920349762716952
1.5380000000000011,0.20185916803981785,-0.29225091854889773,0.0,0.13445160933342795,0.22941477319712636
1.5400000000000011,0.20209398327489625,-0.29127400222595184,0.0,0.13404416319338489,0.2296080677749831
1.5420000000000011,0.20228926670518188,-0.29054640122808084,0.0,0.13363613015403103,0.22978363858208187
1.5440000000000011,0.20244593542108413,-0.2900779869666882,0.0,0.13322734148418555,0.2299417977752869
1.5460000000000012,0.20256494195941643,-0.28987993636529646,0.0,0.1328176266932618,0.2300829046764089
1.5480000000000012,0.20264737095345597,-0.2900048849436848,0.0,0.1324067994859415,0.23020737542291042
1.5500000000000012,0.20269437174658234,-0.2904646130647537,0.0,0.13199466647188593,0.23031566859299293
1.5520000000000012,0.2027071560479916,-0.29125119509802433,0.0,0.13158102750966896,0.2304082794117081
1.5540000000000012,0.20268688509773924,-0.29235596371250255,0.0,0.13116569096660452,0.23048571783175706
1.5560000000000012,0.20263469069467588,-0.2937696450108202,0.0,0.13074847071131232,0.23054850698079243
1.5580000000000012,0.20255167270199137,-0.2954824790420598,0.0,0.13032918626520193,0.23059717859625556
1.5600000000000012,0.20243889704289608,-0.297484327258791,0.0,0.12990766288708236,0.23063226892608063
1.5620000000000012,0.20229739413399006,-0.29976476826320503,0.0,0.12948373160293042,0.23065431506484368
1.5640000000000012,0.2021281577086702,-0.30231318300642673,0.0,0.12905722919086263,0.23066385169627407
1.5660000000000012,0.20193214398724102,-0.30511883045682836,0.0,0.12862799812969475,0.2306614082142846
1.5680000000000012,0.2017102711542873,-0.30817091463130225,0.0,0.12819588651809422,0.23064750619585692
1.5700000000000012,0.20146341910739474,-0.31145864378280264,0.0,0.12776074797017592,0.23062265720025157
1.5720000000000012,0.2011924294445211,-0.31497128245377837,0.0,0.12732244149243258,0.2305873608701239
1.5740000000000012,0.20089810566025768,-0.31869819703487623,0.0,0.12688083134607644,0.23054210331122893
1.5760000000000012,0.20058121352391622,-0.3226288954086899,0.0,0.12643578689819857,0.23048735572848947
1.5780000000000012,0.2002424816148496,-0.3267530612070912,0.0,0.1259871824645766,0.230423573297284
1.5800000000000012,0.19988260199269403,-0.3310605831660331,0.0,0.12553489714648788,0.23035119424989037
1.5820000000000012,0.19950223098231845,-0.3355415800222708,0.0,0.12507881466347578,0.23027063915808949
1.5840000000000012,0.1991019900551958,-0.3401864213611425,0.0,0.12461882318368397,0.23018231039397927
1.5860000000000012,0.19868246679069546,-0.34498574479258476,0.0,0.1241548151530808,0.23008659175209023
1.5880000000000012,0.1982442159024269,-0.349930469803329,0.0,0.12368668712466467,0.2299838482168967
1.5900000000000012,0.19778776031627543,-0.3550118086062917,0.0,0.12321433958853166,0.22987442586080464
1.5920000000000012,0.1973135922881517,-0.36022127428322226,0.0,0.12273767680352843,0.22975865185865255
1.5940000000000012,0.19682217455074058,-0.36555068649347694,0.0,0.12225660663106629,0.22963683460567585
1.5960000000000012,0.19631394147970016,-0.3709921750001856,0.0,0.12177104037156547,0.22950926392677407
1.5980000000000012,0.19578930027082175,-0.3765381812449473,0.0,0.12128089260389711,0.22937621136577185
1.6000000000000012,0.19524863212062527,-0.38218145818345556,0.0,0.12078608102812116,0.2292379305441692
1.6020000000000012,0.1946922934037547,-0.3809295129375768,0.0,0.12028652631174849,0.229094657579659
1.6040000000000012,0.19416913937231017,-0.3492995572081832,0.0,0.1197867326067452,0.22895328493475076
1.6060000000000012,0.19369833989204488,-0.32320053795953113,0.0,0.1192882231382637,0.22881678571717443
1.6080000000000012,0.19327056511762875,-0.3022551585088558,0.0,0.11878958824965559,0.2286844453454703
1.6100000000000012,0.19287958783677395,-0.28572770054786323,0.0,0.1182895172014892,0.22855614643034883
1.6120000000000012,0.1925199913517157,-0.272809194794272,0.0,0.11778692130390751,0.22843172116288765
1.6140000000000012,0.1921869203202624,-0.2627993621936946,0.0,0.11728097929318268,0.22831084821292105
1.6160000000000012,0.19187589470851663,-0.2551308228243758,0.0,0.11677112669200912,0.22819302076268771
1.6180000000000012,0.19158287887815706,-0.24934438278955204,0.0,0.11625696951170517,0.2280776515167077
1.6200000000000012,0.1913042632970261,-0.24506882103940777,0.0,0.11573824060109952,0.2279641144915291
1.6220000000000012,0.19103684062455129,-0.2420043780701671,0.0,0.11521476636102503,0.22785177513055765
1.6240000000000012,0.19077777839321053,-0.23990928423990343,0.0,0.11468644140920599,0.22774001156604573
1.6260000000000012,0.19052458994457067,-0.23858877986789892,0.0,0.11415320935479134,0.22762822918491657
1.6280000000000012,0.19027510483993737,-0.23788617513880883,0.0,0.11361504827289273,0.227515870151108
1.6300000000000012,0.19002743962547397,-0.2376755777450165,0.0,0.11307195979529078,0.22740241915327936
1.6320000000000012,0.18977996956918175,-0.23785598256113732,0.0,0.11252396098128631,0.2272874063529409
1.6340000000000012,0.18953130178594368,-0.23834647257368866,0.0,0.11197107832224923,0.2271704082822189
1.6360000000000012,0.18928025001388415,-0.23908232563351842,0.0,0.11141334337918445,0.22705104726621253
1.6380000000000012,0.18902581119019035,-0.24001185894679683,0.0,0.11085078966519356,0.2269289898100659
1.6400000000000012,0.18876714388905125,-0.24109387392397316,0.0,0.11028345047195026,0.22680394428632208
1.6420000000000012,0.18850354862193286,-0.24229558920658395,0.0,0.10971135740710426,0.22667565817693977
1.6440000000000012,0.1882344499558628,-0.24359097034707622,0.0,0.10913453946234193,0.22654391506129742
1.6460000000000012,0.18795938037462778,-0.24495938152664298,0.0,0.10855302247301317,0.22640853149254683
1.6480000000000012,0.18767796578756468,-0.24638616553767526,0.0,0.10796682886238973,0.22626935386671504
1.6500000000000012,0.18738995423742755,-0.24788675910451907,0.0,0.10737596064248192,0.2261262810940021
1.6520000000000012,0.1870952699963193,-0.2495038530264671,0.0,0.10678037913521893,0.22597929561022004
1.6540000000000012,0.1867940346190724,-0.25126325946894246,0.0,0.10617999100417032,0.22582848031466318
1.6560000000000012,0.1864865048679587,-0.25314526675983623,0.0,0.10557466998525632,0.22567398273903463
1.6580000000000013,0.18617288815026334,-0.25513281736263593,0.0,0.1049643089494134,0.22551592195887624
1.6600000000000013,0.1858533725728102,-0.2572114834533033,0.0,0.10434880978172616,0.22535440420747335
1.6620000000000013,0.18552812608356883,-0.25937000711664443,0.0,0.10372808184496489,0.22518952336921258
1.6640000000000013,0.18519729594991752,-0.26159878122596536,0.0,0.10310204102516275,0.2250213611410335
1.6660000000000013,0.18486100877285438,-0.263889101189657,0.0,0.1024706089185342,0.22484998730872993
1.6680000000000013,0.18451937237289995,-0.2662330856793239,0.0,0.10183371227756173,0.2246754602922466
1.6700000000000013,0.18417247715093432,-0.26862360647763067,0.0,0.10119128248429779,0.22449782764569423
1.6720000000000013,0.18382039734408462,-0.2710542220872047,0.0,0.10054325508117015,0.22431712656076552
1.6740000000000013,0.18346319220306206,-0.2735190980554453,0.0,0.09988956935351621,0.22413338437251806
1.6760000000000013,0.1831009079045831,-0.2760122785946903,0.0,0.09923016802524401,0.22394661916898545
1.6780000000000013,0.18273358012442076,-0.27852748684292283,0.0,0.09856499704884107,0.22375684049132374
1.6800000000000013,0.18236123560611484,-0.28105943914580633,0.0,0.09789400535939251,0.2235640498952794
1.6820000000000013,0.18198389220388456,-0.28360377159052896,0.0,0.09721714453136061,0.22336824131821084
1.6840000000000013,0.18160155860539628,-0.2861568737548312,0.0,0.09653436844090509,0.22316940140502942
1.6860000000000013,0.18121423446140694,-0.288715753221844,0.0,0.09584563299350843,0.22296750988260874
1.6880000000000013,0.18082191063899078,-0.29127792520273155,0.0,0.09515089588852393,0.22276253994383013
1.6900000000000013,0.18042456956309394,-0.2938413225904561,0.0,0.09445011641506615,0.22255445863433
1.6920000000000013,0.18001673175628952,-0.3004051626293218,0.0,0.09374281289720802,0.2223425298069462
1.6940000000000013,0.1795964602661151,-0.3077282437179746,0.0,0.09302882572938735,0.22212646317651324
1.6960000000000013,0.17915818482773482,-0.31500544383083584,0.0,0.09230764698348554,0.22190553945581656
1.6980000000000013,0.17870355956678918,-0.32223471497937595,0.0,0.09157939958727845,0.2216799320351255
1.7000000000000013,0.1782431540988647,-0.32221993413009403,0.0,0.09084490346426999,0.2214509468918656
1.7020000000000013,0.177777509925503,-0.3214280189870787,0.0,0.09010412528332297,0.22121861539019105
1.7040000000000013,0.1773172849473592,-0.32120212799789094,0.0,0.08935793938296654,0.22098418123182517
1.7060000000000013,0.17685722647442415,-0.321447075842595,0.0,0.08860588034434805,0.22074690944229405
1.7080000000000013,0.17639633359199625,-0.32208318905131106,0.0,0.08784784307754855,0.22050659563477437
1.7100000000000013,0.17593375163856706,-0.32304371481930433,0.0,0.08708373423304255,0.22026305566857493
1.7120000000000013,0.17546154317616058,-0.32926601137886313,0.0,0.08631291333329538,0.22001521447126524
1.7140000000000013,0.17497686288554437,-0.336453079612978,0.0,0.08553517902097726,0.21976263460348494
1.7160000000000013,0.17448251814676752,-0.33699411525627265,0.0,0.08475068101605697,0.21950564019740385
1.7180000000000013,0.17398151448974808,-0.33676761800457,0.0,0.08395959327693889,0.21924455326274536
1.7200000000000013,0.17349411693635752,-0.3325319924618977,0.0,0.08317009345117558,0.2189912204194184
1.7220000000000013,0.173011588013686,-0.3317947616899294,0.0,0.08238617482079823,0.21875202140543723
1.7240000000000013,0.17256433254708936,-0.32475293813892475,0.0,0.08163087220285539,0.2185675817872558
1.7260000000000013,0.1721840370431209,-0.31817512684499344,0.0,0.08091197707708102,0.21845245779301659
1.7280000000000013,0.17183457721776163,-0.30909816745680574,0.0,0.08022416012776167,0.21839295169544296
1.7300000000000013,0.17150746722808874,-0.30317094702166575,0.0,0.07956421656584924,0.21838062806118264
1.7320000000000013,0.17122889154184295,-0.2974954569467406,0.0,0.07893263754734407,0.2184134220730122
1.7340000000000013,0.17098153010966555,-0.29202449629398897,0.0,0.07832609219723258,0.21848322258338784
1.7360000000000013,0.1707624467807225,-0.2914859484043505,0.0,0.07774276504923902,0.21858476821291287
1.7380000000000013,0.17056938909410602,-0.2785141909236872,0.0,0.07718106984059173,0.2187134229246324
1.7400000000000013,0.170400007775235,-0.2785391303557455,0.0,0.07663961298081402,0.21886499040116125
1.7420000000000013,0.17024374775199713,-0.2781225731247809,0.0,0.07611640970100673,0.21903437743917495
1.7440000000000013,0.17010728579309853,-0.2651177743233099,0.0,0.07561107095531913,0.2192196556135843
1.7460000000000013,0.16998816765981584,-0.2624291550836651,0.0,0.07512258673861955,0.2194177400306583
1.7480000000000013,0.16988305799983894,-0.2620217934965751,0.0,0.07464995977815156,0.21962569996655315
1.7500000000000013,0.16979119881756088,-0.24948510822749148,0.0,0.07419245333103937,0.21984135981414551
1.7520000000000013,0.16971085697829924,-0.25164798597756527,0.0,0.0737493978811944,0.22006255886521095
1.7540000000000013,0.16964119279290424,-0.24364818267109184,0.0,0.07332022754068136,0.22028753807964283
1.7560000000000013,0.16955871778790077,-0.23846392961296828,0.0,0.07290243538646066,0.2205112121152676
1.7580000000000013,0.16951451725393363,-0.2334852565925702,0.0,0.07250020210284135,0.22074028341530724
1.7600000000000013,0.16944571762240845,-0.2282783080321937,0.0,0.07210764990268312,0.22096382283270588
1.7620000000000013,0.16939311287417258,-0.22306494040069177,0.0,0.07172811524657233,0.22118725463449915
1.7640000000000013,0.16936067241667008,-0.21804687803314543,0.0,0.07136171020897294,0.22141037555276666
1.7660000000000013,0.16932010170452227,-0.21053736255960034,0.0,0.07100574819545925,0.22162802672548712
1.7680000000000013,0.1692669499459396,-0.20552168936708762,0.0,0.07065964329765456,0.22183894809052704
1.7700000000000014,0.16922676425473004,-0.20047841444692166,0.0,0.07032552293461067,0.22204656220060415
1.7720000000000014,0.16918613869369348,-0.19540930522759847,0.0,0.07000207343868835,0.2222483440524304
1.7740000000000014,0.16916030992119158,-0.18647682623618578,0.0,0.06969052603240194,0.2224463045367463
1.7760000000000014,0.16912185241478794,-0.1855025504991626,0.0,0.06938837851712679,0.22263585633871663
1.7780000000000014,0.16908613694922225,-0.174636462994889,0.0,0.06909690177911802,0.2228191503038069
1.7800000000000014,0.1690479347177436,-0.17176678511212184,0.0,0.06881557185004451,0.22299517107828554
1.7820000000000014,0.1690222087588893,-0.1650021195053827,0.0,0.0685456655552185,0.2231660552065806
1.7840000000000014,0.16898513488341327,-0.16055485123425273,0.0,0.06828500865628667,0.22332804160769448
1.7860000000000014,0.16894487568379435,-0.15063103589104443,0.0,0.06803430474159505,0.22348226640848545
1.7880000000000014,0.16890448782741507,-0.14798319856983141,0.0,0.06779377701015712,0.22362917186413933
1.7900000000000014,0.16887505743800602,-0.14368418088980559,0.0,0.06756076520395833,0.22377224254299696
1.7920000000000014,0.16883497884111476,-0.13668224479188545,0.0,0.06733313643769308,0.22390824205203463
1.7940000000000014,0.1687973072041853,-0.1348336307552212,0.0,0.06710857560177376,0.22404092377526516
1.7960000000000014,0.168759600295737,-0.13592690631148716,0.0,0.06688871658601356,0.22416898803705818
1.7980000000000014,0.16871903393722754,-0.1290368652592842,0.0,0.06667241522071682,0.22429299949578932
1.8000000000000014,0.1686882107548071,-0.12302041370076912,0.0,0.06646089048877364,0.22441479248497723
1.8020000000000014,0.16865372671060364,-0.12329745906010676,0.0,0.06625196626084072,0.2245333508970817
1.8040000000000014,0.1686150445947121,-0.12176258110553022,0.0,0.06604644406922743,0.22464782936664682
1.8060000000000014,0.16858602382536958,-0.11540804436239072,0.0,0.06584578762861314,0.22476020796646543
1.8080000000000014,0.16854848799977074,-0.11539980235687938,0.0,0.0656487704490234,0.22486747380925903
1.8100000000000014,0.16851923650333656,-0.109048818565398,0.0,0.06545708969620043,0.2249720784495197
1.8120000000000014,0.16849343047381482,-0.10772519654775242,0.0,0.0652705889126228,0.2250731706289932
1.8140000000000014,0.16845884799889488,-0.10159715973940477,0.0,0.06508849276912781,0.22516874866949418
1.8160000000000014,0.16842328377590654,-0.10010492627143132,0.0,0.0649116822776026,0.22525995462654125
1.8180000000000014,0.16839847532249452,-0.09860086809490773,0.0,0.0647413304792588,0.22534858766505175
1.8200000000000014,0.16836083379671862,-0.09229407421757778,0.0,0.0645756601362698,0.22543093970596398
1.8220000000000014,0.16833374079171692,-0.08654701178112824,0.0,0.06441678018147635,0.2255106519064196
1.8240000000000014,0.16831187878345255,-0.08260238869874605,0.0,0.06426438161507683,0.22558692272915412
1.8260000000000014,0.16828025832371596,-0.08125160681827855,0.0,0.06411733940656092,0.2256574445516622
1.8280000000000014,0.16825782499941355,-0.07569255069496161,0.0,0.06397734709344673,0.22572520004852706
1.8300000000000014,0.16822573550226783,-0.07562421167841467,0.0,0.06384293298278654,0.22578730107704426
1.8320000000000014,0.1681993361837142,-0.06983639930324892,0.0,0.0637154789644957,0.22584615788015858
1.8340000000000014,0.16817476383857577,-0.06450105738132994,0.0,0.06359472983164328,0.22590124311860024
1.8360000000000014,0.16815448420762324,-0.0595401694143966,0.0,0.06348095749912194,0.2259530011026695
1.8380000000000014,0.16813767902450527,-0.05488868264640036,0.0,0.06337414996109636,0.22600136975374402
1.8400000000000014,0.1681236807330515,-0.051692865314848985,0.0,0.06327430099576928,0.22604630956165647
1.8420000000000014,0.16809938593481122,-0.050711289963799006,0.0,0.06318036484674125,0.22608583998154252
1.8440000000000014,0.1680834019252999,-0.04689566797341051,0.0,0.06309393863059204,0.2261228965334523
1.8460000000000014,0.16805957929411686,-0.04208877632520997,0.0,0.0630136978319907,0.22615504911413814
1.8480000000000014,0.16804335353639233,-0.037555911113887355,0.0,0.062940968345255,0.2261847324378128
1.8500000000000014,0.16802993021195567,-0.0332494804548477,0.0,0.06287536516672425,0.22621127346022823
1.8520000000000014,0.1680188492070389,-0.02912976199514266,0.0,0.06281686720657,0.22623465863031955
1.8540000000000014,0.16800973890094872,-0.025163606686730088,0.0,0.0627654579070599,0.22625488478765285
1.8560000000000014,0.16800230132112604,-0.02132568501460429,0.0,0.06272112428970751,0.22627195688878646
1.8580000000000014,0.16799640922396208,-0.017651211646309197,0.0,0.0626838088259762,0.22628593783109632
1.8600000000000014,0.16799206163189373,-0.014154011222396252,0.0,0.06265341149388054,0.22629693732369804
1.8620000000000014,0.16798943736093785,-0.010862173474887733,0.0,0.0626297540480123,0.22630514488382467
1.8640000000000014,0.16798870155390278,-0.007783715575016116,0.0,0.0626126483730578,0.22631074675372254
1.8660000000000014,0.16799005040303627,-0.004888115956617461,0.0,0.0626018786464457,0.2263139462760932
1.8680000000000014,0.16799362097451365,-0.0021504168936528944,0.0,0.06259725422984794,0.2263149125439616
1.8700000000000014,0.16799951691585124,0.00044888902107362294,0.0,0.06259859178650905,0.22631379430884882
1.8720000000000014,0.16800781328308578,0.002926728296886717,0.0,0.06260571590576046,0.22631072249975262
1.8740000000000014,0.16801856083174127,0.005297152607395634,0.0,0.06261845695151319,0.22630581267456296
1.8760000000000014,0.16803178946579145,0.007573463118206851,0.0,0.06263665248916712,0.2262991670586308
1.8780000000000014,0.16804751859564315,0.00979142132389887,0.0,0.06266015696756133,0.22629087084725863
1.8800000000000014,0.16806575626601106,0.011965353970034396,0.0,0.06268883606645424,0.2262809959703774
1.8820000000000014,0.16808650181684204,0.014096105428396464,0.0,0.0627225666221542,0.22626960205018026
1.8840000000000015,0.16810973955188202,0.01618437001094869,0.0,0.0627612231467718,0.22625674357975792
1.8860000000000015,0.1681354424776318,0.018230692888543936,0.0,0.06280468061089255,0.22624246936124812
1.8880000000000015,0.16816357382498648,0.020234382545061432,0.0,0.06285281200301258,0.2262268231125497
1.8900000000000015,0.1681940886010913,0.02219509845131716,0.0,0.06290548836184111,0.2262098439495074
1.8920000000000015,0.16822693485624374,0.024113488499772025,0.0,0.06296257856859744,0.22619156698059792
1.8940000000000015,0.16826205516477,0.02599009516275646,0.0,0.06302395398162546,0.22617202390657934
1.8960000000000015,0.16829939563786733,0.027819288780668767,0.0,0.06308949230153893,0.22615123914438584
1.8980000000000015,0.16833892166524955,0.029592995160022263,0.0,0.06315908863825305,0.22612922182618586
1.9000000000000015,0.1683806107221697,0.03131612457418758,0.0,0.06323265125598611,0.22610597049335934
1.9020000000000015,0.16842443592269163,0.032993353059573696,0.0,0.06331009183612177,0.22608148263534206
1.9040000000000015,0.16847036286339168,0.03462860225338196,0.0,0.0633913225914391,0.22605575734229602
1.9060000000000015,0.16851835263462678,0.036225155911014495,0.0,0.06347625704537936,0.22602879449083602
1.9080000000000015,0.16856838502567273,0.03777820230967114,0.0,0.06356482495228098,0.22600059824723137
1.9100000000000015,0.16862048486779324,0.03928362299832936,0.0,0.063656994159457,0.22597117909981063
1.9120000000000015,0.1686747129388566,0.04075000528366205,0.0,0.06375276390854677,0.22594055221101486
1.9140000000000015,0.16873111959295417,0.04218489869617502,0.0,0.063852134846069,0.22590872957196695
1.9160000000000015,0.16878974495719468,0.043594623244281025,0.0,0.06395510724710378,0.22587572049089946
1.9180000000000015,0.16885062293967468,0.04498447112680036,0.0,0.0640616823392056,0.22584153248541963
1.9200000000000015,0.1689137823836906,0.046358875652320504,0.0,0.06417186209880656,0.22580617161533698
1.9220000000000015,0.1689793521796079,0.04783120273162438,0.0,0.06428596866953315,0.2257694289755864
1.9240000000000015,0.1690474001830342,0.04924136167629439,0.0,0.06440414013610883,0.2257312731297479
1.9260000000000015,0.16911775347389635,0.05056573025741132,0.0,0.0645257929617059,0.22569207626320478
1.9280000000000015,0.16919048107132362,0.051888100609929495,0.0,0.06465109108324049,0.2256517426111163
1.9300000000000015,0.1692655555162219,0.05321036216638217,0.0,0.06477991177580585,0.22561033600063796
1.9320000000000015,0.16934299168952838,0.05453406788530683,0.0,0.06491226568441133,0.2255678413786589
1.9340000000000015,0.16942280356217876,0.0558604952392766,0.0,0.06504816390658606,0.22552424586989814
1.9360000000000015,0.16950500433659954,0.05719069670591771,0.0,0.06518761772245067,0.22547953836110002
1.9380000000000015,0.1695896065633946,0.05852554152499935,0.0,0.0653306383898881,0.22543370914746932
1.9400000000000015,0.16967662223804636,0.059865750194090475,0.0,0.06547723699218497,0.2253867496323494
1.9420000000000015,0.16976606288150853,0.06123497078492207,0.0,0.0656274243277305,0.2253386520725225
1.9440000000000015,0.16985808949095516,0.06265275730638913,0.0,0.06578166363473054,0.22528912253273575
1.9460000000000015,0.1699525062603331,0.06400003087811651,0.0,0.06593933729399966,0.22523857262497962
1.9480000000000015,0.17004940570905758,0.06535543253454851,0.0,0.06610070279026413,0.2251868424984388
1.9500000000000015,0.17014875707861088,0.06671931366099787,0.0,0.06626564647042715,0.22513399345634685
1.9520000000000015,0.17025057106779418,0.06811585640516962,0.0,0.06643418008797694,0.2250800107861562
1.9540000000000015,0.17035501273231746,0.06956498387239737,0.0,0.06660677975621873,0.22502458607300443
1.9560000000000015,0.17046187999702433,0.07094313395150116,0.0,0.06678281337025331,0.22496813730280035
1.9580000000000015,0.17057126764201502,0.07233154265486663,0.0,0.06696254562169081,0.22491049582609562
1.9600000000000015,0.17068314392554007,0.07373040151914177,0.0,0.06714586109344362,0.22485172026081846
1.9620000000000015,0.17079751986912273,0.07513985986723037,0.0,0.06733277287234145,0.2247917916215665
1.9640000000000015,0.17091440654310475,0.07656003741281046,0.0,0.06752329386459557,0.22473069277679705
1.9660000000000015,0.17103381501797865,0.07799103425520498,0.0,0.0677174366473969,0.2246684080744178
1.9680000000000015,0.1711558677956917,0.07952529167869866,0.0,0.06791554670028456,0.2246046946764042
1.9700000000000015,0.1712804552299123,0.08096557392773117,0.0,0.06811727133021384,0.22453982750114818
1.9720000000000015,0.17140761727626397,0.08241777357869917,0.0,0.06832270904510322,0.2244737138811947
1.9740000000000015,0.17153732904610863,0.08388202736045046,0.0,0.06853176442874527,0.22440640837176054
1.9760000000000015,0.17166960190981162,0.08535844520382568,0.0,0.06874445019838892,0.22433788997966103
1.9780000000000015,0.17180456095435215,0.0869419509322341,0.0,0.06896111699667669,0.2242679067929877
1.9800000000000015,0.1719420946876833,0.08843002331368535,0.0,0.06918140797661888,0.2241967351519099
1.9820000000000015,0.17208224414910367,0.08993137380368242,0.0,0.06940542310847819,0.22412427704650684
1.9840000000000015,0.17222498432468503,0.09144614220536075,0.0,0.06963306615197051,0.22405058494598615
1.9860000000000015,0.17237032720465972,0.09297443946330294,0.0,0.06986435053716976,0.2239756346507083
1.9880000000000015,0.17251828487675347,0.09451635851358896,0.0,0.07009928953884462,0.22389940407787584
1.9900000000000015,0.172668869465332,0.09609636701563795,0.0,0.07033789610858218,0.22382187285866453
1.9920000000000015,0.17282224660104073,0.09773467076190519,0.0,0.07058063539333656,0.22374272931224368
1.9940000000000015,0.1729782169707681,0.09930500322749608,0.0,0.07082689280819884,0.22366238199105765
1.9960000000000016,0.1731368763229446,0.10089016000637864,0.0,0.07107692776016884,0.22358065795018484
1.9980000000000016,0.17329819463965945,0.10249029336747276,0.0,0.07133062760119518,0.22349760922454542
2.0000000000000013,0.17346218445007455,0.10410553221338216,0.0,0.07158800520539402,0.2234132110853607
2.002000000000001,0.17362897176976677,0.10583253676240872,0.0,0.07184940578239585,0.22332720798915393
2.004000000000001,0.17379844658610066,0.10746516452844268,0.0,0.0721144802265422,0.22323987307975468
2.0060000000000007,0.17397065097225317,0.10911406958154281,0.0,0.07238332583913612,0.223151104686679
2.0080000000000005,0.17414556110460788,0.11077943400611581,0.0,0.07265584813079141,0.22306095199325426
2.0100000000000002,0.1743231900963731,0.11246141006575523,0.0,0.07293206026620273,0.2229693876026869
2.012,0.17450355116381266,0.11418522078894826,0.0,0.07321197528567383,0.22287638636033744
2.014,0.17468681229046212,0.11597169831024219,0.0,0.07349605773602809,0.22278162867392867
2.0159999999999996,0.17487277376083332,0.1176909776619547,0.0,0.0737836948988275,0.2226855241572664
2.0179999999999993,0.17506153303476646,0.11942823320647425,0.0,0.07407514629518279,0.2225878946678902
2.019999999999999,0.1752530609445162,0.12118366295086433,0.0,0.07437029940959833,0.2224887894897039
2.021999999999999,0.17544737118512654,0.12298299701892074,0.0,0.07466916722711013,0.22238818061932736
2.0239999999999987,0.17564463345441927,0.12484747910256591,0.0,0.07497221643638351,0.22228574243135002
2.0259999999999985,0.1758446470165811,0.12646774639477648,0.0,0.07527883193694289,0.2221818873810764
2.0279999999999982,0.17604582772570732,0.12704349694702738,0.0,0.07558802565262078,0.22208012235837082
2.029999999999998,0.17624715925895296,0.12741087437130044,0.0,0.07589870029069361,0.22198216769325838
2.031999999999998,0.17644846136551595,0.12771954100166874,0.0,0.07621038576538249,0.22188796138226627
2.0339999999999976,0.1766495095492997,0.1279334153328541,0.0,0.07652235144472651,0.2217978763915359
2.0359999999999974,0.1768504138745257,0.12807211482818096,0.0,0.07683465092658831,0.22171237522471582
2.037999999999997,0.1770509817883552,0.1282147957727489,0.0,0.07714658319826828,0.22163271389593764
2.039999999999997,0.1772513369595785,0.1284299737769819,0.0,0.07745825433699852,0.22155952074333063
2.0419999999999967,0.17745148421150536,0.12824196629841925,0.0,0.07776953721176764,0.2214932637994135
2.0439999999999965,0.1776484083529506,0.12609515663524282,0.0,0.07807640914677576,0.22144151844282176
2.0459999999999963,0.17784065875473964,0.12380693590356928,0.0,0.07837701243420313,0.2214065527236691
2.047999999999996,0.17802816016209766,0.12139098568535582,0.0,0.07867110791224921,0.2213873722726285
2.049999999999996,0.17821085938465586,0.11886862207607815,0.0,0.07895852258719571,0.2213819736830669
2.0519999999999956,0.17838871166528114,0.11625768591375175,0.0,0.07923912171544734,0.22138879071254006
2.0539999999999954,0.1785616765588256,0.11357310740994747,0.0,0.07951278931547238,0.221406370679345
2.055999999999995,0.17872971805608495,0.11082737939281531,0.0,0.07977942606895888,0.22143336918740245
2.057999999999995,0.17889280457267942,0.10803095403543647,0.0,0.08003894737833629,0.22146854467670612
2.0599999999999947,0.17905090883807295,0.10519257535474695,0.0,0.08029128159106617,0.2215107529056259
2.0619999999999945,0.1792040077127366,0.10231955774175645,0.0,0.0805363683918257,0.22155894144996816
2.0639999999999943,0.17935208195559738,0.09941801914769609,0.0,0.08077415735751856,0.22161214428348466
2.065999999999994,0.17949511595910583,0.09649307619793085,0.0,0.08100460666621052,0.22166947648714816
2.067999999999994,0.17963309746538259,0.09354900737055048,0.0,0.08122768194896238,0.22173012912048323
2.0699999999999936,0.1797660172737654,0.09058938941662609,0.0,0.0814433552726028,0.2217933642773233
2.0719999999999934,0.17989386894756,0.08761721138419265,0.0,0.08165160424134078,0.2218585103401213
2.073999999999993,0.18001664852578614,0.0846349699156103,0.0,0.08185241120547916,0.22192495744085647
2.075999999999993,0.18013435424411228,0.08164474890018944,0.0,0.0820457625661414,0.22199215313216897
2.0779999999999927,0.1802469862679088,0.07864828606596805,0.0,0.08223164816571762,0.22205959826918859
2.0799999999999925,0.18035454643936322,0.07564702867358378,0.0,0.0824100607545981,0.22212684310029335
2.0819999999999923,0.18045703803983493,0.07264218012025417,0.0,0.08258099552561121,0.2221934835634562
2.083999999999992,0.1805544655680349,0.06963473896333769,0.0,0.08274444970840865,0.22225915778373534
2.085999999999992,0.18064683453417807,0.06662553162240926,0.0,0.0829004222168121,0.22232354276669486
2.0879999999999916,0.18073415126991277,0.06361523980894636,0.0,0.08304891334284913,0.22238635128199455
2.0899999999999914,0.1808164227536042,0.060604423557291544,0.0,0.08318992449186233,0.22244732893101848
2.091999999999991,0.18089365645036448,0.05759354058411285,0.0,0.08332345795367634,0.2225062513921373
2.093999999999991,0.18096586016611926,0.05458296258148917,0.0,0.08344951670534774,0.2225629218370301
2.0959999999999908,0.18103304191491665,0.05157298894706965,0.0,0.08356810424152156,0.22261716851136312
2.0979999999999905,0.18109520979866,0.04856385837014911,0.0,0.08367922442886475,0.22266884247307103
2.0999999999999903,0.18115237189841338,0.04555575862215261,0.0,0.08378288138145139,0.22271781548143815
2.10199999999999,0.18120453617645293,0.04254883484156278,0.0,0.08387907935434315,0.22276397803020892
2.10399999999999,0.18125171038823984,0.0395431965547655,0.0,0.08396782265293518,0.2228072375179733
2.1059999999999897,0.18129390200352669,0.036538923633971473,0.0,0.08404911555593683,0.22284751654915133
2.1079999999999894,0.18133111813584213,0.033536071359902025,0.0,0.08412296225012031,0.22288475135898544
2.109999999999989,0.18136336547963672,0.03053467472915073,0.0,0.08418936677520798,0.22291889035606005
2.111999999999989,0.18139065025441314,0.02753475212308108,0.0,0.08424833297747839,0.2229498927759985
2.1139999999999888,0.18141297815521118,0.024536308435987433,0.0,0.0842998644708621,0.22297772744014008
2.1159999999999886,0.18143035430885468,0.021539337744370605,0.0,0.08434396460445735,0.22300237161315795
2.1179999999999883,0.1814427832354133,0.018543825585993847,0.0,0.08438063643554587,0.22302380995375898
2.119999999999988,0.1814502688143711,0.015549750906436306,0.0,0.08440988270731478,0.2230420335527962
2.121999999999988,0.18145281425503468,0.01255708772176215,0.0,0.08443170583060147,0.22305703905331695
2.1239999999999877,0.18145042207074846,0.009565806538353303,0.0,0.08444610786907479,0.22306882784728124
2.1259999999999875,0.1814430940565237,0.006575875564654382,0.0,0.08445309052735225,0.22307740534388812
2.1279999999999872,0.1814308312697155,0.003587261744323711,0.0,0.08445265514162235,0.22308278030466627
2.129999999999987,0.1814136340134216,0.0005999316358995038,0.0,0.08444480267240699,0.22308496424069993
2.131999999999987,0.1813915018222958,-0.0023861478395799567,0.0,0.08442953369914945,0.22308397086757395
2.1339999999999866,0.181364433450506,-0.005371008764638617,0.0,0.08440684841636431,0.2230798156138447
2.1359999999999864,0.18133242686158368,-0.008354681689329213,0.0,0.08437674663111902,0.22307251517904864
2.137999999999986,0.18129547921994127,-0.011337195179506581,0.0,0.08433922776165693,0.2230620871374789
2.139999999999986,0.18125358688385096,-0.014318575437651445,0.0,0.0842942908369949,0.2230485495841638
2.1419999999999857,0.1812067453997004,-0.01729884598605439,0.0,0.08424193449735799,0.2230319208196805
2.1439999999999855,0.18115494949736033,-0.020278027403499984,0.0,0.08418215699532985,0.22301221907064295
2.1459999999999853,0.1810981930865121,-0.023256137107731976,0.0,0.0841149561976184,0.22298946224288504
2.147999999999985,0.18103646925380068,-0.026233189176959104,0.0,0.0840403295873511,0.22296366770454862
2.149999999999985,0.18096977026069694,-0.02920919420450349,0.0,0.08395827426682347,0.22293485209646907
2.1519999999999846,0.1808980875419537,-0.03218415918142683,0.0,0.08386878696064132,0.22290303116741084
2.1539999999999844,0.18082141170456945,-0.035158087402603296,0.0,0.08377186401920025,0.22286821963188397
2.155999999999984,0.1807397325271647,-0.03813097839226462,0.0,0.08366750142245738,0.22283043104841513
2.157999999999984,0.1806530389597052,-0.041102827845529696,0.0,0.08355569478395722,0.22278967771631034
2.1599999999999837,0.1805613191234965,-0.04407362758285729,0.0,0.08343643935507639,0.22274597058907483
2.1619999999999835,0.18046456031139813,-0.047043365514741704,0.0,0.08330973002946103,0.22269931920280445
2.1639999999999833,0.18036274898820204,-0.050012025614301125,0.0,0.08317556134762921,0.22264973161797819
2.165999999999983,0.18025587079113103,-0.05297958789570927,0.0,0.08303392750172242,0.22259721437321275
2.167999999999983,0.18014391053042145,-0.05594602839668166,0.0,0.08288482234038486,0.22254177244964882
2.1699999999999826,0.18002685218994952,-0.0589113191634629,0.0,0.08272823937375845,0.22248340924474316
2.1719999999999824,0.1799046789278811,-0.06187542823697101,0.0,0.08256417177858057,0.22242212655435215
2.173999999999982,0.17977737307731267,-0.06483831963893966,0.0,0.08239261240337456,0.222357924562074
2.175999999999982,0.17964491614688738,-0.06779995335706611,0.0,0.08221355377372715,0.22229080183491498
2.1779999999999817,0.1795072888213669,-0.0707602853283198,0.0,0.08202698809764335,0.22222075532442429
2.1799999999999815,0.17936447096214492,-0.07371926741969743,0.0,0.08183290727097715,0.22214778037251826
2.1819999999999813,0.17921644160769157,-0.07667684740582735,0.0,0.08163130288293403,0.22207187072128967
2.183999999999981,0.17906317897391788,-0.07963296894293058,0.0,0.08142216622164272,0.2219930185261621
2.185999999999981,0.1789046604544544,-0.08258757153873582,0.0,0.08120548827979639,0.22191121437181216
2.1879999999999806,0.1787408626208402,-0.08554059051802658,0.0,0.08098125976036308,0.22182644729034276
2.1899999999999804,0.17857176122261365,-0.08849195698357067,0.0,0.08074947108236687,0.22173870478123672
2.19199999999998,0.17839733118730972,-0.09144159777224366,0.0,0.08051011238674172,0.22164797283267884
2.19399999999998,0.17821754662035771,-0.0943894354062116,0.0,0.08026317354226062,0.221554235943871
2.1959999999999797,0.17803238080488315,-0.09733538803908563,0.0,0.08000864415154423,0.22145747714801378
2.1979999999999795,0.1778418062014111,-0.10027936939700187,0.0,0.07974651355715254,0.22135767803565765
2.1999999999999793,0.17764579444747852,-0.10322128871461309,0.0,0.07947677084776476,0.22125481877817402
2.201999999999979,0.17744652720733378,-0.10380749866327614,0.0,0.07920237099714254,0.22115253471989327
2.203999999999979,0.17724893897490457,-0.09958119103346505,0.0,0.07892982684838937,0.2210591438165479
2.2059999999999786,0.17705635340787085,-0.09457747781719965,0.0,0.07866376528245571,0.22097876153445883
2.2079999999999784,0.17687256377866678,-0.08957166995279936,0.0,0.07840923465903842,0.22091749002636815
2.209999999999978,0.1766962344315275,-0.08470171457408603,0.0,0.07816474207734184,0.22087128872607556
2.211999999999978,0.17652721925852521,-0.08012227021359432,0.0,0.07793022310417322,0.2208387215103219
2.2139999999999778,0.17636519638672987,-0.07586430903990048,0.0,0.0777053429920583,0.22081807877198018
2.2159999999999775,0.176209771340476,-0.0719116718231238,0.0,0.07748962137555963,0.22080764140139933
2.2179999999999773,0.17606057710317224,-0.06824098206123722,0.0,0.07728259649678222,0.22080588418306515
2.219999999999977,0.17591726349750458,-0.06482000369174715,0.0,0.0770838176031924,0.2208114614758021
2.221999999999977,0.17577951527038405,-0.06161823571876152,0.0,0.07689288617984952,0.22082316249415104
2.2239999999999767,0.1756470488011952,-0.058607930682403976,0.0,0.07670944973569985,0.22083991303711023
2.2259999999999764,0.1755196103430796,-0.055764432191880674,0.0,0.07653319898625369,0.22086076459666598
2.227999999999976,0.17539697361372641,-0.05306613508429374,0.0,0.07636386366945586,0.2208848820547097
2.229999999999976,0.17527893719062493,-0.05049430785818574,0.0,0.07620120800909425,0.22091153143401082
2.231999999999976,0.17516531991124795,-0.048033671638399125,0.0,0.0760450308634095,0.22094007557333661
2.2339999999999756,0.17505595905551186,-0.045670762340265174,0.0,0.07589515835649671,0.22096995945192943
2.2359999999999753,0.1749507083680748,-0.04339355608922572,0.0,0.07575144153939904,0.22100070084125253
2.237999999999975,0.17484943818065246,-0.04119158846387704,0.0,0.07561374781857162,0.22103187422354126
2.239999999999975,0.1747520332515049,-0.03905572919872865,0.0,0.0754819598881983,0.22106310651800526
2.2419999999999747,0.17465839123181737,-0.03697798564801402,0.0,0.07535597370046528,0.22109407156941077
2.2439999999999745,0.17456842131990724,-0.03495133555521946,0.0,0.0752356967740197,0.22112448522345016
2.2459999999999742,0.17448204304899773,-0.03296963674382287,0.0,0.07512104667444304,0.22115410109163108
2.247999999999974,0.17439918506419172,-0.03102762725960397,0.0,0.07501194916127255,0.22118270751813024
2.249999999999974,0.17431978410191773,-0.02912065374375995,0.0,0.07490833687223883,0.22121012421668626
2.2519999999999736,0.17424378414814323,-0.027244558170351662,0.0,0.07481014845965471,0.22123619888503399
2.2539999999999734,0.17417113577538368,-0.02539562460733236,0.0,0.07471732821153165,0.2212608035763665
2.255999999999973,0.17410179550907534,-0.02357053266774115,0.0,0.07462982558661423,0.22128383177195463
2.257999999999973,0.17403572524713073,-0.021766316613729998,0.0,0.07454759477945123,0.22130519581967759
2.2599999999999727,0.17397289172799102,-0.019980329205261653,0.0,0.07447059431439564,0.22132482466993958
2.2619999999999725,0.17391326604309398,-0.01821020128261531,0.0,0.07439878666740596,0.22134266185834126
2.2639999999999723,0.1738568233937383,-0.01645358409934935,0.0,0.07433213833734438,0.2213586643741001
2.265999999999972,0.17380356980514944,-0.014676495580770117,0.0,0.07427072420410218,0.22137263678819782
2.267999999999972,0.17375350784025723,-0.012896707964161713,0.0,0.07421458777650367,0.22138452758121677
2.2699999999999716,0.1737066567896861,-0.011118806862362357,0.0,0.07416383083978395,0.22139416558474648
2.2719999999999714,0.1736630081924353,-0.009341759352841745,0.0,0.07411843538409787,0.22140161893968183
2.273999999999971,0.17362256266619425,-0.007564738903440955,0.0,0.07407841264802054,0.22140690133770438
2.275999999999971,0.1735853222898356,-0.005873688602970446,0.0,0.07404377380408837,0.22141002979152685
2.2779999999999707,0.17355078948220592,-0.004576997921176693,0.0,0.07401298453218992,0.2214117965125612
2.2799999999999705,0.17351867659883924,-0.0033145128069902554,0.0,0.07398511383720487,0.22141287869578163
2.2819999999999703,0.173489004233345,-0.002033704508286994,0.0,0.0739602568300209,0.22141313563485673
2.28399999999997,0.17346173827043843,-0.0007223076815795855,0.0,0.07393826584444928,0.22141282053265254
2.28599999999997,0.1734369341891664,0.0006173614194580322,0.0,0.07391935861846462,0.221411659434662
2.2879999999999696,0.17341462511370231,0.0019825823456709993,0.0,0.07390365390434375,0.22140954345317138
2.2899999999999694,0.17339483843832948,0.003366604531729077,0.0,0.0738912461493355,0.22140638085806183
2.291999999999969,0.1733775990732127,0.00476733740712194,0.0,0.07388221803148022,0.22140209505210298
2.293999999999969,0.17336292862753666,0.006184213011981076,0.0,0.07387663810100609,0.22139662160745524
2.2959999999999687,0.17335085001880213,0.007616518439700742,0.0,0.07387457728946151,0.22138990846592732
2.2979999999999685,0.17334138588709025,0.009063443218905596,0.0,0.07387610373309253,0.22138191357027553
2.2999999999999683,0.17333455828979383,0.010524120260776391,0.0,0.07388128205985146,0.22137260328514655
2.301999999999968,0.17333038847542093,0.011997659891160571,0.0,0.07389017290825826,0.22136195104106848
2.303999999999968,0.17332889672487672,0.01348317712801721,0.0,0.07390283263864283,0.22134993616653087
2.3059999999999676,0.17333010224896395,0.014979812751680928,0.0,0.07391931319972235,0.22133654288136162
2.3079999999999674,0.17333402313167356,0.01648674891862864,0.0,0.07393966211722856,0.2213217594300744
2.309999999999967,0.17334067630996053,0.01800322014475553,0.0,0.0739639225756538,0.22130557733755163
2.311999999999967,0.17335007758192655,0.019528520475297906,0.0,0.07399213356864487,0.2212879907720132
2.3139999999999668,0.17336224163655478,0.021062007598663682,0.0,0.07402433009783412,0.22126899600209418
2.3159999999999665,0.17337718209929398,0.022603104574653147,0.0,0.07406054340375869,0.2212485909363209
2.3179999999999663,0.1733949115888216,0.024151299750571415,0.0,0.07410080121591066,0.22122677473449093
2.319999999999966,0.17341544178122836,0.025706145342317806,0.0,0.07414512801184789,0.22120354748153567
2.321999999999966,0.17343878347863995,0.027267255068102368,0.0,0.0741935452777094,0.22117890991541933
2.3239999999999656,0.17346494667994383,0.028834301143252156,0.0,0.07424607176444831,0.22115286320153538
2.3259999999999654,0.17349394065182744,0.030373551390060864,0.0,0.07430272373568592,0.2211254087469082
2.327999999999965,0.17352542837478246,0.0317104926394063,0.0,0.07436332782750461,0.22109734344973278
2.329999999999965,0.1735591707678883,0.032971199398960455,0.0,0.07442767915616469,0.22106912610854204
2.3319999999999648,0.17359505002244235,0.03416115199817343,0.0,0.07449555924802771,0.22104082944197062
2.3339999999999645,0.17363296030883024,0.035293692400310245,0.0,0.0745667731553139,0.22101250363511035
2.3359999999999643,0.1736728163870922,0.03637056823548432,0.0,0.07464114127060571,0.2209841429975044
2.337999999999964,0.173714531193073,0.03739112667302427,0.0,0.07471848616442861,0.22095574517862746
2.339999999999964,0.17375801019130455,0.038353673880522195,0.0,0.07479862683809863,0.22092732467219747
2.3419999999999637,0.17380315202039798,0.039255398860924454,0.0,0.0748813764425855,0.2208989097449169
2.3439999999999634,0.17384984695945738,0.04009222378893705,0.0,0.07496653876215943,0.22087054467404826
2.3459999999999632,0.1738979747217717,0.04085837841372415,0.0,0.07505390096047326,0.2208422925530222
2.347999999999963,0.17394740298117317,0.041560706477491424,0.0,0.0751432325279815,0.220814236223929
2.349999999999963,0.1739980702358741,0.042248082603376334,0.0,0.07523449145865639,0.22078631751521383
2.3519999999999626,0.17404987116199955,0.04285397414610599,0.0,0.0753275408161579,0.2207585618145476
2.3539999999999623,0.1741026619551631,0.04337897735664272,0.0,0.0754221563395774,0.22073106417704927
2.355999999999962,0.17415630071677857,0.043825123883126794,0.0,0.07551811610331073,0.22070389385881578
2.357999999999962,0.17421065021439341,0.044174129977386845,0.0,0.07561520745728467,0.22067709705593586
2.3599999999999617,0.17426545450421038,0.0443515185802436,0.0,0.07571289877324111,0.220650929268401
2.3619999999999615,0.17432053489015908,0.04447127969752079,0.0,0.07581085111995467,0.22062547655295142
2.3639999999999612,0.1743757882409409,0.04453883132414365,0.0,0.07590891280376226,0.2206006640060943
2.365999999999961,0.17443112066558086,0.044558659271973326,0.0,0.07600694682334594,0.2205764191686512
2.367999999999961,0.17448644787625023,0.04453578796853388,0.0,0.07610483291291309,0.22055266495239265
2.3699999999999606,0.17454169322974433,0.044473800779756954,0.0,0.07620246270147209,0.22052932516630921
2.3719999999999604,0.1745967854491659,0.04437443159351869,0.0,0.07629973933188403,0.22050632988715027
2.37399999999996,0.1746516561484468,0.044239168825343206,0.0,0.07639657115684077,0.22048362023382673
2.37599999999996,0.17470628940766542,0.04412533373370198,0.0,0.07649299461886794,0.22046104661182625
2.3779999999999597,0.1747606518424314,0.044001818657369324,0.0,0.07658900557846937,0.2204385796122071
2.3799999999999595,0.17481477080865537,0.04388201185082909,0.0,0.07668470483715277,0.2204161529512058
2.3819999999999593,0.17486861734996095,0.04352374463348457,0.0,0.07678035177377121,0.22039375957490617
2.383999999999959,0.17492007497961737,0.04155289465579773,0.0,0.0768727859217418,0.2203727590569105
2.385999999999959,0.17496791340507634,0.039354036691522674,0.0,0.07696043798450124,0.22035360779739907
2.3879999999999586,0.1750117168114813,0.03714635716148201,0.0,0.07704252916302043,0.22033629813739364
2.3899999999999584,0.1750515880992629,0.03494579243463388,0.0,0.07711912979261693,0.22032054268418086
2.391999999999958,0.17508756145634807,0.032764811224081765,0.0,0.07719023288939325,0.2203061392827016
2.393999999999958,0.17511968569665837,0.030614110996198984,0.0,0.07725586396866954,0.22029291256673875
2.3959999999999577,0.17514802486490066,0.028502855392667108,0.0,0.07731607954668777,0.22028070924877657
2.3979999999999575,0.17517265636748935,0.02643887471830458,0.0,0.0773709627085106,0.22026939542821736
2.3999999999999573,0.17519366927132984,0.024428835034733327,0.0,0.07742061925594045,0.22025885424190864
2.401999999999957,0.1752111627538393,0.022478382392920097,0.0,0.07746517434616217,0.22024898381362232
2.403999999999957,0.17522524476128742,0.02059234867017333,0.0,0.07750476964299204,0.22023969560167284
2.4059999999999566,0.1752360308628913,0.018774878615822894,0.0,0.07753956091922552,0.2202309130897157
2.4079999999999564,0.1752436431033113,0.017029309671110226,0.0,0.07756971580960167,0.22022257046075347
2.409999999999956,0.17524820879648173,0.01535824910982327,0.0,0.07759541160854226,0.22021461114872856
2.411999999999956,0.17524985937736748,0.013763659997755529,0.0,0.07761683324593485,0.22020698649381693
2.4139999999999557,0.17524872939076142,0.012246934863023962,0.0,0.07763417152776708,0.2201996546481133
2.4159999999999555,0.17524495557873765,0.01080895955806188,0.0,0.07764762157476233,0.2201925796457145
2.4179999999999553,0.17523867605738386,0.009450169207602433,0.0,0.0776573814343119,0.22018573061167168
2.419999999999955,0.17523002957484946,0.008170597684664518,0.0,0.077663650845383,0.22017908108829842
2.421999999999955,0.17521915484379114,0.006969921708067216,0.0,0.07766663013946522,0.22017260846055586
2.4239999999999546,0.1752061899420887,0.005847500388284753,0.0,0.07766651926321877,0.22016629346488648
2.4259999999999544,0.1751912717762829,0.004802410846628137,0.0,0.07766351691048669,0.2201601197680783
2.427999999999954,0.17517453560263196,0.003833480382452008,0.0,0.0776578197528727,0.22015407360458794
2.429999999999954,0.17515611460101632,0.0029393155535257154,0.0,0.077649621759284,0.22014814346233239
2.4319999999999538,0.17513613949720175,0.0021183284570545514,0.0,0.07763911359578458,0.22014231980832613
2.4339999999999535,0.1751147382291991,0.0013687604459148579,0.0,0.07762648209786922,0.22013659484672862
2.4359999999999533,0.1750920356536796,0.0006887034806218688,0.0,0.07761190980792054,0.22013096230292004
2.437999999999953,0.17506815328861025,7.604504235861277e-05,0.0,0.07759557457117104,0.22012541722816273
2.439999999999953,0.17504320554052066,-0.00047522600377173795,0.0,0.0775776417945766,0.2201199554086317
2.4419999999999527,0.1750172991008161,-0.0009699643660516145,0.0,0.07755826393682157,0.22011457322652006
2.4439999999999524,0.17499053267565223,-0.0014097019031641153,0.0,0.07753757978385861,0.2201092674195306
2.445999999999952,0.17496300311238544,-0.0017962474317397262,0.0,0.07751572769612003,0.2201040354259754
2.447999999999952,0.17493480391767102,-0.00213155676264528,0.0,0.07749284233116416,0.2200988748654424
2.4499999999999518,0.17490602502897,-0.002417687557475188,0.0,0.07746905412303047,0.22009378328252555
2.4519999999999516,0.17487675268807812,-0.0026567801411340537,0.0,0.07744448893517002,0.220088758058969
2.4539999999999513,0.1748470693230635,-0.0028510394063632127,0.0,0.07741926775091912,0.22008379631577327
2.455999999999951,0.17481705345603293,-0.0030027177598255877,0.0,0.07739350642185223,0.22007889483916193
2.457999999999951,0.17478677963591682,-0.0031140990980662924,0.0,0.0773673154695157,0.22007405002892674
2.4599999999999507,0.1747563183953047,-0.003187483827504253,0.0,0.07734079993639574,0.22006925786753181
2.4619999999999505,0.1747257362301975,-0.0032251749570522156,0.0,0.07731405928221578,0.22006451390819712
2.4639999999999502,0.17469509560137442,-0.003229465296615097,0.0,0.0772871873218225,0.22005981328000718
2.46599999999995,0.17466445495594196,-0.003202625791392173,0.0,0.0772602722010414,0.2200551507079635
2.46799999999995,0.17463386876749265,-0.0031468950125463913,0.0,0.0772333964069713,0.22005052054578067
2.4699999999999496,0.17460338759322536,-0.003064469811323131,0.0,0.0772066368092794,0.22004591681918306
2.4719999999999493,0.17457305814630675,-0.002957497127970771,0.0,0.07718006472914755,0.22004133327745173
2.473999999999949,0.17454292338173572,-0.0028280669304664237,0.0,0.07715374603263392,0.22003676345102888
2.475999999999949,0.17451302259397616,-0.0026782062424532864,0.0,0.0771277412453421,0.22003220071309662
2.4779999999999487,0.17448339152466352,-0.002509874206010766,0.0,0.07710210568544015,0.22002763834319541
2.4799999999999485,0.17445406247875117,-0.0023249581135931577,0.0,0.07707688961224538,0.22002306959113177
2.4819999999999482,0.1744250644475569,-0.0021252703350741298,0.0,0.07705213838777625,0.22001848773964938
2.483999999999948,0.174396423237261,-0.0019125460604416766,0.0,0.07702789264887153,0.22001388616454612
2.485999999999948,0.17436816160153001,-0.0016884417761370858,0.0,0.07700418848768394,0.2200092583911693
2.4879999999999476,0.17434029937705953,-0.00145453439306742,0.0,0.0769810576385602,0.22000459814644324
2.4899999999999474,0.1743128536209464,-0.0012123209465035624,0.0,0.07695852766952524,0.21999989940580056
2.491999999999947,0.1742858387489281,-0.0009632187919792861,0.0,0.07693662217678333,0.21999515643459494
2.493999999999947,0.17425926667364044,-0.000708566226457202,0.0,0.07691536098083727,0.21999036382375572
2.4959999999999467,0.1742331469421543,-0.0004496234699864927,0.0,0.07689476032299689,0.21998551651960074
2.4979999999999465,0.17420748687215704,-0.0001875739494756909,0.0,0.07687483306121236,0.219980609847866
2.4999999999999463,0.17418229168623234,7.64741673024437e-05,0.0,0.07685558886431056,0.21997563953211763
2.501999999999946,0.17415756464378296,0.0003414862329984372,0.0,0.07683703440384218,0.21997060170680993
2.503999999999946,0.17413330717020759,0.0006064992167745665,0.0,0.07681917354286645,0.21996549292531148
2.5059999999999456,0.1741095189830153,0.0008706196691494758,0.0,0.07680200752110079,0.21996031016328255
2.5079999999999454,0.17408619821461513,0.0011330215845423,0.0,0.07678553513595274,0.21995505081781344
2.509999999999945,0.17406334153156777,0.0013929441860185557,0.0,0.07676975291903175,0.2199497127027515
2.511999999999945,0.17404094425013295,0.0016496896528794612,0.0,0.07675465530780703,0.2199442940406572
2.5139999999999447,0.17401900044797802,0.0019026208084230126,0.0,0.07674023481213572,0.21993879345181785
2.5159999999999445,0.1739975030719494,0.0021511587824033576,0.0,0.07672648217543998,0.21993320994074106
2.5179999999999443,0.17397644404183477,0.002394780660371633,0.0,0.07671338653035649,0.2199275428805334
2.519999999999944,0.17395581435006435,0.0026330171301509483,0.0,0.07670093554872154,0.21992179199553968
2.521999999999944,0.17393560415732567,0.0028654501340980416,0.0,0.07668911558578988,0.21991595734260155
2.5239999999999436,0.1739158028840766,0.0030917105345256092,0.0,0.07667791181861715,0.2199100392912608
2.5259999999999434,0.17389639929796563,0.003311475798590264,0.0,0.07666730837856224,0.21990403850320814
2.527999999999943,0.17387738159717125,0.00352446802773277,0.0,0.07665728847789204,0.21989795591124361
2.529999999999943,0.1738587375111469,0.003730474987779359,0.0,0.07664783455701768,0.2198917926833732
2.5319999999999427,0.17384045443399931,0.003929365300274695,0.0,0.07663892847394384,0.21988555016678263
2.5339999999999425,0.1738225195155101,0.004121026113987542,0.0,0.07663055164109948,0.21987922985946298
2.5359999999999423,0.1738049196992184,0.004305356576544578,0.0,0.07662268509469362,0.21987283341381583
2.537999999999942,0.17378764173697991,0.004482269632432398,0.0,0.07661530953220627,0.2198663626509992
2.539999999999942,0.17377067221669096,0.004651693767235744,0.0,0.07660840536300759,0.21985981956037545
2.5419999999999416,0.17375399759336907,0.004813574647799825,0.0,0.07660195276118305,0.2198532062929366
2.5439999999999414,0.17373760422320217,0.0049678766098778734,0.0,0.07659593172060915,0.2198465251499813
2.545999999999941,0.17372147840014374,0.005114583948629294,0.0,0.0765903221121542,0.21983977856815246
2.547999999999941,0.17370560639459498,0.005253701972855918,0.0,0.07658510374273089,0.21983296910180555
2.5499999999999408,0.1736899744936662,0.0053852577908714465,0.0,0.07658025641579629,0.21982609940354791
2.5519999999999405,0.17367456904248324,0.0055093008040861,0.0,0.07657575999279001,0.21981917220368258
2.5539999999999403,0.17365937648598706,0.005625902893392409,0.0,0.07657159445491915,0.21981219028919882
2.55599999999994,0.1736443834106589,0.005735158292892545,0.0,0.07656773996464294,0.21980515648285603
2.55799999999994,0.17362957658561262,0.005837183154972977,0.0,0.07656417692618331,0.21979807362282322
2.5599999999999397,0.17361494300251934,0.005932114819815006,0.0,0.07656088604438378,0.21979094454326129
2.5619999999999394,0.17360046991385603,0.006020110810716114,0.0,0.0765578483812574,0.21978377205615668
2.563999999999939,0.1735861448690239,0.006101347583746854,0.0,0.07655504540961376,0.2197765589346412
2.565999999999939,0.17357195574793516,0.006176019065998306,0.0,0.07655245906321048,0.21976930789797042
2.5679999999999388,0.17355789079173145,0.006244335020804869,0.0,0.07655007178295535,0.21976202159826083
2.5699999999999386,0.1735439386303761,0.006306519280764129,0.0,0.07654786655876963,0.21975470260904467
2.5719999999999383,0.1735300883069224,0.006362807890135004,0.0,0.07654582696682091,0.2197473534156282
2.573999999999938,0.1735163292983466,0.006413447197402243,0.0,0.0765439372019247,0.21973997640721893
2.575999999999938,0.173502651532895,0.006458691936612976,0.0,0.0765421821050149,0.21973257387072995
2.5779999999999377,0.17348904540391308,0.006498802250260991,0.0,0.07654054718560424,0.21972514798619164
2.5799999999999375,0.17347550175756332,0.00653402174527138,0.0,0.07653901861117869,0.21971770083891867
2.5819999999999372,0.17346201186871713,0.006564577577919572,0.0,0.07653758317922525,0.2197102344351682
2.583999999999937,0.1734485674181927,0.006590695862863255,0.0,0.07653622829023522,0.21970275071582665
2.585999999999937,0.17343516049314522,0.006612601669331065,0.0,0.07653494194793718,0.21969525155199468
2.5879999999999366,0.17342178358655858,0.006630518415847763,0.0,0.0765337127583866,0.21968773874125358
2.5899999999999364,0.173408429594327,0.00664466730269841,0.0,0.07653252992594069,0.2196802140054981
2.591999999999936,0.17339509181124302,0.0066552667825859925,0.0,0.07653138324767492,0.2196726789893211
2.593999999999936,0.1733817639259816,0.006662532069609926,0.0,0.07653026310634796,0.21966513525890807
2.5959999999999357,0.17336865475052332,0.006614529282968891,0.0,0.07652928374170163,0.21965763067855648
2.5979999999999355,0.17335578495595616,0.006571132465743025,0.0,0.07652847468623218,0.2196501675466085
2.5999999999999353,0.1733433589686466,0.006540174918705271,0.0,0.07652795579935642,0.21964279111172677
2.601999999999935,0.17333127449359553,0.006518424403170185,0.0,0.07652768150733794,0.21963547807591963
2.603999999999935,0.17331951573490145,0.0065032209544717634,0.0,0.0765276491878989,0.21962822521480102
2.6059999999999346,0.17330807326689146,0.006478201299137302,0.0,0.07652785801266311,0.21962103101569225
2.6079999999999344,0.17329708161235402,0.006397587394417475,0.0,0.07652836369990822,0.21961385790735113
2.609999999999934,0.17328659934696788,0.006333795714199321,0.0,0.07652919745608566,0.21960669214169842
2.611999999999934,0.17327661083855905,0.006282135944696184,0.0,0.07653036595698204,0.21959954265275453
2.6139999999999337,0.17326710811041668,0.006236017931761888,0.0,0.07653186955494948,0.21959241912512759
2.6159999999999335,0.17325808567353995,0.006193635378478192,0.0,0.07653370579018293,0.2195853312935397
2.6179999999999333,0.17324953771814244,0.006153936059760846,0.0,0.07653586877290657,0.21957828814706068
2.619999999999933,0.17324145799639523,0.006116108855238697,0.0,0.07653835262945491,0.2195712975745342
2.621999999999933,0.17323383911278567,0.006079516750097649,0.0,0.07654115024229631,0.2195643663180694
2.6239999999999326,0.17322667208722398,0.006043639343507429,0.0,0.07654425304060268,0.21955749990939497
2.6259999999999324,0.17321994611164193,0.006008025894852088,0.0,0.07654765087791736,0.21955070266029286
2.627999999999932,0.17321364848365972,0.005972259657921625,0.0,0.07655133199748954,0.21954397770036382
2.629999999999932,0.17320776469161148,0.005935939622238767,0.0,0.0765552830795236,0.21953732705371018
2.6319999999999317,0.17320227835425728,0.005898851521022373,0.0,0.07655948926760348,0.21953075182991452
2.6339999999999315,0.17319717099839615,0.005861007832478467,0.0,0.0765639341369771,0.21952425251906557
2.6359999999999313,0.1731924220403498,0.005822348202574107,0.0,0.07656859974879077,0.21951782924312413
2.637999999999931,0.1731880091942406,0.005782736337141905,0.0,0.07657346686297764,0.21951148187314862
2.639999999999931,0.1731839090237972,0.005741947372136825,0.0,0.07657851522742008,0.21950521011094581
2.6419999999999306,0.1731800981603906,0.005699503992719592,0.0,0.07658372422776212,0.21949901378503844
2.6439999999999304,0.17317655407628463,0.005654930112565652,0.0,0.07658907339296255,0.2194928930105996
2.64599999999993,0.1731732556840111,0.005607870547201763,0.0,0.07659454280174569,0.2194868483052154
2.64799999999993,0.17317018305452425,0.005558071397226173,0.0,0.07660011307929757,0.2194808804513656
2.6499999999999297,0.1731673173280206,0.005505362525677652,0.0,0.07660576545452202,0.219474990420382
2.6519999999999295,0.17316464065172332,0.005449643171945805,0.0,0.07661148181281813,0.21946917930923465
2.6539999999999293,0.17316213613063325,0.005390870136067099,0.0,0.07661724474081763,0.21946344828629089
2.655999999999929,0.17315978778772667,0.005329048053682096,0.0,0.07662303756356938,0.21945779854517025
2.657999999999929,0.17315758053082209,0.005264221359944346,0.0,0.0766288443746312,0.21945223126591948
2.6599999999999286,0.1731555001239493,0.005196467610144101,0.0,0.07663465005950254,0.21944674758279606
2.6619999999999284,0.17315353316158277,0.005125891885685684,0.0,0.076640440312828,0.21944134855800884
2.663999999999928,0.1731516670445128,0.005052622066551413,0.0,0.07664620164979255,0.21943603516079432
2.665999999999928,0.17314988995647362,0.004976804795884023,0.0,0.07665192141212798,0.2194308082512488
2.6679999999999278,0.17314819084091781,0.004898601999418364,0.0,0.07665758776915127,0.21942566856836274
2.6699999999999275,0.17314655937753676,0.004818187852911561,0.0,0.07666318971424556,0.21942061672174198
2.6719999999999273,0.17314498595828565,0.0047357461152726975,0.0,0.07666871705719557,0.21941565318652342
2.673999999999927,0.17314346166280026,0.004651467764577725,0.0,0.07667416041277554,0.21941077830103453
2.675999999999927,0.1731419782331698,0.004565548889388476,0.0,0.07667951118598036,0.21940599226677251
2.6779999999999267,0.1731405280481053,0.004478188799494651,0.0,0.07668476155427903,0.21940129515031911
2.6799999999999264,0.1731391040965813,0.004389588329053827,0.0,0.07668990444724934,0.21939668688684297
2.681999999999926,0.17313769995104988,0.004299948311670685,0.0,0.07669493352394545,0.21939216728486655
2.683999999999926,0.1731363097403562,0.004209468211743448,0.0,0.07669984314832357,0.21938773603202255
2.685999999999926,0.17313492812247833,0.004118344899826564,0.0,0.07670462836303908,0.21938339270154664
2.6879999999999256,0.1731335502572251,0.004026771562128259,0.0,0.07670928486190852,0.21937913675929022
2.6899999999999253,0.1731321717790153,0.003934936735870084,0.0,0.07671380896130668,0.2193749675710632
2.691999999999925,0.17313078876986143,0.003843023463287196,0.0,0.07671819757075755,0.21937088441014668
2.693999999999925,0.173129397739759,0.0037512004860728995,0.0,0.07672244816538609,0.21936688646257782
2.6959999999999247,0.17312799566929282,0.003659591655109885,0.0,0.07672655878086138,0.21936297281240236
2.6979999999999245,0.17312658002123582,0.00356831259078607,0.0,0.0767305280013946,0.2193591424367202
2.6999999999999242,0.1731251487408969,0.0034774831310287455,0.0,0.07673435494237713,0.21935539420529404
2.701999999999924,0.17312370020005785,0.003387224627624596,0.0,0.07673803921419292,0.21935172689862464
2.703999999999924,0.17312223315820452,0.0032976576970804006,0.0,0.07674158088989665,0.2193481392212454
2.7059999999999236,0.17312074672705702,0.0032089003983160613,0.0,0.07674498047312397,0.2193446298141884
2.7079999999999234,0.17311924033785875,0.003121066773117928,0.0,0.07674823886636935,0.21934119726658383
2.709999999999923,0.1731177137110831,0.0030342656947019144,0.0,0.07675135733978282,0.21933784012633945
2.711999999999923,0.173116166828291,0.00294859997773374,0.0,0.07675433750061374,0.21933455690989137
2.7139999999999227,0.17311459990591072,0.0028641657099426265,0.0,0.07675718126341656,0.21933134611102445
2.7159999999999225,0.1731130133707557,0.0027810517712395094,0.0,0.07675989082110818,0.21932820620878918
2.7179999999999223,0.17311140783713164,0.002699339511155635,0.0,0.07676246861695964,0.21932513567455264
2.719999999999922,0.17310978408540567,0.0026191025595990276,0.0,0.07676491731758646,0.21932213297822525
2.721999999999922,0.1731081430419319,0.002540406749484955,0.0,0.0767672397869903,0.21931919659371443
2.7239999999999216,0.1731064857602529,0.002463310132831089,0.0,0.07676943906169566,0.21931632500366552
2.7259999999999214,0.17310481340349648,0.0023878630744998,0.0,0.0767715183270113,0.21931351670354013
2.727999999999921,0.17310312722791088,0.0023141084099831746,0.0,0.07677348089444262,0.21931077020509307
2.729999999999921,0.173101428567479,0.0022420816555258566,0.0,0.07677533018026685,0.21930808403930177
2.7319999999999207,0.17309971881956976,0.002171811260506581,0.0,0.0767770696852809,0.21930545675880542
2.7339999999999205,0.17309799943157778,0.002103318893389718,0.0,0.07677870297572131,0.21930288693990357
2.7359999999999203,0.1730962718885145,0.0020366197537682053,0.0,0.07678023366535199,0.2193003731841628
2.73799999999992,0.17309453770151606,0.001971722904047889,0.0,0.07678166539870909,0.2192979141196819
2.73999999999992,0.1730927983972279,0.0019086316152211896,0.0,0.07678300183548772,0.2192955084020516
2.7419999999999196,0.17309105550803938,0.001847343721954203,0.0,0.076784246636051,0.21929315471505573
2.7439999999999194,0.17308931056312882,0.0017878519828791533,0.0,0.07678540344803819,0.21929085177114202
2.745999999999919,0.17308756508029388,0.0017301444425745797,0.0,0.07678647589404522,0.21928859831170247
2.747999999999919,0.1730858205585304,0.001674209712406568,0.0,0.07678746756034918,0.21928639310718623
2.7499999999999187,0.173084078756933,0.0016212485667397665,0.0,0.07678838238460858,0.21928423475386008
2.7519999999999185,0.1730823416980607,0.0015721084236480433,0.0,0.07678922471866141,0.21928212164126643
2.7539999999999183,0.1730806116912178,0.0015263652592079438,0.0,0.07678999936952484,0.21928005192332986
2.755999999999918,0.17307889068701798,0.0014836643326049685,0.0,0.07679071073878405,0.21927802395526882
2.757999999999918,0.17307718041962494,0.00144370723868205,0.0,0.07679136301330125,0.219276036189293
2.7599999999999176,0.17307548242502757,0.0014062413641166363,0.0,0.07679196018443808,0.21927408716053604
2.7619999999999174,0.17307379805872047,0.0013710513115818253,0.0,0.07679250606284245,0.21927217547618913
2.763999999999917,0.17307212851248632,0.0013379519341261675,0.0,0.0767930042898083,0.21927029980713664
2.765999999999917,0.1730704748300831,0.0013067826860373632,0.0,0.07679345834601028,0.2192684588815251
2.7679999999999167,0.17306883792173666,0.001277403049101029,0.0,0.07679387155825819,0.21926665147982327
2.7699999999999165,0.1730672185774016,0.001249688836438006,0.0,0.07679424710477899,0.21926487643102152
2.7719999999999163,0.17306561747879323,0.0012235292116872757,0.0,0.07679458801943075,0.21926313260968658
2.773999999999916,0.17306403521024172,0.0011988242905304355,0.0,0.07679489719516465,0.21926141893366297
2.775999999999916,0.17306247226842286,0.0011754832155857077,0.0,0.07679517738698038,0.21925973436224225
2.7779999999999156,0.17306092907104964,0.0011534226154408377,0.0,0.07679543121456617,0.21925807789467758
2.7799999999999154,0.173059405964606,0.0011325653748060136,0.0,0.07679566116476705,0.21925644856893703
2.781999999999915,0.17305790323121362,0.001112839656087865,0.0,0.07679586959399057,0.21925484546062426
2.783999999999915,0.17305642109471564,0.0010941781236150677,0.0,0.0767960587306283,0.21925326768200462
2.7859999999999148,0.17305495972606755,0.0010765173307208968,0.0,0.07679623067754955,0.21925171438110205
2.7879999999999145,0.17305351924810974,0.0010597972372450588,0.0,0.07679638741470553,0.2192501847408278
2.7899999999999143,0.17305209973980085,0.0010439608310606717,0.0,0.07679653080186634,0.21924867797812722
2.791999999999914,0.17305070123997957,0.001028953832170229,0.0,0.0767966625815044,0.21924719334312628
2.793999999999914,0.17304932375071624,0.001014724461977398,0.0,0.07679678438182726,0.21924573011826926
2.7959999999999137,0.17304796724031268,0.0010012232636495125,0.0,0.07679689771995557,0.21924428761744458
2.7979999999999134,0.17304663164599776,0.0009884029622140643,0.0,0.0767970040052411,0.21924286518509342
2.7999999999999132,0.1730453168763637,0.0009762183552371663,0.0,0.07679710454271069,0.21924146219530294
2.801999999999913,0.1730440228135841,0.0009646262267540639,0.0,0.07679720053662317,0.21924007805088716
2.803999999999913,0.17304274931544184,0.0009535852785978533,0.0,0.07679729309412363,0.21923871218245275
2.8059999999999126,0.17304149621720022,0.0009430560744749301,0.0,0.07679738322897844,0.2192373640474578
2.8079999999999123,0.17304026333333988,0.000933000993118592,0.0,0.07679747186537296,0.21923603312926473
2.809999999999912,0.17303905045918078,0.0009233841876482867,0.0,0.07679755984175653,0.21923471893618904
2.811999999999912,0.1730378573724103,0.0009141715489027536,0.0,0.07679764791471601,0.2192334210005515
2.8139999999999117,0.17303668383452697,0.0009053306710418471,0.0,0.07679773676286268,0.21923213887773327
2.8159999999999115,0.17303552959221413,0.0008968308181294969,0.0,0.07679782699071627,0.21923087214523715
2.8179999999999112,0.17303439437865342,0.0008886428907482292,0.0,0.07679791913257195,0.2192296204017618
2.819999999999911,0.1730332779147834,0.000880739391967098,0.0,0.07679801365633585,0.21922838326628605
2.821999999999911,0.17303217991051012,0.0008730943921970676,0.0,0.07679811096731702,0.2192271603771691
2.8239999999999106,0.17303110006587463,0.0008656834926412607,0.0,0.07679821141196183,0.219225951391269
2.8259999999999104,0.17303003807217854,0.0008584837871777955,0.0,0.07679831528152405,0.21922475598307692
2.82799999999991,0.1730289936130729,0.0008514738226199106,0.0,0.07679842281565681,0.2192235738438753
2.82999999999991,0.17302796636560802,0.0008446335573725985,0.0,0.07679853420592046,0.21922240468091375
2.8319999999999097,0.1730269560012494,0.0008379443185710968,0.0,0.07679864959919724,0.2192212482166111
2.8339999999999095,0.17302596218685573,0.0008313887578237247,0.0,0.07679876910100714,0.21922010418777807
2.8359999999999093,0.1730249845856222,0.0008249508057203905,0.0,0.07679889277871767,0.21921897234486487
2.837999999999909,0.173024022857988,0.0008186156252814577,0.0,0.07679902066464532,0.21921785245123465
2.839999999999909,0.1730230766625056,0.0008123695645399738,0.0,0.07679915275904164,0.2192167442824585
2.8419999999999086,0.1730221456566754,0.0008062001084563274,0.0,0.07679928903296276,0.21921564762563941
2.8439999999999084,0.17302122949774001,0.0008000958303622835,0.0,0.07679942943101986,0.21921456227875807
2.845999999999908,0.1730203278434419,0.0007940463431337069,0.0,0.0767995738740079,0.21921348805004479
2.847999999999908,0.17301944035274275,0.0007880422502813415,0.0,0.07679972226141214,0.2192124247573777
2.8499999999999077,0.17301856668650162,0.0007820750971442395,0.0,0.07679987447379227,0.21921137222770304
2.8519999999999075,0.17301770650811488,0.0007761373223590449,0.0,0.07680003037504358,0.21921033029648176
2.8539999999999073,0.17301685948411638,0.0007702222097681019,0.0,0.07680018981453687,0.21920929880715967
2.855999999999907,0.1730160252847377,0.0007643238409189408,0.0,0.0768003526291364,0.21920827761066125
2.857999999999907,0.17301520358442724,0.0007584370482939081,0.0,0.07680051864510018,0.21920726656490597
2.8599999999999066,0.17301439406233188,0.0007525573693968769,0.0,0.07680068767986109,0.21920626553434913
2.8619999999999064,0.17301359640273728,0.000746681001811759,0.0,0.07680085954369434,0.2192052743895422
2.863999999999906,0.1730128102954711,0.0007408047593368003,0.0,0.07680103404127182,0.2192042930067184
2.865999999999906,0.17301203543626564,0.00073492602928318,0.0,0.07680121097310656,0.21920332126739536
2.8679999999999057,0.17301127152708595,0.0007290427310191691,0.0,0.07680139013689125,0.21920235905800237
2.8699999999999055,0.17301051827641922,0.0007231532758255438,0.0,0.0768015713287326,0.2192014062695247
2.8719999999999053,0.1730097753995281,0.0007172565281219484,0.0,0.07680175434428685,0.21920046279716815
2.873999999999905,0.17300904261867145,0.0007113517681085354,0.0,0.07680193897979763,0.2191995285400428
2.875999999999905,0.17300831966328922,0.000705438655861856,0.0,0.07680212503304273,0.2191986034008638
2.8779999999999046,0.17300760627015754,0.0006995171969140864,0.0,0.07680231230419074,0.2191976872856725
2.8799999999999044,0.1730069021835099,0.0006935877093330675,0.0,0.07680250059657344,0.2191967801035695
2.881999999999904,0.1730062071551315,0.0006876507923173641,0.0,0.07680268971737726,0.21919588176646881
2.883999999999904,0.17300552094442345,0.0006817072963100313,0.0,0.07680287947825716,0.21919499218886518
2.8859999999999038,0.17300484331844146,0.0006757582946286945,0.0,0.07680306969587694,0.21919411128761718
2.8879999999999035,0.17300417405190816,0.0006698050566045273,0.0,0.07680326019238141,0.21919323898174434
2.8899999999999033,0.17300351292720229,0.0006638490222156639,0.0,0.07680345079580206,0.2191923751922385
2.891999999999903,0.1730028597343245,0.0006578917781949579,0.0,0.07680364134040119,0.21919151984188698
2.893999999999903,0.17300221427084495,0.0006519350355911984,0.0,0.07680383166695849,0.21919067285511246
2.8959999999999027,0.17300157634182756,0.0006459806087521902,0.0,0.07680402162300361,0.21918983415781884
2.8979999999999024,0.17300094575974034,0.0006400303957000173,0.0,0.07680421106299737,0.21918900367725436
2.899999999999902,0.17300032234434592,0.0006340863598648996,0.0,0.07680439984846672,0.21918818134188156
2.901999999999902,0.17299970592257985,0.0006281505131375365,0.0,0.07680458784809603,0.21918736708125985
2.9039999999999018,0.17299909632841404,0.000622224900199682,0.0,0.07680477493777768,0.21918656082593796
2.9059999999999016,0.1729984934027069,0.0006163115840944427,0.0,0.07680496100062612,0.2191857625073537
2.9079999999999013,0.17299789699304524,0.0006104126329883106,0.0,0.07680514592695722,0.21918497205774526
2.909999999999901,0.17299730695357463,0.0006045301080798941,0.0,0.07680532961423804,0.21918418941006929
2.911999999999901,0.17299672314482084,0.0005986660526133041,0.0,0.07680551196700731,0.2191834144979262
2.9139999999999007,0.17299614543350672,0.0005928224819435301,0.0,0.07680569289677142,0.2191826472554955
2.9159999999999004,0.17299557369236007,0.0005870013746097113,0.0,0.07680587232187688,0.2191818876174748
2.9179999999999002,0.17299500779991916,0.0005812046643670644,0.0,0.07680605016736369,0.2191811355190283
2.9199999999999,0.17299444764033156,0.0005754342331298578,0.0,0.07680622636480021,0.21918039089573857
2.9219999999999,0.17299389310315338,0.0005696919047775444,0.0,0.07680640085210243,0.21917965368356723
2.9239999999998996,0.17299334408314304,0.0005639794397764601,0.0,0.07680657357334059,0.21917892381881737
2.9259999999998993,0.1729928004800565,0.0005582985305705793,0.0,0.07680674447853325,0.21917820123810447
2.927999999999899,0.17299226219844055,0.0005526507976944309,0.0,0.07680691352343313,0.2191774858783284
2.929999999999899,0.17299172914742766,0.0005470377865632801,0.0,0.07680708066930414,0.21917677767665272
2.9319999999998987,0.17299120124053124,0.0005414609648965571,0.0,0.07680724588269297,0.2191760765704861
2.9339999999998985,0.17299067839544202,0.0005359217207300382,0.0,0.07680740913519568,0.21917538249746693
2.9359999999998982,0.17299016053382932,0.0005304213609752206,0.0,0.07680757040322153,0.21917469539545387
2.937999999999898,0.17298964758114121,0.0005249611104851085,0.0,0.07680772966775468,0.21917401520251525
2.939999999999898,0.1729891394664127,0.0005195421115853297,0.0,0.07680788691411551,0.21917334185692539
2.9419999999998976,0.17298863612207338,0.0005141654240352878,0.0,0.07680804213172232,0.21917267529716025
2.9439999999998974,0.17298813748376252,0.0005088320253787747,0.0,0.07680819531385454,0.2191720154618971
2.945999999999897,0.1729876434901465,0.0005035428116513887,0.0,0.07680834645741849,0.21917136229001455
2.947999999999897,0.17298715408274368,0.0004982985984089808,0.0,0.07680849556271599,0.21917071572059726
2.9499999999998967,0.1729866692057509,0.0004931001220465278,0.0,0.07680864263321782,0.21917007569293792
2.9519999999998965,0.17298618880587924,0.00048794804137526675,0.0,0.07680878767534086,0.2191694421465449
2.9539999999998963,0.17298571283219188,0.0004828429394273121,0.0,0.07680893069823129,0.21916881502114746
2.955999999999896,0.17298524123595094,0.0004777853254633822,0.0,0.07680907171355347,0.21916819425670533
2.957999999999896,0.1729847739704664,0.0004727756371545712,0.0,0.07680921073528413,0.21916757979341567
2.9599999999998956,0.1729843109909548,0.00046781424291423434,0.0,0.07680934777951465,0.21916697157172363
2.9619999999998954,0.17298385225440183,0.00046290144435655263,0.0,0.07680948286425886,0.2191663695323324
2.963999999999895,0.1729833977194306,0.00045803747885905,0.0,0.07680961600926921,0.21916577361621253
2.965999999999895,0.17298294734617747,0.0004532225222095601,0.0,0.07680974723585955,0.21916518376461405
2.9679999999998947,0.17298250109617208,0.00044845669132046286,0.0,0.07680987656673556,0.219164599919076
2.9699999999998945,0.1729820589322255,0.00044374004698476984,0.0,0.07681000402583335,0.21916402202143875
2.9719999999998943,0.17298162081832236,0.0004390725966681125,0.0,0.07681012963816466,0.2191634500138545
2.973999999999894,0.1729811867195199,0.00043445429731513293,0.0,0.07681025342967183,0.21916288383879826
2.975999999999894,0.17298075660185264,0.00042988505815517904,0.0,0.07681037542708768,0.21916232343907943
2.9779999999998936,0.17298033043224148,0.0004253647434996839,0.0,0.07681049565780614,0.21916176875785107
2.9799999999998934,0.1729799081784109,0.00042089317551587504,0.0,0.07681061414975814,0.21916121973862215
2.981999999999893,0.17297948980880906,0.00041647013696607645,0.0,0.07681073093129594,0.2191606763252668
2.983999999999893,0.17297907529253376,0.00041209537390669637,0.0,0.07681084603108546,0.21916013846203414
2.9859999999998927,0.1729786645992646,0.00040776859833490986,0.0,0.07681095947800466,0.21915960609355803
2.9879999999998925,0.17297825769919828,0.00040348949077547607,0.0,0.07681107130104978,0.21915907916486557
2.9899999999998923,0.17297785456299097,0.0003992577028043977,0.0,0.0768111815292484,0.21915855762138708
2.991999999999892,0.17297745516170204,0.0003950728595007209,0.0,0.0768112901915793,0.21915804140896203
2.993999999999892,0.1729770594667457,0.00039093456182222455,0.0,0.07681139731689789,0.21915753047384876
2.9959999999998916,0.17297666744984408,0.0003868423889015185,0.0,0.07681150293386975,0.2191570247627304
2.9979999999998914,0.17297627908298607,0.00038279590025787656,0.0,0.07681160707090837,0.21915652422272183
2.999999999999891,0.172975894338389,0.00037879463792305423,0.0,0.07681170975611946,0.21915602880137605
3.001999999999891,0.17297551318846494,0.00037483812847812013,0.0,0.07681181101725156,0.21915553844668945
3.0039999999998908,0.17297513560578914,0.00037092588500169127,0.0,0.07681191088165037,0.21915505310710684
3.0059999999998905,0.17297476156307323,0.00036705740892453573,0.0,0.07681200937621947,0.2191545727315261
3.0079999999998903,0.1729743910331405,0.00036323219179337844,0.0,0.07681210652738564,0.21915409726930207
3.00999999999989,0.1729740239889046,0.00035944971694471846,0.0,0.0768122023610679,0.21915362667025004
3.01199999999989,0.17297366040335116,0.00035570946108323106,0.0,0.07681229690265193,0.21915316088464915
3.0139999999998897,0.17297330024952107,0.0003520108957722379,0.0,0.07681239017696827,0.2191526998632439
3.0159999999998894,0.17297294350049808,0.0003483534888332476,0.0,0.07681248220827362,0.21915224355724777
3.017999999999889,0.17297259012939614,0.00034473670565660937,0.0,0.07681257302023715,0.21915179191834291
3.019999999999889,0.17297224010935075,0.0003411600104265414,0.0,0.07681266263592842,0.21915134489868218
3.0219999999998888,0.17297189341351227,0.0003376228672577861,0.0,0.07681275107781022,0.21915090245089042
3.0239999999998886,0.1729715500150395,0.00033412474125389284,0.0,0.07681283836773267,0.21915046452806342
3.0259999999998883,0.1729712098870959,0.00033066509948051313,0.0,0.07681292452693127,0.21915003108376796
3.027999999999888,0.17297087300284852,0.00032724341186361343,0.0,0.07681300957602664,0.21914960207204248
3.029999999999888,0.17297053933546525,0.0003238591520093783,0.0,0.07681309353502716,0.21914917744739423
3.0319999999998877,0.17297020885811687,0.00032051179795266385,0.0,0.07681317642333273,0.21914875716479967
3.0339999999998875,0.1729698815439773,0.00031720083283420526,0.0,0.07681325825974133,0.2191483411797017
3.0359999999998872,0.1729695573662271,0.00031392574551097516,0.0,0.07681333906245724,0.21914792944800845
3.037999999999887,0.1729692362980555,0.0003106860311020121,0.0,0.0768134188490998,0.2191475219260905
3.039999999999887,0.1729689183126668,0.0003074811914724416,0.0,0.0768134976367147,0.21914711857077915
3.0419999999998866,0.17296860338328268,0.00030431073565930124,0.0,0.07681357544178563,0.21914671933936225
3.0439999999998864,0.17296829148314985,0.0003011741802407862,0.0,0.07681365228024795,0.21914632418958277
3.045999999999886,0.17296798258554502,0.00029807104965412024,0.0,0.07681372816750177,0.21914593307963454
3.047999999999886,0.17296767666378154,0.00029500087646251467,0.0,0.07681380311842724,0.21914554596815922
3.0499999999998857,0.17296737369121673,0.00029196320157680533,0.0,0.07681387714739982,0.21914516281424262
3.0519999999998855,0.17296707364125807,0.0002889575744309855,0.0,0.07681395026830636,0.21914478357741066
3.0539999999998853,0.1729667764873719,0.00028598355311858334,0.0,0.07681402249456067,0.2191444082176261
3.055999999999885,0.17296648220308963,0.00028304070449082063,0.0,0.07681409383912115,0.21914403669528348
3.057999999999885,0.17296619076201614,0.00028012860421762844,0.0,0.07681416431450702,0.21914366897120566
3.0599999999998846,0.17296590213783736,0.00027724683681679385,0.0,0.07681423393281553,0.21914330500663953
3.0619999999998844,0.1729656163043276,0.00027439499565274424,0.0,0.0768143027057388,0.21914294476325077
3.063999999999884,0.1729653332353578,0.0002715726829065971,0.0,0.07681437064458117,0.21914258820312021
3.065999999999884,0.1729650529049025,0.00026877950952166626,0.0,0.07681443776027577,0.21914223528873933
3.0679999999998837,0.17296477528704735,0.00026601509512469917,0.0,0.07681450406340139,0.2191418859830048
3.0699999999998835,0.17296450035599698,0.00026327906792696104,0.0,0.07681456956419934,0.21914154024921464
3.0719999999998833,0.17296422808608125,0.0002605710646060281,0.0,0.07681463427258914,0.2191411980510628
3.073999999999883,0.1729639584517626,0.00025789073017074915,0.0,0.0768146981981853,0.2191408593526351
3.075999999999883,0.17296369142764312,0.0002552377178104597,0.0,0.07681476135031194,0.21914052411840435
3.0779999999998826,0.17296342698847011,0.0002526116887315105,0.0,0.07681482373801897,0.2191401923132253
3.0799999999998824,0.17296316510914256,0.00025001231198404215,0.0,0.07681488537009644,0.21913986390233006
3.081999999999882,0.17296290576471773,0.00024743926427590825,0.0,0.07681494625508918,0.21913953885132373
3.083999999999882,0.17296264893041524,0.00024489222978013993,0.0,0.07681500640131035,0.2191392171261784
3.0859999999998817,0.17296239458162432,0.00024237089993528024,0.0,0.07681506581685528,0.21913889869323108
3.0879999999998815,0.17296214269390653,0.00023987497324099856,0.0,0.07681512450961435,0.2191385835191755
3.0899999999998813,0.1729618932430026,0.00023740415504744388,0.0,0.07681518248728517,0.21913827157106058
3.091999999999881,0.17296164620483534,0.00023495815734426724,0.0,0.07681523975738475,0.21913796281628423
3.093999999999881,0.17296140155551432,0.0002325366985455484,0.0,0.07681529632726097,0.21913765722258954
3.0959999999998806,0.17296115927133937,0.0002301395032745114,0.0,0.07681535220410315,0.21913735475805968
3.0979999999998804,0.1729609193288042,0.00022776630214862563,0.0,0.07681540739495284,0.21913705539111364
3.09999999999988,0.17296068170459922,0.00022541683156532066,0.0,0.07681546190671326,0.21913675909050237
3.10199999999988,0.17296044637561447,0.00022309083348884536,0.0,0.0768155157461589,0.2191364658253037
3.1039999999998797,0.17296021331894273,0.00022078805524015279,0.0,0.07681556891994408,0.21913617556491904
3.1059999999998795,0.17295998251188038,0.00021850824928939443,0.0,0.07681562143461128,0.21913588827906785
3.1079999999998793,0.17295975393193053,0.00021625117305246568,0.0,0.07681567329659945,0.21913560393778478
3.109999999999879,0.17295952755680455,0.0002140165886909357,0.0,0.07681572451225055,0.21913532251141551
3.111999999999879,0.17295930336442233,0.0002118042629169008,0.0,0.07681577508781688,0.21913504397061123
3.1139999999998786,0.17295908133291538,0.00020961396680203127,0.0,0.07681582502946752,0.21913476828632697
3.1159999999998784,0.17295886144062567,0.00020744547559254194,0.0,0.07681587434329397,0.21913449542981642
3.117999999999878,0.17295864366610725,0.00020529856852956625,0.0,0.0768159230353159,0.21913422537262756
3.119999999999878,0.1729584279881271,0.00020317302867559167,0.0,0.0768159711114863,0.21913395808660094
3.1219999999998778,0.1729582143856645,0.0002010686427458444,0.0,0.07681601857769568,0.2191336935438647
3.1239999999998775,0.17295800283791074,0.00019898520094625111,0.0,0.07681606543977723,0.2191334317168301
3.1259999999998773,0.17295779332427008,0.00019692249681889932,0.0,0.07681611170351002,0.21913317257819037
3.127999999999877,0.1729575858243586,0.00019488032709140925,0.0,0.07681615737462287,0.2191329161009158
3.129999999999877,0.17295738031800312,0.00019285849153419894,0.0,0.07681620245879772,0.21913266225824987
3.1319999999998767,0.17295717678524158,0.0001908567928244522,0.0,0.07681624696167252,0.21913241102370734
3.1339999999998764,0.17295697520632136,0.00018887503641427648,0.0,0.07681629088884366,0.21913216237107067
3.135999999999876,0.17295677556169808,0.00018691303040748608,0.0,0.07681633424586846,0.21913191627438555
3.137999999999876,0.172956577832035,0.00018497058544211011,0.0,0.07681637703826746,0.21913167270795975
3.139999999999876,0.1729563819982014,0.00018304751457747428,0.0,0.07681641927152578,0.21913143164635882
3.1419999999998756,0.17295618804127066,0.00018114363318940912,0.0,0.07681646095109529,0.21913119306440323
3.1439999999998753,0.17295599594251976,0.00017925875886973182,0.0,0.07681650208239559,0.21913095693716605
3.145999999999875,0.1729558056834264,0.00017739271133299276,0.0,0.07681654267081518,0.21913072323996924
3.147999999999875,0.17295561724566877,0.0001755453123280562,0.0,0.07681658272171259,0.21913049194838222
3.1499999999998747,0.17295543061112162,0.0001737163855551375,0.0,0.07681662224041717,0.2191302630382168
3.1519999999998745,0.17295524576185684,0.0001719057565873377,0.0,0.07681666123222951,0.21913003648552742
3.1539999999998742,0.17295506268013927,0.00017011325279936836,0.0,0.07681669970242234,0.21912981226660577
3.155999999999874,0.17295488134842651,0.00016833870329957448,0.0,0.0768167376562404,0.21912959035798046
3.157999999999874,0.17295470174936534,0.00016658193886721453,0.0,0.07681677509890103,0.2191293707364126
3.1599999999998736,0.17295452386579058,0.00016484279189384486,0.0,0.0768168120355939,0.2191291533788943
3.1619999999998734,0.1729543476807227,0.00016312109633036386,0.0,0.07681684847148158,0.2191289382626465
3.163999999999873,0.17295417317736583,0.00016141668763713042,0.0,0.07681688441169879,0.21912872536511596
3.165999999999873,0.17295400033910524,0.0001597294027374657,0.0,0.07681691986135263,0.21912851466397296
3.1679999999998727,0.17295382914950497,0.00015805907997692618,0.0,0.07681695482552238,0.2191283061371088
3.1699999999998725,0.17295365959230646,0.0001564055590841626,0.0,0.07681698930925906,0.2191280997626343
3.1719999999998723,0.17295349165142526,0.0001547686811365224,0.0,0.07681702331758498,0.21912789551887668
3.173999999999872,0.1729533253109501,0.00015314828852766354,0.0,0.07681705685549342,0.21912769338437835
3.175999999999872,0.1729531605551391,0.0001515442249393052,0.0,0.07681708992794856,0.21912749333789328
3.1779999999998716,0.17295299736841896,0.00014995633531497742,0.0,0.0768171225398843,0.21912729535838632
3.1799999999998714,0.17295283573538156,0.00014838446583746796,0.0,0.07681715469620432,0.21912709942502978
3.181999999999871,0.1729526756407831,0.00014682846390666056,0.0,0.07681718640178122,0.2191269055172031
3.183999999999871,0.17295251706954073,0.00014528817812154774,0.0,0.07681721766145641,0.21912671361448874
3.1859999999998707,0.17295236000673087,0.00014376345826368211,0.0,0.07681724848003921,0.21912652369667163
3.1879999999998705,0.17295220443758708,0.00014225415528249126,0.0,0.07681727886230649,0.2191263357437367
3.1899999999998703,0.17295205034749794,0.00014076012128256426,0.0,0.07681730881300192,0.2191261497358667
3.19199999999987,0.17295189772200503,0.00013928120951293066,0.0,0.07681733833683581,0.2191259656534411
3.19399999999987,0.17295174654680068,0.0001378172743565343,0.0,0.07681736743848432,0.2191257834770328
3.1959999999998696,0.1729515968077262,0.00013636817132232538,0.0,0.07681739612258903,0.21912560318740784
3.1979999999998694,0.1729514484907695,0.00013493375703802464,0.0,0.07681742439375644,0.21912542476552213
3.199999999999869,0.17295130158206318,0.000133513889244473,0.0,0.07681745225655758,0.21912524819252008
3.201999999999869,0.17295115606788336,0.0001321084267901117,0.0,0.07681747971552742,0.21912507344973378
3.2039999999998687,0.17295101193464646,0.00013071722962738734,0.0,0.07681750677516451,0.21912490051867933
3.2059999999998685,0.17295086916890856,0.00012934015880896826,0.0,0.07681753343993078,0.21912472938105695
3.2079999999998683,0.17295072775736298,0.00012797707648493236,0.0,0.07681755971425078,0.21912456001874794
3.209999999999868,0.17295058768683802,0.0001266278459004756,0.0,0.07681758560251158,0.21912439241381285
3.211999999999868,0.17295044894429612,0.0001252923313947836,0.0,0.07681761110906243,0.21912422654849087
3.2139999999998676,0.17295031151683182,0.00012397039839918495,0.0,0.07681763623821453,0.21912406240519738
3.2159999999998674,0.1729501753916698,0.0001226619134357612,0.0,0.0768176609942405,0.2191238999665227
3.217999999999867,0.17295004055616325,0.00012136674411784891,0.0,0.07681768538137432,0.21912373921522932
3.219999999999867,0.17294990699779267,0.00012008475914842095,0.0,0.07681770940381118,0.2191235801342519
3.2219999999998667,0.17294977470416373,0.000118815828319714,0.0,0.07681773306570763,0.21912342270669388
3.2239999999998665,0.17294964366300625,0.00011755982251301208,0.0,0.07681775637118034,0.21912326691582773
3.2259999999998663,0.17294951386217194,0.0001163166136981811,0.0,0.07681777932430722,0.21912311274509172
3.227999999999866,0.17294938528963355,0.00011508607493300747,0.0,0.07681780192912685,0.2191229601780888
3.229999999999866,0.17294925793348348,0.00011386808036307103,0.0,0.07681782418963783,0.21912280919858584
3.2319999999998656,0.17294913178193183,0.00011266250522136321,0.0,0.07681784610980004,0.21912265979051104
3.2339999999998654,0.17294900682330527,0.0001114692258265425,0.0,0.07681786769353341,0.2191225119379525
3.235999999999865,0.1729488830460455,0.0001102881195832076,0.0,0.07681788894471854,0.2191223656251575
3.237999999999865,0.17294876043870855,0.00010911906497962857,0.0,0.07681790986719671,0.21912222083652996
3.2399999999998648,0.1729486389899626,0.00010796194158729737,0.0,0.0768179304647698,0.21912207755662982
3.2419999999998645,0.1729485186885873,0.00010681663005853964,0.0,0.07681795074120071,0.21912193577017067
3.2439999999998643,0.17294839952347218,0.00010568301212556323,0.0,0.07681797070021282,0.219121795462019
3.245999999999864,0.1729482814836154,0.0001045609705971466,0.0,0.07681799034549087,0.21912165661719213
3.247999999999864,0.17294816455812323,0.00010345038935770032,0.0,0.0768180096806805,0.21912151922085746
3.2499999999998637,0.17294804873620762,0.00010235115336283974,0.0,0.07681802870938911,0.21912138325832997
3.2519999999998634,0.17294793400718667,0.00010126314863856039,0.0,0.07681804743518539,0.21912124871507244
3.2539999999998632,0.17294782036048173,0.00010018626227575442,0.0,0.07681806586159975,0.21912111557669195
3.255999999999863,0.17294770778561785,9.912038242812802e-05,0.0,0.0768180839921249,0.21912098382894027
3.257999999999863,0.17294759627222134,9.806539830763083e-05,0.0,0.07681810183021553,0.21912085345771112
3.2599999999998626,0.17294748581002017,9.702120018067071e-05,0.0,0.07681811937928905,0.2191207244490401
3.2619999999998623,0.1729473763888416,9.598767936362148e-05,0.0,0.07681813664272537,0.21912059678910217
3.263999999999862,0.17294726799861193,9.496472821811686e-05,0.0,0.07681815362386799,0.21912047046421054
3.265999999999862,0.17294716062935467,9.39522401455775e-05,0.0,0.07681817032602324,0.21912034546081563
3.2679999999998617,0.17294705427119128,9.295010958246404e-05,0.0,0.07681818675246141,0.21912022176550416
3.2699999999998615,0.17294694891433782,9.19582319941458e-05,0.0,0.07681820290641683,0.21912009936499624
3.2719999999998612,0.17294684454910603,9.097650386976911e-05,0.0,0.07681821879108801,0.21911997824614582
3.273999999999861,0.17294674116590136,9.000482271644842e-05,0.0,0.07681823440963814,0.21911985839593856
3.275999999999861,0.17294663875522231,8.90430870513417e-05,0.0,0.07681824976519548,0.21911973980149024
3.2779999999998606,0.17294653730765908,8.809119639688665e-05,0.0,0.07681826486085364,0.21911962245004585
3.2799999999998604,0.17294643681389354,8.714905127312141e-05,0.0,0.07681827969967174,0.21911950632897884
3.28199999999986,0.17294633726469777,8.621655319195205e-05,0.0,0.07681829428467522,0.2191193914257886
3.28399999999986,0.17294623865093328,8.529360464851695e-05,0.0,0.0768183086188557,0.2191192777281006
3.2859999999998597,0.1729461409635502,8.438010911428494e-05,0.0,0.07681832270517164,0.21911916522366423
3.2879999999998595,0.17294604419358595,8.347597103067476e-05,0.0,0.07681833654654856,0.21911905390035136
3.2899999999998593,0.17294594833216537,8.258109580034491e-05,0.0,0.07681835014587957,0.21911894374615615
3.291999999999859,0.17294585337049928,8.169538977929221e-05,0.0,0.07681836350602564,0.21911883474919322
3.293999999999859,0.17294575929988354,8.081876026999153e-05,0.0,0.0768183766298159,0.21911872689769632
3.2959999999998586,0.1729456661116986,7.995111551293062e-05,0.0,0.07681838952004814,0.21911862018001727
3.2979999999998584,0.1729455737974086,7.90923646783077e-05,0.0,0.07681840217948886,0.21911851458462525
3.299999999999858,0.17294548234856033,7.824241785773371e-05,0.0,0.0768184146108743,0.21911841010010474
3.301999999999858,0.17294539175678292,7.740118605647433e-05,0.0,0.07681842681690992,0.21911830671515536
3.3039999999998577,0.17294530201378655,7.656858118513858e-05,0.0,0.07681843880027149,0.21911820441858962
3.3059999999998575,0.17294521311136202,7.574451605070905e-05,0.0,0.07681845056360524,0.2191181031993329
3.3079999999998573,0.17294512504138004,7.492890434814127e-05,0.0,0.07681846210952771,0.2191180030464218
3.309999999999857,0.1729450377957904,7.412166065273253e-05,0.0,0.07681847344062731,0.2191179039490029
3.311999999999857,0.1729449513666208,7.332270041064322e-05,0.0,0.07681848455946312,0.2191178058963317
3.3139999999998566,0.1729448657459769,7.253193993056705e-05,0.0,0.07681849546856645,0.219117708877772
3.3159999999998564,0.17294478092604093,7.174929637518247e-05,0.0,0.07681850617044061,0.219117612882794
3.317999999999856,0.17294469689907133,7.097468775317478e-05,0.0,0.07681851666756154,0.21911751790097408
3.319999999999856,0.1729446136574022,7.020803291029226e-05,0.0,0.07681852696237783,0.21911742392199368
3.3219999999998557,0.17294453119344189,6.944925151987365e-05,0.0,0.07681853705731129,0.219117330935637
3.3239999999998555,0.17294444949967325,6.869826407584443e-05,0.0,0.07681854695475719,0.2191172389317919
3.3259999999998553,0.17294436856865159,6.795499188344892e-05,0.0,0.07681855665708465,0.21911714790044678
3.327999999999855,0.17294428839300569,6.721935705049579e-05,0.0,0.07681856616663668,0.21911705783169186
3.329999999999855,0.17294420896543605,6.649128247961328e-05,0.0,0.07681857548573107,0.21911696871571615
3.3319999999998546,0.17294413027871403,6.577069185931302e-05,0.0,0.07681858461666034,0.21911688054280762
3.3339999999998544,0.172944052325682,6.50575096563109e-05,0.0,0.07681859356169146,0.21911679330335163
3.335999999999854,0.17294397509925208,6.435166110644458e-05,0.0,0.07681860232306752,0.21911670698783034
3.337999999999854,0.17294389859240544,6.3653072206785e-05,0.0,0.07681861090300682,0.21911662158682157
3.3399999999998538,0.17294382279819187,6.296166970745052e-05,0.0,0.07681861930370364,0.21911653709099752
3.3419999999998535,0.17294374770972976,6.227738110374142e-05,0.0,0.07681862752732839,0.21911645349112502
3.3439999999998533,0.17294367332020388,6.160013462765213e-05,0.0,0.07681863557602807,0.21911637077806295
3.345999999999853,0.1729435996228661,6.092985924034683e-05,0.0,0.07681864345192659,0.21911628894276228
3.347999999999853,0.17294352661103418,6.026648462411045e-05,0.0,0.07681865115712477,0.21911620797626488
3.3499999999998527,0.17294345427809166,5.960994117417529e-05,0.0,0.07681865869370053,0.21911612786970328
3.3519999999998524,0.17294338261748599,5.896015999175413e-05,0.0,0.07681866606370966,0.21911604861429806
3.353999999999852,0.17294331162272947,5.831707287592843e-05,0.0,0.07681867326918572,0.21911597020135892
3.355999999999852,0.17294324128739813,5.768061231626236e-05,0.0,0.07681868031214023,0.21911589262228315
3.3579999999998518,0.17294317160512973,5.705071148498704e-05,0.0,0.0768186871945631,0.21911581586855344
3.3599999999998515,0.17294310256962575,5.642730422994363e-05,0.0,0.07681869391842294,0.21911573993173933
3.3619999999998513,0.1729430341746485,5.581032506679677e-05,0.0,0.076818700485667,0.21911566480349443
3.363999999999851,0.17294296641402163,5.519970917263815e-05,0.0,0.07681870689822154,0.21911559047555643
3.365999999999851,0.17294289928162931,5.4595392378170586e-05,0.0,0.07681871315799228,0.2191155169397463
3.3679999999998507,0.17294283277141553,5.399731116111928e-05,0.0,0.07681871926686461,0.21911544418796675
3.3699999999998504,0.17294276687738397,5.340540263875095e-05,0.0,0.0768187252267032,0.21911537221220279
3.3719999999998502,0.17294270159359648,5.281960456182116e-05,0.0,0.07681873103935304,0.21911530100451906
3.37399999999985,0.172942636914174,5.2239855307181314e-05,0.0,0.07681873670663916,0.2191152305570611
3.37599999999985,0.17294257283329406,5.166609387109137e-05,0.0,0.07681874223036694,0.2191151608620523
3.3779999999998496,0.17294250934519217,5.109825986253457e-05,0.0,0.0768187476123228,0.2191150919117952
3.3799999999998493,0.17294244644416001,5.053629349677504e-05,0.0,0.07681875285427331,0.21911502369866967
3.381999999999849,0.17294238412454477,4.998013558947442e-05,0.0,0.0768187579579665,0.2191149562151311
3.383999999999849,0.1729423223807498,4.942972754961115e-05,0.0,0.07681876292513158,0.2191148894537125
3.3859999999998487,0.1729422612072331,4.888501137435886e-05,0.0,0.07681876775747899,0.21911482340702101
3.3879999999998485,0.17294220059850662,4.83459296407653e-05,0.0,0.07681877245670103,0.21911475806773806
3.3899999999998482,0.17294214054913648,4.781242550204173e-05,0.0,0.0768187770244718,0.21911469342861917
3.391999999999848,0.17294208105374187,4.728444267978387e-05,0.0,0.07681878146244712,0.2191146294824925
3.393999999999848,0.17294202210699527,4.6761925459446255e-05,0.0,0.07681878577226546,0.21911456622225864
3.3959999999998476,0.17294196370362047,4.6244818682840554e-05,0.0,0.07681878995554704,0.21911450364088927
3.3979999999998474,0.17294190583839386,4.573306774386641e-05,0.0,0.07681879401389535,0.2191144417314272
3.399999999999847,0.17294184850614247,4.522661858204756e-05,0.0,0.07681879794889604,0.21911438048698495
3.401999999999847,0.1729417917017444,4.472541767718775e-05,0.0,0.07681880176211817,0.2191143199007447
3.4039999999998467,0.17294173542012747,4.422941204332818e-05,0.0,0.07681880545511349,0.21911425996595654
3.4059999999998465,0.17294167965626972,4.373854922408274e-05,0.0,0.07681880902941715,0.21911420067593942
3.4079999999998463,0.172941624405198,4.325277728664899e-05,0.0,0.07681881248654777,0.21911414202407897
3.409999999999846,0.17294156966198848,4.2772044816307976e-05,0.0,0.07681881582800748,0.21911408400382804
3.411999999999846,0.1729415154217646,4.2296300911368064e-05,0.0,0.07681881905528243,0.2191140266087042
3.4139999999998456,0.1729414616796987,4.18254951786308e-05,0.0,0.07681882216984252,0.21911396983229162
3.4159999999998454,0.17294140843100947,4.135957772678532e-05,0.0,0.07681882517314167,0.21911391366823843
3.417999999999845,0.17294135567096314,4.0898499162903334e-05,0.0,0.07681882806661817,0.2191138581102569
3.419999999999845,0.17294130339487168,4.0442210586347714e-05,0.0,0.0768188308516948,0.21911380315212245
3.4219999999998447,0.1729412515980937,3.999066358400704e-05,0.0,0.07681883352977874,0.21911374878767348
3.4239999999998445,0.17294120027603244,3.95438102257587e-05,0.0,0.07681883610226213,0.21911369501081013
3.4259999999998443,0.17294114942413663,3.9101603058809735e-05,0.0,0.07681883857052185,0.21911364181549417
3.427999999999844,0.17294109903789967,3.866399510437248e-05,0.0,0.0768188409359197,0.21911358919574841
3.429999999999844,0.17294104911285868,3.8230939851596544e-05,0.0,0.07681884319980277,0.21911353714565557
3.4319999999998436,0.17294099964459475,3.780239125331303e-05,0.0,0.07681884536350375,0.21911348565935812
3.4339999999998434,0.17294095062873205,3.7378303721362974e-05,0.0,0.07681884742834054,0.21911343473105754
3.435999999999843,0.17294090206093782,3.695863212180253e-05,0.0,0.07681884939561659,0.21911338435501396
3.437999999999843,0.17294085393692127,3.6543331771527256e-05,0.0,0.0768188512666214,0.21911333452554485
3.4399999999998427,0.17294080625243424,3.613235843274692e-05,0.0,0.07681885304263016,0.2191132852370259
3.4419999999998425,0.17294075900326922,3.5725668308483756e-05,0.0,0.07681885472490428,0.2191132364838883
3.4439999999998423,0.17294071218526041,3.532321803889071e-05,0.0,0.07681885631469126,0.2191131882606199
3.445999999999842,0.17294066579428313,3.4924964696278135e-05,0.0,0.07681885781322496,0.2191131405617651
3.447999999999842,0.1729406198262522,3.453086578139458e-05,0.0,0.07681885922172585,0.21911309338192175
3.4499999999998416,0.17294057427712262,3.4140879218631285e-05,0.0,0.07681886054140064,0.21911304671574297
3.4519999999998414,0.1729405291428896,3.37549633523334e-05,0.0,0.07681886177344342,0.21911300055793595
3.453999999999841,0.17294048441958632,3.3373076942698605e-05,0.0,0.0768188629190347,0.2191129549032606
3.455999999999841,0.1729404401032859,3.299517916138495e-05,0.0,0.07681886397934186,0.21911290974653058
3.4579999999998408,0.17294039619009927,3.262122958692797e-05,0.0,0.07681886495551997,0.21911286508261152
3.4599999999998405,0.17294035267617502,3.225118820211495e-05,0.0,0.07681886584871088,0.2191128209064203
3.4619999999998403,0.1729403095577,3.1885015388996484e-05,0.0,0.07681886666004424,0.21911277721292588
3.46399999999984,0.17294026683089792,3.1522671925229534e-05,0.0,0.07681886739063687,0.21911273399714748
3.46599999999984,0.1729402244920295,3.116411897992116e-05,0.0,0.07681886804159346,0.21911269125415478
3.4679999999998397,0.17294018253739218,3.080931811009647e-05,0.0,0.07681886861400651,0.2191126489790677
3.4699999999998394,0.1729401409633191,3.0458231257037007e-05,0.0,0.07681886910895627,0.21911260716705439
3.471999999999839,0.17294009976617963,3.0110820742381472e-05,0.0,0.07681886952751137,0.2191125658133328
3.473999999999839,0.17294005894237818,2.976704926423954e-05,0.0,0.07681886987072797,0.21911252491316843
3.4759999999998388,0.17294001848835472,2.942687989317027e-05,0.0,0.07681887013965108,0.21911248446187498
3.4779999999998386,0.17293997840058362,2.909027606919032e-05,0.0,0.07681887033531389,0.21911244445481354
3.4799999999998383,0.17293993867557345,2.8757201598003684e-05,0.0,0.07681887045873809,0.21911240488739142
3.481999999999838,0.17293989930986764,2.8427620646852936e-05,0.0,0.07681887051093413,0.2191123657550633
3.483999999999838,0.1729398603000425,2.8101497741351046e-05,0.0,0.07681887049290097,0.2191123270533289
3.4859999999998377,0.17293982164270827,2.7778797762600328e-05,0.0,0.07681887040562672,0.21911228877773423
3.4879999999998375,0.17293978333450788,2.7459485942455023e-05,0.0,0.07681887025008809,0.2191122509238693
3.4899999999998372,0.17293974537211732,2.7143527860719332e-05,0.0,0.07681887002725128,0.2191122134873696
3.491999999999837,0.17293970775224476,2.683088944198047e-05,0.0,0.07681886973807163,0.21911217646391418
3.493999999999837,0.17293967047163084,2.6521536951747685e-05,0.0,0.07681886938349332,0.2191121398492262
3.4959999999998366,0.17293963352704744,2.6215436993395966e-05,0.0,0.07681886896445063,0.2191121036390716
3.4979999999998364,0.17293959691529825,2.591255650422951e-05,0.0,0.07681886848186709,0.21911206782925932
3.499999999999836,0.17293956063321803,2.5612862753412316e-05,0.0,0.07681886793665561,0.2191120324156407
3.501999999999836,0.17293952467767237,2.531632333712868e-05,0.0,0.07681886732971935,0.21911199739410914
3.5039999999998357,0.17293948904555756,2.5022906176706723e-05,0.0,0.07681886666195087,0.21911196276059916
3.5059999999998355,0.17293945373379982,2.4732579515121298e-05,0.0,0.07681886593423289,0.21911192851108696
3.5079999999998353,0.1729394187393558,2.444531191311527e-05,0.0,0.07681886514743831,0.21911189464158914
3.509999999999835,0.17293938405921128,2.416107224648066e-05,0.0,0.07681886430242994,0.21911186114816247
3.511999999999835,0.1729393496903815,2.387982970306281e-05,0.0,0.07681886340006111,0.21911182802690374
3.5139999999998346,0.17293931562991105,2.36015537799e-05,0.0,0.07681886244117526,0.21911179527394925
3.5159999999998344,0.1729392818748734,2.3326214279381785e-05,0.0,0.0768188614266066,0.21911176288547468
3.517999999999834,0.17293924842236974,2.3053781306863358e-05,0.0,0.07681886035717972,0.21911173085769353
3.519999999999834,0.1729392152695306,2.2784225267740582e-05,0.0,0.07681885923370987,0.21911169918685902
3.5219999999998337,0.17293918241351314,2.2517516864264982e-05,0.0,0.07681885805700318,0.21911166786926067
3.5239999999998335,0.1729391498515036,2.2253627092282803e-05,0.0,0.07681885682785648,0.2191116369012271
3.5259999999998333,0.17293911758071467,2.199252723880249e-05,0.0,0.07681885554705767,0.21911160627912316
3.527999999999833,0.17293908559838633,2.1734188879013472e-05,0.0,0.07681885421538566,0.21911157599935055
3.529999999999833,0.17293905390178543,2.147858387330407e-05,0.0,0.07681885283361056,0.21911154605834773
3.5319999999998326,0.1729390224882057,2.1225684364019072e-05,0.0,0.07681885140249377,0.21911151645258908
3.5339999999998324,0.17293899135496682,2.0975462773756295e-05,0.0,0.07681884992278779,0.21911148717858464
3.535999999999832,0.17293896049941493,2.0727891801414935e-05,0.0,0.07681884839523676,0.21911145823288028
3.537999999999832,0.17293892991892168,2.0482944420805613e-05,0.0,0.07681884682057627,0.21911142961205607
3.5399999999998317,0.17293889961088427,2.0240593876626386e-05,0.0,0.07681884519953344,0.21911140131272727
3.5419999999998315,0.1729388695727252,2.000081368203215e-05,0.0,0.07681884353282727,0.2191113733315431
3.5439999999998313,0.1729388398018925,1.9763577616036223e-05,0.0,0.07681884182116822,0.2191113456651873
3.545999999999831,0.17293881029585867,1.9528859721242412e-05,0.0,0.07681884006525894,0.2191113183103766
3.547999999999831,0.17293878105212035,1.92966343012696e-05,0.0,0.07681883826579365,0.21911129126386142
3.5499999999998306,0.1729387520681993,1.90668759175627e-05,0.0,0.07681883642345917,0.21911126452242494
3.5519999999998304,0.17293872334164084,1.8839559387084773e-05,0.0,0.07681883453893389,0.21911123808288288
3.55399999999983,0.17293869487001445,1.861465978010989e-05,0.0,0.07681883261288866,0.21911121194208358
3.55599999999983,0.17293866665091295,1.839215241684118e-05,0.0,0.07681883064598659,0.21911118609690708
3.5579999999998297,0.17293863868195292,1.8172012866176154e-05,0.0,0.07681882863888297,0.21911116054426516
3.5599999999998295,0.17293861096077356,1.7954216941886623e-05,0.0,0.07681882659222593,0.21911113528110066
3.5619999999998293,0.17293858348503766,1.7738740700862375e-05,0.0,0.07681882450665563,0.21911111030438812
3.563999999999829,0.17293855625242993,1.7525560441291888e-05,0.0,0.07681882238280523,0.2191110856111318
3.565999999999829,0.17293852926065845,1.7314652699265624e-05,0.0,0.0768188202213003,0.2191110611983674
3.5679999999998286,0.17293850250745302,1.7105994246655397e-05,0.0,0.0768188180227594,0.21911103706315999
3.5699999999998284,0.17293847599056544,1.6899562089064372e-05,0.0,0.07681881578779379,0.2191110132026046
3.571999999999828,0.17293844970776928,1.669533346290374e-05,0.0,0.07681881351700752,0.21911098961382564
3.573999999999828,0.17293842365686052,1.649328583368629e-05,0.0,0.07681881121099807,0.21911096629397728
3.5759999999998278,0.17293839783565534,1.6293396893581932e-05,0.0,0.07681880887035529,0.21911094324024194
3.5779999999998275,0.17293837224199193,1.6095644559196938e-05,0.0,0.07681880649566279,0.21911092044983085
3.5799999999998273,0.1729383468737291,1.5900006969107115e-05,0.0,0.07681880408749704,0.21911089791998356
3.581999999999827,0.172938321728747,1.5706462481763283e-05,0.0,0.07681880164642788,0.2191108756479681
3.583999999999827,0.17293829680494555,1.5514989673288102e-05,0.0,0.07681879917301855,0.2191108536310796
3.5859999999998267,0.17293827210024526,1.532556733538035e-05,0.0,0.07681879666782562,0.21911083186664074
3.5879999999998264,0.17293824761258736,1.513817447307733e-05,0.0,0.07681879413139912,0.21911081035200197
3.589999999999826,0.17293822333993236,1.4952790302659214e-05,0.0,0.07681879156428276,0.21911078908454015
3.591999999999826,0.172938199280261,1.4769394249305537e-05,0.0,0.07681878896701386,0.21911076806165894
3.593999999999826,0.1729381754315733,1.4587965945331344e-05,0.0,0.07681878634012326,0.2191107472807885
3.5959999999998256,0.17293815179188865,1.4408485228161738e-05,0.0,0.07681878368413575,0.21911072673938492
3.5979999999998253,0.17293812835924616,1.4230932138077733e-05,0.0,0.07681878099956993,0.2191107064349303
3.599999999999825,0.17293810513170338,1.4055286916539748e-05,0.0,0.07681877828693806,0.21911068636493272
3.601999999999825,0.17293808210733697,1.3881530003212336e-05,0.0,0.07681877554674667,0.21911066652692487
3.6039999999998247,0.172938059284242,1.3709642035037696e-05,0.0,0.07681877277949631,0.21911064691846469
3.6059999999998245,0.17293803666053198,1.3539603844001375e-05,0.0,0.07681876998568114,0.2191106275371355
3.6079999999998242,0.1729380142343393,1.337139645497018e-05,0.0,0.07681876716579006,0.21911060838054497
3.609999999999824,0.17293799200381343,1.320500108335248e-05,0.0,0.07681876432030584,0.21911058944632442
3.611999999999824,0.17293796996712274,1.304039913452842e-05,0.0,0.07681876144970556,0.21911057073213053
3.6139999999998236,0.17293794812245267,1.2877572200398062e-05,0.0,0.0768187585544607,0.2191105522356429
3.6159999999998234,0.17293792646800643,1.271650205845957e-05,0.0,0.07681875563503708,0.21911053395456495
3.617999999999823,0.1729379050020048,1.2557170670219585e-05,0.0,0.07681875269189498,0.2191105158866238
3.619999999999823,0.1729378837226856,1.2399560178144139e-05,0.0,0.07681874972548917,0.21911049802956953
3.6219999999998227,0.1729378626283038,1.2243652905071626e-05,0.0,0.07681874673626927,0.219110480381175
3.6239999999998225,0.172937841717131,1.2089431351735046e-05,0.0,0.07681874372467888,0.21911046293923583
3.6259999999998223,0.1729378209874557,1.1936878195026442e-05,0.0,0.07681874069115696,0.21911044570157004
3.627999999999822,0.17293780043758322,1.1785976286648483e-05,0.0,0.07681873763613675,0.21911042866601832
3.629999999999822,0.17293778006583493,1.1636708650812702e-05,0.0,0.07681873456004662,0.21911041183044297
3.6319999999998216,0.17293775987054838,1.148905848283346e-05,0.0,0.0768187314633096,0.2191103951927277
3.6339999999998214,0.17293773985007732,1.134300914759718e-05,0.0,0.07681872834634364,0.21911037875077857
3.635999999999821,0.17293772000279173,1.1198544177466182e-05,0.0,0.07681872520956148,0.2191103625025229
3.637999999999821,0.17293770032707667,1.1055647271021978e-05,0.0,0.0768187220533713,0.21911034644590843
3.6399999999998207,0.17293768082133343,1.0914302290471842e-05,0.0,0.076818718878176,0.21911033057890464
3.6419999999998205,0.17293766148397838,1.0774493261408067e-05,0.0,0.0768187156843739,0.21911031489950117
3.6439999999998203,0.17293764231344344,1.0636204370378764e-05,0.0,0.07681871247235803,0.21911029940570848
3.64599999999982,0.17293762330817541,1.049941996313708e-05,0.0,0.07681870924251707,0.21911028409555738
3.64799999999982,0.17293760446663642,1.0364124543540495e-05,0.0,0.07681870599523469,0.21911026896709868
3.6499999999998196,0.17293758578730278,1.0230302771024635e-05,0.0,0.0768187027308903,0.21911025401840264
3.6519999999998194,0.1729375672686666,1.0097939460372563e-05,0.0,0.07681869944985811,0.21911023924755993
3.653999999999819,0.17293754890923352,9.96701957944264e-06,0.0,0.07681869615250814,0.21911022465268035
3.655999999999819,0.17293753070752427,9.837528247772868e-06,0.0,0.07681869283920591,0.2191102102318932
3.6579999999998187,0.17293751266207358,9.709450734656374e-06,0.0,0.07681868951031216,0.21911019598334677
3.6599999999998185,0.17293749477143017,9.582772458849947e-06,0.0,0.07681868616618345,0.21911018190520803
3.6619999999998183,0.17293747703415696,9.457478985045445e-06,0.0,0.07681868280717201,0.21911016799566296
3.663999999999818,0.17293745944883088,9.333556024285854e-06,0.0,0.07681867943362543,0.2191101542529162
3.665999999999818,0.17293744201404238,9.210989431860763e-06,0.0,0.07681867604588742,0.21911014067519033
3.6679999999998176,0.17293742472839546,9.089765205713034e-06,0.0,0.07681867264429704,0.21911012726072657
3.6699999999998174,0.17293740759050769,8.969869484821512e-06,0.0,0.07681866922918953,0.21911011400778377
3.671999999999817,0.17293739059900992,8.851288548714769e-06,0.0,0.0768186658008955,0.21911010091463867
3.673999999999817,0.17293737375254614,8.734008814507688e-06,0.0,0.07681866235974204,0.21911008797958553
3.6759999999998167,0.17293735704977364,8.61801683712987e-06,0.0,0.07681865890605184,0.21911007520093642
3.6779999999998165,0.17293734048936238,8.503299307355128e-06,0.0,0.07681865544014341,0.2191100625770204
3.6799999999998163,0.1729373240699954,8.389843050075873e-06,0.0,0.07681865196233169,0.2191100501061837
3.681999999999816,0.17293730779036798,8.27763502323233e-06,0.0,0.07681864847292746,0.21911003778678936
3.683999999999816,0.17293729164918825,8.166662316528083e-06,0.0,0.07681864497223759,0.21911002561721718
3.6859999999998156,0.17293727564517702,8.056912149988102e-06,0.0,0.07681864146056525,0.21911001359586393
3.6879999999998154,0.17293725977706687,7.948371873036961e-06,0.0,0.07681863793820957,0.21911000172114217
3.689999999999815,0.17293724404360322,7.841028962403813e-06,0.0,0.07681863440546599,0.21910998999148135
3.691999999999815,0.17293722844354287,7.734871022050389e-06,0.0,0.07681863086262647,0.21910997840532653
3.6939999999998148,0.17293721297565523,7.62988578050844e-06,0.0,0.07681862730997897,0.219109966961139
3.6959999999998145,0.17293719763872106,7.526061090851398e-06,0.0,0.07681862374780805,0.21910995565739558
3.6979999999998143,0.1729371824315331,7.4233849290066134e-06,0.0,0.07681862017639453,0.21910994449258897
3.699999999999814,0.17293716735289544,7.3218453919822575e-06,0.0,0.07681861659601563,0.2191099334652269
3.701999999999814,0.17293715240162433,7.221430697461221e-06,0.0,0.07681861300694512,0.21910992257383316
3.7039999999998137,0.17293713757654627,7.122129181598088e-06,0.0,0.07681860940945312,0.2191099118169456
3.7059999999998134,0.1729371228765002,7.0239292994315305e-06,0.0,0.07681860580380659,0.21910990119311796
3.7079999999998132,0.17293710830033548,6.926819622252934e-06,0.0,0.076818602190269,0.21910989070091855
3.709999999999813,0.17293709384691303,6.830788836793116e-06,0.0,0.07681859856910025,0.21910988033893036
3.711999999999813,0.17293707951510395,6.735825744675784e-06,0.0,0.07681859494055704,0.21910987010575073
3.7139999999998126,0.17293706530379116,6.64191926031028e-06,0.0,0.07681859130489278,0.21910985999999172
3.7159999999998123,0.1729370512118673,6.549058410611348e-06,0.0,0.07681858766235747,0.2191098500202792
3.717999999999812,0.17293703723823683,6.457232333552002e-06,0.0,0.07681858401319805,0.2191098401652541
3.719999999999812,0.1729370233818135,6.366430277050142e-06,0.0,0.07681858035765823,0.21910983043356982
3.7219999999998117,0.17293700964152192,6.276641597412386e-06,0.0,0.07681857669597848,0.21910982082389463
3.7239999999998115,0.17293699601629786,6.187855759201399e-06,0.0,0.07681857302839622,0.21910981133491095
3.7259999999998112,0.1729369825050857,6.100062333086239e-06,0.0,0.0768185693551457,0.219109801965313
3.727999999999811,0.17293696910684142,6.013250995889377e-06,0.0,0.07681856567645831,0.2191097927138103
3.729999999999811,0.17293695582053026,5.927411528504859e-06,0.0,0.07681856199256207,0.21910978357912453
3.7319999999998106,0.17293694264512727,5.8425338156021565e-06,0.0,0.07681855830368228,0.2191097745599905
3.7339999999998104,0.17293692957961793,5.7586078440716584e-06,0.0,0.0768185546100412,0.21910976565515689
3.73599999999981,0.17293691662299682,5.67562370233539e-06,0.0,0.07681855091185816,0.2191097568633842
3.73799999999981,0.1729369037742685,5.5935715790896665e-06,0.0,0.07681854720934964,0.21910974818344647
3.7399999999998097,0.17293689103244714,5.512441762494344e-06,0.0,0.0768185435027291,0.21910973961412994
3.7419999999998095,0.17293687839655592,5.4322246396086994e-06,0.0,0.07681853979220729,0.21910973115423357
3.7439999999998093,0.17293686586562784,5.352910694468602e-06,0.0,0.07681853607799226,0.21910972280256857
3.745999999999809,0.1729368534387048,5.274490507407297e-06,0.0,0.07681853236028917,0.21910971455795808
3.747999999999809,0.1729368411148382,5.19695475425134e-06,0.0,0.07681852863930035,0.21910970641923813
3.7499999999998086,0.17293682889308837,5.120294205792619e-06,0.0,0.07681852491522556,0.21910969838525615
3.7519999999998084,0.17293681677252448,5.044499725639322e-06,0.0,0.07681852118826175,0.21910969045487164
3.753999999999808,0.17293680475222484,4.9695622709467876e-06,0.0,0.0768185174586035,0.21910968262695568
3.755999999999808,0.1729367928312764,4.895472890059605e-06,0.0,0.07681851372644255,0.21910967490039113
3.7579999999998077,0.17293678100877474,4.822222722266923e-06,0.0,0.07681850999196785,0.21910966727407225
3.7599999999998075,0.17293676928382462,4.7498029964141696e-06,0.0,0.07681850625536628,0.21910965974690508
3.7619999999998073,0.17293675765553873,4.678205030365239e-06,0.0,0.07681850251682172,0.21910965231780652
3.763999999999807,0.17293674612303866,4.60742023062003e-06,0.0,0.07681849877651574,0.2191096449857049
3.765999999999807,0.17293673468545423,4.537440090471154e-06,0.0,0.07681849503462772,0.21910963774953937
3.7679999999998066,0.17293672334192323,4.468256189437639e-06,0.0,0.07681849129133397,0.21910963060826
3.7699999999998064,0.17293671209159234,4.399860192954109e-06,0.0,0.07681848754680892,0.2191096235608281
3.771999999999806,0.17293670093361602,4.332243850704713e-06,0.0,0.07681848380122407,0.21910961660621575
3.773999999999806,0.17293668986715693,4.2653989960676144e-06,0.0,0.0768184800547492,0.219109609743405
3.7759999999998057,0.1729366788913853,4.199317545554836e-06,0.0,0.07681847630755131,0.2191096029713885
3.7779999999998055,0.17293666800548002,4.133991497320035e-06,0.0,0.07681847255979513,0.2191095962891703
3.7799999999998053,0.17293665720862728,4.069412931423869e-06,0.0,0.07681846881164327,0.21910958969576366
3.781999999999805,0.17293664650002105,4.005574007910853e-06,0.0,0.07681846506325567,0.2191095831901925
3.783999999999805,0.1729366358788631,3.94246696661477e-06,0.0,0.07681846131479061,0.2191095767714906
3.7859999999998046,0.17293662534436272,3.880084126418153e-06,0.0,0.07681845756640368,0.21910957043870188
3.7879999999998044,0.17293661489573697,3.818417884173993e-06,0.0,0.07681845381824856,0.21910956419088035
3.789999999999804,0.17293660453221027,3.7574607134998643e-06,0.0,0.07681845007047652,0.2191095580270897
3.791999999999804,0.1729365942530141,3.6972051652975567e-06,0.0,0.07681844632323688,0.21910955194640294
3.7939999999998038,0.17293658405738777,3.63764386576308e-06,0.0,0.07681844257667678,0.21910954594790322
3.7959999999998035,0.17293657394457762,3.5787695160397228e-06,0.0,0.07681843883094126,0.21910954003068311
3.7979999999998033,0.17293656391383672,3.520574891762379e-06,0.0,0.07681843508617324,0.21910953419384374
3.799999999999803,0.1729365539644261,3.4630528417932017e-06,0.0,0.07681843134251369,0.21910952843649695
3.801999999999803,0.1729365440956132,3.4061962878881656e-06,0.0,0.0768184276001014,0.2191095227577627
3.8039999999998027,0.17293653430667266,3.3499982235888096e-06,0.0,0.07681842385907345,0.21910951715677043
3.8059999999998024,0.1729365245968857,3.294451713501558e-06,0.0,0.07681842011956447,0.2191095116326586
3.807999999999802,0.17293651496554108,3.239549893357184e-06,0.0,0.07681841638170771,0.21910950618457486
3.809999999999802,0.1729365054119334,3.1852859688085067e-06,0.0,0.07681841264563405,0.21910950081167513
3.8119999999998018,0.17293649593536475,3.131653214223696e-06,0.0,0.07681840891147251,0.21910949551312459
3.8139999999998015,0.17293648653514349,3.078644973005059e-06,0.0,0.07681840517935044,0.2191094902880969
3.8159999999998013,0.17293647721058458,3.026254655590784e-06,0.0,0.076818401449393,0.2191094851357745
3.817999999999801,0.17293646796100925,2.9744757398942112e-06,0.0,0.07681839772172377,0.21910948005534764
3.819999999999801,0.17293645878574582,2.923301770017408e-06,0.0,0.07681839399646447,0.21910947504601597
3.8219999999998007,0.17293644968412836,2.872726356291752e-06,0.0,0.07681839027373465,0.21910947010698686
3.8239999999998004,0.1729364406554974,2.8227431737208474e-06,0.0,0.0768183865536527,0.2191094652374758
3.8259999999998002,0.17293643169920014,2.7733459616478467e-06,0.0,0.07681838283633473,0.21910946043670704
3.8279999999998,0.17293642281458932,2.7245285234931504e-06,0.0,0.07681837912189524,0.21910945570391213
3.8299999999998,0.1729364140010241,2.676284726050574e-06,0.0,0.07681837541044713,0.21910945103833118
3.8319999999997996,0.1729364052578699,2.628608498348317e-06,0.0,0.07681837170210151,0.21910944643921185
3.8339999999997993,0.1729363965844979,2.5814938312637673e-06,0.0,0.07681836799696769,0.21910944190581005
3.835999999999799,0.17293638798028543,2.534934777290663e-06,0.0,0.07681836429515343,0.21910943743738928
3.837999999999799,0.1729363794446157,2.488925448938011e-06,0.0,0.0768183605967649,0.21910943303322042
3.8399999999997987,0.17293637097687742,2.4434600191068277e-06,0.0,0.0768183569019064,0.21910942869258215
3.8419999999997985,0.1729363625764655,2.3985327206100205e-06,0.0,0.07681835321068085,0.21910942441476075
3.8439999999997982,0.17293635424278042,2.3541378443265834e-06,0.0,0.0768183495231896,0.21910942019904991
3.845999999999798,0.17293634597522822,2.310269739723872e-06,0.0,0.07681834583953223,0.21910941604475034
3.847999999999798,0.1729363377732207,2.2669228137792596e-06,0.0,0.07681834215980675,0.21910941195117054
3.8499999999997976,0.17293632963617522,2.22409153100421e-06,0.0,0.07681833848410966,0.21910940791762615
3.8519999999997974,0.1729363215635149,2.1817704122805333e-06,0.0,0.07681833481253625,0.21910940394343983
3.853999999999797,0.17293631355466754,2.1399540339694087e-06,0.0,0.07681833114518004,0.21910940002794094
3.855999999999797,0.17293630560906692,2.0986370285354466e-06,0.0,0.07681832748213287,0.21910939617046632
3.8579999999997967,0.17293629772615238,2.0578140826222156e-06,0.0,0.07681832382348551,0.21910939237035995
3.8599999999997965,0.17293628990536813,2.017479937620485e-06,0.0,0.07681832016932698,0.21910938862697238
3.8619999999997963,0.17293628214616352,1.9776293883911113e-06,0.0,0.07681831651974487,0.21910938493966015
3.863999999999796,0.17293627444799364,1.9382572829678118e-06,0.0,0.0768183128748257,0.21910938130778815
3.865999999999796,0.17293626681031804,1.8993585220576885e-06,0.0,0.07681830923465409,0.21910937773072645
3.8679999999997956,0.17293625923260203,1.8609280585405834e-06,0.0,0.07681830559931369,0.21910937420785237
3.8699999999997954,0.17293625171431581,1.8229608966804728e-06,0.0,0.0768183019688863,0.2191093707385504
3.871999999999795,0.1729362442549338,1.7854520923921343e-06,0.0,0.07681829834345297,0.2191093673222097
3.873999999999795,0.17293623685393666,1.7483967520528321e-06,0.0,0.07681829472309304,0.21910936395822744
3.8759999999997947,0.17293622951080878,1.7117900314358616e-06,0.0,0.07681829110788446,0.21910936064600645
3.8779999999997945,0.17293622222504035,1.675627136266386e-06,0.0,0.07681828749790415,0.21910935738495602
3.8799999999997943,0.17293621499612555,1.6399033213640398e-06,0.0,0.07681828389322741,0.21910935417449126
3.881999999999794,0.17293620782356367,1.6046138903901983e-06,0.0,0.07681828029392855,0.21910935101403378
3.883999999999794,0.1729362007068591,1.5697541946674241e-06,0.0,0.07681827670008032,0.2191093479030113
3.8859999999997936,0.17293619364552004,1.5353196334553515e-06,0.0,0.07681827311175468,0.219109344840857
3.8879999999997934,0.17293618663906019,1.5013056529178285e-06,0.0,0.07681826952902182,0.219109341827011
3.889999999999793,0.17293617968699726,1.4677077458144567e-06,0.0,0.07681826595195113,0.2191093388609182
3.891999999999793,0.17293617278885387,1.4345214509749352e-06,0.0,0.07681826238061051,0.2191093359420303
3.8939999999997927,0.1729361659441564,1.401742353155038e-06,0.0,0.0768182588150668,0.2191093330698037
3.8959999999997925,0.17293615915243654,1.369366082089772e-06,0.0,0.0768182552553856,0.21910933024370138
3.8979999999997923,0.1729361524132298,1.337388313102587e-06,0.0,0.07681825170163153,0.21910932746319153
3.899999999999792,0.17293614572607652,1.3058047646405468e-06,0.0,0.07681824815386783,0.2191093247277483
3.901999999999792,0.17293613909052108,1.2746111998402384e-06,0.0,0.07681824461215653,0.2191093220368512
3.9039999999997916,0.17293613250611206,1.2438034252223414e-06,0.0,0.07681824107655903,0.21910931938998504
3.9059999999997914,0.1729361259724025,1.2133772902749893e-06,0.0,0.07681823754713488,0.21910931678664036
3.907999999999791,0.17293611948894916,1.1833286866741023e-06,0.0,0.07681823402394326,0.21910931422631255
3.909999999999791,0.17293611305531376,1.1536535488433684e-06,0.0,0.0768182305070419,0.219109311708503
3.9119999999997908,0.1729361066710613,1.124347853094977e-06,0.0,0.07681822699648727,0.21910930923271782
3.9139999999997905,0.17293610033576123,1.09540761657732e-06,0.0,0.0768182234923353,0.2191093067984685
3.9159999999997903,0.17293609404898724,1.0668288971393632e-06,0.0,0.07681821999464047,0.21910930440527188
3.91799999999979,0.17293608781031655,1.0386077932076168e-06,0.0,0.07681821650345629,0.21910930205264958
3.91999999999979,0.17293608161933083,1.0107404435628665e-06,0.0,0.07681821301883529,0.2191092997401285
3.9219999999997897,0.17293607547561507,9.832230265858936e-07,0.0,0.07681820954082903,0.2191092974672404
3.9239999999997894,0.17293606937875872,9.56051759710247e-07,0.0,0.07681820606948822,0.21910929523352196
3.925999999999789,0.17293606332835476,9.292228996062048e-07,0.0,0.07681820260486204,0.2191092930385151
3.927999999999789,0.17293605732399975,9.027327412582693e-07,0.0,0.07681819914699936,0.21910929088176587
3.9299999999997888,0.17293605136529488,8.765776175228118e-07,0.0,0.0768181956959477,0.21910928876282604
3.9319999999997886,0.17293604545184404,8.507538990661914e-07,0.0,0.07681819225175383,0.21910928668125115
3.9339999999997883,0.17293603958325532,8.252579939820534e-07,0.0,0.07681818881446321,0.21910928463660226
3.935999999999788,0.17293603375914035,8.000863473292005e-07,0.0,0.07681818538412079,0.21910928262844462
3.937999999999788,0.17293602797911456,7.752354405526058e-07,0.0,0.07681818196077049,0.21910928065634824
3.9399999999997877,0.17293602224279692,7.50701791530391e-07,0.0,0.07681817854445536,0.21910927871988764
3.9419999999997875,0.17293601654980972,7.264819541826036e-07,0.0,0.07681817513521723,0.21910927681864206
3.9439999999997872,0.17293601089977884,7.025725176402829e-07,0.0,0.07681817173309743,0.21910927495219468
3.945999999999787,0.1729360052923341,6.78970106134394e-07,0.0,0.07681816833813632,0.2191092731201338
3.947999999999787,0.17293599972710805,6.556713785922021e-07,0.0,0.07681816495037336,0.21910927132205138
3.9499999999997866,0.17293599420373695,6.326730284597596e-07,0.0,0.07681816156984715,0.2191092695575442
3.9519999999997864,0.17293598872186067,6.099717832998435e-07,0.0,0.07681815819659536,0.21910926782621307
3.953999999999786,0.17293598328112236,5.8756440443791e-07,0.0,0.076818154830655,0.21910926612766343
3.955999999999786,0.1729359778811681,5.654476862863752e-07,0.0,0.07681815147206235,0.21910926446150417
3.9579999999997857,0.17293597252164794,5.436184564982208e-07,0.0,0.07681814812085253,0.21910926282734935
3.9599999999997855,0.17293596720221416,5.220735757104268e-07,0.0,0.07681814477706005,0.21910926122481592
3.9619999999997852,0.1729359619225237,5.008099363835341e-07,0.0,0.07681814144071848,0.21910925965352646
3.963999999999785,0.17293595668223505,4.798244637158649e-07,0.0,0.07681813811186108,0.21910925811310558
3.965999999999785,0.17293595148101137,4.5911411398666853e-07,0.0,0.07681813479051981,0.219109256603184
3.9679999999997846,0.17293594631851783,4.3867587542469827e-07,0.0,0.07681813147672617,0.21910925512339458
3.9699999999997844,0.17293594119442335,4.185067673040825e-07,0.0,0.07681812817051077,0.2191092536733753
3.971999999999784,0.17293593610839975,3.986038395808337e-07,0.0,0.07681812487190343,0.21910925225276764
3.973999999999784,0.17293593106012173,3.7896417248992025e-07,0.0,0.07681812158093346,0.2191092508612165
3.9759999999997837,0.17293592604926733,3.5958487683980347e-07,0.0,0.07681811829762906,0.21910924949837135
3.9779999999997835,0.17293592107551725,3.404630927758867e-07,0.0,0.07681811502201819,0.21910924816388455
3.9799999999997833,0.17293591613855508,3.2159599016468875e-07,0.0,0.07681811175412791,0.2191092468574127
3.981999999999783,0.17293591123806795,3.0298076867444306e-07,0.0,0.07681810849398431,0.21910924557861627
3.983999999999783,0.172935906373745,2.846146560716173e-07,0.0,0.07681810524161324,0.21910924432715853
3.9859999999997826,0.17293590154527894,2.6649490957339844e-07,0.0,0.07681810199703941,0.21910924310270724
3.9879999999997824,0.1729358967523651,2.486188142822102e-07,0.0,0.07681809876028743,0.2191092419049331
3.989999999999782,0.17293589199470172,2.3098368363773345e-07,0.0,0.07681809553138061,0.21910924073351112
3.991999999999782,0.1729358872719895,2.1358685902688804e-07,0.0,0.07681809231034202,0.21910923958811873
3.9939999999997817,0.172935882583932,1.9642570887995507e-07,0.0,0.07681808909719409,0.21910923846843733
3.9959999999997815,0.1729358779302359,1.7949762947374427e-07,0.0,0.07681808589195822,0.21910923737415203
3.9979999999997813,0.17293587331061033,1.628000434930063e-07,0.0,0.07681808269465573,0.2191092363049511
3.999999999999781,0.17293586872476707,1.463304008030118e-07,0.0,0.07681807950530693,0.21910923526052592
