episodio,pasos,recompensa
1,17,-5.712708
2,36,-8.9267845
3,61,5.1393905
4,84,-12.3095
5,99,-4.135912
6,123,0.9109328
7,145,-13.988102
8,160,0.31068125
9,178,5.859654
10,199,-12.830508
11,229,-2.9515042
12,245,4.2822165
13,266,-8.788044
14,291,-13.129496
15,307,3.3347368
16,331,-7.974929
17,346,2.9755898
18,369,-1.5185905
19,391,-13.8748865
20,403,0.4210949
21,417,2.7777019
22,432,0.81957614
23,458,4.5229735
24,475,0.202209
25,503,-6.050558
26,524,-13.504118
27,547,-12.569376
28,569,-13.790846
29,594,-6.0524764
30,611,-3.992765
31,626,1.9229814
32,651,0.61771727
33,669,4.7311754
34,697,-3.5079308
35,722,9.019025
36,746,2.1431851
37,767,-0.77003044
38,798,1.6691868
39,826,-2.5509307
40,838,0.7092347
41,864,-4.127838
42,883,-8.316993
43,908,3.9781566
44,930,-14.880413
45,957,8.408191
46,979,-11.095743
47,990,-1.0340415
48,1013,-3.1796699
49,1036,0.14071295
50,1058,-13.521476
51,1080,-13.082835
52,1105,-8.392397
53,1135,-1.9980215
54,1158,-10.0616
55,1174,3.9151914
56,1200,-1.3419716
57,1218,-4.3693876
58,1237,-4.2173867
59,1260,2.6262667
60,1275,-0.45989984
61,1291,-4.386789
62,1307,-3.4365134
63,1320,2.5785358
64,1345,-8.3870945
65,1358,3.0630178
66,1382,-11.5799465
67,1409,2.596205
68,1435,1.7629964
69,1458,-12.303557
70,1486,-3.7642307
71,1519,-4.4841356
72,1547,-8.353415
73,1573,-6.213472
74,1599,9.0642395
75,1614,1.1749649
76,1632,-8.263874
77,1646,2.8836975
78,1671,-1.2916421
79,1694,-12.193268
80,1716,-10.769338
81,1735,-3.900477
82,1750,4.487523
83,1765,0.7102711
84,1785,9.286238
85,1799,2.822281
86,1820,-14.073213
87,1842,-11.718746
88,1866,3.303679
89,1882,2.2021012
90,1906,4.720121
91,1920,0.7674192
92,1969,1.1117811
93,1990,-1.7819297
94,2015,-1.8683897
95,2036,10.1317625
96,2056,-0.42229587
97,2072,1.784566
98,2086,-4.9714055
99,2102,0.34701607
100,2118,-1.5954671
101,2132,-5.5365067
102,2146,-3.905219
103,2162,-2.5316412
104,2178,0.2852825
105,2194,-1.9910482
106,2209,-1.3203027
107,2223,-3.6052666
108,2239,0.14146137
109,2259,5.3806086
110,2275,-3.1680405
111,2290,-1.5946155
112,2304,-4.0691214
113,2318,-5.498391
114,2335,0.045723498
115,2351,-2.3346484
116,2364,-3.5142379
117,2378,-5.091437
118,2391,-3.6836534
119,2404,-4.040834
120,2420,-2.2239144
121,2433,-3.9213588
122,2447,-4.3011274
123,2461,-5.418742
124,2478,0.118599
125,2503,-3.4196587
126,2517,-5.7347965
127,2531,-5.8295913
128,2548,-0.7658413
129,2562,-3.168499
130,2582,5.3455334
131,2598,2.5352921
132,2613,-2.6264849
133,2629,-1.6238081
134,2644,-1.7039725
135,2658,-5.344927
136,2671,-4.1081543
137,2685,-6.0194755
138,2698,-4.143388
139,2711,-4.18518
140,2725,-4.258193
141,2742,0.2871198
142,2758,-5.210883
143,2772,-5.4617286
144,2789,0.07464886
145,2805,3.039678
146,2821,-2.4696994
147,2837,-2.324342
148,2854,-1.0941062
149,2868,-5.6581373
150,2882,-5.1387277
151,2896,-4.158901
152,2910,-5.7639637
153,2926,-1.6829216
154,2940,-4.3764386
155,2956,-4.5638304
156,2970,-5.203184
157,2984,-4.919938
158,3000,-2.4090376
159,3014,-4.5835447
160,3027,-3.7521412
161,3041,-3.982525
162,3055,-4.4068346
163,3068,-4.156482
164,3084,-2.3107567
165,3098,-5.452608
166,3112,-4.446229
167,3127,-2.7229817
168,3143,-2.803197
169,3157,-5.346026
170,3171,-4.973306
171,3185,-5.522734
172,3199,-5.3674173
173,3216,2.6053843
174,3232,0.19131684
175,3246,-5.4483204
176,3263,2.6503673
177,3276,-3.7634857
178,3290,-4.343625
179,3304,-5.8470545
180,3318,-5.4133644
181,3333,-1.818341
182,3347,-5.3375096
183,3364,0.111695886
184,3379,-1.2390486
185,3393,-4.1122136
186,3407,-5.8948445
187,3423,-2.2450109
188,3440,0.15948063
189,3454,-4.65354
190,3470,-4.1510024
191,3484,-5.9431906
192,3498,-4.1064334
193,3511,-3.7849894
194,3525,-5.588839
195,3541,0.050248384
196,3557,4.5973535
197,3571,-5.5714664
198,3585,-5.329132
199,3599,-5.2781644
200,3612,-4.0683784
201,3626,-4.2754726
202,3641,-1.0943196
203,3658,-0.030565798
204,3674,-2.2982366
205,3690,-1.8507931
206,3704,-3.2113962
207,3719,-5.066251
208,3733,-2.1987839
209,3747,-5.619823
210,3761,-4.701397
211,3778,-0.33784324
212,3792,-5.1536593
213,3808,-2.2739758
214,3826,-4.1095185
215,3840,-4.7690306
216,3857,2.948601
217,3871,-4.152636
218,3885,-5.707259
219,3899,-5.755186
220,3913,-5.510223
221,3929,-0.12749559
222,3945,1.3188306
223,3961,0.1032756
224,3974,-3.8671153
225,3988,-4.318468
226,4002,-5.065459
227,4018,-0.28952625
228,4035,0.14682806
229,4051,-2.1691825
230,4065,-4.8726892
231,4079,-5.231131
232,4093,-2.2066264
233,4125,5.1467276
234,4147,-14.496902
235,4167,-12.20259
236,4189,-14.440355
237,4210,-14.272857
238,4231,-13.730963
239,4252,-14.351837
240,4273,-14.818077
241,4294,-13.473295
242,4315,-14.445109
243,4336,-14.32653
244,4357,-13.688093
245,4379,-15.278962
246,4401,-14.530737
247,4422,-14.409216
248,4443,-13.432258
249,4464,-13.525296
250,4486,-14.445031
251,4508,-14.214741
252,4529,-12.637489
253,4551,-16.108053
254,4572,-14.286608
255,4594,-15.401501
256,4614,-12.036447
257,4636,-15.409858
258,4657,-13.358505
259,4679,-14.832196
260,4700,-13.452734
261,4722,-15.668354
262,4743,-14.183283
263,4764,-14.5479355
264,4785,-13.590628
265,4806,-14.448848
266,4828,-14.811411
267,4850,-14.756801
268,4871,-14.573112
269,4892,-14.347889
270,4913,-13.542432
271,4933,-12.07119
272,4954,-14.731015
273,4975,-14.23821
274,4996,-14.564714
275,5018,-14.316831
276,5038,-11.813645
277,5059,-14.299928
278,5081,-14.625667
279,5102,-14.564264
280,5124,-14.138184
281,5145,-14.165207
282,5167,-15.750724
283,5188,-14.429857
284,5209,-14.762632
285,5230,-14.206618
286,5252,-15.352594
287,5274,-14.56444
288,5295,-14.340242
289,5317,-14.904645
290,5339,-15.310082
291,5360,-14.718935
292,5382,-14.205172
293,5403,-14.465681
294,5424,-14.487655
295,5445,-14.086409
296,5466,-14.095726
297,5488,-15.094358
298,5509,-13.868699
299,5531,-13.234886
300,5552,-13.967001
301,5573,-14.427445
302,5594,-14.131706
303,5615,-13.897211
304,5637,-14.650348
305,5659,-14.512384
306,5680,-14.235254
307,5702,-14.328575
308,5723,-14.32853
309,5744,-14.313924
310,5765,-13.675702
311,5786,-14.31041
312,5807,-13.728966
313,5828,-13.984421
314,5849,-14.585146
315,5871,-14.242586
316,5892,-14.21119
317,5913,-13.6032295
318,5935,-14.810009
319,5956,-14.654011
320,5975,-14.679361
321,5996,-13.713944
322,6018,-14.839885
323,6039,-13.639739
324,6060,-14.305814
325,6081,-14.329825
326,6102,-14.47678
327,6123,-14.260626
328,6144,-13.699081
329,6166,-5.5336084
330,6187,-6.463318
331,6205,-10.299914
332,6224,-6.096468
333,6245,-7.6484203
334,6263,-6.758361
335,6281,-7.3434
336,6295,-6.612476
337,6317,-10.233544
338,6336,-7.5647135
339,6359,-7.276801
340,6378,-6.9758224
341,6396,-7.0969696
342,6418,-5.5787964
343,6440,-6.6048927
344,6454,-7.169223
345,6476,-10.173566
346,6497,-5.961733
347,6518,-5.5012712
348,6532,-6.5750084
349,6548,-5.5100126
350,6571,-5.541248
351,6593,-6.0076814
352,6611,-8.25728
353,6628,-7.3391314
354,6652,-11.097258
355,6671,-8.979317
356,6693,-6.313959
357,6715,-6.242739
358,6733,-6.8670096
359,6747,-5.815606
360,6766,-8.553856
361,6784,-7.1158385
362,6803,-6.827895
363,6822,-7.9318705
364,6845,-8.225545
365,6867,-5.527473
366,6891,-9.635085
367,6912,-6.184937
368,6932,-9.038197
369,6951,-8.544358
370,6969,-9.168589
371,6990,-5.992932
372,7012,-6.14907
373,7031,-8.152522
374,7050,-8.727069
375,7071,-6.6379237
376,7093,-5.5409856
377,7114,-6.331238
378,7129,-6.723844
379,7148,-6.692103
380,7170,-7.2617617
381,7189,-8.974494
382,7204,-6.8082366
383,7226,-6.4230843
384,7248,-4.896167
385,7270,-6.1881804
386,7284,-6.242302
387,7298,-6.7854323
388,7314,-6.406697
389,7333,-7.9702535
390,7352,-8.25489
391,7366,-6.202941
392,7380,-6.149387
393,7399,-8.974614
394,7417,-8.97218
395,7438,-8.499611
396,7457,-9.250287
397,7481,-10.852611
398,7504,-10.035901
399,7524,-9.870312
400,7544,-9.32115
401,7567,-6.197199
402,7587,-9.054704
403,7606,-8.407923
404,7626,-6.0013046
405,7644,-8.373568
406,7663,-6.8970466
407,7684,-6.8938375
408,7705,-6.4551005
409,7730,-11.721056
410,7750,-7.513775
411,7768,-7.8998294
412,7789,-9.343015
413,7809,-9.603798
414,7827,-7.9301653
415,7848,-5.352205
416,7866,-7.678584
417,7885,-8.909365
418,7907,-9.378429
419,7927,-6.271431
420,7946,-5.6144214
421,7968,-6.6673536
422,7990,-6.214224
423,8009,-7.767565
424,8033,-8.971408
425,8055,-5.8466263
426,8074,-7.9571605
427,8096,-6.186184
428,8125,-8.630266
429,8143,-6.6614923
430,8159,-2.8001475
431,8180,-6.067566
432,8205,-13.297645
433,8253,6.346193
434,8266,-8.660509
435,8295,-12.727237
436,8334,-10.032064
437,8363,-5.6941576
438,8389,-8.676584
439,8430,-1.4077797
440,8470,-9.520353
441,8509,-3.2389636
442,8555,11.10317
443,8595,3.3310742
444,8624,-2.3769894
445,8664,3.244157
446,8691,-4.1299133
447,8705,-9.72466
448,8744,-4.5044427
449,8772,-8.0378
450,8796,-13.3955555
451,8826,-17.155556
452,8839,-8.513237
453,8879,-15.347182
454,8921,-7.081867
455,8961,-3.8600273
456,8995,-9.921862
457,9034,-6.1648602
458,9064,-16.720533
459,9101,2.186337
460,9141,-3.0319147
461,9176,-14.219669
462,9218,-13.569943
463,9254,-4.50401
464,9282,-13.868366
465,9311,-10.131427
466,9349,-10.254758
467,9389,-10.208133
468,9425,-3.1588085
469,9464,-5.7861595
470,9494,-13.026787
471,9530,-4.967971
472,9572,0.0662359
473,9600,-5.8529243
474,9639,-12.089681
475,9662,-15.672274
476,9703,-4.6589603
477,9746,16.043661
478,9790,-11.52997
479,9813,1.797121
480,9836,-9.707764
481,9855,1.2264988
482,9892,-6.090064
483,9917,-9.28237
484,9957,-8.496098
485,10002,-7.955212
486,10025,-5.187688
487,10065,-4.2424006
488,10093,-6.9411907
489,10131,16.951405
490,10183,-0.06371403
491,10220,-3.081982
492,10244,-4.6598635
493,10252,-10.271495
494,10259,-8.591543
495,10266,-8.656396
496,10273,-8.931647
497,10280,-8.418745
498,10287,-8.580245
499,10295,-10.392219
500,10304,-11.20978
501,10313,-11.277847
502,10322,-11.15192
503,10330,-10.33465
504,10338,-10.735848
505,10345,-8.834623
506,10352,-9.369822
507,10361,-11.224229
508,10368,-8.943911
509,10376,-11.1141
510,10392,-13.628662
511,10400,-10.433754
512,10406,-7.410885
513,10414,-10.361544
514,10422,-10.649902
515,10430,-10.438971
516,10439,-11.568075
517,10447,-9.425058
518,10455,-10.466918
519,10462,-9.30139
520,10478,-19.603945
521,10494,-20.284313
522,10502,-10.467494
523,10511,-11.32002
524,10518,-9.347637
525,10526,-10.218893
526,10534,-9.70922
527,10542,-9.71438
528,10551,-11.5498
529,10558,-9.3655405
530,10566,-11.141167
531,10573,-9.422334
532,10581,-10.1402235
533,10590,-11.744701
534,10597,-9.258778
535,10605,-9.680942
536,10614,-11.212364
537,10621,-9.470774
538,10629,-10.1969185
539,10637,-10.320744
540,10645,-10.122689
541,10659,-16.285883
542,10668,-11.586504
543,10677,-11.308723
544,10685,-10.469999
545,10693,-10.203219
546,10701,-11.289395
547,10708,-9.419746
548,10715,-9.496239
549,10723,-10.120552
550,10732,-11.615971
551,10740,-10.056624
552,10748,-10.099578
553,10756,-10.448953
554,10765,-11.45723
555,10773,-9.935255
556,10780,-9.328645
557,10788,-10.317905
558,10795,-8.2439
559,10803,-10.256827
560,10812,-11.250248
561,10820,-10.052934
562,10828,-9.993308
563,10836,-10.289132
564,10844,-9.8460655
565,10853,-10.944866
566,10861,-10.1933775
567,10868,-9.219051
568,10877,-11.374862
569,10893,-18.940609
570,10909,-20.26709
571,10917,-10.157435
572,10925,-10.351353
573,10933,-10.232648
574,10940,-9.34374
575,10953,-15.666378
576,10961,-10.340476
577,10970,-11.311073
578,10980,-13.220301
579,10988,-10.895691
580,10995,-9.237966
581,11002,-9.137947
582,11010,-10.676459
583,11026,-19.697563
584,11042,-19.038382
585,11051,-11.442195
586,11060,-11.31754
587,11076,-19.524586
588,11083,-9.367644
589,11092,-11.363837
590,11108,-19.920633
591,11124,-19.502552
592,11132,-10.404345
593,11139,-8.812325
594,11147,-10.818907
595,11155,-10.500301
596,11163,-10.083927
597,11172,-11.253583
598,11180,-10.101829
599,11188,-10.464033
600,11197,-11.243772
601,11205,-11.18501
602,11214,-11.386979
603,11221,-9.469555
604,11229,-10.144844
605,11237,-10.17295
606,11245,-9.926093
607,11252,-9.42474
608,11259,-9.590959
609,11267,-10.287658
610,11275,-10.131414
611,11283,-11.124625
612,11290,-9.241416
613,11298,-10.8449
614,11314,-20.104658
615,11323,-10.891942
616,11339,-19.007143
617,11348,-11.5772295
618,11356,-10.324657
619,11363,-8.277488
620,11379,-19.512556
621,11387,-9.923173
622,11396,-11.141052
623,11405,-11.579623
624,11421,-19.187271
625,11429,-10.059555
626,11436,-9.4594555
627,11445,-11.413866
628,11454,-11.226742
629,11461,-8.449017
630,11469,-10.524007
631,11484,-18.922518
632,11492,-9.569794
633,11501,-11.235168
634,11510,-11.17716
635,11518,-9.939947
636,11525,-9.058507
637,11533,-10.169444
638,11540,-9.381462
639,11547,-9.431753
640,11555,-10.129089
641,11562,-9.061462
642,11570,-10.711009
643,11587,-19.1849
644,11595,-10.3585615
645,11603,-9.672315
646,11612,-11.0223255
647,11621,-11.277808
648,11628,-8.842825
649,11636,-10.845284
650,11645,-10.888106
651,11654,-11.303897
652,11661,-9.333038
653,11668,-9.353924
654,11677,-11.174057
655,11685,-10.010099
656,11701,-19.579409
657,11709,-10.602698
658,11716,-9.101006
659,11723,-9.338968
660,11730,-8.399598
661,11746,-20.95764
662,11754,-10.453867
663,11763,-11.334329
664,11771,-10.427799
665,11778,-9.412396
666,11786,-10.40674
667,11795,-11.463218
668,11802,-9.164009
669,11818,-20.157415
670,11826,-10.859449
671,11834,-10.258866
672,11850,-20.084972
673,11866,-20.332457
674,11875,-11.046519
675,11891,-17.690428
676,11899,-9.924544
677,11915,-18.764763
678,11923,-10.577742
679,11940,-19.109068
680,11948,-9.792807
681,11956,-10.299542
682,11973,-19.527197
683,11981,-9.979177
684,11988,-8.7612
685,11997,-10.991521
686,12006,-11.244831
687,12013,-9.0954895
688,12031,-19.940891
689,12039,-11.020378
690,12048,-11.668867
691,12054,-7.166715
692,12063,-10.993633
693,12079,-19.391449
694,12086,-9.385697
695,12095,-11.310845
696,12102,-9.281736
697,12110,-10.148932
698,12117,-9.836438
699,12133,-14.093635
700,12141,-10.448631
701,12148,-9.787569
702,12156,-10.007632
703,12164,-10.645181
704,12172,-10.453459
705,12179,-9.444752
706,12188,-11.250136
707,12196,-10.1188545
708,12204,-10.280565
709,12212,-10.819333
710,12220,-10.439216
711,12227,-9.600613
712,12235,-10.137693
713,12251,-20.235683
714,12267,-20.890913
715,12275,-9.916872
716,12282,-9.30066
717,12297,-16.772987
718,12306,-1.9557703
719,12315,-0.82892317
720,12325,-1.4196246
721,12334,-3.161265
722,12343,-0.823743
723,12352,-0.7920638
724,12365,-0.55646604
725,12374,-0.90293413
726,12383,-0.8208883
727,12392,-1.7824277
728,12401,-1.066142
729,12417,-11.545992
730,12426,-1.4254134
731,12436,-1.5486994
732,12446,-1.297778
733,12455,-0.7124333
734,12468,-0.8288572
735,12477,-2.480742
736,12486,-0.88969964
737,12495,-1.5917834
738,12504,-1.2909883
739,12513,-1.7767403
740,12522,-3.009396
741,12532,-0.30285782
742,12546,-1.1945014
743,12554,-1.9510391
744,12563,-0.9746046
745,12572,-0.6721431
746,12581,-0.8420668
747,12590,-1.5129459
748,12599,-0.42648828
749,12608,-1.6858172
750,12618,-1.4011205
751,12628,-1.3601083
752,12639,-0.69543743
753,12648,-1.7284021
754,12657,-0.9071155
755,12666,-2.2840757
756,12675,-0.3486731
757,12691,-11.460052
758,12700,-1.6013074
759,12709,-0.7865892
760,12718,-0.58271456
761,12727,-3.624553
762,12736,-1.0025108
763,12745,-1.601937
764,12754,-1.0578861
765,12763,-0.8694015
766,12772,-1.2346385
767,12784,-0.82822156
768,12792,-1.545256
769,12801,-1.7568126
770,12810,-1.0440118
771,12820,-1.4386907
772,12829,-1.6818459
773,12839,-0.23970354
774,12849,-1.3198948
775,12857,-2.0084906
776,12867,-0.98376656
777,12875,-1.7313151
778,12884,-1.693341
779,12894,-0.1770168
780,12903,-0.76718473
781,12912,-1.111635
782,12922,-1.2505441
783,12932,-0.5238409
784,12941,-1.5112641
785,12950,-0.31156766
786,12960,-0.5690068
787,12969,-1.0352836
788,12978,-1.362928
789,12987,-3.2417347
790,12996,-0.97891456
791,13005,-1.5709018
792,13013,-2.0442157
793,13022,-1.6566535
794,13031,-1.4144258
795,13041,-0.19782008
796,13050,-0.8668356
797,13066,-11.2122965
798,13075,-0.14313114
799,13084,-0.3832664
800,13093,-1.3836675
801,13103,-0.9542911
802,13112,-1.5821856
803,13122,-0.5097719
804,13131,-0.9571755
805,13140,-1.961065
806,13150,-1.1837797
807,13159,-1.5952277
808,13167,-1.5306537
809,13176,-3.408129
810,13185,-1.6703162
811,13195,-1.288852
812,13204,-1.1305096
813,13213,-1.675312
814,13222,-1.6736475
815,13231,-1.7072365
816,13240,-1.1814255
817,13249,-0.45780212
818,13258,-0.8569759
819,13267,-0.94470996
820,13277,-0.13832669
821,13287,-0.3202061
822,13296,-2.8054073
823,13305,-1.1840994
824,13314,-2.8231246
825,13323,-1.5995257
826,13332,-0.941691
827,13340,-2.0270321
828,13356,-11.485599
829,13365,-1.7082734
830,13374,-0.90643793
831,13383,-1.0450187
832,13393,-0.98675144
833,13403,-1.0640041
834,13413,-1.1221104
835,13421,-1.9714508
836,13430,-1.3451433
837,13439,-1.3462182
838,13448,-1.1116846
839,13464,-11.430906
840,13474,-1.364886
841,13483,-1.6399151
842,13493,-1.2929419
843,13502,-1.586381
844,13511,-0.7325138
845,13520,-1.6005363
846,13529,-0.31481308
847,13538,-1.3835225
848,13547,-1.6283405
849,13563,-10.517581
850,13572,-1.1295601
851,13581,-2.400607
852,13590,-1.1545448
853,13600,-1.2981777
854,13609,-1.6115375
855,13618,-1.3106213
856,13627,-0.9291267
857,13635,-1.9501679
858,13644,-2.208643
859,13652,-1.9928911
860,13661,-0.47789067
861,13671,-1.3529365
862,13680,-0.81961775
863,13689,-1.5359619
864,13698,-1.4139222
865,13708,-0.15047434
866,13717,-2.4256432
867,13726,-1.6981844
868,13734,-1.9627669
869,13744,-0.3313131
870,13753,-3.213583
871,13762,-3.5780761
872,13771,-1.682476
873,13780,-1.7436173
874,13790,-0.87069666
875,13800,-1.2913784
876,13811,-1.080802
877,13820,-1.589596
878,13829,-1.2415891
879,13839,-0.7552837
880,13848,-3.0474634
881,13856,-1.5218478
882,13865,-0.8485965
883,13874,-1.3735232
884,13884,-1.1836567
885,13893,-1.6488835
886,13902,-1.851433
887,13912,-0.5421666
888,13922,-0.3852861
889,13931,-0.76208377
890,13940,-1.023551
891,13950,0.100146994
892,13960,-1.376315
893,13969,-0.70703304
894,13978,-1.5425477
895,13987,-1.4723778
896,13996,-1.1188378
897,14005,-0.8404713
898,14014,-0.3447637
899,14023,-1.0060077
900,14033,-1.0493639
901,14042,-1.2256651
902,14051,-0.67904097
903,14061,-0.14979348
904,14071,-0.032515913
905,14080,-1.9998151
906,14089,-1.0378714
907,14098,-0.806593
908,14107,-0.63601434
909,14116,-1.2916517
910,14126,-1.1601946
911,14135,-1.388659
912,14145,-0.9900171
913,14154,-0.8383227
914,14165,-0.6309071
915,14174,-1.7006108
916,14183,-0.30983692
917,14193,-0.060742967
918,14202,-1.2147067
919,14211,-0.7730316
920,14221,0.009952069
921,14230,-1.4338562
922,14238,-1.5782824
923,14247,-1.5883837
924,14255,-1.601244
925,14267,-0.5547726
926,14276,-1.708984
927,14285,-3.6883674
928,14294,-2.533483
929,14303,-0.935327
930,14312,-0.9221315
931,14321,-0.34476912
932,14330,-1.7907753
933,14339,-0.29496804
934,14361,-1.4947563
935,14380,-1.9387817
936,14402,0.31806645
937,14425,-2.4604483
938,14448,-0.50959593
939,14465,-3.125134
940,14487,-0.052277654
941,14508,0.67088825
942,14531,0.7894833
943,14553,0.3489436
944,14573,-1.0877758
945,14589,-2.2966087
946,14612,-1.1976415
947,14634,-0.1997203
948,14656,-0.6805621
949,14681,0.017745376
950,14699,-2.2143726
951,14721,-0.48426965
952,14746,0.0807026
953,14767,0.24941698
954,14788,0.52010775
955,14811,-1.1895708
956,14835,-1.3841939
957,14857,1.5581625
958,14878,-2.2746334
959,14895,-2.8882344
960,14919,3.7189991
961,14936,-3.4083552
962,14957,-0.2068038
963,14974,-1.6045363
964,14997,0.22782317
965,15013,-2.770496
966,15035,1.5111606
967,15056,-3.1677175
968,15080,-4.7880425
969,15103,-0.039706357
970,15124,0.30082136
971,15147,-1.9284914
972,15169,0.52953124
973,15192,-3.5731695
974,15215,-1.4622321
975,15238,-0.08385134
976,15256,-2.8198526
977,15272,-2.7122724
978,15295,0.12585306
979,15313,-1.6580169
980,15335,-2.7094417
981,15355,-0.48412693
982,15378,-2.4282396
983,15400,0.31581008
984,15421,0.58079875
985,15443,-0.21917537
986,15465,0.049018323
987,15487,-1.096536
988,15506,-1.1586983
989,15526,-0.49760196
990,15543,-2.579754
991,15567,-3.4772964
992,15589,-0.54857033
993,15609,-1.9634103
994,15634,-0.28449678
995,15656,1.0007985
996,15677,-0.86544836
997,15698,0.059008986
998,15720,-2.2022028
999,15739,0.59414697
1000,15763,2.2220407
1001,15783,-1.5053214
1002,15801,-2.6978788
1003,15819,-2.6555455
1004,15843,-1.1082358
1005,15863,-0.30123955
1006,15881,-0.9233132
1007,15900,-0.7573874
1008,15922,-1.5109255
1009,15940,-1.4660561
1010,15957,-2.160625
1011,15979,1.5856929
1012,16001,-1.4315728
1013,16019,-2.208507
1014,16037,-1.9548838
1015,16052,-2.6397088
1016,16068,-3.247964
1017,16089,0.46914452
1018,16106,-2.689711
1019,16127,0.07178241
1020,16150,-2.4731815
1021,16173,-0.2029361
1022,16190,-2.832076
1023,16212,-0.8226163
1024,16234,-1.0328952
1025,16255,2.6702728
1026,16278,-0.39679906
1027,16295,-3.3489442
1028,16319,-0.70587534
1029,16343,-0.53668356
1030,16366,2.7727675
1031,16386,-0.7450464
1032,16398,-18.754772
1033,16411,-19.501522
1034,16424,-19.539331
1035,16437,-18.503794
1036,16450,-19.044548
1037,16463,-16.604734
1038,16476,-18.55938
1039,16489,-19.90227
1040,16502,-19.3708
1041,16515,-19.582111
1042,16528,-19.60141
1043,16541,-18.178146
1044,16554,-19.831451
1045,16567,-19.48914
1046,16580,-17.331163
1047,16593,-19.813002
1048,16606,-19.297514
1049,16618,-17.638647
1050,16631,-18.654564
1051,16644,-18.636711
1052,16657,-19.22292
1053,16670,-19.448454
1054,16683,-19.993755
1055,16696,-18.994362
1056,16709,-16.430779
1057,16722,-19.075787
1058,16734,-18.143665
1059,16747,-19.550318
1060,16759,-18.39965
1061,16772,-19.607384
1062,16785,-18.734676
1063,16798,-17.378801
1064,16811,-19.909098
1065,16824,-18.638182
1066,16836,-18.94574
1067,16849,-19.111492
1068,16862,-19.304956
1069,16875,-18.802893
1070,16888,-18.583326
1071,16901,-16.104143
1072,16914,-20.034248
1073,16926,-18.101944
1074,16939,-19.803503
1075,16952,-19.30206
1076,16965,-17.66813
1077,16978,-18.894234
1078,16991,-16.139605
1079,17004,-18.888565
1080,17017,-19.144257
1081,17030,-18.346565
1082,17043,-19.065744
1083,17056,-20.152483
1084,17069,-19.827936
1085,17082,-19.790415
1086,17095,-19.135084
1087,17108,-16.444065
1088,17121,-18.315489
1089,17134,-19.221525
1090,17146,-18.601213
1091,17159,-19.937222
1092,17171,-19.040054
1093,17184,-16.09356
1094,17197,-19.406305
1095,17210,-20.00957
1096,17223,-16.84128
1097,17236,-19.670784
1098,17249,-20.199106
1099,17261,-18.344633
1100,17274,-16.021519
1101,17287,-17.853518
1102,17300,-18.449451
1103,17313,-19.762184
1104,17326,-16.598938
1105,17339,-19.451256
1106,17352,-16.03941
1107,17365,-19.15271
1108,17378,-19.028257
1109,17391,-16.22707
1110,17404,-18.809017
1111,17417,-18.694773
1112,17430,-19.522589
1113,17443,-18.836966
1114,17456,-19.324099
1115,17469,-18.62551
1116,17482,-19.505817
1117,17495,-18.354523
1118,17508,-19.10744
1119,17521,-18.142042
1120,17534,-19.352741
1121,17547,-18.989258
1122,17560,-19.916092
1123,17573,-18.996695
1124,17585,-18.524202
1125,17598,-18.840254
1126,17611,-19.461288
1127,17623,-18.764086
1128,17635,-17.702126
1129,17648,-19.176361
1130,17660,-17.483631
1131,17673,-19.571215
1132,17687,-18.980818
1133,17700,-19.720413
1134,17713,-16.38965
1135,17726,-19.773354
1136,17739,-20.04628
1137,17752,-17.279089
1138,17765,-20.098545
1139,17778,-18.83087
1140,17791,-19.665041
1141,17804,-19.265907
1142,17817,-15.862494
1143,17830,-18.56931
1144,17843,-17.255299
1145,17856,-19.094383
1146,17869,-19.339071
1147,17882,-19.519545
1148,17895,-20.028088
1149,17908,-19.144691
1150,17921,-19.477926
1151,17934,-18.921112
1152,17946,-18.751411
1153,17959,-19.759665
1154,17972,-20.07511
1155,17985,-18.784767
1156,17998,-16.906303
1157,18011,-18.47639
1158,18024,-19.321077
1159,18037,-20.397997
1160,18050,-19.188486
1161,18063,-18.888134
1162,18076,-19.037926
1163,18089,-16.460783
1164,18102,-16.945381
1165,18115,-19.587532
1166,18128,-18.67992
1167,18141,-20.471199
1168,18154,-19.614122
1169,18166,-18.429533
1170,18179,-18.934849
1171,18191,-17.761955
1172,18203,-18.487808
1173,18216,-16.515352
1174,18229,-19.324833
1175,18242,-19.437597
1176,18255,-19.415949
1177,18268,-19.764194
1178,18281,-19.959986
1179,18293,-17.814346
1180,18306,-19.159943
1181,18319,-19.128027
1182,18332,-18.073698
1183,18345,-19.081522
1184,18358,-19.266813
1185,18371,-19.721277
1186,18384,-19.631554
1187,18397,-18.423716
1188,18409,-18.756618
1189,18422,-18.888945
1190,18434,-16.324068
1191,18459,7.999657
1192,18477,3.9507022
1193,18500,9.300551
1194,18521,8.243559
1195,18551,15.520763
1196,18576,7.645658
1197,18612,11.374389
1198,18645,8.522939
1199,18666,4.459244
1200,18683,6.2927628
1201,18700,4.821357
1202,18726,9.244505
1203,18748,7.74304
1204,18770,8.09565
1205,18796,12.232458
1206,18826,18.431435
1207,18861,20.56435
1208,18885,10.4651575
1209,18917,22.480925
1210,18942,13.353956
1211,18966,11.275715
1212,18990,8.227909
1213,19018,17.417643
1214,19034,2.1359227
1215,19067,17.243511
1216,19096,10.8473425
1217,19125,14.661575
1218,19166,22.692827
1219,19182,1.1615742
1220,19219,27.189833
1221,19234,0.33669484
1222,19256,5.417966
1223,19273,2.402503
1224,19302,15.429357
1225,19333,18.788227
1226,19354,5.028714
1227,19371,6.431247
1228,19397,9.634622
1229,19417,8.545497
1230,19433,4.254768
1231,19472,24.550629
1232,19499,14.036002
1233,19515,0.87851465
1234,19550,21.598858
1235,19578,14.344982
1236,19599,7.927036
1237,19631,16.223545
1238,19656,11.389295
1239,19680,9.379517
1240,19701,7.403598
1241,19725,7.4503293
1242,19748,11.451278
1243,19771,8.0445385
1244,19792,8.218982
1245,19816,8.5694065
1246,19830,0.5404438
1247,19851,6.720747
1248,19873,9.508803
1249,19923,35.802956
1250,19945,7.451187
1251,19960,0.09806204
1252,19991,17.050556
1253,20012,7.6541495
1254,20033,7.483326
1255,20063,12.576068
1256,20083,6.4860783
1257,20114,20.801037
1258,20137,11.834579
1259,20156,4.062524
1260,20182,7.818872
1261,20208,9.95775
1262,20231,6.565302
1263,20249,4.957202
1264,20275,8.350632
1265,20296,9.078266
1266,20314,5.466122
1267,20337,10.166603
1268,20355,6.676319
1269,20383,10.3636875
1270,20405,9.145089
1271,20429,12.415936
1272,20452,7.868939
1273,20479,9.040942
1274,20501,-7.8194265
1275,20527,-7.272745
1276,20549,-9.72209
1277,20572,-8.932666
1278,20593,-8.587642
1279,20611,-9.769854
1280,20632,-11.619718
1281,20653,-8.18763
1282,20673,-12.060044
1283,20692,-8.551207
1284,20718,-12.107634
1285,20738,-10.861284
1286,20759,-4.2119975
1287,20779,-11.246071
1288,20799,-9.845295
1289,20820,-2.9463568
1290,20851,-1.4510541
1291,20873,-9.523574
1292,20894,-10.942624
1293,20913,-7.5929136
1294,20937,-11.104354
1295,20963,-7.388154
1296,20989,-7.9367247
1297,21008,-9.182864
1298,21036,-8.707157
1299,21058,-7.917913
1300,21081,-11.184034
1301,21101,-11.345338
1302,21123,-8.47353
1303,21144,-12.1431465
1304,21170,-7.5457487
1305,21189,-7.830888
1306,21216,-6.7011356
1307,21239,-10.918329
1308,21259,-9.498246
1309,21282,-9.308106
1310,21309,-12.85704
1311,21328,-8.855699
1312,21348,-9.195371
1313,21371,-10.647324
1314,21394,-11.996515
1315,21412,-8.395763
1316,21433,-10.302571
1317,21458,-9.762796
1318,21480,-11.750512
1319,21504,-8.792775
1320,21534,-8.739213
1321,21555,-12.511198
1322,21575,-9.508992
1323,21593,-10.542391
1324,21611,-2.6910796
1325,21629,-9.167823
1326,21659,-9.800835
1327,21682,-3.0244918
1328,21702,-11.435592
1329,21734,-8.0576515
1330,21752,-9.528366
1331,21781,-7.7873077
1332,21801,-8.921762
1333,21819,-11.209402
1334,21841,-10.201937
1335,21862,-10.920974
1336,21883,-10.691697
1337,21903,-12.416787
1338,21928,-7.7339835
1339,21947,-10.990825
1340,21971,-8.032133
1341,21991,-5.818892
1342,22009,-8.034801
1343,22028,-8.737232
1344,22048,-9.792514
1345,22090,-0.76421523
1346,22112,-9.486714
1347,22135,-10.017326
1348,22159,-8.5652485
1349,22179,-10.758408
1350,22200,-10.136846
1351,22219,-9.719672
1352,22244,-9.009074
1353,22273,-8.237434
1354,22293,-5.0466375
1355,22313,-9.217672
1356,22332,-10.4275055
1357,22353,-9.701965
1358,22373,-10.206155
1359,22407,-3.048755
1360,22430,-9.30598
1361,22449,-9.154544
1362,22470,-8.857513
1363,22495,-8.878061
1364,22520,-9.97136
1365,22533,0.882267
1366,22544,-1.6408073
1367,22555,-1.8358803
1368,22566,-1.521177
1369,22577,-1.8072304
1370,22588,-1.6866667
1371,22599,-1.6673808
1372,22610,-1.6272728
1373,22621,-1.4995365
1374,22632,-1.5073168
1375,22643,-1.8005677
1376,22654,-1.5491934
1377,22665,-1.5179394
1378,22676,-1.7887971
1379,22687,-1.7973515
1380,22698,-1.6744044
1381,22709,-1.7050632
1382,22720,-1.7848089
1383,22731,-1.6256928
1384,22742,-1.5926242
1385,22753,-1.5519799
1386,22764,-1.7566025
1387,22775,-1.72901
1388,22786,-1.6487519
1389,22797,-1.720446
1390,22808,-1.7794958
1391,22819,-1.4269866
1392,22830,-1.7752786
1393,22841,-1.5247127
1394,22852,-1.5263832
1395,22863,-1.5133657
1396,22874,-1.1570793
1397,22885,-1.7531998
1398,22896,-1.7276254
1399,22907,-1.5418717
1400,22918,-1.6714537
1401,22929,-1.7439885
1402,22940,-1.5583391
1403,22951,-1.7122105
1404,22962,-1.7339379
1405,22973,-1.638943
1406,22984,-1.7154435
1407,22995,-1.7724764
1408,23006,-1.4450932
1409,23017,-1.7166117
1410,23028,-1.7313669
1411,23039,-1.712212
1412,23050,-1.5650997
1413,23061,-1.4690759
1414,23072,-1.7788932
1415,23083,-1.7246433
1416,23094,-1.6556749
1417,23105,-1.756365
1418,23116,-1.7363175
1419,23127,-1.7745565
1420,23138,-1.7095172
1421,23149,-1.665369
1422,23160,-1.378447
1423,23171,-1.391011
1424,23182,-1.590831
1425,23193,-1.7084519
1426,23204,-1.766558
1427,23215,-1.8474807
1428,23226,-1.7754203
1429,23237,-1.7074778
1430,23248,-1.8141834
1431,23259,-1.4985964
1432,23270,-1.7700467
1433,23281,-1.3586559
1434,23292,-1.6886053
1435,23303,-1.6107156
1436,23314,-1.6962194
1437,23325,-1.5933588
1438,23336,-1.543298
1439,23347,-1.3857894
1440,23358,-1.7453516
1441,23369,-1.6518917
1442,23380,-1.5578477
1443,23391,-1.7159369
1444,23402,-1.7569296
1445,23413,-1.4372255
1446,23424,-1.6197411
1447,23435,-1.8061653
1448,23446,-1.7227696
1449,23457,-1.6052601
1450,23468,-1.3608098
1451,23479,-1.5954905
1452,23490,-1.4895793
1453,23501,-1.5063136
1454,23512,-1.4899658
1455,23523,-1.5567789
1456,23534,-1.8043725
1457,23545,-1.7320995
1458,23556,-1.8272588
1459,23567,-1.6420995
1460,23578,-1.5712314
1461,23589,-1.7642974
1462,23600,-1.5987812
1463,23611,-1.5582527
1464,23622,-1.509861
1465,23633,-1.4383498
1466,23644,-1.6836182
1467,23655,-1.8090118
1468,23666,-1.371778
1469,23677,-1.8047538
1470,23688,-1.5109749
1471,23699,-1.5192354
1472,23710,-1.437536
1473,23721,-1.5773604
1474,23732,-1.8089237
1475,23743,-1.7523158
1476,23754,-1.8153447
1477,23765,-1.4947089
1478,23776,-1.675009
1479,23787,-1.5421451
1480,23798,-1.5458666
1481,23809,-1.5152849
1482,23820,-1.8012666
1483,23831,-1.4004645
1484,23842,-1.358038
1485,23853,-1.5603752
1486,23864,-1.4503114
1487,23875,-1.56271
1488,23886,-1.692534
1489,23897,-1.8004075
1490,23908,-1.642864
1491,23919,-1.5838305
1492,23930,-1.7601309
1493,23941,-1.748201
1494,23952,-1.6067067
1495,23963,-1.5770172
1496,23974,-1.8690534
1497,23985,-1.724361
1498,23996,-1.4769406
1499,24007,-1.6475985
1500,24018,-1.8244681
1501,24029,-1.7583454
1502,24040,-1.419955
1503,24051,-1.7810057
1504,24062,-1.7805251
1505,24073,-1.4956466
1506,24084,-1.332933
1507,24095,-1.5339787
1508,24106,-1.6556153
1509,24117,-1.5424122
1510,24128,-1.6004528
1511,24139,-1.432752
1512,24150,-1.5390896
1513,24161,-1.807748
1514,24172,-1.7308698
1515,24183,-1.7688482
1516,24194,-1.6991477
1517,24205,-1.7855744
1518,24216,-1.4554542
1519,24227,-1.6100276
1520,24238,-1.5177859
1521,24249,-1.6441256
1522,24260,-1.6654891
1523,24271,-1.8995368
1524,24282,-1.667344
1525,24293,-1.6847113
1526,24304,-1.6076716
1527,24315,-1.4007815
1528,24326,-1.7754931
1529,24337,-1.5121133
1530,24348,-1.5921323
1531,24359,-1.4390526
1532,24370,-1.5251769
1533,24381,-1.8068889
1534,24392,-1.8020743
1535,24403,-1.739377
1536,24414,-1.8098406
1537,24425,-1.7679486
1538,24436,-1.8082845
1539,24447,-1.6537361
1540,24458,-1.7218647
1541,24469,-1.4797897
1542,24480,-1.7775558
1543,24491,-1.6409119
1544,24502,-1.7630225
1545,24513,-1.7940503
1546,24524,-1.6477767
1547,24535,-1.6310159
1548,24546,-1.6220702
1549,24557,-1.6438099
1550,24568,-1.5162743
1551,24612,5.690222
1552,24631,5.175021
1553,24646,2.1871545
1554,24670,-3.7853155
1555,24693,5.6107078
1556,24754,-0.9585049
1557,24771,4.027103
1558,24805,-5.8124948
1559,24825,4.0199986
1560,24852,-4.4856424
1561,24876,-1.2242216
1562,24930,4.769065
1563,24954,7.4898467
1564,24974,-1.9809406
1565,24995,3.7676172
1566,25045,2.2658467
1567,25080,12.181646
1568,25144,4.369351
1569,25164,3.3039427
1570,25185,2.528987
1571,25199,1.074266
1572,25213,1.1727158
1573,25254,6.7686186
1574,25288,-8.401089
1575,25329,2.978526
1576,25350,3.2153597
1577,25372,-4.2770057
1578,25394,6.5166225
1579,25409,0.19300422
1580,25445,4.128652
1581,25471,-4.579396
1582,25521,5.7289824
1583,25556,1.6663803
1584,25603,1.7814825
1585,25621,-1.1355777
1586,25644,5.1163917
1587,25674,-7.4273553
1588,25702,-3.5022054
1589,25721,1.0824394
1590,25742,3.4461246
1591,25783,14.389113
1592,25799,1.416535
1593,25831,-10.024152
1594,25845,0.30980188
1595,25862,3.5067
1596,25895,7.318376
1597,25918,5.831304
1598,25950,5.8262625
1599,25984,2.7888787
1600,26033,7.676393
1601,26059,7.3780966
1602,26082,3.5703042
1603,26097,2.9138412
1604,26126,11.403524
1605,26142,1.806799
1606,26200,-7.497657
1607,26213,0.9541462
1608,26240,6.437816
1609,26277,3.4577246
1610,26291,-0.018275857
1611,26314,5.0175633
1612,26342,-5.8571177
1613,26365,8.38723
1614,26387,5.711978
1615,26415,5.661004
1616,26438,0.5019947
1617,26459,5.0545053
1618,26480,2.640109
1619,26494,1.6865177
1620,26531,5.3923645
1621,26569,3.5508242
1622,26602,6.224477
1623,26637,-12.840327
1624,26649,1.6534227
1625,26661,1.6865375
1626,26673,2.4307337
1627,26685,2.540445
1628,26697,1.5970031
1629,26709,1.7238638
1630,26721,2.284308
1631,26733,2.2560477
1632,26745,1.6064956
1633,26757,1.6624539
1634,26770,2.7803311
1635,26782,1.8594961
1636,26794,2.6926188
1637,26806,1.7313786
1638,26818,1.9624796
1639,26830,2.4835916
1640,26842,1.7955453
1641,26854,2.3111718
1642,26866,2.0198345
1643,26878,2.7211905
1644,26890,1.6080219
1645,26902,1.7247354
1646,26915,2.7883701
1647,26927,3.1171656
1648,26939,2.37162
1649,26951,2.3081722
1650,26963,2.0723364
1651,26975,1.5825045
1652,26987,1.7519708
1653,26999,1.9377697
1654,27011,1.7651716
1655,27023,2.050453
1656,27035,1.6923141
1657,27047,2.4034886
1658,27059,1.8241171
1659,27071,2.1916885
1660,27083,1.8136213
1661,27095,2.2014992
1662,27107,2.0945356
1663,27119,1.9277914
1664,27132,2.7531233
1665,27144,1.7005763
1666,27156,2.0671866
1667,27168,1.7184223
1668,27180,3.0178387
1669,27192,2.60655
1670,27204,2.811841
1671,27216,1.7394145
1672,27228,2.5500598
1673,27240,1.9004124
1674,27252,2.330662
1675,27264,2.6252503
1676,27276,2.933469
1677,27288,1.740627
1678,27300,1.8199177
1679,27312,1.6779419
1680,27324,1.8955245
1681,27336,1.9190711
1682,27348,1.6500301
1683,27360,1.7492056
1684,27372,1.7252278
1685,27384,1.8456913
1686,27396,1.9142783
1687,27408,1.7297612
1688,27420,3.0763524
1689,27432,1.993937
1690,27444,2.0630913
1691,27456,2.2915838
1692,27468,1.7365317
1693,27480,1.7612362
1694,27492,2.1053443
1695,27504,1.746475
1696,27516,1.6263674
1697,27528,2.0810404
1698,27540,2.0790312
1699,27552,1.9413296
1700,27564,1.7942442
1701,27577,2.9185576
1702,27589,1.7373859
1703,27601,2.23969
1704,27614,2.2119386
1705,27626,1.7050787
1706,27638,2.011897
1707,27650,2.1871157
1708,27662,1.8458723
1709,27675,2.4641652
1710,27687,2.44424
1711,27699,2.1259818
1712,27711,1.6001928
1713,27723,2.2128139
1714,27735,1.8280927
1715,27747,1.5759783
1716,27759,2.3452854
1717,27772,3.7734914
1718,27784,2.897201
1719,27796,2.0171926
1720,27808,1.8310295
1721,27820,1.6813838
1722,27832,1.9783026
1723,27844,1.8714919
1724,27856,1.9414467
1725,27868,2.8168476
1726,27880,1.6469299
1727,27892,1.825583
1728,27904,1.8685229
1729,27918,4.3833895
1730,27930,1.725161
1731,27942,2.0251615
1732,27954,1.8526646
1733,27966,1.7344093
1734,27978,2.9576297
1735,27990,2.2504601
1736,28002,2.239276
1737,28014,1.5773709
1738,28026,1.9008791
1739,28040,4.1350665
1740,28052,1.6937283
1741,28065,2.8207116
1742,28077,2.4654806
1743,28089,1.8548671
1744,28101,2.1243165
1745,28113,3.0398571
1746,28125,2.1620355
1747,28137,1.7522895
1748,28149,3.0292659
1749,28161,1.5767145
1750,28173,1.6266185
1751,28186,2.3654823
1752,28198,1.7317817
1753,28210,1.6744692
1754,28222,1.5580188
1755,28234,1.6274167
1756,28246,2.7214224
1757,28258,2.7151334
1758,28270,1.9366003
1759,28282,1.884577
1760,28294,2.3936102
1761,28306,1.9027821
1762,28318,1.9245336
1763,28330,1.8038406
1764,28342,2.2499604
1765,28354,3.0633183
1766,28366,1.9378874
1767,28379,2.5306473
1768,28391,2.1422215
1769,28403,2.5648458
1770,28415,1.8802121
1771,28427,3.0311136
1772,28439,2.1869493
1773,28451,2.1789715
1774,28463,1.8394976
1775,28475,1.8268237
1776,28487,1.9636081
1777,28499,1.5600767
1778,28511,1.8722126
1779,28523,3.0932755
1780,28535,1.7888021
1781,28547,2.1386397
1782,28559,2.4397678
1783,28572,2.6163306
1784,28584,2.1876035
1785,28596,2.0206811
1786,28608,1.5403708
1787,28620,1.6124356
1788,28632,2.8897715
1789,28644,2.9701421
1790,28656,2.3646054
1791,28668,2.239247
1792,28680,-2.52916
1793,28702,-12.118559
1794,28721,-11.744883
1795,28743,-12.764359
1796,28761,-10.319575
1797,28781,-11.812627
1798,28800,-11.458454
1799,28821,-12.843387
1800,28845,-14.650486
1801,28863,-10.518102
1802,28884,-11.930606
1803,28909,-14.737125
1804,28929,-11.8772545
1805,28949,-12.260887
1806,28967,-10.8345175
1807,28988,-11.7806
1808,29006,-11.11864
1809,29025,-11.855434
1810,29045,-12.203764
1811,29066,-11.898824
1812,29091,-15.737646
1813,29115,-15.290305
1814,29135,-12.185135
1815,29160,-15.53181
1816,29184,-12.428389
1817,29203,-11.098919
1818,29228,-14.175252
1819,29248,-12.132889
1820,29267,-11.354946
1821,29285,-10.17556
1822,29303,-10.231275
1823,29327,-13.69978
1824,29352,-14.276045
1825,29372,-11.897009
1826,29390,-10.475755
1827,29408,-10.119915
1828,29426,-10.935968
1829,29451,-14.652759
1830,29471,-11.844509
1831,29501,-17.628689
1832,29520,-11.937292
1833,29538,-10.81791
1834,29561,-12.927642
1835,29579,-10.384368
1836,29599,-11.935054
1837,29618,-12.059058
1838,29643,-13.875279
1839,29664,-12.156128
1840,29683,-11.976418
1841,29704,-12.281352
1842,29724,-11.75404
1843,29747,-14.192261
1844,29766,-11.844047
1845,29784,-10.462703
1846,29807,-13.700247
1847,29826,-12.099283
1848,29852,-14.656197
1849,29873,-12.564963
1850,29891,-10.140409
1851,29914,-13.016541
1852,29932,-10.464915
1853,29952,-11.838613
1854,29975,-14.33512
1855,29993,-10.868388
1856,30012,-12.039831
1857,30032,-12.171327
1858,30052,-11.747389
1859,30070,-10.537082
1860,30088,-10.730357
1861,30107,-12.161024
1862,30127,-12.2778635
1863,30147,-12.328472
1864,30166,-11.197579
1865,30186,-11.648468
1866,30207,-12.233338
1867,30230,-12.964858
1868,30248,-10.310225
1869,30269,-11.7239
1870,30287,-10.640984
1871,30311,-13.7030115
1872,30331,-12.185393
1873,30355,-14.684754
1874,30382,-18.575983
1875,30401,-11.467624
1876,30422,-12.510719
1877,30443,-11.837289
1878,30463,-12.008125
1879,30482,-11.536618
1880,30503,-12.692648
1881,30522,-12.093574
1882,30542,-12.053544
1883,30561,-11.621983
1884,30579,-10.484941
1885,30597,-10.913988
1886,30616,-11.409011
1887,30634,-10.250884
1888,30660,-15.262643
1889,30686,-15.014084
1890,30712,-14.5920105
1891,30731,5.186496
1892,30742,-9.628454
1893,30753,-9.0787325
1894,30764,-9.065943
1895,30775,-9.018616
1896,30786,-8.874307
1897,30797,-9.811571
1898,30807,-7.9310503
1899,30818,-10.11401
1900,30829,-8.822414
1901,30840,-8.8025255
1902,30851,-8.744559
1903,30861,-7.8605227
1904,30876,-5.046594
1905,30887,-9.983551
1906,30898,-9.060401
1907,30909,-9.34051
1908,30919,-7.826902
1909,30930,-8.857154
1910,30942,-9.784611
1911,30953,-9.017248
1912,30963,-8.031624
1913,30981,-3.0056405
1914,30992,-8.929858
1915,31002,-8.499314
1916,31013,-9.021494
1917,31024,-9.455026
1918,31035,-9.772646
1919,31050,-4.4290304
1920,31061,-8.865689
1921,31072,-8.949593
1922,31083,-9.038702
1923,31094,-9.495163
1924,31105,-9.398632
1925,31115,-7.800847
1926,31126,-8.907911
1927,31136,-7.984935
1928,31147,-10.110349
1929,31158,-8.937055
1930,31169,-9.04034
1931,31179,-7.9073153
1932,31190,-8.87852
1933,31201,-8.985035
1934,31212,-9.7502775
1935,31226,-4.289253
1936,31237,-9.701971
1937,31248,-9.123897
1938,31259,-9.0365305
1939,31269,-7.8042936
1940,31285,-6.204363
1941,31296,-8.897191
1942,31307,-8.826878
1943,31317,-8.113833
1944,31328,-9.145612
1945,31339,-8.927846
1946,31349,-7.9778533
1947,31361,-9.81143
1948,31376,-4.1643186
1949,31387,-9.295118
1950,31398,-8.876673
1951,31409,-8.769045
1952,31419,-7.9019356
1953,31430,-8.933944
1954,31441,-8.998677
1955,31452,-9.581255
1956,31463,-9.663486
1957,31473,-7.933218
1958,31483,-7.774634
1959,31494,-8.884528
1960,31504,-7.936389
1961,31515,-8.934235
1962,31526,-9.425239
1963,31536,-7.907933
1964,31547,-9.015177
1965,31557,-7.980852
1966,31572,-5.0984106
1967,31583,-8.954225
1968,31594,-9.041027
1969,31605,-9.109671
1970,31615,-8.390591
1971,31626,-10.042676
1972,31637,-8.826828
1973,31648,-8.864251
1974,31659,-9.58123
1975,31670,-9.264982
1976,31681,-8.997854
1977,31692,-9.069974
1978,31703,-8.832754
1979,31714,-8.946033
1980,31725,-9.091374
1981,31736,-8.93592
1982,31747,-10.276224
1983,31758,-9.76936
1984,31770,-2.7287312
1985,31781,-8.907151
1986,31796,-1.5404842
1987,31806,-8.018166
1988,31817,-8.99992
1989,31828,-8.919108
1990,31839,-8.912639
1991,31849,-7.8225718
1992,31860,-8.952651
1993,31871,-8.778241
1994,31882,-9.385813
1995,31893,-9.2619505
1996,31904,-8.980281
1997,31914,-7.8204403
1998,31925,-8.873577
1999,31936,-9.446236
2000,31947,-9.002568
2001,31957,-8.048894
2002,31972,-4.221291
2003,31983,-9.43096
2004,31998,-4.539388
2005,32009,-9.982486
2006,32020,-9.037905
2007,32030,-8.19275
2008,32041,-9.269268
2009,32052,-8.833894
2010,32063,-8.990874
2011,32074,-8.940029
2012,32084,-7.9290895
2013,32099,-4.3938212
2014,32135,6.245117
2015,32146,-9.034267
2016,32156,-8.112281
2017,32167,-9.5250225
2018,32177,-7.82009
2019,32187,-8.654354
2020,32197,-7.785181
2021,32208,-9.281459
2022,32219,-8.89581
2023,32229,-8.054697
2024,32240,-9.382659
2025,32251,-9.249754
2026,32262,-9.657818
2027,32272,-8.388502
2028,32283,-9.10503
2029,32293,-5.3036284
2030,32303,-7.8982143
2031,32314,-9.116827
2032,32325,-10.197344
2033,32336,-9.097844
2034,32346,-7.8424277
2035,32357,-8.998583
2036,32368,-9.596482
2037,32379,-9.204697
2038,32390,-9.513599
2039,32405,-5.1125975
2040,32415,-7.9588537
2041,32425,-7.9273787
2042,32440,-5.1006384
2043,32451,-8.987705
2044,32462,-8.82511
2045,32473,-8.986309
2046,32488,-4.3041253
2047,32499,-10.026425
2048,32510,-8.846535
2049,32521,-9.791852
2050,32538,-8.29681
2051,32549,-9.235698
2052,32559,-7.8344045
2053,32569,-7.980199
2054,32580,-9.638055
2055,32591,-8.912729
2056,32602,-8.948783
2057,32613,-9.261469
2058,32623,-8.006541
2059,32634,-9.039738
2060,32645,-9.056099
2061,32655,-7.9050417
2062,32666,-9.078097
2063,32677,-8.822897
2064,32688,-8.958229
2065,32699,-8.795568
2066,32710,-8.786365
2067,32721,-9.160273
2068,32732,-8.813565
2069,32742,-8.666915
2070,32757,-4.7963977
2071,32767,-7.9645963
2072,32870,-24.322437
2073,32905,5.998379
2074,32951,12.724491
2075,33019,31.157545
2076,33057,12.189027
2077,33088,0.32222116
2078,33116,11.119512
2079,33153,-0.66590965
2080,33188,18.663385
2081,33223,8.827935
2082,33254,0.17575532
2083,33279,4.785085
2084,33306,6.003387
2085,33341,9.956388
2086,33371,3.9835885
2087,33397,7.733064
2088,33432,6.559073
2089,33470,8.541067
2090,33512,15.994182
2091,33543,6.6856127
2092,33577,0.9311847
2093,33602,4.6981893
2094,33629,6.0966897
2095,33654,6.2657437
2096,33700,4.1137023
2097,33745,6.3375864
2098,33777,2.2102077
2099,33797,1.7804732
2100,33835,6.0148807
2101,33877,9.527989
2102,33907,14.973534
2103,33937,9.445566
2104,33962,5.822225
2105,33997,8.202173
2106,34032,16.941654
2107,34080,11.776353
2108,34114,-0.56167233
2109,34176,36.66925
2110,34200,4.520941
2111,34235,16.700926
2112,34277,0.15270916
2113,34317,8.818683
2114,34377,22.02868
2115,34403,4.805057
2116,34443,16.371134
2117,34469,6.295807
2118,34494,7.840803
2119,34539,9.198646
2120,34583,3.2683885
2121,34625,2.622305
2122,34666,6.53676
2123,34712,8.902367
2124,34743,-2.5050406
2125,34782,12.425834
2126,34820,10.670106
2127,34839,6.464824
2128,34860,4.3326483
2129,34883,5.0678134
2130,34902,6.321719
2131,34921,5.3740892
2132,34930,-1.4838485
2133,34970,21.171545
2134,35018,17.850721
2135,35037,4.91276
2136,35055,6.199243
2137,35073,5.3949814
2138,35092,3.7602935
2139,35111,5.3635483
2140,35131,2.8237042
2141,35150,6.595138
2142,35159,-1.4927506
2143,35178,6.8159976
2144,35197,4.605268
2145,35207,-1.0449791
2146,35218,-1.2374618
2147,35236,6.1755204
2148,35255,3.6955676
2149,35274,6.8333974
2150,35292,3.8312092
2151,35313,3.7077222
2152,35332,3.775313
2153,35340,-1.0897917
2154,35359,6.727164
2155,35369,-0.8948966
2156,35378,-1.5245453
2157,35405,8.714206
2158,35424,6.659777
2159,35442,2.987248
2160,35461,6.358455
2161,35479,4.9830112
2162,35499,5.217634
2163,35518,6.803556
2164,35536,5.462269
2165,35555,3.6300235
2166,35634,61.464184
2167,35682,19.432121
2168,35700,6.7292643
2169,35719,3.69094
2170,35739,5.4941583
2171,35758,8.618315
2172,35777,7.2223783
2173,35796,5.8409286
2174,35815,6.422658
2175,35834,7.42315
2176,35853,6.627263
2177,35871,5.996681
2178,35890,4.8238497
2179,35898,-1.1205556
2180,35916,3.649472
2181,35936,6.2263646
2182,35955,4.9066367
2183,35973,5.9424067
2184,35981,-1.0627455
2185,36000,6.6497273
2186,36019,5.403097
2187,36038,5.492143
2188,36057,3.7833934
2189,36077,4.7917395
2190,36125,16.06589
2191,36144,6.7257977
2192,36196,14.075796
2193,36243,16.409622
2194,36291,15.40107
2195,36309,5.7113953
2196,36330,2.3900867
2197,36351,2.7323005
2198,36370,6.673199
2199,36380,-1.2360305
2200,36400,4.7908535
2201,36419,5.560656
2202,36438,7.9099417
2203,36447,-0.874722
2204,36456,-1.4990277
2205,36476,7.138832
2206,36495,5.0143404
2207,36515,5.6448092
2208,36533,2.5530262
2209,36552,6.2665977
2210,36570,6.2800055
2211,36580,-0.88462645
2212,36598,5.9766665
2213,36608,-1.1842031
2214,36627,5.715205
2215,36646,6.021199
2216,36664,6.862517
2217,36686,4.1706314
2218,36696,-1.4267129
2219,36714,5.800227
2220,36731,6.5844383
2221,36753,4.079887
2222,36763,-0.97428507
2223,36781,5.7018204
2224,36799,4.4483247
2225,36821,1.4894383
2226,36841,5.1580257
2227,36860,2.9821725
2228,36953,61.15592
2229,36996,29.943377
2230,37113,117.8556
2231,37144,16.239714
2232,37387,380.14078
2233,37481,89.15606
2234,37544,55.085857
2235,37689,163.54012
2236,37733,28.172709
2237,37809,65.4214
2238,37874,47.27766
2239,38080,152.49425
2240,38237,104.511215
2241,38473,151.01454
2242,38740,203.8984
2243,38947,83.88085
2244,38967,10.385791
2245,38992,4.8857484
2246,39017,5.1685653
2247,39049,8.700488
2248,39070,10.501666
2249,39090,4.006071
2250,39109,4.974593
2251,39133,9.407879
2252,39160,6.267453
2253,39181,12.474923
2254,39201,11.522583
2255,39229,20.785357
2256,39248,5.202574
2257,39274,9.214168
2258,39296,7.812488
2259,39317,7.88095
2260,39347,6.8593197
2261,39375,6.85125
2262,39393,3.8380044
2263,39422,4.0365067
2264,39447,4.400003
2265,39469,8.9036665
2266,39498,15.036003
2267,39518,11.075431
2268,39538,10.209774
2269,39560,9.839506
2270,39584,4.852227
2271,39611,12.881456
2272,39639,14.592153
2273,39664,12.587227
2274,39689,7.87687
2275,39709,10.91602
2276,39730,7.6160336
2277,39751,8.419237
2278,39778,9.319264
2279,39799,6.0926576
2280,39818,9.013608
2281,39841,5.493265
2282,39860,5.3724294
2283,39880,11.07657
2284,39901,6.091063
2285,39921,6.3121386
2286,39940,5.8114276
2287,39961,6.330821
2288,39982,11.962507
2289,40008,3.8846633
2290,40030,7.4469576
2291,40053,10.31572
2292,40072,5.490468
2293,40097,19.514124
2294,40118,8.157375
2295,40138,5.164808
2296,40164,8.1984415
2297,40188,8.567745
2298,40217,5.6690855
2299,40238,7.095209
2300,40260,6.0923247
2301,40281,5.668431
2302,40322,31.185848
2303,40342,10.997171
2304,40367,6.575467
2305,40387,12.030524
2306,40413,6.740653
2307,40432,4.0633254
2308,40455,8.816105
2309,40476,6.244488
2310,40504,5.359377
2311,40526,5.7935686
2312,40546,4.9885077
2313,40565,5.3852854
2314,40585,5.640985
2315,40615,13.66463
2316,40636,12.449585
2317,40658,6.650662
2318,40680,10.0944605
2319,40700,11.155888
2320,40718,7.1484203
2321,40738,11.244401
2322,40759,6.1099253
2323,40781,4.8397098
2324,40801,4.426328
2325,40823,8.2385
2326,40844,6.0641146
2327,40867,5.0335608
2328,40889,10.359338
2329,40922,15.996588
2330,40944,11.628281
2331,40967,5.0614595
2332,40989,-15.290813
2333,41058,-21.664335
2334,41081,-16.139194
2335,41103,-16.250584
2336,41123,-15.169977
2337,41194,-22.136126
2338,41281,-32.599117
2339,41371,-46.969734
2340,41468,-45.603783
2341,41551,-15.106835
2342,41622,-11.820841
2343,41709,-39.550533
2344,41750,-2.4710307
2345,41862,-45.7015
2346,41940,-29.735945
2347,41966,-15.964996
2348,41988,-15.918523
2349,42012,-16.744858
2350,42036,-16.408829
2351,42118,-8.215416
2352,42217,-37.706863
2353,42255,1.5178776
2354,42335,-19.393423
2355,42370,-5.321665
2356,42414,-2.0751755
2357,42438,-16.75635
2358,42461,-15.803892
2359,42533,-29.266113
2360,42601,-20.922628
2361,42623,-15.856687
2362,42685,-20.14465
2363,42752,-13.349752
2364,42816,-19.775408
2365,42891,-5.1663494
2366,42933,-9.06937
2367,43053,-117.41905
2368,43065,-13.560493
2369,43077,-13.155819
2370,43090,-12.973491
2371,43104,-13.692675
2372,43117,-13.023426
2373,43131,-13.231298
2374,43145,-14.047971
2375,43158,-14.069559
2376,43171,-13.363848
2377,43183,-12.806429
2378,43195,-12.68411
2379,43208,-13.178297
2380,43220,-13.47427
2381,43233,-13.388959
2382,43247,-13.963443
2383,43260,-13.020665
2384,43274,-13.9429655
2385,43287,-13.280405
2386,43301,-14.090827
2387,43313,-13.603858
2388,43326,-13.677508
2389,43337,-13.048553
2390,43350,-13.701615
2391,43364,-13.576294
2392,43377,-14.056589
2393,43388,-13.280707
2394,43401,-13.083593
2395,43415,-13.413758
2396,43428,-13.247697
2397,43440,-14.172075
2398,43451,-12.433455
2399,43464,-13.323657
2400,43477,-13.128944
2401,43489,-12.990618
2402,43503,-13.740345
2403,43516,-13.062045
2404,43530,-13.468316
2405,43544,-13.731614
2406,43555,-12.954067
2407,43567,-12.959265
2408,43581,-13.419067
2409,43595,-13.7074375
2410,43608,-13.029713
2411,43621,-13.183961
2412,43634,-13.342411
2413,43647,-12.869906
2414,43659,-12.867393
2415,43672,-13.907005
2416,43686,-13.120673
2417,43700,-13.423262
2418,43713,-13.391065
2419,43726,-13.272187
2420,43738,-13.099539
2421,43752,-13.857143
2422,43765,-13.225957
2423,43778,-13.170741
2424,43790,-12.52902
2425,43801,-13.392033
2426,43815,-13.507349
2427,43829,-13.991734
2428,43842,-13.119629
2429,43854,-13.358628
2430,43867,-13.337418
2431,43881,-13.219663
2432,43894,-12.771746
2433,43905,-13.22094
2434,43918,-13.354338
2435,43930,-12.949455
2436,43944,-13.797099
2437,43958,-13.841102
2438,43971,-13.684053
2439,43985,-13.926919
2440,43999,-13.986972
2441,44013,-13.24197
2442,44026,-13.312261
2443,44039,-13.38976
2444,44052,-13.215587
2445,44066,-13.592916
2446,44079,-12.497718
2447,44092,-13.579329
2448,44105,-14.045506
2449,44118,-13.586323
2450,44131,-12.9249735
2451,44143,-13.62857
2452,44154,-12.352324
2453,44168,-13.891429
2454,44181,-13.045918
2455,44194,-13.776372
2456,44206,-12.89535
2457,44220,-14.1507635
2458,44233,-13.568712
2459,44245,-12.856341
2460,44258,-14.333105
2461,44271,-12.739255
2462,44284,-13.258487
2463,44295,-13.166565
2464,44308,-13.437534
2465,44319,-12.367068
2466,44330,-13.100968
2467,44344,-13.696001
2468,44357,-13.224514
2469,44371,-13.4043455
2470,44383,-12.396736
2471,44396,-13.579202
2472,44409,-13.013116
2473,44422,-13.59986
2474,44434,-13.292651
2475,44447,-13.443167
2476,44461,-13.449535
2477,44474,-13.788652
2478,44485,-13.3184395
2479,44498,-13.289157
2480,44511,-13.191963
2481,44525,-14.112222
2482,44539,-12.881125
2483,44552,-13.20925
2484,44564,-13.798239
2485,44577,-13.341216
2486,44589,-13.32321
2487,44601,-13.676543
2488,44612,-13.344913
2489,44625,-13.453882
2490,44637,-12.626697
2491,44650,-12.261167
2492,44663,-13.428731
2493,44677,-13.708383
2494,44689,-12.717631
2495,44703,-14.134495
2496,44715,-14.562574
2497,44729,-13.769318
2498,44742,-14.0746975
2499,44755,-13.411836
2500,44767,-13.387134
2501,44780,-14.555419
2502,44792,-12.921852
2503,44804,-12.810749
2504,44817,-13.839456
2505,44830,-13.691668
2506,44844,-13.856439
2507,44857,-13.405022
2508,44870,-13.4556675
2509,44882,-12.460817
2510,44896,-13.763706
2511,44909,-13.309208
2512,44922,-13.563706
2513,44934,-13.356149
2514,44945,-12.371583
2515,44959,-13.258371
2516,44972,-12.890016
2517,44986,-13.694435
2518,44998,-12.9818
2519,45010,-13.693749
2520,45024,-12.879225
2521,45037,-13.132574
2522,45051,-13.541352
2523,45068,-2.6027522
2524,45224,282.15793
2525,45425,337.6078
2526,45562,254.02133
2527,45815,377.68195
2528,45965,244.84898
2529,46141,283.48102
2530,46395,396.79953
2531,46595,330.6649
2532,46766,302.5037
2533,46950,300.0779
2534,47140,293.06714
2535,47163,-8.48553
2536,47197,-3.8321872
2537,47222,-9.781171
2538,47266,-3.7062397
2539,47295,-7.573554
2540,47324,-2.503347
2541,47356,-2.1878805
2542,47380,-4.635236
2543,47402,-9.608891
2544,47424,-8.369043
2545,47452,-3.4450886
2546,47477,-3.753669
2547,47501,-11.133515
2548,47525,-5.198701
2549,47554,-7.118636
2550,47575,-4.3976946
2551,47596,-4.1848946
2552,47618,-6.0479083
2553,47646,-6.5304456
2554,47681,-0.50867176
2555,47710,-3.317124
2556,47740,-7.055909
2557,47767,-6.498734
2558,47789,-4.7524295
2559,47823,-0.40653366
2560,47848,-7.243876
2561,47870,-5.959069
2562,47893,-8.421465
2563,47916,-8.709249
2564,47939,-6.3643417
2565,47965,-5.585674
2566,47987,-5.9672594
2567,48022,-3.6545343
2568,48045,-5.283246
2569,48082,0.68278426
2570,48118,-4.8232427
2571,48141,-3.5761437
2572,48163,-4.848819
2573,48187,-6.3517833
2574,48210,-5.166238
2575,48240,-2.543624
2576,48270,-0.25345987
2577,48312,-1.1511064
2578,48340,-3.6939015
2579,48363,-5.2797556
2580,48389,-2.609293
2581,48411,-9.824343
2582,48436,-3.3191452
2583,48463,-3.1432955
2584,48485,-6.213572
2585,48523,-0.23636794
2586,48564,1.0614257
2587,48598,-1.4218162
2588,48634,-0.28464526
2589,48669,-0.47781727
2590,48693,-5.5314975
2591,48722,-0.18130335
2592,48752,-1.962501
2593,48779,-5.499327
2594,48818,-2.84544
2595,48853,-5.327395
2596,48875,-5.8566494
2597,48900,-5.2703605
2598,48923,-7.5837903
2599,48947,-6.909832
2600,48980,-3.6089683
2601,49016,0.012885481
2602,49038,-6.3031836
2603,49063,-5.7986293
2604,49085,-6.236776
2605,49112,-3.5423903
2606,49232,22.417091
2607,49284,11.500993
2608,49321,2.9886837
2609,49376,16.358469
2610,49432,11.124175
2611,49492,-3.370301
2612,49573,21.562613
2613,49620,25.845043
2614,49683,41.886147
2615,49747,45.189472
2616,49833,69.263214
2617,49897,38.753017
2618,49960,33.678677
2619,50035,31.657726
2620,50079,4.191721
2621,50128,-1.9948633
2622,50205,77.197556
2623,50262,50.204773
2624,50296,0.152354
2625,50357,4.370508
2626,50385,1.5068028
2627,50439,6.2544403
2628,50497,7.7211237
2629,50533,-2.9597037
2630,50568,-0.87709665
2631,50624,1.3938335
2632,50695,14.188213
2633,50741,12.65951
2634,50797,24.776884
2635,50858,7.421283
2636,50894,17.914204
2637,50947,14.983447
2638,51055,33.11168
2639,51095,10.249608
2640,51149,2.2769098
2641,51206,1.1430835
2642,51221,-6.652845
2643,51236,-6.3967
2644,51251,-6.3145447
2645,51269,-3.5753825
2646,51285,-5.400866
2647,51300,-4.9928555
2648,51316,-4.238204
2649,51331,-5.7053123
2650,51346,-6.530456
2651,51361,-6.273224
2652,51378,-3.3908622
2653,51393,-6.1994
2654,51408,-6.021372
2655,51423,-5.0056925
2656,51438,-5.4121585
2657,51453,-4.6046233
2658,51468,-6.1262074
2659,51483,-4.9797044
2660,51498,-6.6010413
2661,51513,-6.594633
2662,51528,-5.840373
2663,51543,-6.4522166
2664,51558,-4.9950933
2665,51573,-5.3362164
2666,51588,-5.9042277
2667,51606,-1.948719
2668,51621,-6.0449886
2669,51636,-6.3456373
2670,51651,-6.6225386
2671,51670,-2.4114664
2672,51685,-6.1696596
2673,51700,-5.4836173
2674,51716,-4.9291916
2675,51731,-6.542448
2676,51746,-4.3669343
2677,51764,-2.7541313
2678,51779,-5.4210496
2679,51794,-6.3201156
2680,51809,-6.221987
2681,51824,-6.3562064
2682,51839,-6.4377275
2683,51854,-6.5375776
2684,51869,-5.9880085
2685,51887,-2.8017771
2686,51902,-6.18886
2687,51917,-5.8666472
2688,51934,-3.3934865
2689,51949,-6.235395
2690,51964,-6.5451837
2691,51979,-6.2842064
2692,51993,-4.977718
2693,52008,-6.041827
2694,52023,-4.462413
2695,52038,-5.2368636
2696,52053,-6.335748
2697,52068,-4.69086
2698,52083,-5.11375
2699,52099,-4.1724
2700,52115,-4.1338406
2701,52130,-6.265883
2702,52145,-4.6130953
2703,52160,-6.67693
2704,52176,-3.5655923
2705,52191,-6.256879
2706,52206,-6.385274
2707,52221,-4.9904547
2708,52239,-4.288415
2709,52254,-5.852311
2710,52269,-6.0574546
2711,52284,-5.8081284
2712,52300,-4.569287
2713,52315,-6.394776
2714,52330,-5.2939553
2715,52345,-6.290077
2716,52360,-6.123212
2717,52378,-2.4718883
2718,52393,-5.810378
2719,52408,-5.966371
2720,52423,-6.539854
2721,52439,-3.940192
2722,52454,-5.1273327
2723,52468,-6.0430155
2724,52483,-5.402674
2725,52499,-3.7230957
2726,52517,-2.439712
2727,52534,-4.599586
2728,52551,-3.4331129
2729,52566,-6.469899
2730,52581,-5.8766394
2731,52596,-6.6352725
2732,52612,-4.605302
2733,52627,-5.9994373
2734,52642,-6.582079
2735,52657,-6.0539064
2736,52672,-6.260544
2737,52687,-5.4100256
2738,52702,-6.2559886
2739,52717,-6.277462
2740,52732,-6.3655915
2741,52747,-6.461791
2742,52762,-6.268254
2743,52778,-5.1997933
2744,52794,-3.9977696
2745,52809,-6.113878
2746,52824,-6.1463547
2747,52839,-6.1446543
2748,52854,-6.256398
2749,52869,-6.0745277
2750,52884,-6.550757
2751,52899,-6.253304
2752,52914,-6.753269
2753,52930,-4.3694496
2754,52945,-5.9112387
2755,52960,-6.139285
2756,52975,-5.4456434
2757,52992,-3.7829406
2758,53008,-3.6237936
2759,53023,-5.993264
2760,53038,-6.272853
2761,53054,-5.264799
2762,53069,-6.363962
2763,53086,-3.5624595
2764,53101,-6.0690465
2765,53116,-6.4266195
2766,53131,-6.387399
2767,53148,-3.3594754
2768,53163,-6.236466
2769,53180,-2.4683886
2770,53195,-5.572537
2771,53210,-5.9491086
2772,53225,-6.300173
2773,53240,-5.740904
2774,53264,0.9174892
2775,53334,33.336132
2776,53417,71.8415
2777,53497,-3.6480632
2778,53529,18.19947
2779,53613,-12.7606735
2780,53661,30.883125
2781,53798,42.014954
2782,53908,9.868432
2783,54022,12.028221
2784,54227,141.71584
2785,54331,100.49332
2786,54481,233.84303
2787,54584,39.731434
2788,54696,-14.237822
2789,54800,27.592545
2790,55011,224.27272
2791,55272,148.10033
2792,55339,29.029774
2793,55403,43.069054
2794,55474,19.90877
2795,55510,20.244411
2796,55555,29.68201
2797,55679,71.56912
2798,55747,49.928707
2799,55849,54.567272
2800,55891,19.918833
2801,55983,57.90897
2802,56062,44.259087
2803,56133,58.410545
2804,56194,28.737713
2805,56259,33.926193
2806,56291,18.47523
2807,56475,317.1968
2808,56574,70.14147
2809,56613,20.038137
2810,56647,10.80591
2811,56690,23.885918
2812,56774,88.68623
2813,56805,18.285837
2814,56866,33.88087
2815,56913,26.09316
2816,56947,20.18619
2817,56988,28.286455
2818,57081,67.74932
2819,57155,53.460533
2820,57234,40.485584
2821,57302,49.052914
2822,57444,123.08994
2823,57531,80.122574
2824,57602,12.898418
2825,57726,-41.891056
2826,57799,19.386879
2827,57870,19.708288
2828,57945,16.51951
2829,58021,67.28231
2830,58098,-6.2313848
2831,58191,10.467245
2832,58269,17.11609
2833,58378,0.8125794
2834,58468,2.8391528
2835,58545,19.80039
2836,58604,21.520094
2837,58677,22.897444
2838,58761,-16.01806
2839,58820,23.566914
2840,58895,23.57349
2841,58976,24.872587
2842,59075,28.229445
2843,59195,41.187622
2844,59284,31.228775
2845,59362,-9.876671
2846,59410,22.712175
2847,59432,8.389894
2848,59446,2.775377
2849,59466,7.048223
2850,59485,6.4658513
2851,59503,5.3099623
2852,59524,9.027847
2853,59545,7.144224
2854,59566,10.36752
2855,59598,18.471054
2856,59634,6.2432313
2857,59657,9.61889
2858,59681,12.944268
2859,59707,12.4459505
2860,59726,5.1528244
2861,59744,6.2131095
2862,59769,7.224644
2863,59793,7.0870795
2864,59818,11.7582245
2865,59839,6.81257
2866,59864,17.114428
2867,59883,5.834813
2868,59898,4.2294116
2869,59920,7.280542
2870,59939,7.147462
2871,59970,15.01566
2872,59993,7.6185055
2873,60012,6.8405123
2874,60035,10.10718
2875,60052,4.6319532
2876,60077,12.337012
2877,60094,5.3268666
2878,60121,10.124293
2879,60138,4.649416
2880,60155,6.0005107
2881,60180,15.375297
2882,60201,6.612275
2883,60221,6.3477163
2884,60237,5.6081915
2885,60251,2.8550346
2886,60265,2.4048402
2887,60284,5.0722623
2888,60299,3.8991055
2889,60319,8.28867
2890,60344,8.206711
2891,60363,4.179417
2892,60380,4.9438095
2893,60397,5.6696396
2894,60415,5.7492194
2895,60447,2.5208862
2896,60466,6.996809
2897,60494,12.8546715
2898,60518,9.764208
2899,60543,8.471527
2900,60564,8.67152
2901,60600,19.671787
2902,60631,1.5533739
2903,60650,6.9945116
2904,60671,9.000916
2905,60690,4.7441063
2906,60705,3.881734
2907,60724,5.211061
2908,60745,11.441973
2909,60770,12.309706
2910,60798,8.405828
2911,60821,8.972477
2912,60840,9.018955
2913,60880,2.318248
2914,60907,11.931109
2915,60928,10.83309
2916,60950,8.767492
2917,60990,5.8014116
2918,61009,6.0704713
2919,61031,8.36962
2920,61051,10.327529
2921,61070,6.184541
2922,61091,5.7130013
2923,61116,12.347211
2924,61141,13.462806
2925,61167,10.375713
2926,61190,7.3098755
2927,61205,3.9107418
2928,61222,4.6593046
2929,61247,10.945394
2930,61268,6.5555906
2931,61288,3.5170026
2932,61304,4.2610025
2933,61324,4.6358976
2934,61354,9.917775
2935,61375,6.1211925
2936,61395,6.7699523
2937,61421,9.5892105
2938,61443,4.3205843
2939,61457,-11.662245
2940,61471,-12.118805
2941,61485,-12.140802
2942,61497,-10.128626
2943,61511,-12.351806
2944,61521,-8.9747505
2945,61535,-12.378378
2946,61545,-9.004514
2947,61558,-11.00148
2948,61573,-11.678296
2949,61587,-12.510519
2950,61601,-12.1063385
2951,61615,-11.949733
2952,61629,-12.689763
2953,61640,-10.273396
2954,61654,-12.760345
2955,61668,-12.084213
2956,61682,-12.027205
2957,61693,-11.095749
2958,61706,-10.684848
2959,61720,-11.550719
2960,61733,-12.078044
2961,61744,-10.6926155
2962,61758,-11.783817
2963,61770,-11.786411
2964,61784,-11.84885
2965,61798,-12.017152
2966,61811,-10.428955
2967,61823,-12.055301
2968,61833,-8.793063
2969,61847,-11.609936
2970,61858,-11.190107
2971,61871,-10.834166
2972,61885,-11.817859
2973,61898,-9.443314
2974,61912,-12.302681
2975,61926,-11.374257
2976,61937,-10.968893
2977,61950,-11.814749
2978,61964,-11.541528
2979,61974,-8.790308
2980,61989,-13.247899
2981,62003,-11.5691805
2982,62014,-10.059238
2983,62027,-10.736899
2984,62041,-12.494032
2985,62055,-11.220177
2986,62069,-11.804809
2987,62080,-9.844711
2988,62094,-12.573213
2989,62105,-9.623527
2990,62115,-8.979378
2991,62129,-12.448191
2992,62140,-11.096985
2993,62152,-11.590901
2994,62166,-12.645215
2995,62179,-12.056988
2996,62193,-11.693657
2997,62204,-11.0830555
2998,62218,-11.955858
2999,62232,-11.190517
3000,62243,-11.146692
3001,62255,-12.754799
3002,62266,-10.681901
3003,62280,-12.320798
3004,62294,-11.88419
3005,62306,-9.913305
3006,62320,-11.813242
3007,62334,-12.033273
3008,62345,-9.293869
3009,62358,-11.542684
3010,62369,-10.191487
3011,62381,-11.611515
3012,62392,-10.088364
3013,62404,-10.487308
3014,62418,-12.256925
3015,62432,-11.811304
3016,62445,-12.12799
3017,62458,-10.434748
3018,62470,-10.108981
3019,62484,-12.205326
3020,62497,-10.419328
3021,62511,-12.51488
3022,62522,-10.7672415
3023,62536,-10.568342
3024,62550,-11.754477
3025,62561,-9.887533
3026,62574,-11.001423
3027,62587,-10.350843
3028,62600,-10.742382
3029,62611,-10.024889
3030,62624,-10.957445
3031,62637,-11.681353
3032,62652,-12.004161
3033,62664,-11.581223
3034,62678,-11.652556
3035,62692,-12.062373
3036,62706,-11.479421
3037,62717,-9.953413
3038,62729,-10.350285
3039,62742,-11.912514
3040,62755,-11.536119
3041,62769,-12.209281
3042,62782,-10.0255375
3043,62796,-11.190065
3044,62807,-9.972346
3045,62821,-11.645789
3046,62831,-8.986351
3047,62845,-12.144654
3048,62858,-12.113856
3049,62872,-11.956879
3050,62887,-12.853788
3051,62898,-9.83063
3052,62913,-12.576359
3053,62927,-11.68179
3054,62938,-10.91997
3055,62953,-13.17576
3056,62964,-9.727454
3057,62976,-11.164619
3058,62989,-10.522671
3059,63003,-11.74612
3060,63017,-11.970203
3061,63031,-11.7689295
3062,63045,-12.721401
3063,63059,-11.693064
3064,63070,-9.769062
3065,63081,-10.972282
3066,63094,-11.9221735
3067,63106,-9.917032
3068,63119,-10.4939785
3069,63133,-11.088652
3070,63144,-10.462757
3071,63158,-11.904107
3072,63172,-12.547753
3073,63184,-11.227068
3074,63195,-10.08869
3075,63207,-10.649138
3076,63218,-11.11008
3077,63232,-12.417146
3078,63242,-9.178251
3079,63253,-10.849662
3080,63272,-10.214691
3081,63282,-8.918779
3082,63293,-9.609355
3083,63304,-10.681185
3084,63318,-11.813711
3085,63329,-9.60871
3086,63340,-10.93754
3087,63351,-10.760564
3088,63363,-10.930569
3089,63377,-11.6749115
3090,63391,-12.472135
3091,63403,-11.100948
3092,63417,-12.3293705
3093,63431,-11.551774
3094,63446,-13.565178
3095,63460,-12.124873
3096,63472,-11.917602
3097,63486,-12.679124
3098,63579,-31.208477
3099,63615,0.3504942
3100,63634,-5.2848973
3101,63682,-14.512826
3102,63705,-2.1030943
3103,63724,-5.0645084
3104,63760,-3.1314602
3105,63781,-6.703719
3106,63801,-4.565983
3107,63905,-39.77686
3108,63967,-11.578189
3109,64021,3.700892
3110,64054,-4.7408834
3111,64078,-3.8649557
3112,64115,-0.92127764
3113,64135,-5.2743998
3114,64155,-4.325693
3115,64190,-2.6102283
3116,64216,-2.017731
3117,64253,8.865993
3118,64277,-3.743594
3119,64317,-0.33102763
3120,64338,-2.8604217
3121,64358,-5.322802
3122,64378,-3.5335093
3123,64527,-34.97791
3124,64588,-6.751074
3125,64660,-7.1747584
3126,64752,-27.074444
3127,64771,-5.886306
3128,64792,-0.77661204
3129,64812,-6.1656957
3130,64834,-3.9094424
3131,64855,-2.8289223
3132,64874,-6.5049725
3133,64912,0.3315251
3134,64932,-6.017963
3135,64961,0.19597077
3136,65027,14.494826
3137,65047,-5.5806465
3138,65067,-4.308364
3139,65117,-11.056527
3140,65155,1.3452076
3141,65209,-10.614635
3142,65229,-4.7456765
3143,65267,1.4459026
3144,65287,-6.323863
3145,65321,-5.714059
3146,65341,-7.1478486
3147,65376,-1.6199255
3148,65416,-2.5713458
3149,65475,0.41688144
3150,65554,-4.5716715
3151,65650,139.35083
3152,65691,27.65197
3153,65739,38.146973
3154,65786,32.489655
3155,65816,14.057252
3156,65884,56.73077
3157,65992,161.62071
3158,66032,24.229925
3159,66108,71.73281
3160,66208,163.483
3161,66249,23.626709
3162,66284,19.521837
3163,66329,33.59158
3164,66368,20.575335
3165,66412,37.737938
3166,66486,78.872345
3167,66563,97.58068
3168,66709,251.68706
3169,66742,16.721594
3170,66842,153.7128
3171,66942,116.68264
3172,66982,23.350838
3173,67018,20.068592
3174,67140,199.81949
3175,67175,19.754622
3176,67310,207.9888
3177,67385,78.016205
3178,67453,60.03534
3179,67664,306.1903
3180,67870,313.97528
3181,67899,17.61714
3182,68060,272.35498
3183,68086,9.856886
3184,68355,334.29565
3185,68499,45.340195
3186,68751,109.52969
3187,68882,194.35345
3188,69026,268.63702
3189,69180,257.61462
3190,69208,15.337973
3191,69466,329.95337
3192,69636,276.05634
3193,69653,4.6058764
3194,69673,5.065109
3195,69696,12.265511
3196,69710,1.0531826
3197,69727,5.1149006
3198,69746,2.2203388
3199,69762,0.8567151
3200,69776,2.1674907
3201,69793,5.9959908
3202,69810,5.442826
3203,69827,3.7896714
3204,69841,1.8907661
3205,69871,18.388771
3206,69891,4.1073203
3207,69905,1.3191534
3208,69920,2.8919244
3209,69943,6.166494
3210,69961,2.639247
3211,69975,1.7187885
3212,69993,2.3416698
3213,70022,16.916525
3214,70036,1.5626817
3215,70060,9.1103325
3216,70074,1.9349895
3217,70091,2.6691175
3218,70105,1.3959837
3219,70119,1.540324
3220,70142,6.4356527
3221,70157,2.1712208
3222,70174,5.4818163
3223,70189,2.196684
3224,70235,40.450336
3225,70251,-0.21203601
3226,70265,1.98799
3227,70279,1.9434423
3228,70323,36.74965
3229,70340,3.0427184
3230,70354,2.0852768
3231,70377,10.289582
3232,70391,1.2100623
3233,70408,5.2283697
3234,70422,0.7298964
3235,70436,1.6528933
3236,70458,4.1658688
3237,70472,1.4333766
3238,70486,1.701875
3239,70500,1.3909106
3240,70517,5.6545343
3241,70538,5.9697857
3242,70553,3.6821148
3243,70567,1.3730439
3244,70581,1.9953873
3245,70601,8.974894
3246,70633,19.57813
3247,70650,5.910204
3248,70669,3.5831232
3249,70683,1.8446681
3250,70697,2.0388432
3251,70711,1.2341361
3252,70725,1.9454725
3253,70745,5.4445696
3254,70759,2.025977
3255,70773,1.6529591
3256,70793,5.8149576
3257,70817,10.762421
3258,70846,12.796076
3259,70861,2.932077
3260,70876,3.8132713
3261,70890,1.2101245
3262,70913,6.411829
3263,70928,2.3067923
3264,70948,6.7756505
3265,70963,1.6035457
3266,70980,5.2160654
3267,70994,1.8927876
3268,71009,3.629987
3269,71027,6.735733
3270,71043,4.162902
3271,71065,5.7420597
3272,71079,2.0384445
3273,71093,2.309255
3274,71107,1.2687824
3275,71121,2.0719817
3276,71143,6.4093
3277,71157,1.3573377
3278,71171,1.7938018
3279,71199,17.106375
3280,71216,3.0352006
3281,71232,1.4522705
3282,71246,1.9742801
3283,71260,1.4410305
3284,71278,0.7031071
3285,71312,18.156063
3286,71340,15.150115
3287,71366,13.135264
3288,71384,2.5393958
3289,71407,10.439536
3290,71421,1.9846979
3291,71435,1.9165745
3292,71454,3.3584418
3293,71468,1.8262532
3294,71482,1.22192
3295,71502,4.234575
3296,71518,2.413877
3297,71531,1.125402
3298,71545,1.286598
3299,71559,2.0114644
3300,71573,1.8619149
3301,71591,5.815103
3302,71609,0.9541983
3303,71623,1.2524498
3304,71637,2.0345585
3305,71651,1.9355986
3306,71665,2.0155814
3307,71679,2.085755
3308,71787,-23.186945
3309,71871,-14.447707
3310,72112,189.39964
3311,72192,-15.177633
3312,72266,-18.518524
3313,72442,81.8244
3314,72507,8.494169
3315,72602,-31.36852
3316,72700,-28.002972
3317,72784,-14.267124
3318,72825,-4.112061
3319,72978,1.9339306
3320,73047,-28.712515
3321,73111,9.674759
3322,73250,19.825653
3323,73328,-14.516042
3324,73401,-28.130085
3325,73445,7.6369524
3326,73522,-19.37669
3327,73627,17.428902
3328,73711,-20.859898
3329,73735,1.4505818
3330,73768,17.325584
3331,73811,18.652346
3332,73899,8.029764
3333,73961,3.056195
3334,73993,-4.993002
3335,74033,0.823106
3336,74071,-5.5060606
3337,74099,13.625093
3338,74138,16.505205
3339,74166,10.695803
3340,74221,-4.815915
3341,74249,7.0382724
3342,74321,-0.48423153
3343,74348,14.763022
3344,74370,5.5177317
3345,74423,8.610258
3346,74459,-0.26761138
3347,74498,13.974439
3348,74532,-6.70619
3349,74585,-13.79465
3350,74653,47.76574
3351,74694,16.638493
3352,74752,-0.469743
3353,74790,11.663864
3354,74852,2.8352723
3355,74907,27.21963
3356,74971,1.7329783
3357,75026,8.023428
3358,75074,29.01887
3359,75106,-6.869058
3360,75135,7.4300637
3361,75174,10.239216
3362,75239,-9.74953
3363,75276,8.915051
3364,75333,-7.349677
3365,75388,15.756745
3366,75484,15.489446
3367,75527,27.140034
3368,75573,-14.038696
3369,75630,-2.3675013
3370,75699,15.547029
3371,75727,14.970576
3372,75758,10.337492
3373,75903,198.19087
3374,75978,21.975199
3375,76112,43.285
3376,76207,-11.433359
3377,76265,29.379503
3378,76434,44.45734
3379,76505,-7.7435055
3380,76574,12.301167
3381,76669,-11.899036
3382,76782,-7.325692
3383,76873,27.302282
3384,77101,285.82977
3385,77182,1.0251658
3386,77277,-15.895649
3387,77371,60.01375
3388,77496,37.113632
3389,77580,-1.1275092
3390,77695,37.911533
3391,77807,10.935076
3392,77855,9.754264
3393,77913,9.872059
3394,77975,3.6814835
3395,78058,39.694386
3396,78112,11.616445
3397,78144,5.131346
3398,78170,-0.062568426
3399,78217,-0.34325302
3400,78257,6.743498
3401,78311,13.568355
3402,78355,15.130742
3403,78412,8.016077
3404,78457,0.13947725
3405,78505,10.788398
3406,78549,10.699957
3407,78600,10.43965
3408,78645,8.499379
3409,78667,1.9337316
3410,78704,26.039345
3411,78737,8.662896
3412,78758,0.9508074
3413,78790,6.234177
3414,78847,9.943754
3415,78886,30.754444
3416,78949,3.5292015
3417,78988,10.176731
3418,79041,-0.89268994
3419,79081,15.732726
3420,79181,67.58991
3421,79211,19.340353
3422,79281,44.183147
3423,79335,25.813963
3424,79356,0.6592144
3425,79387,1.5234953
3426,79438,11.631792
3427,79479,5.3176994
3428,79526,7.799155
3429,79573,3.3042557
3430,79604,7.8269405
3431,79640,8.830913
3432,79660,-1.6400913
3433,79684,9.011204
3434,79714,6.3275523
3435,79770,20.337624
3436,79800,4.4172006
3437,79845,9.285844
3438,79869,6.0435505
3439,80131,385.2376
3440,80228,92.163155
3441,80369,112.98421
3442,80543,179.06844
3443,80597,38.6616
3444,80749,130.196
3445,80861,147.16809
3446,80978,136.51718
3447,81064,52.232525
3448,81135,27.968971
3449,81233,81.373085
3450,81375,27.743948
3451,81518,158.95798
3452,81599,68.9221
3453,81699,92.20416
3454,81918,141.40591
3455,81932,1.5889212
3456,81947,4.1776214
3457,81962,4.180251
3458,81976,4.1298785
3459,81995,6.1801887
3460,82008,2.224914
3461,82022,3.9040534
3462,82035,2.4870133
3463,82051,4.7950935
3464,82083,13.31807
3465,82097,4.042273
3466,82112,4.184699
3467,82142,19.619473
3468,82156,3.5656102
3469,82169,2.5955927
3470,82184,5.018842
3471,82197,2.3967316
3472,82211,3.6547315
3473,82225,3.8859725
3474,82240,5.093017
3475,82259,5.5571575
3476,82272,2.289238
3477,82286,3.0979881
3478,82300,4.1539607
3479,82320,6.027703
3480,82335,4.2865977
3481,82347,2.3897557
3482,82361,4.08475
3483,82374,1.9544522
3484,82392,5.977062
3485,82406,3.1794102
3486,82424,5.9960785
3487,82444,6.204843
3488,82457,2.4740777
3489,82471,4.208003
3490,82484,2.170002
3491,82499,4.4294043
3492,82512,2.81507
3493,82526,3.7530289
3494,82539,2.242387
3495,82554,4.2206545
3496,82569,4.2839212
3497,82583,3.13925
3498,82598,4.72553
3499,82617,5.427308
3500,82635,5.5646367
3501,82652,4.159759
3502,82668,5.053855
3503,82681,2.2921762
3504,82694,2.9710445
3505,82709,4.524591
3506,82722,2.0664487
3507,82736,3.5523684
3508,82750,3.2219048
3509,82769,5.4906535
3510,82783,2.9569106
3511,82796,2.2710712
3512,82809,2.2026901
3513,82822,2.9017527
3514,82835,2.9940882
3515,82850,4.137313
3516,82864,3.044989
3517,82883,5.5759954
3518,82896,2.622798
3519,82909,2.7347746
3520,82924,4.357797
3521,82939,4.127603
3522,82954,4.255822
3523,82973,5.245943
3524,82985,2.0814488
3525,83000,4.4263725
3526,83014,3.012761
3527,83028,4.6067114
3528,83041,2.632038
3529,83056,4.2265177
3530,83069,2.9569595
3531,83083,4.0930977
3532,83097,3.78511
3533,83111,3.2569885
3534,83130,5.3600287
3535,83143,2.5231028
3536,83157,3.5089586
3537,83171,3.9814754
3538,83190,4.843863
3539,83202,2.2099352
3540,83216,4.1424527
3541,83231,4.3597145
3542,83253,9.243522
3543,83266,2.1991892
3544,83279,3.0354085
3545,83296,5.8307323
3546,83310,3.6519983
3547,83323,2.481434
3548,83336,2.608814
3549,83350,4.2072153
3550,83363,2.8408887
3551,83376,2.8725028
3552,83396,6.166026
3553,83409,2.6094255
3554,83429,5.6247215
3555,83443,4.3340282
3556,83456,2.4867237
3557,83476,6.168968
3558,83496,6.253251
3559,83509,2.3636055
3560,83528,5.075101
3561,83542,3.1597614
3562,83559,4.0279155
3563,83579,6.5398345
3564,83592,2.5416834
3565,83606,3.4509926
3566,83619,2.940258
3567,83634,4.2671986
3568,83648,3.5390987
3569,83661,2.327519
3570,83675,4.0756307
3571,83688,2.9500456
3572,83703,4.2066183
3573,83718,4.5583196
3574,83738,5.453207
3575,83755,3.921428
3576,83787,14.789554
3577,83802,4.2310777
3578,83816,3.8925405
3579,83829,2.974576
3580,83842,2.9160962
3581,83860,3.7424335
3582,83873,2.553157
3583,83892,5.719299
3584,83906,3.9503357
3585,83929,6.8444114
3586,83943,2.9367676
3587,83957,4.2714562
3588,83992,9.061088
3589,84004,-13.300966
3590,84017,-13.345317
3591,84030,-13.061083
3592,84042,-11.552413
3593,84054,-13.749963
3594,84067,-14.074861
3595,84080,-12.906501
3596,84093,-13.8961
3597,84106,-12.230317
3598,84119,-12.092335
3599,84131,-13.897209
3600,84143,-11.7792015
3601,84156,-14.251233
3602,84169,-13.467473
3603,84182,-12.876652
3604,84194,-11.954551
3605,84207,-13.138641
3606,84219,-14.309863
3607,84231,-13.2944565
3608,84244,-12.097012
3609,84256,-11.983271
3610,84268,-11.516511
3611,84281,-14.162569
3612,84294,-11.204086
3613,84306,-11.916984
3614,84318,-13.914652
3615,84330,-13.026779
3616,84343,-12.448753
3617,84357,-11.205381
3618,84369,-12.024143
3619,84381,-12.375241
3620,84394,-14.13228
3621,84406,-11.677923
3622,84419,-12.841803
3623,84432,-12.328978
3624,84444,-13.802618
3625,84457,-14.146666
3626,84469,-14.250778
3627,84482,-14.041137
3628,84495,-12.653262
3629,84508,-14.027842
3630,84520,-11.882931
3631,84532,-13.840948
3632,84544,-11.754827
3633,84558,-11.357169
3634,84571,-14.123781
3635,84583,-12.959167
3636,84596,-13.235554
3637,84609,-12.881683
3638,84621,-13.763544
3639,84633,-13.527985
3640,84646,-13.060546
3641,84659,-12.604293
3642,84672,-13.016611
3643,84684,-14.365554
3644,84697,-14.506972
3645,84710,-13.017118
3646,84723,-12.002657
3647,84736,-12.089567
3648,84748,-13.185106
3649,84761,-10.900884
3650,84773,-11.837741
3651,84786,-12.866234
3652,84798,-11.926732
3653,84811,-12.9886265
3654,84824,-12.055256
3655,84837,-13.815065
3656,84850,-13.622735
3657,84863,-11.197452
3658,84875,-13.0070505
3659,84887,-13.151315
3660,84899,-13.111893
3661,84911,-11.303099
3662,84924,-13.754955
3663,84936,-13.412622
3664,84949,-13.667416
3665,84962,-11.533201
3666,84974,-13.459946
3667,84987,-13.428374
3668,85000,-14.398788
3669,85013,-13.8621
3670,85026,-12.10688
3671,85039,-14.583621
3672,85052,-11.537416
3673,85064,-14.347051
3674,85077,-11.357834
3675,85090,-14.291379
3676,85102,-13.242522
3677,85115,-14.834069
3678,85128,-13.422898
3679,85140,-14.219144
3680,85153,-13.2100525
3681,85165,-13.162052
3682,85178,-12.997139
3683,85190,-13.079987
3684,85203,-11.760748
3685,85216,-12.677762
3686,85229,-11.82013
3687,85241,-11.996452
3688,85254,-13.216896
3689,85267,-12.121604
3690,85280,-12.02162
3691,85292,-13.777285
3692,85305,-14.070014
3693,85318,-12.100643
3694,85331,-11.558633
3695,85344,-12.097868
3696,85356,-14.203484
3697,85369,-13.229789
3698,85382,-13.577572
3699,85395,-12.103804
3700,85408,-12.745287
3701,85420,-12.397712
3702,85433,-12.7458
3703,85445,-12.12349
3704,85457,-12.172375
3705,85470,-13.622969
3706,85482,-14.060897
3707,85495,-12.6191635
3708,85507,-12.713466
3709,85520,-12.585473
3710,85532,-13.853992
3711,85545,-13.357013
3712,85559,-12.091913
3713,85572,-11.207518
3714,85584,-11.885319
3715,85597,-13.138236
3716,85609,-12.728328
3717,85621,-11.86768
3718,85634,-14.594464
3719,85646,-12.531687
3720,85658,-11.989452
3721,85670,-13.108665
3722,85683,-12.515065
3723,85696,-12.938443
3724,85710,-12.843263
3725,85724,-12.528683
3726,85737,-11.903036
3727,85749,-11.630334
3728,85761,-12.773912
3729,85773,-12.732161
3730,85786,-13.900656
3731,85798,-12.0721245
3732,85811,-14.065356
3733,85824,-12.26852
3734,85837,-12.554875
3735,85850,-13.624137
3736,85863,-13.220064
3737,85875,-12.6239195
3738,85888,-11.774842
3739,85901,-14.460566
3740,85914,-12.524293
3741,85927,-14.054672
3742,85939,-12.412342
3743,85951,-12.052319
3744,85964,-13.349523
3745,85977,-12.65119
3746,85990,-11.890789
3747,86003,-13.59547
3748,86015,-14.171829
3749,86100,42.41658
3750,86431,423.44083
3751,86763,520.0225
3752,86892,241.37659
3753,87106,266.73956
3754,87313,163.16235
3755,87979,455.22873
3756,88201,185.26558
3757,88225,2.150802
3758,88249,2.6373096
3759,88390,278.459
3760,88523,222.94366
3761,88690,394.92767
3762,88715,6.950785
3763,88920,465.52127
3764,89084,318.89276
3765,89108,3.4775932
3766,89266,241.36714
3767,89327,49.25416
3768,89429,85.32405
3769,89548,241.57387
3770,89572,0.5896901
3771,89780,443.4008
3772,89804,2.273714
3773,89981,307.8278
3774,90146,258.24442
3775,90171,14.254055
3776,90225,31.498058
3777,90247,11.914991
3778,90281,25.687017
3779,90341,40.548946
3780,90389,36.304916
3781,90435,41.96938
3782,90481,37.49338
3783,90516,25.193682
3784,90597,78.6825
3785,90626,15.006762
3786,90652,11.046487
3787,90678,11.659757
3788,90724,33.544884
3789,90784,45.175194
3790,90808,10.740417
3791,90833,12.444823
3792,90866,23.466442
3793,90899,20.915983
3794,90985,142.3961
3795,91014,19.068422
3796,91073,36.94823
3797,91102,19.089575
3798,91128,11.224532
3799,91173,30.351871
3800,91229,27.538597
3801,91258,18.765009
3802,91288,15.642631
3803,91314,11.256518
3804,91361,47.021267
3805,91430,71.77456
3806,91522,122.10578
3807,91612,102.26258
3808,91674,73.02284
3809,91696,9.247512
3810,91800,132.61086
3811,91826,13.53294
3812,91876,44.578156
3813,91905,19.12646
3814,91925,9.871163
3815,91949,14.813934
3816,91998,44.406097
3817,92059,55.70733
3818,92146,147.51591
3819,92625,631.8223
3820,92895,458.8119
3821,93012,234.24178
3822,93406,476.73495
3823,93560,2.0751412
3824,93736,79.43542
3825,93896,283.70142
3826,94088,309.15125
3827,94221,229.88603
3828,94393,4.1361876
3829,94536,208.52579
3830,94685,47.26405
3831,94864,386.01495
3832,95019,25.0308
3833,95182,23.53535
3834,95345,304.06186
3835,95568,339.44315
3836,95744,68.06553
3837,96160,186.26797
3838,96272,108.05664
3839,96293,-4.088227
3840,96328,12.985919
3841,96380,47.606117
3842,96405,1.3591925
3843,96430,2.0845034
3844,96495,54.354607
3845,96517,-4.042815
3846,96541,1.2233832
3847,96620,32.437458
3848,96647,0.60337824
3849,96692,46.263737
3850,96723,3.8450055
3851,96773,39.60205
3852,96819,16.129442
3853,96894,17.07252
3854,96923,2.91648
3855,96982,16.683666
3856,97013,5.0561743
3857,97034,-0.7048999
3858,97071,11.528444
3859,97101,2.3107414
3860,97153,42.29894
3861,97175,-2.0904608
3862,97205,8.61702
3863,97237,7.602704
3864,97304,16.739204
3865,97335,10.388914
3866,97357,0.03574574
3867,97383,6.075383
3868,97407,3.1647964
3869,97428,-0.6707457
3870,97462,5.248751
3871,97547,21.991774
3872,97587,15.212994
3873,97671,16.101408
3874,97694,-0.9456551
3875,97717,-1.1961749
3876,97743,1.7071221
3877,97770,8.356816
3878,97797,6.328443
3879,97835,-0.5151031
3880,97858,-3.4823956
3881,97884,7.882141
3882,97906,-3.0471447
3883,97930,2.7839165
3884,97963,7.5150056
3885,98045,17.963478
3886,98079,11.74945
3887,98102,-0.50427806
3888,98140,1.5615537
3889,98164,0.8900347
3890,98191,10.642065
3891,98242,39.397865
3892,98273,6.600984
3893,98312,11.449136
3894,98330,0.7557136
3895,98348,0.40278465
3896,98376,2.5447211
3897,98394,0.88103986
3898,98419,0.8200016
3899,98437,0.80018127
3900,98455,0.6480118
3901,98473,1.1126847
3902,98491,0.20250693
3903,98509,0.96263814
3904,98527,0.4179215
3905,98545,0.7678909
3906,98563,0.48758972
3907,98592,2.4432187
3908,98611,1.5515302
3909,98629,0.5303574
3910,98649,2.5762353
3911,98667,0.7259202
3912,98685,0.86372405
3913,98703,0.42768008
3914,98722,1.6576103
3915,98740,0.57850426
3916,98758,0.71509844
3917,98776,0.9378472
3918,98794,0.37925082
3919,98812,0.32700485
3920,98830,0.9215544
3921,98848,0.993837
3922,98867,-6.0341964
3923,98885,0.49486855
3924,98903,0.5749641
3925,98921,0.9218055
3926,98939,0.78994983
3927,98957,1.2910326
3928,98975,0.6435177
3929,98993,0.6822117
3930,99011,1.0122259
3931,99029,1.3570688
3932,99047,1.2861617
3933,99065,0.8212185
3934,99083,0.6410119
3935,99101,1.3446629
3936,99120,2.3239439
3937,99138,1.2166867
3938,99156,0.7937792
3939,99175,2.2782385
3940,99193,1.0107083
3941,99211,1.0397652
3942,99229,0.66891974
3943,99247,0.56154525
3944,99265,1.0301679
3945,99283,0.6800476
3946,99301,0.6405616
3947,99319,1.6892229
3948,99337,1.0411721
3949,99355,0.71749943
3950,99373,0.7722823
3951,99391,0.5524608
3952,99409,0.7321839
3953,99427,1.3293077
3954,99445,0.6451565
3955,99463,0.44509524
3956,99483,3.4123912
3957,99501,0.99879646
3958,99519,0.5757625
3959,99537,1.0361761
3960,99555,1.293485
3961,99573,0.65537924
3962,99591,1.3057196
3963,99609,0.91816777
3964,99627,0.5938368
3965,99645,0.40263858
3966,99663,0.76773196
3967,99681,0.7731181
3968,99708,0.59475726
3969,99726,0.96479577
3970,99744,1.1443207
3971,99762,0.41932765
3972,99780,0.7900624
3973,99798,0.736904
3974,99818,1.8540925
3975,99836,0.85037655
3976,99854,0.90038955
3977,99872,1.1306902
3978,99890,0.8319033
3979,99929,9.509024
3980,99947,0.6134087
3981,99965,0.8376821
3982,99990,2.05458
3983,100008,1.043076
3984,100026,0.61450833
3985,100046,1.8924735
3986,100064,0.96960497
3987,100085,3.0368338
3988,100103,0.962312
3989,100122,1.2314796
3990,100140,1.1002973
3991,100165,-3.1819642
3992,100183,0.8456353
3993,100201,0.9873372
3994,100219,0.97966045
3995,100237,0.5712272
3996,100255,0.6148244
3997,100273,1.0343419
3998,100291,1.0562875
3999,100309,1.3196576
4000,100327,0.8150917
4001,100347,2.6424625
4002,100401,-0.9612604
4003,100450,0.258327
4004,100508,5.3724613
4005,100553,2.0938692
4006,100602,-3.403443
4007,100675,24.2181
4008,100753,3.7502704
4009,100800,0.960451
4010,100844,2.578388
4011,100915,11.199973
4012,100987,5.086998
4013,101086,63.30895
4014,101128,-0.34633955
4015,101198,6.3175654
4016,101248,0.82529914
4017,101280,-4.097215
4018,101327,-1.3295653
4019,101376,4.630589
4020,101424,4.6919537
4021,101519,52.565353
4022,101557,-0.7956262
4023,101628,5.7189713
4024,101710,22.1288
4025,101756,3.274279
4026,101798,-1.285407
4027,101854,5.1202655
4028,101904,4.321911
4029,101952,2.0454876
4030,101996,2.452301
4031,102047,-6.2371182
4032,102097,4.65417
4033,102154,5.9622555
4034,102205,-0.68176246
4035,102253,2.7201056
4036,102288,-1.5215442
4037,102336,3.861904
4038,102382,0.48867804
4039,102446,-8.862212
4040,102518,-0.06635195
4041,102619,21.43777
4042,102717,8.860611
4043,102805,9.374923
4044,102873,1.1271617
4045,102964,3.3261127
4046,103010,9.468751
4047,103079,20.416342
4048,103148,-1.1909313
4049,103242,16.47277
4050,103346,36.51007
4051,103548,68.46679
4052,103613,52.222496
4053,103675,12.191147
4054,103737,20.468895
4055,103842,27.275286
4056,103920,-9.600739
4057,104004,-8.724499
4058,104117,113.98304
4059,104186,-5.9293094
4060,104305,107.26495
4061,104427,70.311195
4062,104463,13.067701
4063,104533,-45.970222
4064,104556,9.78826
4065,104573,1.4227096
4066,104592,5.7885904
4067,104661,-40.928055
4068,104684,10.267993
4069,104791,-34.553417
4070,104834,1.9667695
4071,104860,11.556929
4072,104878,5.164146
4073,104896,5.4689536
4074,104936,0.44911265
4075,104954,2.4071622
4076,104995,0.01017952
4077,105064,-43.45481
4078,105102,-1.3233955
4079,105124,8.3335
4080,105187,-0.21835995
4081,105205,4.8433924
4082,105224,6.0073504
4083,105293,-42.918327
4084,105365,-18.648508
4085,105433,-43.126312
4086,105502,-45.19509
4087,105528,11.411373
4088,105589,3.0061584
4089,105608,3.3101854
4090,105628,7.8646364
4091,105669,2.5491424
4092,105706,-1.954516
4093,105776,-40.74913
4094,105869,-81.835266
4095,105939,3.5191908
4096,106004,4.1921887
4097,106021,1.0907781
4098,106089,-45.582287
4099,106107,4.4414673
4100,106148,3.6429677
4101,106165,1.3112701
4102,106274,-20.537916
4103,106298,10.751916
4104,106366,-37.196423
4105,106384,4.461935
4106,106459,-45.91018
4107,106477,2.307456
4108,106667,5.833084
4109,106916,102.69631
4110,107012,86.92593
4111,107188,61.08275
4112,107412,344.01254
4113,107725,105.593735
4114,108044,141.49648
4115,108590,421.7556
4116,108624,18.626757
4117,108710,25.686237
4118,108735,8.337208
4119,108925,94.42868
4120,108943,6.0559726
4121,108969,11.588336
4122,109266,198.55397
4123,109327,32.842854
4124,109353,9.324744
4125,109436,38.06678
4126,109454,5.6306515
4127,109741,343.75626
4128,109767,10.161661
4129,109793,10.437225
4130,109883,8.175125
4131,109908,10.58611
4132,109976,32.840416
4133,110001,9.795798
4134,110026,10.502906
4135,110044,6.193913
4136,110062,5.7644835
4137,110082,7.042708
4138,110106,7.566807
4139,110124,5.793316
4140,110353,285.891
4141,110372,7.304373
4142,110390,6.8303375
4143,110473,59.12753
4144,110614,113.36469
4145,110639,8.221925
4146,110662,10.897788
4147,110683,5.986459
4148,110712,11.18728
4149,110738,9.2168865
4150,110763,9.740423
4151,110790,8.181506
4152,110813,7.89807
4153,110836,7.0866866
4154,110860,7.6971703
4155,110885,10.737754
4156,110912,8.712973
4157,110935,6.9710217
4158,110955,5.2047668
4159,110986,15.089133
4160,111009,9.839118
4161,111038,12.379351
4162,111060,8.759062
4163,111081,6.435602
4164,111104,8.692018
4165,111128,7.8477144
4166,111154,11.186033
4167,111184,13.840909
4168,111206,7.2046237
4169,111229,6.5955734
4170,111262,20.487104
4171,111292,10.243535
4172,111318,10.094611
4173,111345,8.151994
4174,111368,8.1617155
4175,111395,8.670942
4176,111420,11.361053
4177,111447,10.291317
4178,111469,6.2794666
4179,111492,8.025877
4180,111521,10.7898
4181,111544,8.625107
4182,111564,5.852858
4183,111585,6.2067766
4184,111607,8.214182
4185,111633,11.110545
4186,111658,9.471648
4187,111683,9.499371
4188,111703,6.077164
4189,111720,5.7775702
4190,111748,10.591009
4191,111771,7.592844
4192,111796,5.920458
4193,111816,6.818103
4194,111850,16.53079
4195,111876,11.388286
4196,111903,9.191399
4197,111930,10.1220875
4198,111951,8.091692
4199,111975,10.019649
4200,112002,10.182013
4201,112025,9.228426
4202,112053,7.012181
4203,112077,10.497204
4204,112097,6.5961976
4205,112123,11.330694
4206,112146,9.616095
4207,112177,9.856563
4208,112201,13.19167
4209,112223,7.5995765
4210,112250,10.5994835
4211,112271,6.6698723
4212,112304,13.747389
4213,112324,6.8204494
4214,112348,12.897283
4215,112375,9.726947
4216,112396,7.269845
4217,112424,11.543638
4218,112447,8.241947
4219,112468,7.886769
4220,112484,5.1244607
4221,112521,13.198013
4222,112539,6.643797
4223,112563,9.781508
4224,112587,9.079568
4225,112620,15.238307
4226,112732,106.866425
4227,112786,42.038044
4228,112899,182.51529
4229,112952,41.854626
4230,112979,20.36093
4231,113024,29.741285
4232,113113,146.8187
4233,113167,73.57792
4234,113189,11.47126
4235,113252,63.798973
4236,113271,10.753691
4237,113286,4.579396
4238,113332,52.599796
4239,113353,9.062371
4240,113425,81.40397
4241,113522,126.5306
4242,113560,24.284788
4243,113670,144.13556
4244,113683,3.4832692
4245,113698,4.012389
4246,113714,5.3118815
4247,113732,9.951283
4248,113798,56.72699
4249,113835,34.801033
4250,113846,1.9447569
4251,114104,188.29477
4252,114126,9.872336
4253,114380,342.55426
4254,114495,105.200294
4255,114626,101.51828
4256,114793,253.21191
4257,114829,19.588713
4258,115089,130.84717
4259,115118,17.688938
4260,115169,42.015247
4261,115366,171.77348
4262,115436,66.16404
4263,115511,61.77345
4264,115680,255.11702
4265,115772,83.94059
4266,115866,108.83093
4267,115984,185.64262
4268,116147,94.77973
4269,116329,222.13379
4270,116470,117.861595
4271,116564,60.632626
4272,116679,134.70312
4273,116748,77.06726
4274,116763,1.8624913
4275,116777,-0.43560994
4276,116796,3.85545
4277,116809,1.4935746
4278,116824,-1.0572762
4279,116897,3.1468244
4280,116916,6.7667704
4281,117008,-12.17394
4282,117022,3.5159676
4283,117065,10.187678
4284,117140,-5.847451
4285,117155,2.0168872
4286,117223,-22.328363
4287,117324,-7.0343447
4288,117337,1.5132687
4289,117429,-18.945583
4290,117523,-4.155895
4291,117536,1.0836371
4292,117549,-0.22597647
4293,117561,0.29377764
4294,117624,-3.4650464
4295,117704,-13.642356
4296,117792,-17.30485
4297,117878,6.4008265
4298,117889,-1.3536568
4299,117927,-2.3543115
4300,118021,-31.963005
4301,118126,-33.744976
4302,118209,-31.082321
4303,118222,-0.4458776
4304,118314,-28.309856
4305,118394,-6.148073
4306,118476,-21.043255
4307,118492,2.619647
4308,118554,-7.872703
4309,118652,-30.469522
4310,118667,1.5373755
4311,118754,-18.859253
4312,118767,1.8390971
4313,118782,0.44392174
4314,118794,-1.3096297
4315,118808,0.6968411
4316,118823,-0.6491872
4317,118841,3.950965
4318,118856,0.5615568
4319,118871,0.3090309
4320,118886,-1.1698565
4321,118901,-0.039296985
4322,118917,1.5966616
4323,118932,0.18817234
4324,118947,0.013286471
4325,118962,-0.56952417
4326,118977,0.08167589
4327,118992,-0.22434545
4328,119007,-0.8660166
4329,119022,-0.13170362
4330,119037,0.6783149
4331,119053,1.0472324
4332,119070,3.2153263
4333,119086,3.014689
4334,119102,1.1712887
4335,119117,0.40265405
4336,119133,2.204454
4337,119148,-0.8530742
4338,119162,0.04719448
4339,119178,1.7537198
4340,119195,3.1342914
4341,119211,1.2048553
4342,119226,0.39462817
4343,119241,-0.41994178
4344,119256,0.9104326
4345,119272,2.1707835
4346,119287,1.6916933
4347,119302,0.6311395
4348,119316,-0.05718434
4349,119331,0.5185003
4350,119346,-1.1337872
4351,119363,3.5593631
4352,119378,-0.27967513
4353,119394,1.2988913
4354,119409,0.52281475
4355,119423,0.15721714
4356,119439,0.9786074
4357,119455,3.4777482
4358,119471,1.0029408
4359,119486,0.6795604
4360,119504,4.619946
4361,119525,5.361535
4362,119540,-0.6093948
4363,119560,5.1284595
4364,119575,1.8396559
4365,119591,1.086379
4366,119607,1.8347085
4367,119622,-0.078550935
4368,119637,-0.28515196
4369,119655,3.4685946
4370,119671,1.8858843
4371,119687,1.7634747
4372,119703,3.1597981
4373,119719,1.6078134
4374,119734,-0.47386158
4375,119750,2.7598956
4376,119765,-0.9126507
4377,119780,0.7601627
4378,119796,2.269271
4379,119811,-0.8835325
4380,119826,-0.13533294
4381,119842,3.4272194
4382,119858,1.9702647
4383,119873,0.09449315
4384,119888,0.5459957
4385,119903,0.20030773
4386,119918,0.126181
4387,119932,0.8260355
4388,119948,3.4143968
4389,119963,0.37964535
4390,119979,1.2223804
4391,119997,4.0861783
4392,120012,-0.9791136
4393,120028,1.5756607
4394,120043,0.01796043
4395,120057,0.6209725
4396,120072,-0.061002612
4397,120087,-0.12641251
4398,120104,4.0527654
4399,120119,0.7801322
4400,120134,-0.87411284
4401,120149,-0.5619924
4402,120165,1.3425413
4403,120180,-0.68799126
4404,120195,-0.857636
4405,120211,2.0223522
4406,120226,-0.14065349
4407,120242,1.8730695
4408,120258,1.3820189
4409,120273,0.13206065
4410,120295,5.4681826
4411,120310,-1.3210647
4412,120326,2.9518218
4413,120340,0.5718099
4414,120356,1.8237586
4415,120371,-0.49308658
4416,120387,1.3641319
4417,120403,0.97376716
4418,120418,-0.34711647
4419,120434,2.7633271
4420,120449,-0.31637943
4421,120464,0.17696798
4422,120480,1.4930391
4423,120500,4.96457
4424,120516,-0.3807553
4425,120538,5.4361224
4426,120553,1.7283808
4427,120569,1.8108859
4428,120584,-0.33674133
4429,120599,-0.54289424
4430,120615,1.210868
4431,120631,3.0727577
4432,120646,-1.1979526
4433,120662,2.9884973
4434,120678,3.226919
4435,120693,2.0619526
4436,120708,0.5408752
4437,120723,-0.0055224895
4438,120738,0.13909781
4439,120753,-0.31093633
4440,120775,5.3881726
4441,120791,2.6156635
4442,120805,0.28105068
4443,120820,-0.9801409
4444,120854,-6.093464
4445,120910,23.07309
4446,120958,2.5021217
4447,121067,-14.031817
4448,121121,27.96958
4449,121190,10.821769
4450,121237,22.196188
4451,121331,49.873966
4452,121384,28.673113
4453,121433,31.129353
4454,121552,-34.75553
4455,121638,28.837246
4456,121687,40.814877
4457,121738,28.68544
4458,121802,37.102116
4459,121870,37.515095
4460,121974,43.3684
4461,122061,48.92173
4462,122121,36.62931
4463,122196,84.24239
4464,122254,23.976435
4465,122328,12.756504
4466,122381,9.266693
4467,122416,11.082939
4468,122527,40.13084
4469,122596,-5.413439
4470,122668,34.42421
4471,122706,22.03432
4472,122808,66.66802
4473,122876,55.436977
4474,122901,6.4575477
4475,122993,51.186783
4476,123052,35.585766
4477,123135,65.98112
4478,123220,41.70372
4479,123306,54.92408
4480,123389,65.584625
4481,123453,42.136017
4482,123493,26.452219
4483,123554,39.078854
4484,123603,38.215015
4485,123678,64.717804
4486,123725,28.586937
4487,123866,44.50901
4488,123993,49.08466
4489,124036,31.64931
4490,124073,24.385132
4491,124193,74.59424
4492,124279,59.642456
4493,124368,44.872166
4494,124456,78.90428
4495,124553,55.051136
4496,124596,29.68012
4497,124654,34.236828
4498,124717,34.111412
4499,124805,60.979263
4500,124900,65.64843
4501,124994,15.902127
4502,125064,-18.009169
4503,125160,-26.520279
4504,125247,-1.131846
4505,125364,2.6206875
4506,125426,-20.349476
4507,125499,-7.484393
4508,125562,-8.421894
4509,125626,-6.1680365
4510,125707,-12.373514
4511,125784,-3.3784928
4512,125845,4.886517
4513,125907,9.908911
4514,125968,-7.396486
4515,126074,-20.800983
4516,126151,-14.092184
4517,126229,-8.139254
4518,126308,-9.433124
4519,126368,-17.087694
4520,126450,-1.9141104
4521,126556,-15.077367
4522,126624,-12.98969
4523,126703,-9.993859
4524,126788,-12.8027525
4525,126865,-6.497198
4526,126946,-21.213741
4527,127041,9.717051
4528,127084,13.455074
4529,127121,17.723253
4530,127166,2.397578
4531,127177,-2.4573913
4532,127201,2.6483746
4533,127237,1.5263985
4534,127278,7.042272
4535,127347,18.362581
4536,127397,20.101883
4537,127427,-2.7793818
4538,127468,6.549178
4539,127577,-33.91345
4540,127601,3.754052
4541,127656,23.321442
4542,127726,42.181892
4543,127793,-1.1848053
4544,127838,4.8707047
4545,127901,2.3995185
4546,127912,-2.1090064
4547,127934,-2.0410333
4548,127995,2.5617356
4549,128036,14.513632
4550,128065,-1.7098897
4551,128122,5.101051
4552,128188,19.566944
4553,128199,-2.277074
4554,128263,4.011631
4555,128327,8.876896
4556,128430,-22.363188
4557,128442,-2.6560738
4558,128489,5.797579
4559,128547,0.38292128
4560,128592,14.385659
4561,128649,22.214102
4562,128703,5.1089125
4563,128745,5.7093763
4564,128804,23.814972
4565,128878,13.855914
4566,128942,4.8285017
4567,128986,7.049205
4568,129046,15.817438
4569,129192,39.53162
4570,129249,49.103367
4571,129342,-7.6502857
4572,129434,40.151875
4573,129564,55.027172
4574,129659,53.88021
4575,129768,72.804504
4576,129858,9.349891
4577,129977,41.270767
4578,130149,222.41476
4579,130238,46.205914
4580,130303,47.18158
4581,130383,26.908298
4582,130472,35.414585
4583,130577,36.19717
4584,130710,115.47069
4585,130817,90.602425
4586,130875,53.35158
4587,130959,25.053057
4588,131182,-20.605566
4589,131295,-37.475124
4590,131476,17.631304
4591,131737,115.31135
4592,131806,-18.8225
4593,131915,-49.099373
4594,132030,-49.94434
4595,132231,21.844736
4596,132367,-42.045647
4597,132435,-22.319302
4598,132617,18.16385
4599,132977,446.11725
4600,133098,-30.403803
4601,133202,45.7253
4602,133236,11.347252
4603,133283,15.927479
4604,133316,9.939543
4605,133346,11.557659
4606,133379,11.582352
4607,133413,13.092505
4608,133443,10.514389
4609,133472,10.344321
4610,133561,52.614834
4611,133580,1.4632068
4612,133613,11.880384
4613,133646,11.754385
4614,133660,0.4267208
4615,133734,16.110949
4616,133747,0.81367576
4617,133759,0.8848846
4618,133815,12.986425
4619,133849,10.173182
4620,133880,11.828578
4621,133910,11.558438
4622,133992,39.91984
4623,134022,11.609086
4624,134057,9.379922
4625,134088,11.404705
4626,134119,11.468761
4627,134163,15.481603
4628,134193,11.428869
4629,134224,11.145242
4630,134235,-0.1808992
4631,134269,11.993627
4632,134295,10.130044
4633,134329,12.248421
4634,134359,12.036521
4635,134389,11.397216
4636,134424,12.476266
4637,134519,70.40382
4638,134548,11.217483
4639,134578,12.039111
4640,134609,11.527392
4641,134622,0.79980314
4642,134658,11.339136
4643,134708,19.769875
4644,134720,0.7710637
4645,134754,10.908908
4646,134788,11.226196
4647,134862,17.091072
4648,134892,11.065651
4649,134931,15.895241
4650,135000,24.437777
4651,135119,9.300025
4652,135163,12.444885
4653,135283,21.08038
4654,135366,69.08042
4655,135596,369.56677
4656,135863,431.94623
4657,135930,52.249905
4658,135991,46.97337
4659,136294,463.4872
4660,136440,162.71321
4661,136504,48.03457
4662,136700,248.53036
4663,136793,87.68912
4664,137103,474.49747
4665,137176,61.357048
4666,137265,26.82796
4667,137345,3.3402474
4668,137409,0.9301472
4669,137497,8.525683
4670,137586,27.152979
4671,137693,18.15796
4672,137762,-6.9665422
4673,137831,-4.7747936
4674,137925,14.629363
4675,137992,16.60653
4676,138052,12.606699
4677,138113,1.0634916
4678,138189,1.4439046
4679,138243,2.8202024
4680,138332,6.9965687
4681,138404,0.52057725
4682,138470,6.236031
4683,138544,20.314701
4684,138613,12.183008
4685,138680,-13.826539
4686,138765,-0.028895736
4687,138843,-13.034364
4688,138913,8.608229
4689,138969,-8.958341
4690,139029,-5.276882
4691,139100,1.2890618
4692,139182,7.3579597
4693,139275,0.6571665
4694,139293,-12.594774
4695,139317,-6.9565167
4696,139337,-10.625118
4697,139360,-5.4403825
4698,139384,-10.217988
4699,139402,-12.048076
4700,139423,-11.228878
4701,139442,-10.254351
4702,139458,-14.208549
4703,139478,-10.299948
4704,139576,-50.936256
4705,139598,-10.198811
4706,139625,-3.953155
4707,139646,-11.005388
4708,139666,-9.876243
4709,139687,-10.663883
4710,139710,-10.881335
4711,139733,-6.9239564
4712,139756,-8.621929
4713,139776,-10.176741
4714,139799,-8.134754
4715,139820,-8.7636175
4716,139838,-10.583005
4717,139863,-5.8947206
4718,139883,-11.032223
4719,139904,-9.024911
4720,139931,-3.114224
4721,139948,-14.704904
4722,139974,-7.155892
4723,140000,-2.8718405
4724,140018,-12.237241
4725,140042,-9.622848
4726,140065,-9.023519
4727,140084,-11.182522
4728,140104,-10.875245
4729,140127,-8.435301
4730,140153,-4.0674367
4731,140173,-9.415596
4732,140192,-10.836443
4733,140213,-9.996014
4734,140233,-9.969448
4735,140268,2.5422294
4736,140288,-7.63103
4737,140313,-4.792407
4738,140331,-14.204954
4739,140354,-9.22894
4740,140377,-8.414962
4741,140397,-10.392877
4742,140416,-9.529261
4743,140437,-9.862943
4744,140455,-14.432246
4745,140478,-7.5082235
4746,140497,-11.306565
4747,140516,-10.154656
4748,140536,-9.531813
4749,140556,-10.815777
4750,140576,-9.247632
4751,140607,-2.40523
4752,140628,-10.620777
4753,140656,-3.4530265
4754,140695,3.8746538
4755,140716,-9.361937
4756,140737,-9.269049
4757,140758,-11.055621
4758,140780,-12.228838
4759,140798,-12.713376
4760,140824,-5.4974384
4761,140845,-11.483292
4762,140884,7.1860714
4763,140926,4.9627376
4764,140944,-12.861527
4765,140963,-12.39851
4766,141054,-16.62464
4767,141073,-11.254546
4768,141093,-10.777334
4769,141110,-14.129336
4770,141128,-12.959974
4771,141147,-11.568357
4772,141169,-9.7986765
4773,141189,-10.892442
4774,141235,1.8682456
4775,141255,-11.233646
4776,141276,-8.286859
4777,141296,-11.070374
4778,141316,-10.803832
4779,141438,17.869843
4780,141545,41.241005
4781,141656,38.759716
4782,141792,5.482795
4783,141907,21.007399
4784,141938,8.397096
4785,142007,9.5869255
4786,142111,13.239302
4787,142244,10.925818
4788,142362,22.539333
4789,142546,35.027157
4790,142694,59.464333
4791,142850,22.497618
4792,142946,9.479053
4793,143143,19.069239
4794,143389,202.961
4795,143564,138.14877
4796,143774,177.11865
4797,143841,67.7352
4798,144038,177.03528
4799,144129,104.664635
4800,144399,233.1071
4801,144499,62.733906
4802,144578,65.691986
4803,144805,197.48946
4804,144924,74.445915
4805,145037,61.006912
4806,145135,75.89628
4807,145319,157.85857
4808,145437,61.815086
4809,145496,-0.28432155
4810,145563,18.954472
4811,145577,-2.7169623
4812,145629,-1.8810035
4813,145664,9.712953
4814,145719,-0.44568467
4815,145778,-1.6879739
4816,145817,8.55094
4817,145848,4.020468
4818,145861,-2.4375386
4819,145922,-9.721312
4820,145978,0.56086415
4821,146052,-15.695745
4822,146110,5.110116
4823,146147,9.529302
4824,146193,1.9710593
4825,146254,6.059353
4826,146309,-2.1133504
4827,146374,-0.538959
4828,146417,0.8077122
4829,146440,3.4352777
4830,146466,5.1743736
4831,146509,0.7230915
4832,146533,1.709663
4833,146554,3.2757592
4834,146576,0.9830533
4835,146626,10.8820915
4836,146671,0.64241683
4837,146740,-14.07454
4838,146798,-3.2918239
4839,146869,32.030254
4840,146927,5.3956184
4841,146943,0.3866992
4842,146978,10.470268
4843,147038,10.183595
4844,147085,-1.1335278
4845,147135,-5.7588134
4846,147181,0.69384617
4847,147223,8.729544
4848,147262,2.571407
4849,147296,4.432666
4850,147344,2.852059
4851,147357,-1.8794975
4852,147377,5.158112
4853,147439,9.772294
4854,147454,-0.0030976534
4855,147648,298.06387
4856,147714,16.32636
4857,147765,-0.9272026
4858,147892,168.3095
4859,147954,-6.98732
4860,148032,15.95775
4861,148116,-0.8793621
4862,148174,16.19434
4863,148245,-0.69687533
4864,148292,4.609378
4865,148446,12.766842
4866,148537,16.852175
4867,148659,3.090683
4868,148709,4.462808
4869,148756,8.115856
4870,148800,-5.589094
4871,148854,4.756244
4872,148947,-6.9392786
4873,149011,2.9972544
4874,149069,11.316231
4875,149141,4.681653
4876,149224,20.642298
4877,149272,7.950462
4878,149336,-0.80537415
4879,149398,1.6923997
4880,149445,6.249715
4881,149565,124.76338
4882,149648,-21.534288
4883,149758,3.0500357
4884,149839,-12.478211
4885,149933,3.7955167
4886,150028,3.920144
4887,150122,-2.9299393
4888,150224,7.672107
4889,150324,4.6204867
4890,150418,4.2295265
4891,150511,4.533891
4892,150606,4.783767
4893,150700,1.3641341
4894,150811,12.235422
4895,150901,-6.8727026
4896,151001,4.1523232
4897,151107,6.339408
4898,151214,8.91499
4899,151305,3.7140439
4900,151401,6.5719013
4901,151502,-0.25977254
4902,151571,27.234564
4903,151691,65.82494
4904,151906,379.76337
4905,152126,364.23038
4906,152199,44.759327
4907,152494,376.69278
4908,152617,90.28149
4909,152653,19.14379
4910,152767,58.030804
4911,152865,48.536987
4912,152922,35.174564
4913,153158,425.47772
4914,153510,443.3697
4915,153805,430.71094
4916,153948,265.73853
4917,154102,281.58667
4918,154255,284.19797
4919,154398,268.83572
4920,154567,300.28958
4921,154716,272.06577
4922,155046,250.62492
4923,155461,336.2542
4924,155608,263.56116
4925,155752,264.29178
4926,156007,385.3602
4927,156210,327.39856
4928,156399,314.89795
4929,156585,308.83163
4930,156748,291.08932
4931,156957,330.84985
4932,157148,323.2298
4933,157335,309.16122
4934,157533,321.93985
4935,157725,312.42755
4936,157734,-3.0611844
4937,157743,-2.148269
4938,157765,9.966435
4939,157872,132.422
4940,157900,8.381133
4941,157923,8.183876
4942,157932,-1.6545529
4943,157960,13.633954
4944,157969,-2.78858
4945,157995,12.671256
4946,158040,38.551876
4947,158063,8.58596
4948,158086,6.277336
4949,158094,-2.279019
4950,158117,5.987221
4951,158126,-2.4273927
4952,158134,-2.557874
4953,158251,140.08728
4954,158259,-2.6173558
4955,158283,7.8394337
4956,158346,64.08525
4957,158354,-2.4099054
4958,158383,13.631608
4959,158391,-3.094028
4960,158532,223.54745
4961,158561,13.606068
4962,158604,32.151554
4963,158612,-2.0306876
4964,158638,6.956391
4965,158647,-2.176295
4966,158670,9.0749235
4967,158731,21.212324
4968,158807,44.471123
4969,158815,-2.9429812
4970,158874,41.010376
4971,158898,6.902759
4972,158940,22.44824
4973,159025,65.322014
4974,159066,18.76974
4975,159087,5.413225
4976,159096,-1.9274013
4977,159124,13.324521
4978,159239,156.3574
4979,159324,96.9676
4980,159332,-2.3421009
4981,159341,-1.6783302
4982,159381,25.092772
4983,159390,-2.817076
4984,159399,-1.7343361
4985,159446,24.617018
4986,159486,24.52063
4987,159495,-2.0163708
4988,159505,-1.4568137
4989,159515,-1.1481099
4990,159524,-2.0825243
4991,159552,12.485481
4992,159581,17.384613
4993,159695,142.37688
4994,159730,18.252645
4995,160078,506.8566
4996,160197,219.08745
4997,160337,248.58553
4998,160473,16.938572
4999,160657,331.0362
5000,160781,0.092888236
5001,161016,376.70456
5002,161178,38.043037
5003,161350,355.09302
5004,161575,104.69269
5005,161777,351.21524
5006,161989,83.521484
5007,162071,-36.10105
5008,162224,36.81335
5009,162389,43.40077
5010,162567,56.06547
5011,162687,2.7083812
5012,162805,8.513892
5013,162962,38.20636
5014,163058,-18.328041
5015,163237,63.144855
5016,163431,74.46581
5017,163704,170.69653
5018,163809,-14.573978
5019,164071,396.91226
5020,164295,108.007095
5021,164504,94.29562
5022,164735,116.85188
5023,164973,122.50034
5024,165169,83.64781
5025,165366,82.90959
5026,165645,162.32822
5027,165844,84.359825
5028,166018,80.0196
5029,166167,140.20108
5030,166363,322.6051
5031,166459,3.1059415
5032,166593,165.31206
5033,166670,-9.777888
5034,166736,-5.6420617
5035,166849,149.41257
5036,166944,154.5234
5037,167056,18.718323
5038,167172,86.46218
5039,167283,-0.3941667
5040,167466,295.87234
5041,167558,-42.869675
5042,167727,86.37593
5043,167890,202.65971
5044,168000,26.872074
5045,168091,43.505093
5046,168178,7.2816963
5047,168242,0.89137983
5048,168355,101.008545
5049,168443,6.921644
5050,168540,56.804775
5051,168634,24.193249
5052,168736,49.63473
5053,168850,69.67159
5054,168979,-67.113335
5055,169072,-29.81626
5056,169216,142.79651
5057,169308,4.8111567
5058,169396,11.8840685
5059,169485,0.0539245
5060,169658,103.83663
5061,169770,5.4583545
5062,169850,-11.917099
5063,169948,45.002537
5064,169999,22.992975
5065,170328,447.8415
5066,170508,307.0387
5067,170710,146.59396
5068,170987,393.72696
5069,171168,132.62294
5070,171393,345.32333
5071,171587,320.187
5072,171768,125.60158
5073,171954,298.5889
5074,172148,85.51939
5075,172267,8.287316
5076,172345,119.66269
5077,172430,141.87952
5078,172497,105.14633
5079,172673,73.861244
5080,172816,37.839592
5081,172886,118.86993
5082,173003,183.75899
5083,173119,206.9603
5084,173198,141.98936
5085,173275,124.16563
5086,173380,30.577097
5087,173447,110.721664
5088,173588,39.348892
5089,173691,34.50941
5090,173794,172.5968
5091,173867,115.01418
5092,173932,114.00009
5093,174032,155.26518
5094,174103,96.106415
5095,174217,198.71016
5096,174457,369.07016
5097,174576,130.09482
5098,175363,903.2074
5099,175609,378.6195
5100,175912,383.79114
5101,176024,100.63962
5102,177024,981.6554
5103,177266,389.92438
5104,177506,352.75107
5105,177726,334.52948
5106,177941,330.89447
5107,178173,327.1373
5108,178285,223.2089
5109,178463,324.7433
5110,178683,93.21556
5111,178784,181.78166
5112,178973,320.55957
5113,179185,331.35605
5114,179293,191.30043
5115,179487,75.00471
5116,179654,289.20016
5117,179856,80.79367
5118,180204,232.97145
5119,180393,327.783
5120,180645,414.83472
5121,180794,58.899364
5122,180850,49.956738
5123,181009,85.813736
5124,181138,51.580044
5125,181244,21.966537
5126,181339,12.665271
5127,181433,15.872232
5128,181609,85.28889
5129,181671,-8.913861
5130,181783,33.794556
5131,181919,168.3465
5132,182087,68.83722
5133,182184,27.150368
5134,182252,1.1984537
5135,182562,449.58652
5136,182760,344.22748
5137,182927,316.43063
5138,183100,309.73712
5139,183269,302.3343
5140,183443,60.485493
5141,183576,237.86232
5142,183727,289.17337
5143,183848,225.79982
5144,184023,331.62155
5145,184179,311.0337
5146,184374,268.33972
5147,184418,36.126877
5148,184489,52.33198
5149,184528,25.942137
5150,184570,-10.456242
5151,184602,22.727446
5152,184668,27.392672
5153,184753,57.639534
5154,184966,228.44516
5155,185003,23.432133
5156,185184,261.62115
5157,185223,27.328075
5158,185275,38.269096
5159,185331,21.63088
5160,185399,35.26337
5161,185437,18.357412
5162,185638,215.91516
5163,185737,103.041115
5164,185795,47.42147
5165,185840,33.25167
5166,185965,194.71825
5167,185998,19.766798
5168,186083,56.091946
5169,186132,34.254925
5170,186322,280.92682
5171,186479,216.51558
5172,186554,57.462017
5173,186790,361.99625
5174,187089,201.031
5175,187161,31.055586
5176,187228,45.28011
5177,187297,25.142612
5178,187363,22.50215
5179,187536,105.84349
5180,187619,83.36184
5181,187810,279.5953
5182,187863,13.757165
5183,188293,356.30908
5184,188447,243.12788
5185,188571,231.54964
5186,188724,275.0209
5187,188851,238.45421
5188,189021,297.6727
5189,189173,271.48007
5190,189354,301.78683
5191,189527,305.3968
5192,189659,255.30731
5193,189770,212.10112
5194,189913,267.41467
5195,190051,257.05844
5196,190182,252.86209
5197,190304,227.8467
5198,190422,234.73979
5199,190580,310.70135
5200,190803,374.7554
5201,190932,249.37306
5202,191093,86.82368
5203,191291,144.55893
5204,191531,396.49042
5205,191796,214.15825
5206,191942,93.74653
5207,192167,368.0489
5208,192455,434.77533
5209,192639,113.4077
5210,192795,288.6678
5211,192955,282.5359
5212,193122,295.2672
5213,193328,321.06232
5214,193491,288.18945
5215,193679,302.88345
5216,193850,329.50174
5217,193995,267.49017
5218,194161,291.4248
5219,194341,312.70523
5220,194493,277.75534
5221,194670,300.70358
5222,194972,444.53363
5223,195109,38.352413
5224,196109,986.20935
5225,196234,215.25789
5226,196390,74.74524
5227,196502,190.44576
5228,196685,291.20468
5229,196872,68.34232
5230,197012,25.308403
5231,197336,460.5134
5232,197483,29.858753
5233,197646,48.73662
5234,197966,472.3586
5235,198119,35.329502
5236,198319,80.696495
5237,198472,35.32872
5238,198630,40.861916
5239,199012,490.72574
5240,199134,10.089461
5241,199276,17.152557
5242,199550,410.78897
5243,199666,5.9148426
5244,199793,58.74221
5245,199940,34.2857
5246,200068,2.8027773
5247,200193,11.081411
5248,200388,34.822136
5249,200577,319.51187
5250,200746,236.45589
5251,200838,188.76639
5252,200953,223.55144
5253,201113,278.71286
5254,201194,144.86536
5255,201273,154.93755
5256,201437,282.74677
5257,201513,144.45502
5258,201606,185.85983
5259,201883,121.02009
5260,201956,121.34009
5261,202071,218.66408
5262,202171,205.16795
5263,202304,248.97849
5264,202391,155.98958
5265,202495,193.49037
5266,202572,140.95992
5267,202660,168.81613
5268,202780,266.92313
5269,202792,-0.36636963
5270,202802,-0.23543292
5271,202824,7.2951136
5272,202836,-0.02568379
5273,202846,-0.11096394
5274,202867,6.0461993
5275,202979,106.12695
5276,202989,-0.03440833
5277,203119,228.3895
5278,203191,29.325909
5279,203210,6.0711694
5280,203229,6.212798
5281,203250,6.2011333
5282,203269,7.5249205
5283,203288,7.5130405
5284,203298,-0.48697037
5285,203310,-0.121556416
5286,203333,4.978508
5287,203347,2.5554044
5288,203359,-0.108002156
5289,203380,8.266523
5290,203400,6.2429605
5291,203412,-0.24927682
5292,203422,0.005168736
5293,203433,-0.56441844
5294,203489,21.13004
5295,203510,6.2998166
5296,203523,-0.3087341
5297,203533,-0.48434687
5298,203556,7.352562
5299,203566,-0.60647064
5300,203646,31.542265
5301,203667,5.9664097
5302,203686,6.14316
5303,203698,-0.320921
5304,203710,-0.20061348
5305,203755,12.924912
5306,203778,5.601033
5307,203789,-0.6999984
5308,203806,4.751297
5309,203819,0.18755871
5310,203831,0.2720109
5311,203841,-0.12523466
5312,203853,0.0054625273
5313,203865,-0.16497432
5314,203876,-0.5157542
5315,203886,-0.46321207
5316,203897,-0.3106652
5317,203919,4.5760984
5318,203931,-0.058855407
5319,203954,4.6572504
5320,203964,-0.6179403
5321,203976,0.06508914
5322,203988,0.031737253
5323,204007,4.98625
5324,204050,5.626121
5325,204062,-0.23745623
5326,204074,-0.124501735
5327,204086,-0.00016157329
5328,204098,-0.14648786
5329,204108,-0.25971478
5330,204148,17.525738
5331,204192,14.897959
5332,204202,-0.14665604
5333,204223,5.5157228
5334,204241,3.3136039
5335,204263,4.577601
5336,204283,8.059286
5337,204303,4.103185
5338,204314,-0.75409794
5339,204384,25.578754
5340,204406,7.3724203
5341,204418,-0.07917841
5342,204429,-0.6124723
5343,204449,7.138851
5344,204460,-0.64072716
5345,204472,-0.26461005
5346,204484,-0.35037872
5347,204531,13.324437
5348,204543,0.10047552
5349,204555,-0.33223766
5350,204565,-0.51474583
5351,204582,4.02516
5352,204596,-0.23100227
5353,204608,-0.48679447
5354,204619,-0.20423102
5355,204672,3.7604887
5356,204684,-0.011098474
5357,204740,57.62154
5358,204752,0.06713846
5359,204762,-0.3804912
5360,204772,-0.35316354
5361,204933,11.733774
5362,205274,225.5968
5363,205483,354.89313
5364,205671,75.02595
5365,205870,85.27657
5366,206116,416.7164
5367,206470,489.5041
5368,206685,376.61044
5369,206914,198.11006
5370,206971,-8.097176
5371,207028,-9.946715
5372,207083,-8.937472
5373,207157,-11.28899
5374,207211,-9.269173
5375,207265,-10.445633
5376,207313,-11.88129
5377,207377,-6.3065057
5378,207427,-9.955032
5379,207483,-13.440904
5380,207533,-12.497186
5381,207590,-11.377249
5382,207645,-10.153662
5383,207721,-17.248959
5384,207779,-12.822484
5385,207836,-8.0694895
5386,207889,-12.296543
5387,207939,-9.053611
5388,207994,-10.242813
5389,208050,-9.647537
5390,208099,-10.378205
5391,208160,-5.309272
5392,208214,-11.826405
5393,208270,-9.04579
5394,208326,-8.467342
5395,208381,-12.961863
5396,208430,-13.158434
5397,208497,-9.880878
5398,208566,-14.871247
5399,208625,-8.202814
5400,208681,-7.228004
5401,208735,-12.052824
5402,208791,-10.323402
5403,208845,-10.11085
5404,208911,-8.676665
5405,209212,431.3179
5406,209503,173.65741
5407,209751,133.0039
5408,209964,98.23984
5409,210263,182.54051
5410,210548,169.56233
5411,210892,472.99808
5412,211089,112.75361
5413,211213,34.67482
5414,211367,23.307322
5415,211467,28.10802
5416,211552,21.161144
5417,211726,278.99738
5418,211876,158.85071
5419,212010,66.80821
5420,212130,47.815872
5421,212217,14.459081
5422,212447,104.764626
5423,212603,9.644722
5424,212694,18.350245
5425,212782,14.014986
5426,212890,35.24783
5427,213068,101.40734
5428,213261,335.01517
5429,213450,316.99292
5430,213623,302.46463
5431,213801,307.1957
5432,213987,315.8803
5433,214135,261.26663
5434,214321,318.4923
5435,214510,327.92725
5436,214684,302.43915
5437,214891,344.58594
5438,215205,480.0774
5439,215387,59.14882
5440,215599,80.74078
5441,215797,67.97772
5442,216013,99.56482
5443,216272,451.62155
5444,216527,417.07437
5445,216703,71.34159
5446,217104,563.1736
5447,217272,310.1341
5448,217396,273.75873
5449,217564,315.44492
5450,217721,306.68085
5451,217821,207.8256
5452,217985,301.07715
5453,218233,409.19342
5454,218411,341.3122
5455,218573,329.7758
5456,218681,216.80232
5457,218892,391.62704
5458,219045,302.1465
5459,219189,259.18677
5460,219341,266.8031
5461,219472,251.82458
5462,219633,284.94534
5463,219785,272.06122
5464,219946,287.50433
5465,220064,221.2742
5466,220192,241.41696
5467,220351,286.13672
5468,220493,259.2635
5469,220630,248.66234
5470,220766,254.22021
5471,220953,308.64432
5472,221049,187.17598
5473,221193,263.87878
5474,221334,285.91968
5475,221417,55.70193
5476,221549,75.51925
5477,221705,144.72256
5478,221809,74.38962
5479,221984,327.8254
5480,222177,130.76413
5481,222254,50.564995
5482,222425,324.71042
5483,222516,46.333252
5484,222676,309.93976
5485,222854,337.0297
5486,222972,112.17914
5487,223087,57.742863
5488,223179,71.256584
5489,223272,65.48217
5490,223485,307.9123
5491,224000,605.99146
5492,224051,42.76749
5493,224187,255.7488
5494,224346,251.44464
5495,224482,244.07463
5496,224681,419.80267
5497,224880,359.11426
5498,225230,331.51492
5499,225312,78.71738
5500,225332,2.2832048
5501,225355,8.447158
5502,225383,10.939208
5503,225476,98.60054
5504,225498,6.28379
5505,225525,15.126438
5506,225554,15.673975
5507,225588,22.776175
5508,225655,50.46965
5509,225694,18.161463
5510,225720,10.648752
5511,225766,35.75804
5512,225802,17.734344
5513,225830,10.75226
5514,225890,42.217377
5515,225917,8.17404
5516,225948,8.310637
5517,225972,4.7385435
5518,226023,24.21924
5519,226047,5.5769224
5520,226085,16.652088
5521,226113,13.450714
5522,226162,25.350134
5523,226214,33.74306
5524,226238,6.55962
5525,226263,10.978046
5526,226289,9.595951
5527,226315,9.195309
5528,226341,6.174351
5529,226363,3.6232154
5530,226397,20.106058
5531,226434,13.535355
5532,226457,1.6469187
5533,226482,14.324553
5534,226509,13.902172
5535,226556,27.6811
5536,226617,32.489742
5537,226648,-1.3836768
5538,226679,11.149055
5539,226722,22.262386
5540,226777,27.313728
5541,226810,21.103228
5542,226837,6.9935513
5543,226873,11.394965
5544,226901,6.3319263
5545,226924,5.5928288
5546,226947,4.1867476
5547,226983,11.338548
5548,227018,11.972784
5549,227045,11.505851
5550,227073,13.838804
5551,227242,262.9492
5552,227306,61.251923
5553,227701,467.62732
5554,227841,223.78995
5555,227878,30.124826
5556,227982,186.96208
5557,228119,197.39273
5558,228241,184.7311
5559,228368,230.8738
5560,228510,264.1442
5561,228666,231.65643
5562,228784,168.25668
5563,228896,212.75206
5564,229062,253.33887
5565,229158,134.22792
5566,229245,117.81939
5567,229356,170.45633
5568,229514,308.38516
5569,229681,320.50537
5570,229894,367.59247
5571,230071,337.69644
5572,230252,330.56763
5573,230412,298.25058
5574,230585,330.7311
5575,230834,413.57523
5576,230996,308.8613
5577,231228,383.67426
5578,231432,357.69415
5579,231659,345.38016
5580,231782,38.81686
5581,231973,326.78506
5582,232067,-22.803268
5583,232293,355.96158
5584,232486,308.5382
5585,232687,318.45755
5586,232785,16.302195
5587,232979,342.0227
5588,233090,215.00969
5589,233295,323.77222
5590,233395,195.96425
5591,233578,152.86348
5592,233627,0.81876945
5593,233750,6.354073
5594,233828,3.2198052
5595,233913,69.46955
5596,234000,3.950536
5597,234085,22.854546
5598,234177,6.2183347
5599,234256,21.306704
5600,234354,62.172985
5601,234429,-10.794172
5602,234512,141.30054
5603,234663,152.47151
5604,234776,83.467926
5605,234838,5.7288713
5606,234945,-0.9762902
5607,235043,46.580296
5608,235135,-10.289366
5609,235240,55.022762
5610,235357,78.95818
5611,235414,5.1732464
5612,235502,32.943375
5613,235729,336.04797
5614,235933,81.89276
5615,236153,307.16202
5616,236369,300.06943
5617,236551,272.72208
5618,236810,141.72179
5619,236977,262.3108
5620,237197,104.80829
5621,237386,75.07272
5622,237601,121.59624
5623,237744,259.16943
5624,237915,292.56982
5625,238071,267.70242
5626,238253,309.85876
5627,238449,326.98987
5628,238598,265.11752
5629,238752,272.62314
5630,238908,271.01813
5631,239091,305.01334
5632,239217,239.95624
5633,239349,244.98065
5634,239494,262.93402
5635,239629,253.53151
5636,239856,466.73175
5637,240111,387.7528
5638,240321,368.56216
5639,240623,476.18292
5640,240817,82.3796
5641,240998,322.9612
5642,241180,317.07236
5643,241406,421.73035
5644,241625,391.3711
5645,241832,376.0995
5646,242017,390.19632
5647,242201,360.49173
5648,242445,405.28018
5649,242596,300.73697
5650,242746,324.89355
5651,242966,416.13785
5652,243169,380.46475
5653,243363,376.20398
5654,243556,389.72855
5655,243748,417.61862
5656,243864,124.29769
5657,244024,89.590385
5658,244171,115.91999
5659,244286,96.030136
5660,244320,15.8895445
5661,244368,24.786774
5662,244445,61.679188
5663,244530,63.28427
5664,244564,21.71594
5665,244733,305.4168
5666,244907,278.18668
5667,245119,349.2165
5668,245231,89.76552
5669,245386,255.31816
5670,245488,94.18589
5671,245533,23.719782
5672,245638,105.836296
5673,245726,62.574646
5674,245876,295.29327
5675,245915,9.785507
5676,245954,13.201648
5677,246056,75.79757
5678,246080,0.49680725
5679,246148,31.727125
5680,246176,8.884533
5681,246226,31.439056
5682,246424,336.6188
5683,246568,178.70287
5684,246703,236.91371
5685,246898,331.10248
5686,246937,17.92575
5687,247028,164.84456
5688,247079,14.485217
5689,247318,381.2354
5690,247350,13.320253
5691,247377,-1.8287714
5692,247408,14.242614
5693,247483,52.94194
5694,247513,0.49306872
5695,247539,4.059634
5696,247709,300.6904
5697,247880,347.3064
5698,248032,243.76282
5699,248146,248.99353
5700,248318,375.15918
5701,248440,251.36203
5702,248586,290.83875
5703,248748,320.5276
5704,248884,298.94873
5705,249016,289.99176
5706,249174,324.46097
5707,249282,206.12744
5708,249449,318.19388
5709,249529,70.06441
5710,249655,273.52792
5711,249819,313.8679
5712,249988,369.42453
5713,250144,343.2532
5714,250301,339.1346
5715,250474,363.85886
5716,250705,434.80328
5717,250872,364.92993
5718,251045,333.79913
5719,251210,352.5887
5720,251368,313.7351
5721,251542,369.45148
5722,251692,306.58533
5723,251879,443.87885
5724,252041,302.24188
5725,252221,316.36328
5726,252402,280.46582
5727,252548,273.29062
5728,252700,280.30734
5729,252847,237.20796
5730,252989,237.1577
5731,253189,57.5454
5732,253337,279.04965
5733,253776,365.69467
5734,253932,299.84628
5735,254064,262.90945
5736,254331,455.872
5737,254487,317.7185
5738,254667,358.45825
5739,254835,327.67065
5740,255012,331.47986
5741,255308,457.21533
5742,255447,272.2662
5743,255620,356.73016
5744,255768,307.37918
5745,255911,293.44415
5746,256068,315.84146
5747,256284,369.3589
5748,256474,376.77136
5749,256685,386.7418
5750,256908,420.24277
5751,257107,391.11816
5752,257295,334.87524
5753,257479,364.95602
5754,257766,464.7965
5755,258031,469.36536
5756,258202,312.59985
5757,258382,338.71704
5758,258535,286.45523
5759,258709,320.78558
5760,258858,283.5442
5761,258996,271.54706
5762,259138,279.64713
5763,259310,324.79968
5764,259446,260.14572
5765,259574,258.04807
5766,259735,294.73907
5767,259859,252.12668
5768,260014,298.20352
5769,260180,334.10297
5770,260346,319.12485
5771,260514,299.3078
5772,260683,323.04593
5773,260865,358.43747
5774,260991,236.29523
5775,261155,307.82468
5776,261321,308.75305
5777,261479,297.99258
5778,261658,324.8567
5779,261844,322.63956
5780,262016,321.93973
5781,262197,342.1924
5782,262253,-13.13627
5783,262306,-9.301559
5784,262357,-5.0923815
5785,262406,-3.7709618
5786,262457,3.8739018
5787,262511,-1.0975758
5788,262561,-4.828139
5789,262607,0.74114543
5790,262653,-9.7896185
5791,262702,-11.355949
5792,262796,-1.4753852
5793,262852,-1.6962993
5794,262905,-12.117879
5795,262954,-13.295968
5796,263008,-9.066966
5797,263056,-3.9687955
5798,263118,-2.6679955
5799,263180,11.842497
5800,263237,-1.7976724
5801,263287,-6.954082
5802,263348,10.95597
5803,263397,-3.5792735
5804,263466,8.415676
5805,263518,-7.951927
5806,263572,1.6388589
5807,263620,-11.30735
5808,263663,-13.680905
5809,263719,-10.397524
5810,263779,-13.04015
5811,263842,3.2345662
5812,263893,-6.6300616
5813,263969,-3.1370354
5814,264020,-15.8145
5815,264110,3.164673
5816,264163,-0.34361804
5817,264262,-12.035293
5818,264445,352.29498
5819,264592,286.909
5820,264782,358.2746
5821,264951,335.2416
5822,265115,327.14694
5823,265342,415.43246
5824,265505,325.11075
5825,265660,314.65598
5826,265852,361.29324
5827,266018,319.12378
5828,266196,330.31116
5829,266436,450.69736
5830,266665,425.14203
5831,266833,51.11782
5832,267148,402.0386
5833,267315,36.778595
5834,267560,30.686274
5835,267695,207.03899
5836,267979,529.827
5837,268157,344.33832
5838,268401,425.32022
5839,268469,5.960878
5840,268547,4.260262
5841,268625,31.099123
5842,268779,303.4239
5843,268841,-2.7105992
5844,268914,16.088215
5845,268974,-1.4392346
5846,269049,14.928789
5847,269115,3.5550447
5848,269286,347.17603
5849,269391,33.810326
5850,269484,32.81197
5851,269556,11.727671
5852,269616,-0.97357476
5853,269697,1.4897023
5854,269863,337.89566
5855,269962,34.230015
5856,270042,11.310024
5857,270113,11.062375
5858,270209,23.5427
5859,270295,23.874348
5860,270352,1.990207
5861,270515,307.18686
5862,270742,404.93115
5863,270877,260.62982
5864,271129,150.0172
5865,271286,55.09022
5866,271418,281.4342
5867,271575,289.19296
5868,271748,287.17117
5869,271856,194.53873
5870,272007,282.47873
5871,272145,264.2179
5872,272273,238.50784
5873,272437,289.69934
5874,272591,272.7125
5875,272781,331.0841
5876,273011,359.63922
5877,273497,570.5599
5878,273635,247.49513
5879,273811,84.509
5880,273986,59.36509
5881,274202,352.73734
5882,274458,394.88623
5883,274648,314.4375
5884,274827,306.00705
5885,274994,294.5692
5886,275155,282.55124
5887,275323,290.96066
5888,275499,296.88016
5889,275678,303.60913
5890,275845,288.2262
5891,276013,294.48
5892,276201,312.96115
5893,276413,339.00827
5894,276611,365.03677
5895,276818,367.06107
5896,276997,340.3666
5897,277172,328.9275
5898,277366,357.25598
5899,277554,343.1558
5900,277822,398.3883
5901,278085,421.11612
5902,278296,373.108
5903,278439,265.90436
5904,278610,296.35382
5905,278758,47.61189
5906,279101,229.7017
5907,279296,274.4375
5908,279407,186.97247
5909,279490,58.1125
5910,279611,237.17984
5911,279655,40.27631
5912,279684,24.22918
5913,279820,92.58838
5914,279853,28.502707
5915,279879,21.483454
5916,279970,87.069214
5917,280128,77.17257
5918,280260,287.97006
5919,280380,185.57483
5920,280533,294.59518
5921,280691,315.1876
5922,280915,400.03882
5923,281128,386.8151
5924,281348,399.05374
5925,281555,361.40814
5926,281848,484.84216
5927,282063,388.20502
5928,282286,363.08493
5929,282502,398.53632
5930,282714,407.64114
5931,282904,362.65448
5932,283100,370.9177
5933,283293,378.51038
5934,283479,355.0034
5935,283683,375.94016
5936,283888,353.55084
5937,284119,396.01944
5938,284317,386.81577
5939,284511,370.80276
5940,284704,354.20306
5941,284889,323.06033
5942,285066,313.4295
5943,285279,362.61087
5944,285484,394.87302
5945,285677,343.76697
5946,285892,361.25095
5947,286092,375.80682
5948,286287,337.1807
5949,286483,326.44858
5950,286696,374.2785
5951,286871,334.14285
5952,287012,291.203
5953,287151,284.65564
5954,287309,319.39035
5955,287458,314.1013
5956,287604,312.20697
5957,287748,309.27582
5958,287887,304.14114
5959,288030,319.3742
5960,288165,286.12787
5961,288313,311.15143
5962,288460,301.68765
5963,288597,296.23254
5964,288745,308.23938
5965,288899,293.38507
5966,289134,396.1811
5967,289356,397.49585
5968,289597,428.833
5969,289827,421.44885
5970,290050,409.75916
5971,290299,422.0904
5972,290543,435.55646
5973,290761,374.05573
5974,290871,104.761536
5975,290898,16.793528
5976,290997,100.25872
5977,291278,446.43454
5978,291424,110.31647
5979,291522,80.63029
5980,291636,137.19054
5981,291653,7.331948
5982,291672,10.286935
5983,291741,9.0003195
5984,291757,5.042718
5985,291878,90.43603
5986,291901,15.292649
5987,292124,255.70798
5988,292202,34.024094
5989,292218,7.55863
5990,292315,60.94689
5991,292555,325.35272
5992,292669,95.63342
5993,292692,15.473436
5994,292775,87.152176
5995,292824,31.40755
5996,292843,9.696674
5997,293018,329.988
5998,293186,334.98135
5999,293368,368.8418
6000,293565,373.5427
6001,293728,335.33038
6002,293928,390.34567
6003,294104,347.95084
6004,294273,346.8412
6005,294430,329.7688
6006,294597,337.46265
6007,294768,344.16202
6008,294938,334.04016
6009,294952,1.4443197
6010,294967,2.6972103
6011,294982,1.5648321
6012,294999,4.779777
6013,295013,2.6837196
6014,295027,2.0096884
6015,295042,4.077675
6016,295056,1.6130512
6017,295070,0.7808632
6018,295084,-0.20386696
6019,295098,-0.1867925
6020,295111,1.7748114
6021,295125,1.3077222
6022,295139,1.1253304
6023,295155,2.8476386
6024,295171,2.0496712
6025,295185,2.2337694
6026,295199,-0.30265403
6027,295213,-0.014418125
6028,295227,-0.4311303
6029,295241,1.2779748
6030,295255,1.9437649
6031,295270,2.1778169
6032,295284,-0.3999709
6033,295299,1.1536704
6034,295314,1.9710059
6035,295330,1.2771072
6036,295345,2.6805525
6037,295360,2.0463347
6038,295375,1.935096
6039,295388,1.594404
6040,295404,3.6974754
6041,295418,1.8752426
6042,295432,1.4017946
6043,295448,2.2018847
6044,295464,3.7009814
6045,295479,2.0961242
6046,295494,1.6070075
6047,295511,3.1128776
6048,295525,1.1394231
6049,295539,-0.06910169
6050,295553,1.6295781
6051,295569,3.682294
6052,295586,2.4421747
6053,295600,-0.09296918
6054,295618,2.9048736
6055,295633,1.6074207
6056,295647,1.1563272
6057,295661,2.0868983
6058,295675,1.4606432
6059,295693,5.6178923
6060,295709,2.14428
6061,295722,1.4874493
6062,295735,1.3866364
6063,295749,1.2761854
6064,295765,1.4402403
6065,295779,1.4304318
6066,295795,1.5167294
6067,295811,3.086277
6068,295825,2.4636028
6069,295840,2.0792108
6070,295858,3.5953982
6071,295874,3.808508
6072,295891,1.9458902
6073,295907,3.778883
6074,295923,1.404988
6075,295937,-0.20857108
6076,295953,1.5393168
6077,295969,1.5067704
6078,295986,1.253324
6079,296002,2.7444754
6080,296018,2.7429805
6081,296032,1.7154016
6082,296047,3.3253145
6083,296061,1.2477249
6084,296075,0.124354005
6085,296090,1.7629112
6086,296105,1.3177632
6087,296119,0.4205022
6088,296135,4.173687
6089,296150,1.8970876
6090,296165,2.1994545
6091,296180,2.0429645
6092,296195,2.7554755
6093,296209,1.1844876
6094,296224,2.3178499
6095,296239,1.7163514
6096,296255,3.8442714
6097,296269,-0.09703815
6098,296283,2.4145384
6099,296297,-0.16675866
6100,296312,1.6748228
6101,296329,1.7103823
6102,296342,1.3795288
6103,296356,2.610446
6104,296371,1.9571457
6105,296387,1.1969523
6106,296400,1.1950891
6107,296414,1.1565388
6108,296429,1.8826419
6109,296445,3.959842
6110,296459,1.7473254
6111,296476,4.0530586
6112,296489,1.7852979
6113,296505,4.779989
6114,296526,9.487963
6115,296540,2.6438932
6116,296554,1.277297
6117,296567,1.7241476
6118,296584,2.5324178
6119,296598,1.9760429
6120,296612,1.4311472
6121,296626,2.0217805
6122,296642,3.4309642
6123,296658,3.9344475
6124,296672,0.74085003
6125,296687,3.4408956
6126,296701,2.3606136
6127,296717,2.2291431
6128,296731,2.0514488
6129,296747,3.419924
6130,296762,2.4628594
6131,296775,1.590947
6132,296789,0.9742813
6133,296802,0.16768265
6134,296816,2.0405927
6135,296830,0.15092051
6136,296843,1.9276198
6137,296859,2.8442607
6138,296885,12.908179
6139,296899,1.4813489
6140,296915,3.8702998
6141,296931,0.8662949
6142,296945,1.8687946
6143,296961,3.3335285
6144,297261,497.4223
6145,297592,259.41257
6146,297892,480.63626
6147,298171,478.7493
6148,298467,487.20236
6149,298816,569.86884
6150,299074,383.9393
6151,299263,321.21857
6152,299429,273.857
6153,299574,249.04187
6154,299747,310.26614
6155,299895,253.15642
6156,300056,270.44565
6157,300215,266.6837
6158,300375,276.0474
6159,300549,281.51794
6160,300715,277.28418
6161,300882,293.34564
6162,301021,213.71185
6163,301235,389.74487
6164,301468,409.0526
6165,301743,453.4634
6166,301992,420.4898
6167,302230,412.1031
6168,302502,470.24063
6169,302756,433.23068
6170,303028,461.4463
6171,303208,268.75223
6172,303309,141.2828
6173,303399,68.74669
6174,303544,131.3575
6175,303839,318.2248
6176,303943,162.95413
6177,304204,252.12254
6178,304306,179.66531
6179,304380,28.832016
6180,304462,59.625195
6181,304553,67.07313
6182,304644,157.45288
6183,304789,317.12888
6184,304926,159.168
6185,305009,50.71301
6186,305085,76.56821
6187,305213,218.22276
6188,305285,23.592749
6189,305532,329.63885
6190,305571,17.378382
6191,305842,397.72235
6192,305876,14.18552
6193,305965,71.24763
6194,306016,16.405333
6195,306206,154.16382
6196,306257,33.12848
6197,306289,4.8070683
6198,306321,10.284383
6199,306442,79.54245
6200,306520,59.036404
6201,306585,43.638695
6202,306849,380.5447
6203,306876,10.344192
6204,306989,92.17695
6205,307042,27.343357
6206,307086,15.293269
6207,307117,7.639154
6208,307355,436.9022
6209,307549,327.2336
6210,307764,357.19748
6211,307956,351.80734
6212,308202,460.7473
6213,308427,384.41626
6214,308624,373.28714
6215,308943,508.1997
6216,309146,344.54373
6217,309357,399.88382
6218,309531,332.86533
6219,309711,347.5929
6220,309890,364.26843
6221,310080,388.83984
6222,310262,370.31253
6223,310450,356.72485
6224,310647,375.06967
6225,310820,351.501
6226,311005,382.4219
6227,311208,388.00073
6228,311433,416.63004
6229,311672,427.1636
6230,311920,434.6714
6231,312181,468.20905
6232,312462,478.19913
6233,312714,448.04858
6234,312993,482.36963
6235,313212,410.43533
6236,313451,424.84903
6237,313532,4.6311016
6238,313627,10.396008
6239,313733,29.136494
6240,313848,36.12409
6241,313963,35.926212
6242,314098,63.486076
6243,314212,35.237537
6244,314297,9.816954
6245,314412,41.970886
6246,314539,50.259037
6247,314621,11.838664
6248,314726,26.378008
6249,314805,9.382601
6250,314889,14.324252
6251,315028,58.55515
6252,315146,39.5875
6253,315282,59.21213
6254,315375,28.07641
6255,315628,439.16113
6256,315841,380.84558
6257,316022,368.6516
6258,316215,385.09616
6259,316412,377.27832
6260,316620,402.16107
6261,316790,334.5544
6262,316979,365.5025
6263,317184,383.78958
6264,317373,362.18866
6265,317556,372.3868
6266,317752,392.0838
6267,317940,384.6434
6268,318135,389.74127
6269,318337,393.5087
6270,318525,379.01364
6271,318720,387.9052
6272,318909,383.6252
6273,319107,392.34338
6274,319296,382.78232
6275,319490,395.46698
6276,319661,326.86203
6277,319900,437.7459
6278,320090,362.58194
6279,320235,300.82178
6280,320455,428.97446
6281,320667,386.32343
6282,320914,447.46698
6283,321106,375.10443
6284,321322,393.98663
6285,321552,447.37796
6286,321746,378.56113
6287,321904,329.2792
6288,322077,366.41852
6289,322251,341.31607
6290,322435,361.9494
6291,322636,387.72064
6292,322786,309.3624
6293,322961,361.66537
6294,323118,297.52127
6295,323287,337.9491
6296,323454,337.15164
6297,323638,379.19287
6298,323679,3.2910028
6299,323721,3.6526659
6300,323762,3.2515826
6301,323803,3.5316844
6302,323849,3.5182767
6303,323895,6.513583
6304,323936,2.3962948
6305,323973,0.6674521
6306,324012,2.838087
6307,324058,2.653098
6308,324100,1.8406513
6309,324162,19.561865
6310,324207,2.6981816
6311,324251,-2.3799753
6312,324289,-0.89437747
6313,324329,1.3619548
6314,324371,3.0959227
6315,324412,3.5494843
6316,324460,5.334466
6317,324503,4.282119
6318,324571,20.721725
6319,324618,3.766275
6320,324656,0.88266563
6321,324698,2.3846085
6322,324740,2.9546733
6323,324788,2.2811654
6324,324832,5.5207124
6325,324890,19.187344
6326,324936,4.5541906
6327,324976,1.4374269
6328,325025,9.247223
6329,325063,2.7002335
6330,325105,2.2454762
6331,325148,6.363976
6332,325196,4.335068
6333,325236,1.0866873
6334,325282,9.556694
6335,325319,-0.3984499
6336,325358,4.3955173
6337,325404,8.690576
6338,325460,14.111001
6339,325502,3.0751076
6340,325554,5.947856
6341,325631,33.631554
6342,325815,310.00507
6343,325961,264.4979
6344,326174,351.07132
6345,326312,251.3217
6346,326487,319.38458
6347,326603,222.12186
6348,326795,317.80417
6349,326924,245.99219
6350,327046,239.41333
6351,327167,233.55971
6352,327341,306.98618
6353,327604,387.6314
6354,327817,438.35327
6355,328032,401.98825
6356,328273,461.03305
6357,328496,406.24063
6358,328718,402.5723
6359,328951,439.4075
6360,329167,392.6737
6361,329455,472.91785
6362,329680,439.10086
6363,329904,418.99142
6364,330067,304.3282
6365,330339,451.86905
6366,330599,464.99796
6367,330708,63.34214
6368,330900,369.25143
6369,331133,402.70312
6370,331373,420.4008
6371,331546,347.5214
6372,331730,357.5365
6373,331913,374.73575
6374,332090,362.53967
6375,332261,358.85104
6376,332426,355.3571
6377,332597,356.12906
6378,332768,361.16855
6379,332935,355.84998
6380,333106,354.6425
6381,333266,341.1863
6382,333441,367.95883
6383,333601,339.72043
6384,333760,337.0773
6385,333933,351.2779
6386,334215,477.41177
6387,334437,405.76422
6388,334666,417.61533
6389,334895,406.57666
6390,335124,413.84747
6391,335338,389.44745
6392,335576,414.8178
6393,335822,437.0638
6394,336007,353.52368
6395,336184,355.5106
6396,336353,346.1954
6397,336550,378.05182
6398,336715,339.2938
6399,336869,324.52237
6400,337037,343.96112
6401,337215,356.35764
6402,337410,376.54398
6403,337578,342.90448
6404,337746,343.46576
6405,337949,390.6762
6406,338119,289.96634
6407,338287,317.76645
6408,338470,344.32452
6409,338627,301.4264
6410,338793,317.48218
6411,338810,5.0867605
6412,338982,325.36356
6413,339161,342.47006
6414,339341,341.30093
6415,339511,317.6892
6416,339681,318.03683
6417,339865,350.28278
6418,340052,377.08975
6419,340238,373.15216
6420,340426,374.74442
6421,340573,320.7948
6422,340747,351.88193
6423,340890,314.40643
6424,341083,358.2494
6425,341253,352.78278
6426,341456,377.97296
6427,341621,347.94418
6428,341772,324.70203
6429,341930,337.9992
6430,342080,354.6814
6431,342533,644.2295
6432,343533,1060.5054
6433,344171,823.5615
6434,344397,416.9474
6435,344599,381.82074
6436,344833,434.7331
6437,345108,471.69702
6438,345333,416.22467
6439,345579,450.46893
6440,345813,424.81784
6441,346036,412.00476
6442,346298,443.4839
6443,346487,380.00244
6444,346659,340.7971
6445,346860,391.641
6446,347034,346.66125
6447,347205,341.87158
6448,347375,343.7967
6449,347566,365.97336
6450,347740,334.58804
6451,347929,356.23227
6452,348119,362.88306
6453,348324,403.25742
6454,348507,380.9391
6455,348713,403.75153
6456,348904,380.56207
6457,349099,393.84387
6458,349291,382.86624
6459,349478,368.25067
6460,349673,392.47028
6461,349862,364.54633
6462,350068,403.43655
6463,350269,395.99097
6464,350459,433.62482
6465,350618,358.99106
6466,350808,434.5002
6467,350988,405.09784
6468,351176,441.0081
6469,351371,403.59598
6470,351556,412.34506
6471,351745,426.99234
6472,351919,389.75378
6473,352084,327.17416
6474,352255,359.6175
6475,352481,577.5196
6476,352694,565.16095
6477,352913,593.3576
6478,353116,509.92447
6479,353325,510.98102
6480,353519,471.75082
6481,353713,478.33493
6482,353949,609.00934
6483,354175,612.757
6484,354347,406.40744
6485,354598,190.56567
6486,354937,547.06433
6487,355305,559.1949
6488,355712,618.548
6489,356027,516.03326
6490,356515,697.1889
6491,356801,478.69727
6492,357127,533.604
6493,357388,473.81335
6494,357704,529.64825
6495,357970,470.7802
6496,358282,516.03986
6497,358551,482.4887
6498,358752,415.2031
6499,358953,416.56677
6500,359142,398.9511
6501,359340,426.14233
6502,359524,379.42355
6503,359735,433.50363
6504,359937,418.6171
6505,360120,389.1389
6506,360313,398.3278
6507,360496,385.9718
6508,360754,452.65262
6509,361015,453.9875
6510,361244,422.05734
6511,361486,434.0694
6512,361711,420.46295
6513,361939,417.3365
6514,362195,453.69278
6515,362455,456.84045
6516,362661,388.6094
6517,362896,422.3803
6518,363141,434.89487
6519,363390,435.61133
6520,363625,423.0877
6521,363859,421.83286
6522,364083,414.3159
6523,364296,399.24713
6524,364503,395.78546
6525,364738,449.11673
6526,364946,392.5304
6527,365163,443.96442
6528,365374,425.1698
6529,365634,478.49997
6530,365835,391.86417
6531,366037,372.97797
6532,366284,499.61
6533,366490,390.4479
6534,366794,542.29016
6535,367060,463.9997
6536,367334,483.35785
6537,367592,460.67615
6538,367859,470.72784
6539,368126,480.20523
6540,368407,487.26407
6541,368664,441.3215
6542,368942,471.14072
6543,369261,515.8667
6544,369480,397.70163
6545,369730,422.4734
6546,369985,435.86673
6547,370191,368.9555
6548,370406,379.61093
6549,370799,622.5199
6550,371024,491.27472
6551,371275,520.1574
6552,371537,532.7989
6553,371785,515.64813
6554,372050,535.0175
6555,372286,500.82123
6556,372503,483.7542
6557,372729,481.2196
6558,372974,581.2995
6559,373218,546.25305
6560,373488,628.51575
6561,373692,456.97357
6562,373910,537.16266
6563,374137,563.2709
6564,374360,521.1396
6565,374648,577.8828
6566,374856,478.73972
6567,375256,611.02094
6568,375721,711.0278
6569,376009,517.2999
6570,376417,631.67615
6571,376940,820.1569
6572,377164,417.34756
6573,377457,506.23395
6574,377821,782.26697
6575,378038,390.90927
6576,378311,544.99664
6577,378517,365.9396
6578,378731,383.6791
6579,378979,539.987
6580,379203,430.8578
6581,379426,460.33844
6582,379651,432.03955
6583,379875,444.27283
6584,380107,449.80835
6585,380329,437.67685
6586,380559,434.45416
6587,380783,440.68915
6588,381006,436.1097
6589,381200,393.40024
6590,381405,424.7338
6591,381611,431.17813
6592,381817,408.7137
6593,382014,396.2726
6594,382206,390.7592
6595,382405,390.40286
6596,382608,405.37695
6597,382806,397.23215
6598,383029,437.4163
6599,383703,1013.46075
6600,384036,572.36127
6601,384373,564.0206
6602,384592,363.40628
6603,385079,818.98016
6604,385316,515.4961
6605,385549,499.5016
6606,385790,510.8025
6607,386023,509.9417
6608,386257,513.4911
6609,386484,494.14673
6610,386719,524.3726
6611,386953,500.36697
6612,387226,581.81616
6613,388226,1310.1422
6614,389226,1497.3005
6615,389475,535.5984
6616,389725,525.9088
6617,389987,541.1341
6618,390263,553.20337
6619,390521,538.78534
6620,390777,533.3015
6621,391030,529.3124
6622,391237,371.71616
6623,391421,414.6754
6624,391609,411.40292
6625,391760,253.83029
6626,391933,420.2434
6627,392151,432.70346
6628,392313,285.21634
6629,392437,221.3152
6630,392601,311.83865
6631,392777,365.21088
6632,392943,355.21722
6633,393137,433.4022
6634,393380,509.53824
6635,393623,528.75726
6636,393882,548.83734
6637,394111,517.84406
6638,394303,443.13266
6639,394552,544.2094
6640,394754,455.16974
6641,394949,444.2482
6642,395167,501.4951
6643,395376,488.23737
6644,395643,505.96204
6645,395901,486.96732
6646,396181,516.7437
6647,396446,489.87988
6648,396704,472.8079
6649,396969,493.3062
6650,397237,502.0324
6651,397617,644.1233
6652,397839,152.3123
6653,398334,487.59433
6654,398438,46.277733
6655,398536,27.776384
6656,398649,26.988554
6657,399151,696.1622
6658,399539,665.6807
6659,399750,481.85376
6660,399964,483.97168
6661,400177,481.1394
6662,400383,474.59735
6663,400779,727.6687
6664,400996,488.70044
6665,401197,467.4907
6666,401399,477.0012
6667,401591,412.10623
6668,401769,303.72067
6669,401955,347.18088
6670,402143,355.5128
6671,402319,295.98828
6672,402514,391.52676
6673,402692,360.55807
6674,402891,406.29468
6675,403080,389.28125
6676,403261,349.48215
6677,403450,412.45535
6678,403683,558.1942
6679,403892,447.79962
6680,404098,481.97522
6681,404298,380.85834
6682,404505,446.74878
6683,404700,393.23987
6684,404909,430.7328
6685,405113,449.32938
6686,405304,457.98032
6687,405510,404.86496
6688,405731,502.03
6689,405843,47.80184
6690,406089,527.94806
6691,406211,57.969822
6692,406454,526.7746
6693,406691,523.003
6694,406930,520.83136
6695,407174,529.51215
6696,407401,509.5599
6697,407576,275.21732
6698,407753,301.72495
6699,407997,490.7244
6700,408238,456.0145
6701,408445,370.07697
6702,408642,443.162
6703,408804,271.23547
6704,409014,372.75903
6705,409181,280.31628
6706,409348,287.16898
6707,409521,299.52582
6708,409757,496.4901
6709,410018,510.70755
6710,410252,498.00894
6711,410493,515.62683
6712,410735,509.19534
6713,410956,485.98322
6714,411199,504.59393
6715,411410,458.97626
6716,411645,486.43375
6717,411696,-12.334505
6718,411746,-4.0785294
6719,411790,-5.6440935
6720,411833,-5.1742706
6721,411877,-4.2281313
6722,411921,-5.2675753
6723,411966,-4.2521095
6724,412011,-3.8657553
6725,412085,-3.421983
6726,412128,-2.933073
6727,412190,-17.66972
6728,412242,-1.7527812
6729,412304,-3.5526571
6730,412369,-21.100372
6731,412416,-4.457363
6732,412459,-4.8690743
6733,412501,-3.4093003
6734,412555,-8.768407
6735,412614,-4.8176007
6736,412657,-3.4899309
6737,412701,-4.179881
6738,412754,-2.411849
6739,412799,-2.6086473
6740,412843,-4.870759
6741,412886,-4.8738723
6742,412929,-3.5632734
6743,412976,-3.3751607
6744,413031,-2.923865
6745,413085,-1.7527745
6746,413138,-1.989176
6747,413181,-0.28135014
6748,413239,1.941978
6749,413284,-5.383453
6750,413334,-3.0861306
6751,413391,-5.9527864
6752,413445,-9.421042
6753,413489,-1.5377545
6754,413534,-1.9451993
6755,413578,-3.5077302
6756,413634,-1.9344316
6757,413682,-1.7357934
6758,413770,21.576427
6759,413996,507.41745
6760,414188,464.58627
6761,414407,494.09332
6762,414634,497.44632
6763,414908,168.41637
6764,415103,469.20215
6765,415319,497.5807
6766,415552,134.38356
6767,415761,461.05234
6768,415963,456.72458
6769,416167,451.6136
6770,416372,464.78848
6771,416598,472.90515
6772,416801,423.25858
6773,417019,468.48895
6774,417233,448.31702
6775,417496,604.9586
6776,417764,647.46735
6777,417974,415.95172
6778,418151,297.34802
6779,418372,484.09018
6780,418577,425.9574
6781,418773,425.88437
6782,418967,380.498
6783,419186,464.1702
6784,419670,864.29315
6785,419932,552.9611
6786,420082,165.98965
6787,420225,159.74905
6788,420375,166.9367
6789,420661,297.1065
6790,420847,124.85435
6791,420992,159.97829
6792,421215,133.7985
6793,421436,234.2846
6794,421594,175.44582
6795,421728,146.09097
6796,421862,146.62617
6797,422087,506.45923
6798,422291,480.7833
6799,422499,469.53003
6800,422700,469.84555
6801,422922,469.85135
6802,423139,495.43024
6803,423341,446.51236
6804,423545,464.18674
6805,423758,488.96448
6806,423966,463.30844
6807,424306,486.5949
6808,424436,83.04404
6809,424522,39.31821
6810,424718,149.52516
6811,424847,49.541927
6812,424989,86.232155
6813,425057,24.156357
6814,425155,51.416595
6815,425240,38.684345
6816,425315,32.757942
6817,425398,39.598274
6818,425476,31.646711
6819,425629,102.92988
6820,425783,105.76613
6821,425855,28.630154
6822,425931,26.730335
6823,426180,504.77454
6824,426362,430.8594
6825,426536,423.88773
6826,426734,451.87473
6827,426937,466.13858
6828,427130,442.26147
6829,427326,455.77795
6830,427529,452.17953
6831,427712,427.8016
6832,427904,442.81815
6833,428069,293.3303
6834,428249,318.62613
6835,428434,322.19632
6836,428615,316.2009
6837,428806,353.85242
6838,429007,343.65073
6839,429193,317.9741
6840,429376,326.17484
6841,429565,330.6492
6842,429770,348.02475
6843,429958,316.39032
6844,430179,481.77884
6845,430384,463.61783
6846,430586,445.39185
6847,430742,297.71762
6848,430942,428.05832
6849,431148,445.25815
6850,431351,414.56482
6851,431556,416.0361
6852,431767,475.6999
6853,431974,462.8445
6854,432165,434.04535
6855,432345,421.47607
6856,432508,373.01163
6857,432687,422.3203
6858,432897,472.5766
6859,433114,481.26755
6860,433324,472.63654
6861,433519,436.27698
6862,433738,486.4438
6863,433927,438.773
6864,434128,449.8121
6865,434427,505.47955
6866,434800,567.16583
6867,434990,86.46658
6868,435327,534.31757
6869,435721,680.92004
6870,436056,512.5333
6871,436308,434.22098
6872,436473,337.67508
6873,436636,335.57114
6874,436792,332.33203
6875,436962,348.02884
6876,437113,326.8873
6877,437277,336.82565
6878,437441,335.34894
6879,437593,322.4246
6880,437755,336.44577
6881,437918,345.71384
6882,438063,310.7083
6883,438220,329.68723
6884,438425,434.59467
6885,438612,405.21774
6886,438802,408.3311
6887,438991,406.52264
6888,439167,360.01334
6889,439342,353.7209
6890,439538,415.05377
6891,439739,435.23764
6892,439929,401.1537
6893,440123,457.65146
6894,440306,372.22955
6895,440539,487.7126
6896,440770,435.73306
6897,441023,456.60345
6898,441262,497.16333
6899,441474,448.28818
6900,441693,476.20822
6901,441905,471.43655
6902,442168,541.6635
6903,442217,19.51369
6904,442442,473.71286
6905,442589,312.3916
6906,442755,328.96243
6907,442929,347.81317
6908,443089,387.93887
6909,443251,395.6111
6910,443419,326.15784
6911,443596,350.19595
6912,443768,342.40982
6913,443922,310.63544
6914,444069,353.97247
6915,444208,279.75708
6916,444373,321.3576
6917,444578,507.1605
6918,444762,454.60248
6919,444971,513.53265
6920,445167,472.91626
6921,445357,454.6138
6922,445591,545.8829
6923,445825,535.50055
6924,446029,537.53876
6925,446225,480.03186
6926,446411,451.18472
6927,446624,473.8718
6928,446799,424.07538
6929,446993,457.56018
6930,447208,483.40997
6931,447400,451.73895
6932,447575,426.65408
6933,447752,435.0763
6934,447954,465.1696
6935,448138,434.56735
6936,448342,468.74
6937,448534,447.69644
6938,448762,479.54773
6939,448972,463.55725
6940,449203,481.22464
6941,449442,489.61548
6942,449760,558.26306
6943,449993,479.6067
6944,450214,463.69495
6945,450472,151.10951
6946,450667,115.39245
6947,450929,462.6263
6948,451163,479.95996
6949,451407,413.46173
6950,451638,457.38458
6951,451866,476.07614
6952,452066,364.07608
6953,452326,498.33115
6954,452603,486.75806
6955,452853,549.12683
6956,453091,520.7087
6957,453338,562.2312
6958,453587,530.21094
6959,453842,551.0826
6960,454066,530.7454
6961,454280,467.6904
6962,454534,542.8813
6963,454775,393.0792
6964,455034,463.09647
6965,455048,0.7485636
6966,455218,68.48085
6967,455411,-1.7582724
6968,455576,36.633938
6969,455947,599.69714
6970,456282,462.14426
6971,456650,479.19876
6972,456826,237.04427
6973,456994,232.88327
6974,457161,230.76056
6975,457335,237.11584
6976,457499,230.90797
6977,457767,396.66348
6978,457940,238.87839
6979,458098,219.61462
6980,458261,226.88797
6981,458426,229.34872
6982,458586,225.12816
6983,458753,232.09264
6984,458950,493.73358
6985,459155,486.74463
6986,459343,369.01547
6987,459529,405.39725
6988,459744,534.8425
6989,459951,483.31265
6990,460161,510.8374
6991,460370,495.59705
6992,460559,472.1294
6993,460769,492.38876
6994,461049,547.2509
6995,461452,333.1605
6996,461699,421.17923
6997,461941,402.7009
6998,462200,426.43362
6999,462445,388.2446
7000,462724,467.85797
7001,462940,404.91574
7002,463185,506.28415
7003,463463,540.1962
7004,463668,453.44495
7005,463896,480.2912
7006,464116,394.63242
7007,464342,469.78146
7008,464558,464.68106
7009,464764,461.9663
7010,464977,470.64337
7011,465224,522.62775
7012,465457,454.2498
7013,465703,513.286
7014,465912,426.49832
7015,466190,510.47192
7016,466441,519.4652
7017,466655,445.38367
7018,466897,473.8924
7019,467156,120.202354
7020,467263,11.697903
7021,467520,142.14212
7022,467637,-6.586481
7023,467753,7.4047155
7024,467884,16.764894
7025,468097,139.56726
7026,468234,27.472729
7027,468504,162.39476
7028,468611,6.949031
7029,468886,153.85213
7030,468987,-12.205457
7031,469192,316.5257
7032,469390,303.5358
7033,469604,378.59152
7034,469893,522.2376
7035,470089,314.36554
7036,470292,329.85403
7037,470472,292.17517
7038,470690,430.60324
7039,470901,397.1683
7040,471117,406.4616
7041,471318,369.05096
7042,471540,485.6473
7043,471847,744.31726
7044,472076,493.69504
7045,472272,368.20987
7046,472483,412.49063
7047,472701,436.52856
7048,472928,479.04297
7049,473099,337.29263
7050,473304,404.19385
7051,473530,422.37943
7052,473736,397.4747
7053,473750,0.5711894
7054,473965,408.40253
7055,473980,1.511116
7056,474173,378.7731
7057,474365,381.9442
7058,474378,-0.060094476
7059,474578,390.04385
7060,474795,413.70132
7061,475002,403.25113
7062,475172,385.25018
7063,475364,431.6995
7064,475561,452.4555
7065,475751,433.1924
7066,475948,438.33862
7067,476143,435.52692
7068,476328,408.57825
7069,476518,439.94803
7070,476708,412.84103
7071,476918,450.2008
7072,477106,406.641
7073,477290,331.93735
7074,477477,345.48123
7075,477679,398.343
7076,477863,331.29117
7077,478068,380.5003
7078,478255,333.16324
7079,478453,380.28522
7080,478651,385.2283
7081,478866,414.9375
7082,479058,334.34598
7083,479238,320.4066
7084,479615,419.83206
7085,479836,318.40347
7086,480836,1613.7456
7087,481031,294.73
7088,481220,282.77176
7089,481516,622.2481
7090,481795,607.47345
7091,481974,333.3683
7092,482207,473.1211
7093,482457,509.3812
7094,482656,407.28445
7095,482924,497.51538
7096,483261,740.6846
7097,483482,494.2134
7098,483685,470.4122
7099,483890,477.63474
7100,484104,485.3707
7101,484302,461.7384
7102,484504,470.2315
7103,484705,471.1411
7104,484889,446.99484
7105,485111,494.0892
7106,485309,469.10156
7107,485706,817.5206
7108,485933,562.70337
7109,486174,537.4673
7110,486374,402.6684
7111,486736,753.8076
7112,486928,380.8692
7113,487111,368.45285
7114,487519,924.5312
7115,487766,503.6422
7116,488007,507.54205
7117,488245,502.8908
7118,488499,528.1919
7119,488743,513.40564
7120,488817,31.688892
7121,489070,524.74207
7122,489326,531.52686
7123,489527,312.8445
7124,489750,577.15424
7125,490008,594.23956
7126,490193,318.8661
7127,490458,582.85474
7128,490719,671.0381
7129,490971,578.67126
7130,491256,408.22147
7131,491508,515.5127
7132,491760,589.09076
7133,491966,483.53305
7134,492211,607.5865
7135,492437,541.05145
7136,492655,514.55835
7137,492860,457.97946
7138,493104,595.9263
7139,493325,538.2083
7140,493586,597.17914
7141,493773,349.88437
7142,493981,476.76288
7143,494182,428.13037
7144,494368,351.28174
7145,494585,487.46786
7146,494789,426.4977
7147,494997,436.9891
7148,495287,582.50903
7149,495477,353.42987
7150,495892,956.5441
7151,496081,415.40222
7152,496263,411.50043
7153,496457,421.51807
7154,496642,408.4525
7155,496828,398.7921
7156,497031,434.5918
7157,497222,419.9686
7158,497411,411.79858
7159,497607,415.8396
7160,497832,564.8605
7161,498080,675.62476
7162,498277,471.3594
7163,498489,551.74774
7164,498700,525.86017
7165,498906,462.15173
7166,499102,443.96637
7167,499380,751.98083
7168,499445,39.508873
7169,499649,472.89346
7170,499863,471.07333
7171,500065,455.9637
7172,500316,507.14117
7173,500721,676.0408
7174,500925,455.8638
7175,501135,459.286
7176,501348,471.08115
7177,501700,622.6053
7178,501869,309.1071
7179,502019,290.49493
7180,502169,288.7887
7181,502314,287.40268
7182,502461,288.00378
7183,502610,288.98706
7184,502757,282.35394
7185,502904,284.13654
7186,503050,286.01254
7187,503200,291.07083
7188,503353,288.7276
7189,503502,289.09402
7190,503645,277.35492
7191,503792,292.40427
7192,504010,500.2162
7193,504220,447.30194
7194,504419,449.7937
7195,504638,497.259
7196,504852,480.26727
7197,505069,449.53775
7198,505262,399.7911
7199,505485,498.64297
7200,505694,461.4463
7201,505878,411.35205
7202,506115,567.99133
7203,506362,530.8328
7204,506606,527.2071
7205,506833,501.15012
7206,507080,574.7587
7207,507320,518.7512
7208,507558,557.8117
7209,507788,477.8173
7210,508020,556.04663
7211,508199,414.32272
7212,508396,462.92834
7213,508580,410.5641
7214,508772,444.52646
7215,508961,443.20483
7216,509153,451.01108
7217,509372,549.98486
7218,509574,470.99106
7219,509788,526.2146
7220,509978,460.9119
7221,510180,460.4893
7222,510353,414.61188
7223,510549,443.9998
7224,510802,121.76405
7225,510982,419.80344
7226,511172,437.779
7227,511368,453.0067
7228,511595,484.2704
7229,511792,443.96167
7230,511992,453.9986
7231,512248,554.3036
7232,512503,526.28986
7233,512723,491.9541
7234,513021,587.46497
7235,513227,454.09213
7236,513505,611.655
7237,513740,481.88742
7238,513979,519.04736
7239,514189,492.79962
7240,514384,473.4905
7241,514574,465.6318
7242,514782,488.2526
7243,514983,473.4877
7244,515175,460.38147
7245,515363,456.17783
7246,515555,460.1455
7247,515736,446.21146
7248,515923,454.10117
7249,516111,450.66525
7250,516325,428.47205
7251,516547,438.22855
7252,516768,437.21744
7253,516986,431.83954
7254,517199,428.06177
7255,517423,441.7177
7256,517633,422.4413
7257,517847,427.80188
7258,518069,437.39267
7259,518292,513.0532
7260,518507,480.00754
7261,518711,462.23514
7262,518900,426.1545
7263,519087,445.9059
7264,519307,500.20462
7265,519509,456.69388
7266,519701,420.6726
7267,519927,527.02124
7268,520133,500.37524
7269,520322,457.40048
7270,520537,488.75613
7271,520763,501.7733
7272,520963,471.56296
7273,521186,481.69156
7274,521381,467.95374
7275,521587,479.6103
7276,521789,474.95108
7277,521993,461.30798
7278,522212,494.65372
7279,522413,443.0184
7280,522594,410.41782
7281,522778,425.11545
7282,522960,426.2737
7283,523144,434.8467
7284,523328,417.49664
7285,523519,423.5435
7286,523707,430.51163
7287,523873,396.72247
7288,524056,421.1211
7289,524243,431.92838
7290,524467,90.181984
7291,524649,57.1857
7292,524757,24.17556
7293,524858,10.375251
7294,524954,1.7430311
7295,525033,-1.8520219
7296,525114,23.564295
7297,525210,25.51418
7298,525290,22.17583
7299,525373,15.223184
7300,525477,-23.297892
7301,525560,-0.5670333
7302,525639,-0.24082541
7303,525771,5.191223
7304,525894,7.204718
7305,526024,39.233566
7306,526147,33.151096
7307,526216,0.25451458
7308,526339,-10.322592
7309,526537,459.13614
7310,526739,465.52835
7311,526922,436.56354
7312,527119,457.0116
7313,527310,446.13953
7314,527509,465.748
7315,527700,441.052
7316,527901,462.3205
7317,528094,453.79364
7318,528276,442.63275
7319,528422,364.3047
7320,528614,406.5169
7321,528819,444.0691
7322,529007,406.8335
7323,529202,439.03314
7324,529400,414.83014
7325,529588,404.55652
7326,529777,406.53644
7327,529988,465.31525
7328,530188,442.13275
7329,530364,346.6002
7330,530578,435.6822
7331,530902,534.35583
7332,531212,531.44885
7333,531447,461.99243
7334,531690,468.73642
7335,531943,482.3769
7336,532164,445.00055
7337,532400,462.64612
7338,532702,159.64499
7339,532892,418.7065
7340,533147,516.6432
7341,533356,399.59955
7342,533591,442.62283
7343,533825,515.5225
7344,534036,433.0431
7345,534234,464.44516
7346,534454,407.85657
7347,534679,476.10236
7348,534946,525.8023
7349,535196,530.1602
7350,535439,516.0839
7351,535668,480.84818
7352,535935,534.3703
7353,536197,526.40497
7354,536458,532.04987
7355,536711,454.31705
7356,536985,552.45544
7357,537193,354.27664
7358,537483,560.8541
7359,537719,460.41904
7360,537973,479.62427
7361,538208,428.04623
7362,538479,528.73883
7363,538712,499.06415
7364,538949,486.9601
7365,539133,379.03842
7366,539378,526.2598
7367,539641,544.8665
7368,539902,515.38104
7369,540168,507.50156
7370,540434,536.89386
7371,540672,477.35092
7372,540875,395.37466
7373,541075,391.2604
7374,541274,391.13956
7375,541477,390.5388
7376,541669,379.6647
7377,541870,388.99182
7378,542069,394.14273
7379,542270,391.9429
7380,542463,379.43066
7381,542671,401.58426
7382,542874,396.79852
7383,543068,384.7942
7384,543305,494.49228
7385,543547,447.84943
7386,543729,361.1984
7387,543928,411.5626
7388,544134,382.734
7389,544314,349.96246
7390,544519,455.93137
7391,544732,403.52716
7392,544923,402.87192
7393,545166,470.32925
7394,545385,432.64014
7395,545602,429.72388
7396,545818,427.76233
7397,546045,443.96902
7398,546266,437.76868
7399,546490,441.74115
7400,546719,445.9119
7401,546981,458.76068
7402,547287,648.30225
7403,547536,472.56665
7404,547819,490.88705
7405,548098,510.96606
7406,548358,484.01974
7407,548588,473.69016
7408,548861,498.50464
7409,549100,512.61865
7410,549332,510.46448
7411,549570,532.4576
7412,549797,503.56537
7413,550039,526.1093
7414,550360,832.1349
7415,550595,510.467
7416,550820,512.706
7417,551049,447.0757
7418,551306,509.39365
7419,551534,428.01602
7420,551759,420.24014
7421,552000,474.6578
7422,552199,369.3639
7423,552445,497.53314
7424,552698,463.59842
7425,552884,352.00687
7426,553094,392.02103
7427,553322,425.51416
7428,553565,450.19843
7429,553776,387.43823
7430,554004,455.9395
7431,554256,461.4767
7432,554438,340.11832
7433,554717,556.0675
7434,554961,455.16177
7435,555233,578.7859
7436,555451,450.6312
7437,555649,472.84885
7438,555892,564.4029
7439,556156,596.37103
7440,556480,728.8067
7441,556785,725.30945
7442,557061,643.74335
7443,557684,812.2838
7444,558363,879.75055
7445,558981,803.8999
7446,559237,484.7841
7447,559478,445.71075
7448,559686,403.1093
7449,559939,497.1518
7450,560143,391.3977
7451,560369,429.67987
7452,560570,365.30417
7453,560792,417.7139
7454,561019,416.42432
7455,561230,387.88727
7456,561455,472.48856
7457,561711,575.9107
7458,561981,571.92004
7459,562201,459.69434
7460,562445,527.5771
7461,562678,533.9521
7462,562922,595.6935
7463,563156,494.68027
7464,563357,481.6213
7465,563549,463.28403
7466,563744,466.22137
7467,563937,465.81436
7468,564141,501.16055
7469,564332,463.58163
7470,564531,475.03632
7471,564722,465.895
7472,564920,458.83545
7473,565119,469.0742
7474,565316,401.93002
7475,565514,401.36627
7476,565707,370.26462
7477,565889,357.76315
7478,566058,335.08527
7479,566267,421.89667
7480,566440,314.24136
7481,566604,303.47076
7482,566790,346.54126
7483,566984,370.61053
7484,567180,355.14612
7485,567438,584.1502
7486,567674,536.6387
7487,567887,431.01547
7488,568079,452.66272
7489,568297,503.9479
7490,568536,556.06946
7491,568767,516.2103
7492,568981,505.8835
7493,569221,555.0547
7494,569437,511.69806
7495,569616,425.91623
7496,569789,450.68753
7497,569977,446.71417
7498,570144,414.84503
7499,570330,474.3214
7500,570509,426.48868
7501,570680,429.6156
7502,570868,451.92026
7503,571057,449.05606
7504,571232,430.4783
7505,571403,439.85513
7506,571645,439.54413
7507,571891,449.3931
7508,572095,413.96896
7509,572333,435.27774
7510,572567,425.7321
7511,572815,462.81882
7512,573057,437.125
7513,573319,481.88608
7514,573578,556.05524
7515,573762,455.9274
7516,573960,506.92688
7517,574158,501.43948
7518,574366,539.6096
7519,574551,453.08368
7520,574741,469.86536
7521,574925,459.213
7522,575114,476.8175
7523,575323,488.56235
7524,575536,573.2749
7525,575742,453.95248
7526,575922,389.91092
7527,576120,458.60712
7528,576326,483.4997
7529,576530,454.5672
7530,576720,422.80746
7531,576923,446.76752
7532,577122,450.8674
7533,577311,449.15158
7534,577570,619.66705
7535,577866,463.93253
7536,578239,566.0856
7537,578514,426.8716
7538,578797,456.7668
7539,579183,630.39856
7540,579399,133.48203
7541,579652,509.93124
7542,579867,483.61548
7543,580084,485.00586
7544,580305,498.52463
7545,580519,475.16788
7546,580729,486.3086
7547,580948,491.6935
7548,581167,493.33713
7549,581379,488.92276
7550,581594,474.74896
7551,581793,323.73584
7552,581983,348.9095
7553,582212,371.91626
7554,582438,478.87613
7555,582896,561.5057
7556,583362,567.3039
7557,583621,380.5477
7558,583942,766.60913
7559,584170,538.74457
7560,584510,876.76953
7561,585067,1389.9108
7562,585480,1072.674
7563,585737,658.15424
7564,585962,468.4267
7565,586178,463.78378
7566,586384,442.26868
7567,586624,548.0941
7568,586864,497.6404
7569,587100,488.399
7570,587322,464.68723
7571,587541,449.86685
7572,587784,472.7644
7573,587962,432.9424
7574,588140,429.81937
7575,588323,420.92435
7576,588500,422.14844
7577,588678,414.27945
7578,588851,421.4066
7579,589024,411.34613
7580,589191,393.63324
7581,589369,423.503
7582,589549,429.3871
7583,589728,436.5737
7584,589914,387.77682
7585,590108,376.47156
7586,590292,370.5092
7587,590474,353.2821
7588,590660,372.60367
7589,590841,363.71622
7590,591031,367.42645
7591,591211,350.84073
7592,591402,439.59027
7593,591580,359.7736
7594,591791,488.4039
7595,592015,454.6255
7596,592248,493.96893
7597,592499,503.96518
7598,592776,516.7708
7599,593003,459.3615
7600,593202,366.929
7601,593453,470.4872
7602,593748,535.92725
7603,593976,427.9416
7604,594159,443.83847
7605,594329,400.19873
7606,594517,451.07327
7607,594702,444.9419
7608,594886,443.04822
7609,595059,408.67685
7610,595288,560.08185
7611,595480,458.86017
7612,595659,440.9764
7613,595827,403.03836
7614,596005,423.3585
7615,596205,388.32825
7616,596409,404.54343
7617,596604,403.092
7618,596809,414.5927
7619,597012,409.41138
7620,597213,383.42435
7621,597427,463.47903
7622,597634,417.05435
7623,597843,434.08435
7624,598056,444.64352
7625,598354,545.3252
7626,598590,158.93109
7627,598814,106.22096
7628,599075,464.43475
7629,599386,590.0651
7630,599460,20.650385
7631,599551,15.469677
7632,599867,390.99594
7633,600139,484.93396
7634,600339,458.82123
7635,600539,426.1195
7636,600719,388.64124
7637,600917,468.74368
7638,601119,440.74478
7639,601326,489.44275
7640,601523,432.14917
7641,601717,427.64688
7642,601921,459.67767
7643,602119,463.29837
7644,602328,491.31607
7645,602465,296.28885
7646,602633,389.5359
7647,602766,267.71744
7648,602920,368.17038
7649,603086,396.1507
7650,603237,335.4336
7651,603410,426.74768
7652,603574,393.88718
7653,603761,459.17728
7654,603900,307.03912
7655,604048,321.02902
7656,604231,374.60352
7657,604495,490.89377
7658,604703,386.67917
7659,604974,556.98865
7660,605220,507.34747
7661,605461,496.31885
7662,605703,504.0083
7663,605946,529.5351
7664,606160,429.20468
7665,606350,406.93533
7666,606529,389.85226
7667,606703,388.03873
7668,606881,392.40436
7669,607067,403.2971
7670,607257,430.0266
7671,607438,392.70178
7672,607613,384.81668
7673,607773,367.63165
7674,607945,383.25897
7675,608134,405.8387
7676,608341,439.88885
7677,608522,388.14694
7678,608748,429.01294
7679,608953,399.34094
7680,609168,472.6185
7681,609378,381.4276
7682,609561,354.83856
7683,609748,398.57333
7684,609997,485.26163
7685,610191,374.23682
7686,610409,506.72452
7687,610602,486.50296
7688,610813,547.1075
7689,611021,536.73846
7690,611223,494.8671
7691,611413,483.6737
7692,611623,539.7127
7693,611794,376.83844
7694,612010,538.3437
7695,612234,587.8312
7696,612407,436.98694
7697,612582,460.62872
7698,612800,471.13425
7699,613017,494.57672
7700,613231,465.8701
7701,613462,490.57208
7702,613685,504.86957
7703,613899,478.67764
7704,614114,464.92334
7705,614317,446.8239
7706,614545,513.22064
7707,614783,599.13824
7708,614996,430.68912
7709,615200,456.82886
7710,615418,484.57285
7711,615742,726.8531
7712,615951,452.18326
7713,616170,523.76434
7714,616391,492.54352
7715,616598,479.7878
7716,616802,477.64847
7717,616999,457.26297
7718,617202,461.17438
7719,617396,451.8168
7720,617601,462.80246
7721,617785,446.79572
7722,617979,451.84637
7723,618165,444.34042
7724,618369,472.07574
7725,618631,607.8405
7726,619010,731.93066
7727,619269,444.18716
7728,619543,531.83264
7729,619845,605.3651
7730,620240,765.43945
7731,620573,640.2453
7732,620757,386.09888
7733,621012,531.23627
7734,621216,414.955
7735,621453,466.87363
7736,621708,537.02814
7737,621912,466.88382
7738,622119,452.04193
7739,622349,461.7198
7740,622657,637.7565
7741,622871,412.15894
7742,623109,437.18253
7743,623343,445.91568
7744,623592,458.29868
7745,623879,538.89795
7746,624162,469.048
7747,624403,450.81436
7748,624658,474.45206
7749,624888,517.5675
7750,625113,511.06534
7751,625377,557.15546
7752,625616,533.143
7753,625838,509.24847
7754,626089,552.2394
7755,626334,543.3495
7756,626556,513.8672
7757,626787,485.23795
7758,627024,476.37692
7759,628024,918.97675
7760,628261,511.29132
7761,628491,452.25156
7762,628725,508.33505
7763,628927,494.65344
7764,629132,493.3302
7765,629350,535.6418
7766,629542,459.17575
7767,629788,551.78107
7768,630025,541.28546
7769,630251,505.38574
7770,630554,627.1731
7771,630761,487.69897
7772,630962,487.79584
7773,631114,336.35922
7774,631283,398.56335
7775,631473,460.9067
7776,631633,362.32144
7777,631814,453.9257
7778,632003,453.39987
7779,632177,433.835
7780,632334,379.79068
7781,632492,390.0316
7782,632677,463.57034
7783,632865,429.74213
7784,633865,1000.0082
7785,634146,507.53128
7786,634444,463.67484
7787,635004,810.9456
7788,635080,4.7416325
7789,635161,6.8001714
7790,635254,18.458952
7791,635338,8.721447
7792,635414,4.853731
7793,635484,-4.7749124
7794,635574,12.960696
7795,635655,2.7597837
7796,635727,-0.5196059
7797,635807,6.571074
7798,635888,7.5786514
7799,635973,10.078932
7800,636043,-6.5313783
7801,636120,-0.0995976
7802,636198,1.5685165
7803,636267,-2.0755172
7804,636347,4.7774444
7805,636457,33.372536
7806,636643,431.49753
7807,636709,-7.567745
7808,636785,2.8814964
7809,636866,8.091687
7810,636943,-1.2888949
7811,637180,459.02063
7812,637384,424.9561
7813,637638,463.2495
7814,637889,491.79202
7815,638104,436.56818
7816,638320,420.29388
7817,638549,447.4242
7818,638762,429.06564
7819,639018,579.7334
7820,639232,499.0097
7821,639451,491.75726
7822,639730,612.961
7823,639939,483.1488
7824,640179,566.3805
7825,640384,446.31088
7826,640601,504.614
7827,640833,525.9442
7828,641059,518.71936
7829,641349,651.04144
7830,641583,492.0181
7831,641750,303.52557
7832,641974,521.3339
7833,642139,296.36282
7834,642357,481.05566
7835,642514,303.23776
7836,642784,571.9885
7837,643170,830.6747
7838,643391,425.81332
7839,643594,413.78458
7840,643806,427.12543
7841,644059,478.84415
7842,644283,441.69592
7843,644497,426.91818
7844,644711,430.823
7845,644902,400.0735
7846,645113,416.02005
7847,645331,556.12103
7848,645506,427.0721
7849,645748,625.0169
7850,645932,443.48413
7851,646111,424.86505
7852,646278,401.47418
7853,646455,412.46576
7854,646629,435.03915
7855,646845,518.6419
7856,647024,430.0274
7857,647237,519.07153
7858,647555,538.6553
7859,647763,349.9135
7860,647979,360.34604
7861,648338,618.9437
7862,648604,512.8183
7863,648852,493.3262
7864,649151,564.42615
7865,649401,552.2859
7866,649664,544.8408
7867,649901,537.86707
7868,650158,566.9516
7869,650465,749.5819
7870,650732,571.40906
7871,651016,644.12177
7872,651238,471.33823
7873,651485,531.9691
7874,651763,642.3625
7875,652072,699.545
7876,652326,545.2011
7877,652599,597.4138
7878,652946,725.62866
7879,653351,724.8056
7880,653559,426.9222
7881,653770,445.20648
7882,653994,448.64502
7883,654178,420.10434
7884,654355,410.68463
7885,654532,417.16415
7886,654693,372.00577
7887,654886,469.83
7888,655063,422.17688
7889,655253,430.31384
7890,655462,516.08594
7891,655630,419.95496
7892,655998,698.23627
7893,656217,482.72922
7894,656446,534.7468
7895,656652,435.44055
7896,656849,472.58594
7897,657305,1048.687
7898,657579,583.2248
7899,657817,510.84937
7900,658062,486.54547
7901,658295,475.92972
7902,658765,921.5987
7903,659051,614.0644
7904,659302,505.08643
7905,659640,615.8426
7906,659883,537.07263
7907,660106,525.5866
7908,660315,502.58484
7909,660510,456.55466
7910,660720,495.38977
7911,660956,582.35004
7912,661232,595.61346
7913,661419,449.7829
7914,661653,543.09204
7915,661889,544.3648
7916,662287,900.5037
7917,662467,366.3357
7918,663042,1318.9038
7919,663220,357.6868
7920,663850,1119.3851
7921,664183,572.03955
7922,664495,549.484
7923,664749,491.57645
7924,665078,603.95746
7925,665338,502.28903
7926,665653,591.3782
7927,665863,510.2395
7928,666087,499.74258
7929,666372,500.7324
7930,666584,452.3832
7931,666887,546.9657
7932,667165,578.0187
7933,667380,437.91925
7934,667615,507.61157
7935,667745,42.544003
7936,667951,484.58978
7937,668157,490.61746
7938,668355,471.4771
7939,668557,461.86087
7940,668793,590.03156
7941,669056,650.1661
7942,669238,446.70428
7943,669534,575.4062
7944,669725,456.10727
7945,669925,80.39145
7946,670055,18.755892
7947,670319,475.28757
7948,670555,114.21969
7949,670681,15.805418
7950,670806,16.028303
7951,670938,21.069489
7952,671275,596.44525
7953,671409,23.045061
7954,671687,500.50903
7955,672056,660.30084
7956,672325,619.7561
7957,672501,319.79733
7958,672685,340.1691
7959,672882,341.1518
7960,673279,760.49805
7961,673583,685.8677
7962,673785,456.09402
7963,674020,117.792625
7964,674156,24.454323
7965,674453,281.6091
7966,674615,39.332397
7967,674778,51.160614
7968,674938,279.37405
7969,675064,6.5489283
7970,675239,55.65877
7971,675450,396.24203
7972,675714,504.99496
7973,676011,554.43414
7974,676286,532.16846
7975,676534,544.14404
7976,676807,597.82623
7977,677136,735.2985
7978,677454,738.60455
7979,677718,664.04584
7980,677984,655.3688
7981,678984,1140.5591
7982,679532,789.4783
7983,680105,864.63605
7984,680124,-1.866952
7985,680393,513.22736
7986,680432,17.381273
7987,680451,-0.36482036
7988,680739,592.0182
7989,680758,-3.875201
7990,680777,-3.1341944
7991,680951,124.321976
7992,680993,10.28787
7993,681210,408.07562
7994,681227,-4.2674522
7995,681452,157.8027
7996,681472,-2.3360777
7997,681822,681.85626
7998,682080,579.7211
7999,682652,966.5845
8000,682922,603.861
8001,683163,525.7468
8002,683419,550.1928
8003,683642,483.9214
8004,683804,299.9482
8005,684029,483.16003
8006,684294,585.2911
8007,684553,574.2372
8008,684824,609.596
8009,685101,617.4547
8010,685378,626.2175
8011,685627,544.1708
8012,685914,606.4708
8013,686144,364.58014
8014,686364,527.572
8015,686585,535.2957
8016,686803,521.9079
8017,687050,567.736
8018,687322,574.3275
8019,687552,536.0846
8020,687768,494.61545
8021,688052,620.62317
8022,688336,606.25165
8023,688536,482.6204
8024,688709,322.23648
8025,688871,299.1217
8026,689207,686.8683
8027,689558,822.86346
8028,689823,592.0418
8029,689989,313.26633
8030,690253,608.58344
8031,690415,318.82126
8032,690575,295.88263
8033,690759,329.02084
8034,690951,352.8039
8035,691126,323.00125
8036,691298,288.902
8037,691461,299.85693
8038,691995,935.75354
8039,692165,292.9714
8040,692324,306.05444
8041,692496,339.65073
8042,692671,335.49707
8043,693035,729.8706
8044,693208,343.33893
8045,693488,533.6141
8046,693661,320.85803
8047,693834,321.57407
8048,694001,311.7341
8049,694171,322.32333
8050,694510,523.42615
8051,694736,431.3101
8052,694969,487.05432
8053,695618,1047.8696
8054,695821,107.535324
8055,695935,27.595339
8056,696448,861.84216
8057,696718,590.8168
8058,696970,603.1445
8059,697145,301.83807
8060,697466,806.02594
8061,697715,560.3055
8062,697974,587.58826
8063,698215,524.71594
8064,698468,529.16077
8065,698678,490.4554
8066,698902,542.7613
8067,699098,482.01315
8068,699299,461.01755
8069,699495,456.48596
8070,699697,476.05173
8071,699910,499.72055
8072,700135,537.8826
8073,700365,543.2484
