episodio,pasos,recompensa
1,18,86.58473
2,35,82.02335
3,52,82.40415
4,92,200.38963
5,109,82.02087
6,125,77.11301
7,150,126.71927
8,188,182.18826
9,209,104.65018
10,226,81.9092
11,244,86.980515
12,276,144.24321
13,297,103.5187
14,320,115.44187
15,349,143.08052
16,373,117.00949
17,395,109.43589
18,416,104.01307
19,437,103.351204
20,454,82.11607
21,470,77.05856
22,491,107.42948
23,509,88.02884
24,526,82.337166
25,543,81.77313
26,561,86.815674
27,579,86.909744
28,597,86.59806
29,614,81.770294
30,635,102.035645
31,664,148.4149
32,685,103.16084
33,708,113.66586
34,735,129.73553
35,754,93.73229
36,772,87.04481
37,790,87.56888
38,828,198.32391
39,847,92.05985
40,873,130.23062
41,891,86.8707
42,909,86.97265
43,926,81.97456
44,952,134.27911
45,977,123.13827
46,999,107.2836
47,1016,82.19726
48,1036,93.54934
49,1064,139.27815
50,1086,107.80115
51,1107,104.62003
52,1142,178.44547
53,1159,81.72406
54,1176,82.514275
55,1193,81.99785
56,1218,120.46782
57,1239,104.987366
58,1277,191.5467
59,1302,114.25009
60,1320,86.50859
61,1344,120.89173
62,1365,94.09714
63,1387,105.422874
64,1413,131.56215
65,1458,209.37274
66,1482,120.39904
67,1504,107.521225
68,1522,87.54084
69,1539,81.902695
70,1559,99.044334
71,1591,167.3304
72,1626,171.78749
73,1644,86.71414
74,1661,82.039246
75,1695,160.81659
76,1715,99.017715
77,1732,81.50469
78,1753,104.5072
79,1775,110.19911
80,1792,81.80896
81,1813,96.50624
82,1837,118.34364
83,1859,105.4889
84,1879,97.600975
85,1918,178.33548
86,1941,118.56452
87,1957,77.11339
88,1975,86.23172
89,1995,99.191605
90,2013,85.47308
91,2030,82.262436
92,2053,110.60575
93,2077,119.18249
94,2095,87.3839
95,2123,141.63486
96,2140,81.75598
97,2159,89.09135
98,2192,159.8492
99,2234,205.16827
100,2252,86.799644
101,2270,87.301414
102,2303,168.65636
103,2327,118.22356
104,2367,193.15378
105,2384,81.58041
106,2401,81.75617
107,2417,77.07122
108,2443,128.7205
109,2468,128.41943
110,2487,93.746666
111,2515,140.58932
112,2547,160.57387
113,2564,82.00061
114,2595,142.68668
115,2637,223.46878
116,2669,161.43994
117,2695,135.05376
118,2712,81.81181
119,2737,116.88762
120,2757,98.87052
121,2780,115.93622
122,2802,109.52584
123,2822,98.12821
124,2853,147.69562
125,2883,151.71098
126,2900,81.936066
127,2929,141.77818
128,2945,76.92362
129,2975,141.32343
130,3016,190.87758
131,3033,81.934586
132,3051,88.24737
133,3069,87.63015
134,3091,108.492966
135,3113,111.22046
136,3130,81.86092
137,3146,76.78967
138,3163,82.02311
139,3181,87.89225
140,3210,140.11061
141,3234,118.87243
142,3252,87.45347
143,3270,86.52635
144,3296,125.50109
145,3335,192.56934
146,3351,76.85416
147,3368,81.84401
148,3400,150.1572
149,3429,147.26047
150,3447,87.41586
151,3466,91.650696
152,3488,107.72543
153,3524,187.53943
154,3548,116.69868
155,3566,86.908745
156,3584,86.83001
157,3601,81.83236
158,3621,100.121056
159,3638,81.37358
160,3657,93.083084
161,3694,191.51633
162,3742,213.30132
163,3770,135.10352
164,3795,131.47913
165,3814,93.41349
166,3839,127.16374
167,3858,92.362335
168,3878,99.767456
169,3903,123.16024
170,3921,86.89223
171,3938,81.78189
172,3959,106.289085
173,3976,82.08308
174,3997,101.93059
175,4015,87.02042
176,4045,155.06555
177,4077,160.25829
178,4096,92.09264
179,4123,136.9676
180,4141,86.80572
181,4158,81.916306
182,4178,99.04323
183,4198,98.48137
184,4219,93.746445
185,4235,77.17403
186,4253,88.08107
187,4271,87.17716
188,4299,139.95189
189,4320,105.18444
190,4344,123.82648
191,4374,140.50858
192,4392,88.671486
193,4414,110.56447
194,4431,81.77248
195,4449,88.958954
196,4479,150.75356
197,4508,143.96135
198,4536,137.29272
199,4559,108.78299
200,4579,96.88315
201,4597,87.46921
202,4631,172.42758
203,4654,114.751335
204,4670,76.96657
205,4688,86.42248
206,4706,87.7933
207,4733,142.1155
208,4761,142.4943
209,4794,171.63152
210,4811,81.92441
211,4830,93.14124
212,4855,124.83496
213,4873,87.60481
214,4898,124.062584
215,4925,135.97775
216,4944,93.99958
217,4963,94.03527
218,4979,76.90739
219,4996,81.81983
220,5037,201.1882
221,5054,81.51061
222,5070,77.00682
223,5105,167.19563
224,5128,113.541985
225,5147,92.690544
226,5163,76.95251
227,5185,112.68688
228,5211,129.90816
229,5234,104.17316
230,5257,112.86348
231,5278,105.50083
232,5296,88.19858
233,5313,81.58379
234,5332,93.9779
235,5358,128.82687
236,5397,174.08867
237,5417,99.1974
238,5436,93.236145
239,5472,183.19565
240,5495,111.940765
241,5513,86.976166
242,5538,121.18532
243,5558,98.42921
244,5579,103.05766
245,5598,92.46469
246,5616,85.96653
247,5634,87.616844
248,5652,87.44487
249,5672,98.37613
250,5710,186.81778
251,5727,81.93176
252,5745,87.83867
253,5762,81.52761
254,5782,97.96872
255,5829,230.36858
256,5846,82.10844
257,5864,86.79992
258,5881,82.02323
259,5900,92.81748
260,5921,105.24897
261,5938,81.5504
262,5959,106.95761
263,5979,99.515724
264,5996,82.0356
265,6013,81.635956
266,6032,95.36312
267,6050,87.009575
268,6078,129.2407
269,6112,160.17899
270,6134,113.20387
271,6153,92.807816
272,6170,81.9749
273,6190,99.47805
274,6208,88.45623
275,6225,82.47183
276,6242,82.35602
277,6266,121.176765
278,6292,122.579926
279,6317,124.3599
280,6337,98.333565
281,6354,82.06337
282,6374,96.60786
283,6420,245.89821
284,6444,114.94456
285,6463,93.81833
286,6488,118.31681
287,6509,104.108536
288,6526,82.03748
289,6560,175.38922
290,6580,98.593346
291,6611,157.33908
292,6636,125.01253
293,6657,101.54644
294,6687,151.37599
295,6706,93.144615
296,6724,88.41552
297,6748,119.25402
298,6765,82.33637
299,6783,86.59805
300,6813,140.46071
301,6836,114.19468
302,6872,175.76976
303,6888,77.068695
304,6906,88.36579
305,6938,157.43683
306,6955,81.8706
307,7000,228.30406
308,7017,81.980125
309,7053,182.38713
310,7081,139.33783
311,7101,101.05393
312,7129,133.87675
313,7153,120.51079
314,7170,81.61216
315,7209,191.2816
316,7250,203.99591
317,7280,154.70117
318,7299,91.08379
319,7317,86.21102
320,7335,86.4155
321,7352,82.27463
322,7374,109.96702
323,7413,176.2436
324,7444,162.61192
325,7461,81.63145
326,7478,81.83893
327,7500,108.62849
328,7532,154.69638
329,7553,101.13453
330,7575,108.39766
331,7593,87.892006
332,7611,85.55104
333,7631,100.17578
334,7648,81.80497
335,7673,128.44499
336,7697,119.42698
337,7726,144.33163
338,7743,81.64321
339,7776,163.3854
340,7806,149.6645
341,7823,82.594536
342,7839,76.84082
343,7864,125.92423
344,7889,129.63774
345,7909,99.751884
346,7929,98.18986
347,7948,92.579216
348,7965,81.73983
349,7983,87.63478
350,8002,92.6715
351,8020,88.01258
352,8046,129.87047
353,8072,131.48999
354,8091,94.08463
355,8111,97.50072
356,8128,82.057945
357,8156,144.49022
358,8174,86.92814
359,8192,87.40348
360,8209,81.664986
361,8230,103.45126
362,8248,87.98025
363,8281,175.83463
364,8308,120.18456
365,8339,138.2046
366,8358,92.541534
367,8380,108.82814
368,8402,110.083855
369,8432,151.1097
370,8466,170.02731
371,8491,123.832016
372,8510,93.96646
373,8546,179.99309
374,8564,87.12597
375,8583,93.227005
376,8604,105.32794
377,8624,98.99603
378,8648,116.97786
379,8676,141.8679
380,8694,88.128784
381,8720,135.97334
382,8751,149.66374
383,8770,93.864746
384,8808,192.89842
385,8844,187.16782
386,8866,108.1021
387,8885,92.31463
388,8915,146.91661
389,8937,108.23932
390,8964,125.88131
391,8981,81.94966
392,9000,92.73455
393,9031,152.30914
394,9053,103.67221
395,9077,122.13042
396,9099,112.18591
397,9119,98.53873
398,9162,217.65616
399,9206,214.34706
400,9234,138.31038
401,9251,81.89001
402,9275,123.715454
403,9292,81.82629
404,9310,89.54922
405,9329,92.50692
406,9357,127.46663
407,9391,157.72504
408,9416,119.80696
409,9443,136.28761
410,9460,82.292404
411,9480,98.07055
412,9506,131.79471
413,9525,92.80872
414,9556,156.9279
415,9575,93.89538
416,9594,94.47436
417,9615,104.94703
418,9659,202.58386
419,9677,86.80043
420,9694,81.81917
421,9710,77.15885
422,9735,125.471756
423,9755,99.54449
424,9786,144.28581
425,9817,153.92061
426,9837,93.225784
427,9857,98.05184
428,9895,185.56345
429,9913,88.28929
430,9941,138.69415
431,9964,112.054184
432,9981,81.33843
433,10003,108.89865
434,10040,185.17163
435,10060,99.3514
436,10082,111.17621
437,10102,98.642624
438,10121,93.01719
439,10141,99.68095
440,10158,81.809456
441,10177,92.66222
442,10197,100.660934
443,10213,77.20711
444,10232,93.956535
445,10285,251.46353
446,10317,150.46194
447,10340,112.24283
448,10361,104.485596
449,10381,98.46707
450,10417,181.06503
451,10440,116.43415
452,10468,147.87474
453,10519,239.65944
454,10554,190.22643
455,10577,114.37848
456,10596,91.99116
457,10617,104.641914
458,10645,137.58069
459,10674,145.10902
460,10702,141.94304
461,10721,93.91317
462,10769,243.53864
463,10799,154.3931
464,10821,106.47721
465,10847,133.96364
466,10870,118.40501
467,10893,118.29547
468,10915,112.14321
469,10951,181.41948
470,10973,108.32027
471,11033,307.6226
472,11055,108.55695
473,11072,81.94697
474,11102,139.48538
475,11125,111.44269
476,11154,140.53014
477,11171,81.802475
478,11191,99.86849
479,11213,109.80467
480,11231,86.4153
481,11249,87.79126
482,11284,167.17323
483,11304,100.371994
484,11324,95.95549
485,11371,227.45692
486,11394,115.92952
487,11421,121.95172
488,11453,163.99881
489,11474,105.24596
490,11492,88.12674
491,11509,81.79882
492,11528,92.21742
493,11544,77.30849
494,11566,109.04704
495,11585,91.72567
496,11611,132.31691
497,11641,152.37659
498,11659,86.48324
499,11676,81.854385
500,11693,81.8968
501,11742,239.36128
502,11760,86.384895
503,11792,159.66077
504,11813,102.89566
505,11843,149.45381
506,11860,81.8587
507,11933,405.04025
508,11983,228.81935
509,12013,154.43402
510,12034,97.94993
511,12069,175.22781
512,12098,145.82388
513,12131,164.43391
514,12148,81.77817
515,12167,93.45241
516,12207,195.56216
517,12236,142.73598
518,12263,138.19176
519,12289,126.33308
520,12308,91.83901
521,12327,91.20539
522,12372,222.46513
523,12391,93.284096
524,12414,120.53749
525,12436,110.06547
526,12460,118.59152
527,12479,92.8712
528,12513,173.73564
529,12530,81.74002
530,12551,104.338875
531,12584,171.75018
532,12602,86.90312
533,12639,177.77602
534,12671,167.88504
535,12719,245.34149
536,12749,148.80125
537,12766,81.7602
538,12783,81.718315
539,12818,174.42601
540,12843,122.146545
541,12870,129.83705
542,12888,87.2862
543,12928,183.27405
544,12954,127.075714
545,12981,135.36864
546,13010,133.16545
547,13027,81.869026
548,13045,86.68897
549,13081,178.82533
550,13111,144.37114
551,13139,140.325
552,13179,198.49377
553,13196,81.74333
554,13215,95.60144
555,13246,151.58803
556,13277,150.71501
557,13309,154.24103
558,13340,157.08568
559,13388,241.79231
560,13415,127.44638
561,13432,82.14135
562,13459,130.54056
563,13477,87.760086
564,13495,86.64944
565,13518,115.18948
566,13537,94.328026
567,13598,285.77975
568,13615,82.01361
569,13633,86.83957
570,13660,135.6031
571,13692,164.72708
572,13716,123.8698
573,13749,156.24695
574,13782,161.59949
575,13801,93.74151
576,13832,151.99393
577,13867,175.24686
578,13907,206.63618
579,13923,77.268555
580,13940,82.03032
581,13962,107.98183
582,13997,174.00214
583,14034,186.95801
584,14052,87.54558
585,14072,97.18158
586,14100,142.61195
587,14138,170.73627
588,14156,86.35966
589,14174,88.446785
590,14194,93.66459
591,14221,128.82205
592,14282,272.80737
593,14299,81.79676
594,14333,165.84914
595,14357,120.38167
596,14377,97.458885
597,14407,150.16724
598,14440,153.80466
599,14463,114.782196
600,14480,81.73932
601,14515,162.25797
602,14534,95.94709
603,14555,103.434944
604,14571,76.891136
605,14588,81.92558
606,14605,81.92832
607,14626,102.78943
608,14671,220.86087
609,14696,122.5287
610,14713,81.84355
611,14731,87.58838
612,14749,86.73694
613,14770,104.63903
614,14790,95.908775
615,14817,137.12776
616,14844,133.05927
617,14875,157.071
618,14892,81.960075
619,14934,216.27528
620,14954,100.64859
621,14987,169.95401
622,15010,111.96816
623,15042,157.72449
624,15065,116.37535
625,15083,87.184845
626,15103,98.50507
627,15121,86.68961
628,15148,141.68663
629,15166,86.95259
630,15194,141.64328
631,15235,217.6554
632,15257,110.01851
633,15283,133.07788
634,15311,144.97069
635,15345,172.41873
636,15381,172.4172
637,15412,157.90991
638,15440,130.83408
639,15473,164.71938
640,15491,88.40682
641,15518,136.53143
642,15543,128.29332
643,15581,183.83627
644,15618,187.97697
645,15636,89.432724
646,15653,81.62253
647,15675,108.342514
648,15693,86.51073
649,15714,103.72608
650,15786,319.71454
651,15822,179.668
652,15856,174.66806
653,15873,81.826256
654,15908,173.01875
655,15931,106.13527
656,15951,99.1399
657,15971,98.79207
658,15990,93.788055
659,16014,121.882416
660,16040,130.51353
661,16057,81.97629
662,16104,229.7583
663,16124,98.389915
664,16147,115.56223
665,16174,131.1504
666,16225,260.94394
667,16242,81.86167
668,16266,120.90383
669,16285,93.740265
670,16313,142.71866
671,16335,109.20394
672,16353,87.12881
673,16374,103.40669
674,16394,97.642944
675,16442,241.73296
676,16462,99.26611
677,16479,81.68757
678,16500,102.49377
679,16517,81.711914
680,16565,229.03789
681,16607,200.62389
682,16624,82.0309
683,16653,144.861
684,16670,81.82802
685,16694,119.289314
686,16724,144.93065
687,16742,87.932396
688,16777,168.09756
689,16800,109.31994
690,16818,87.57678
691,16845,138.6572
692,16873,139.88564
693,16892,93.1635
694,16921,139.9495
695,16939,88.19965
696,16974,163.20009
697,16991,82.812386
698,17013,107.5023
699,17030,81.860245
700,17050,98.12417
701,17070,96.512856
702,17114,227.1412
703,17133,94.96442
704,17153,99.66683
705,17174,104.91383
706,17194,99.91844
707,17211,82.06102
708,17244,173.70741
709,17275,148.14615
710,17292,82.16582
711,17337,209.58774
712,17353,77.00208
713,17370,81.93874
714,17407,179.23077
715,17425,86.48629
716,17443,88.69912
717,17477,152.08795
718,17508,146.29877
719,17526,86.72106
720,17560,164.62453
721,17595,163.91353
722,17631,179.66263
723,17651,94.936775
724,17693,227.38629
725,17718,118.74876
726,17741,113.1205
727,17781,186.15799
728,17801,96.799446
729,17827,131.07191
730,17843,77.20396
731,17862,92.692535
732,17886,121.37483
733,17920,171.4651
734,17955,171.16557
735,17972,81.75256
736,17997,120.26091
737,18034,178.1311
738,18069,158.61394
739,18089,97.09124
740,18122,154.62724
741,18139,82.102394
742,18161,106.570076
743,18183,111.020195
744,18203,100.32613
745,18221,87.49456
746,18248,139.16536
747,18279,148.55553
748,18296,81.96162
749,18317,105.28667
750,18367,259.85745
751,18416,244.79933
752,18438,105.718315
753,18456,86.45006
754,18521,355.50607
755,18549,140.92633
756,18569,97.987915
757,18600,150.48375
758,18641,216.02414
759,18685,211.60928
760,18719,159.56793
761,18740,104.6082
762,18763,106.9665
763,18786,112.0122
764,18805,93.22532
765,18822,82.0533
766,18846,114.57045
767,18863,81.889435
768,18888,126.45804
769,18907,92.017944
770,18930,117.28993
771,18951,103.62796
772,18969,89.20743
773,18994,123.745155
774,19016,109.74123
775,19037,102.38074
776,19063,125.400444
777,19088,124.21244
778,19105,81.95356
779,19144,186.70934
780,19182,180.11641
781,19209,130.2939
782,19246,182.8397
783,19278,149.94101
784,19304,125.194595
785,19360,288.41913
786,19393,167.87784
787,19411,86.84542
788,19442,155.11685
789,19461,92.410965
790,19494,164.57361
791,19541,228.83702
792,19563,112.15736
793,19582,93.05364
794,19606,123.78553
795,19633,130.14165
796,19657,123.076096
797,19688,153.7418
798,19734,223.28758
799,19762,139.85623
800,19783,100.61238
801,19801,86.799385
802,19821,97.85132
803,19854,170.36295
804,19886,162.64638
805,19911,121.2742
806,19928,81.961044
807,19982,269.22064
808,20010,138.17665
809,20031,102.38905
810,20049,87.4664
811,20067,86.70353
812,20090,117.250725
813,20127,186.197
814,20144,81.70166
815,20169,126.51527
816,20199,156.23361
817,20220,105.45894
818,20237,82.4658
819,20254,82.21963
820,20273,93.50874
821,20291,87.441765
822,20338,243.3335
823,20361,105.89002
824,20384,115.27176
825,20422,196.47401
826,20442,99.001175
827,20468,131.76653
828,20487,89.15557
829,20535,238.70146
830,20572,178.746
831,20611,197.01654
832,20635,114.72843
833,20663,143.10988
834,20686,116.954796
835,20717,157.66357
836,20735,87.927666
837,20781,231.87463
838,20828,227.71852
839,20874,236.13498
840,20896,109.205315
841,20916,97.78775
842,20962,243.0723
843,20980,86.74947
844,20997,82.938095
845,21028,149.30475
846,21061,166.70844
847,21085,118.41161
848,21121,171.83614
849,21150,149.46855
850,21167,81.68093
851,21190,116.314644
852,21237,244.73247
853,21254,81.87
854,21289,172.05478
855,21312,113.66986
856,21346,179.00061
857,21384,192.20992
858,21409,130.69073
859,21436,127.95998
860,21470,166.6445
861,21531,306.54132
862,21564,151.94858
863,21604,192.3078
864,21647,199.06573
865,21665,86.796486
866,21704,192.2594
867,21722,86.996086
868,21741,93.27462
869,21757,76.9016
870,21777,97.82398
871,21800,106.92512
872,21846,226.69586
873,21863,82.09562
874,21899,172.8491
875,21918,90.78204
876,21947,128.06787
877,21970,112.99905
878,21987,81.97628
879,22014,135.36331
880,22032,87.79276
881,22051,93.104
882,22090,176.85585
883,22128,169.35707
884,22146,86.640205
885,22166,100.145355
886,22192,128.962
887,22226,177.18182
888,22270,205.63005
889,22287,81.98742
890,22345,294.55014
891,22362,81.63549
892,22384,111.19881
893,22417,170.06813
894,22434,81.92611
895,22455,105.13247
896,22476,99.81365
897,22517,212.66812
898,22547,153.05977
899,22603,288.49564
900,22646,215.73943
901,22663,81.83553
902,22712,230.58788
903,22745,157.31483
904,22766,101.644325
905,22784,86.66921
906,22801,81.9145
907,22819,87.05041
908,22836,82.096985
909,22868,163.69934
910,22889,102.48886
911,22942,249.06474
912,22971,141.17876
913,22996,125.496956
914,23017,104.940765
915,23037,98.95743
916,23058,106.419426
917,23078,94.469475
918,23099,103.81388
919,23122,114.32747
920,23152,157.09604
921,23175,114.83537
922,23206,155.9605
923,23227,100.096275
924,23245,88.94672
925,23299,277.7653
926,23317,86.9406
927,23339,110.69956
928,23359,99.05009
929,23379,97.04724
930,23408,136.25894
931,23447,199.50134
932,23473,125.90637
933,23491,88.07264
934,23516,121.63119
935,23557,205.54924
936,23596,202.60187
937,23615,93.38126
938,23650,182.89665
939,23703,285.7435
940,23721,86.71874
941,23745,119.3788
942,23776,155.15936
943,23797,104.33644
944,23841,216.73776
945,23870,141.90063
946,23922,264.02542
947,23986,340.2993
948,24013,137.22377
949,24038,128.22295
950,24055,82.27741
951,24079,122.45975
952,24124,218.8729
953,24151,123.00759
954,24173,109.07499
955,24201,139.32353
956,24218,81.925316
957,24258,213.20255
958,24278,99.08816
959,24312,166.48369
960,24333,97.83012
961,24371,185.21132
962,24389,86.8539
963,24415,122.59182
964,24447,163.23578
965,24472,120.010345
966,24489,81.92037
967,24527,192.94774
968,24561,164.46832
969,24607,233.87222
970,24628,104.60695
971,24647,92.915344
972,24695,245.05174
973,24720,119.774895
974,24740,100.85569
975,24788,237.6
976,24822,159.83978
977,24841,94.213135
978,24870,139.55312
979,24898,130.59084
980,24952,286.18814
981,24991,181.51103
982,25014,111.80774
983,25047,168.61821
984,25065,87.53536
985,25090,119.644135
986,25149,298.93585
987,25173,123.32597
988,25193,98.33095
989,25218,121.313896
990,25260,215.82968
991,25284,116.58936
992,25314,140.05978
993,25357,217.22195
994,25379,107.18455
995,25397,88.40182
996,25415,87.40425
997,25491,387.91895
998,25526,163.34741
999,25551,117.672165
1000,25570,92.492714
1001,25641,351.5517
1002,25674,150.48883
1003,25694,96.99424
1004,25735,210.37224
1005,25758,115.94441
1006,25786,130.7728
1007,25823,185.19115
1008,25880,310.10117
1009,25908,136.65344
1010,25943,162.68782
1011,26006,327.6126
1012,26034,142.59837
1013,26054,93.09884
1014,26086,148.45384
1015,26102,76.82614
1016,26125,114.431305
1017,26157,158.53122
1018,26177,96.66008
1019,26206,141.36563
1020,26275,338.3518
1021,26320,241.12753
1022,26352,164.50685
1023,26406,279.73438
1024,26424,87.079506
1025,26471,223.12643
1026,26490,94.45709
1027,26528,184.54755
1028,26554,129.25458
1029,26603,260.27563
1030,26638,150.34172
1031,26679,196.83055
1032,26698,94.377335
1033,26755,290.05515
1034,26780,125.81963
1035,26829,253.67119
1036,26858,138.35083
1037,26878,99.12846
1038,26950,360.94778
1039,26982,154.61298
1040,27010,142.7295
1041,27032,110.61881
1042,27053,104.266075
1043,27080,134.21921
1044,27109,137.15161
1045,27128,92.37888
1046,27146,86.78899
1047,27189,212.37874
1048,27242,274.64493
1049,27273,149.93129
1050,27322,233.37822
1051,27355,166.76611
1052,27388,144.01572
1053,27450,273.34662
1054,27472,111.35874
1055,27493,102.981384
1056,27514,104.004906
1057,27564,250.97205
1058,27614,227.31712
1059,27635,103.46471
1060,27678,197.87125
1061,27700,108.45302
1062,27717,81.856926
1063,27736,88.02012
1064,27762,134.6227
1065,27782,99.346664
1066,27810,143.90796
1067,27847,174.83025
1068,27880,162.46457
1069,27911,154.16486
1070,27946,181.21707
1071,27982,169.7442
1072,28005,114.29206
1073,28037,160.35884
1074,28058,106.86953
1075,28095,168.46078
1076,28119,120.19977
1077,28138,92.80209
1078,28185,250.56453
1079,28203,86.99016
1080,28234,152.80159
1081,28272,191.38351
1082,28315,223.15005
1083,28361,228.0318
1084,28379,87.50394
1085,28421,217.81628
1086,28450,148.37431
1087,28468,88.102516
1088,28491,115.10317
1089,28537,233.4579
1090,28585,248.6413
1091,28637,268.02515
1092,28666,148.2871
1093,28715,240.65645
1094,28751,181.75775
1095,28772,103.38889
1096,28829,279.64786
1097,28861,160.54526
1098,28899,175.86517
1099,28918,94.219215
1100,28944,130.75172
1101,28976,154.86008
1102,29022,221.8709
1103,29042,98.801674
1104,29072,151.80505
1105,29112,190.60135
1106,29131,93.00707
1107,29181,241.17787
1108,29212,161.51196
1109,29246,166.00441
1110,29292,228.10422
1111,29314,110.847206
1112,29363,240.1059
1113,29407,222.29848
1114,29438,153.49518
1115,29477,198.57976
1116,29503,133.99545
1117,29531,134.87837
1118,29558,136.12088
1119,29576,87.34041
1120,29594,86.61189
1121,29629,181.32742
1122,29660,154.8035
1123,29682,110.827965
1124,29713,142.79861
1125,29732,93.72065
1126,29753,104.9891
1127,29809,266.331
1128,29826,81.91292
1129,29884,277.2186
1130,29938,279.34528
1131,29971,164.53532
1132,30023,252.4648
1133,30044,103.73177
1134,30072,138.30133
1135,30101,147.03763
1136,30121,99.62232
1137,30170,244.33115
1138,30213,213.79161
1139,30235,109.8439
1140,30279,228.09505
1141,30298,92.68268
1142,30321,118.21281
1143,30352,149.15312
1144,30380,140.34839
1145,30412,154.11148
1146,30452,202.8663
1147,30475,108.789696
1148,30507,155.49207
1149,30524,81.82354
1150,30547,114.27633
1151,30584,189.8822
1152,30602,87.402725
1153,30642,197.62108
1154,30680,194.80766
1155,30726,233.90274
1156,30762,184.00056
1157,30779,81.77861
1158,30802,116.17394
1159,30873,336.24548
1160,30899,128.29822
1161,30917,86.38435
1162,30963,230.72395
1163,31008,204.9121
1164,31041,159.47197
1165,31088,239.96321
1166,31119,163.49701
1167,31149,153.41066
1168,31171,108.31462
1169,31234,305.50494
1170,31286,237.8856
1171,31306,99.44138
1172,31352,218.92014
1173,31377,124.046616
1174,31403,130.0237
1175,31468,310.47318
1176,31499,157.0094
1177,31527,143.06886
1178,31553,130.04858
1179,31586,155.00781
1180,31619,164.16702
1181,31642,116.78898
1182,31700,258.9329
1183,31734,174.558
1184,31772,173.3233
1185,31814,211.80193
1186,31833,92.11847
1187,31891,300.9726
1188,31917,133.05716
1189,31938,104.753456
1190,31969,157.27542
1191,31995,130.45644
1192,32027,167.5922
1193,32075,249.20396
1194,32096,100.70577
1195,32135,201.71046
1196,32152,81.716156
1197,32176,122.41023
1198,32231,279.72125
1199,32255,116.954895
1200,32284,142.80873
1201,32311,137.2022
1202,32352,203.64366
1203,32388,175.52574
1204,32407,92.78579
1205,32456,235.47963
1206,32478,109.83001
1207,32544,331.59717
1208,32571,129.8309
1209,32604,171.32437
1210,32625,102.70731
1211,32679,274.5249
1212,32703,124.26994
1213,32743,194.52507
1214,32768,119.67402
1215,32792,122.897736
1216,32824,159.77637
1217,32875,266.72586
1218,32899,117.50732
1219,32972,355.08694
1220,33003,147.7843
1221,33026,116.26889
1222,33065,175.47375
1223,33102,184.31299
1224,33134,148.81378
1225,33188,258.68463
1226,33215,139.59041
1227,33238,118.553825
1228,33267,147.85835
1229,33300,169.60507
1230,33325,129.06322
1231,33348,117.06966
1232,33375,122.6961
1233,33404,145.3316
1234,33429,130.65103
1235,33480,247.75018
1236,33500,99.67213
1237,33531,149.74995
1238,33559,141.89091
1239,33602,209.43933
1240,33619,81.7768
1241,33636,83.06308
1242,33675,186.3729
1243,33697,110.39751
1244,33727,137.99654
1245,33764,179.81033
1246,33810,249.04126
1247,33872,307.57263
1248,33910,180.6121
1249,33948,182.91962
1250,33985,191.35562
1251,34027,197.50258
1252,34058,142.92352
1253,34077,92.406395
1254,34159,418.45068
1255,34213,285.97595
1256,34257,225.78133
1257,34319,315.52454
1258,34368,264.86996
1259,34404,186.58266
1260,34423,94.03378
1261,34446,116.672134
1262,34483,174.41489
1263,34516,165.37134
1264,34548,153.52731
1265,34566,87.0517
1266,34599,170.20728
1267,34630,152.07956
1268,34675,212.47157
1269,34706,158.82585
1270,34723,82.14604
1271,34748,115.76329
1272,34801,281.33478
1273,34846,239.83136
1274,34863,82.23958
1275,34902,181.27905
1276,34934,167.84502
1277,34958,120.583664
1278,34991,152.31659
1279,35022,162.83046
1280,35054,157.82248
1281,35106,259.63892
1282,35149,221.4379
1283,35198,251.23358
1284,35251,275.74234
1285,35291,208.0858
1286,35344,264.51117
1287,35364,95.05005
1288,35384,97.92054
1289,35403,92.45401
1290,35442,198.2244
1291,35500,257.48596
1292,35540,207.26857
1293,35562,111.88202
1294,35605,215.18149
1295,35641,183.3276
1296,35687,230.43765
1297,35717,155.72887
1298,35742,121.10619
1299,35780,191.99883
1300,35803,113.81452
1301,35826,109.92432
1302,35869,222.61961
1303,35900,149.71254
1304,35953,267.15762
1305,35973,96.28204
1306,36007,161.53737
1307,36046,192.87964
1308,36123,380.5086
1309,36153,146.34717
1310,36180,138.05544
1311,36200,99.19505
1312,36252,252.94205
1313,36270,86.703026
1314,36298,144.60078
1315,36334,186.0541
1316,36371,181.8732
1317,36430,307.78085
1318,36495,337.16544
1319,36516,106.53943
1320,36539,116.71998
1321,36584,221.06256
1322,36625,204.00769
1323,36658,168.61034
1324,36676,88.06227
1325,36726,254.94731
1326,36760,169.42606
1327,36821,319.36224
1328,36842,104.857895
1329,36871,148.32701
1330,36913,205.28249
1331,36943,151.1944
1332,36969,130.6789
1333,37006,188.57655
1334,37034,139.30806
1335,37090,278.66882
1336,37110,98.426315
1337,37139,144.92673
1338,37184,230.32327
1339,37217,161.92561
1340,37265,214.9262
1341,37307,206.60886
1342,37341,174.96577
1343,37360,92.29773
1344,37377,82.08875
1345,37413,181.77542
1346,37441,143.19766
1347,37459,86.53032
1348,37494,156.91664
1349,37533,188.70149
1350,37550,81.84016
1351,37569,92.031136
1352,37610,208.82486
1353,37645,185.98483
1354,37675,143.60843
1355,37703,136.07417
1356,37750,229.62724
1357,37817,337.43524
1358,37841,123.38637
1359,37897,292.50632
1360,37945,211.58774
1361,37971,127.25194
1362,37990,92.94523
1363,38025,166.06764
1364,38046,105.39416
1365,38132,441.84705
1366,38175,208.47293
1367,38210,177.96683
1368,38253,208.77963
1369,38299,245.56082
1370,38361,328.12317
1371,38421,303.46353
1372,38441,98.01951
1373,38465,119.876495
1374,38519,295.30957
1375,38544,123.03288
1376,38574,151.34567
1377,38597,111.69779
1378,38651,279.62225
1379,38672,104.87642
1380,38699,135.11288
1381,38749,263.9489
1382,38775,123.02754
1383,38830,263.15918
1384,38874,230.53302
1385,38920,242.0592
1386,38952,166.46472
1387,39004,236.56465
1388,39066,304.78995
1389,39120,278.22046
1390,39141,105.43277
1391,39160,92.71336
1392,39217,305.2287
1393,39284,341.33954
1394,39319,180.19997
1395,39341,110.822136
1396,39404,313.4931
1397,39454,247.87398
1398,39512,287.69366
1399,39573,301.2925
1400,39602,150.10732
1401,39641,193.26141
1402,39675,171.0886
1403,39712,180.51564
1404,39735,112.828514
1405,39795,327.62778
1406,39827,155.29893
1407,39852,126.029144
1408,39936,412.69525
1409,39990,258.42126
1410,40035,215.82889
1411,40052,81.97552
1412,40092,194.86414
1413,40122,144.40129
1414,40162,191.22543
1415,40198,177.51044
1416,40232,155.92807
1417,40294,319.4662
1418,40344,252.3054
1419,40397,264.20544
1420,40442,218.79774
1421,40461,92.74617
1422,40510,215.05843
1423,40542,151.7539
1424,40594,263.97586
1425,40644,260.10098
1426,40669,126.07906
1427,40720,231.30136
1428,40757,193.06856
1429,40788,158.15785
1430,40818,150.30673
1431,40856,191.93156
1432,40900,220.92233
1433,40931,156.13533
1434,40969,185.6213
1435,41036,331.20764
1436,41095,322.4017
1437,41146,242.86714
1438,41197,243.22353
1439,41241,210.63763
1440,41295,286.73013
1441,41358,309.3243
1442,41404,237.75354
1443,41470,343.85184
1444,41501,153.92892
1445,41536,170.30673
1446,41554,87.25936
1447,41587,150.34645
1448,41645,259.40924
1449,41669,123.3482
1450,41728,298.153
1451,41770,205.52448
1452,41801,157.09583
1453,41835,160.08183
1454,41890,273.78427
1455,41943,230.733
1456,41967,117.48384
1457,42005,177.91638
1458,42032,139.31082
1459,42104,369.62955
1460,42157,263.7847
1461,42201,228.66936
1462,42221,98.85359
1463,42281,255.8887
1464,42301,100.69357
1465,42329,144.33502
1466,42372,214.34525
1467,42391,93.41407
1468,42438,232.49825
1469,42456,88.281494
1470,42481,126.3667
1471,42542,308.17447
1472,42563,104.747154
1473,42621,309.94183
1474,42660,185.2036
1475,42679,93.775795
1476,42718,204.44374
1477,42748,149.84932
1478,42808,307.03696
1479,42828,97.789185
1480,42847,93.84347
1481,42867,98.62351
1482,42885,86.93592
1483,42930,242.97769
1484,42971,206.99956
1485,42990,93.05025
1486,43047,293.19885
1487,43101,241.65982
1488,43132,156.78578
1489,43166,167.53111
1490,43228,325.17587
1491,43248,97.8989
1492,43296,244.72015
1493,43354,304.09833
1494,43373,92.964005
1495,43401,144.907
1496,43465,320.42215
1497,43485,98.9947
1498,43527,189.31918
1499,43568,206.54741
1500,43605,176.71167
1501,43648,196.74258
1502,43692,206.90102
1503,43730,189.13211
1504,43751,96.412
1505,43826,389.0409
1506,43863,188.64264
1507,43889,123.49309
1508,43933,227.2772
1509,43975,216.59222
1510,44036,296.81317
1511,44079,217.1205
1512,44139,335.64832
1513,44187,256.88266
1514,44211,112.35573
1515,44255,233.19199
1516,44295,211.68068
1517,44319,113.26985
1518,44343,123.86707
1519,44387,234.19753
1520,44457,330.45764
1521,44501,227.67622
1522,44555,298.22186
1523,44582,139.35825
1524,44632,262.63528
1525,44681,259.0205
1526,44723,206.83083
1527,44768,210.183
1528,44811,213.21071
1529,44865,268.10977
1530,44915,233.97562
1531,44937,105.93098
1532,44972,172.65271
1533,45035,317.1812
1534,45056,98.532974
1535,45097,209.90688
1536,45162,316.39423
1537,45197,161.44685
1538,45220,108.26578
1539,45293,377.42926
1540,45318,127.25076
1541,45347,140.48373
1542,45411,326.6606
1543,45427,76.90308
1544,45477,251.95856
1545,45505,140.63202
1546,45551,207.83344
1547,45615,327.8552
1548,45677,307.966
1549,45714,170.46019
1550,45733,92.26589
1551,45791,306.12695
1552,45816,115.60723
1553,45835,92.6274
1554,45859,120.09645
1555,45895,174.68866
1556,45917,110.95857
1557,45951,161.74059
1558,45983,147.2686
1559,46042,290.33588
1560,46097,285.43866
1561,46140,221.20778
1562,46176,184.74214
1563,46214,197.50304
1564,46250,177.69936
1565,46286,176.48695
1566,46317,160.57162
1567,46365,268.5555
1568,46403,176.4065
1569,46469,352.17847
1570,46508,185.13843
1571,46557,234.45439
1572,46575,86.902336
1573,46624,215.10136
1574,46667,192.1173
1575,46712,231.10384
1576,46774,304.75955
1577,46821,219.9961
1578,46867,215.35556
1579,46916,247.253
1580,46967,264.96423
1581,47044,378.92883
1582,47097,255.03288
1583,47123,128.76903
1584,47142,92.310875
1585,47178,186.66425
1586,47206,138.73854
1587,47228,109.081696
1588,47281,259.86185
1589,47338,299.82123
1590,47366,130.9365
1591,47388,103.28616
1592,47427,200.72433
1593,47471,214.47441
1594,47514,211.46011
1595,47535,104.212944
1596,47598,279.73334
1597,47657,285.80862
1598,47720,346.5364
1599,47791,389.56085
1600,47834,225.43335
1601,47889,275.27856
1602,47909,96.386795
1603,47938,143.09618
1604,48004,351.2206
1605,48056,272.2411
1606,48074,86.99336
1607,48130,295.03934
1608,48163,168.61337
1609,48198,182.7353
1610,48238,212.84648
1611,48291,275.95706
1612,48362,329.26907
1613,48391,150.73178
1614,48463,380.4867
1615,48525,312.08344
1616,48559,175.83337
1617,48618,273.60315
1618,48660,217.93262
1619,48693,158.3211
1620,48746,285.50293
1621,48806,283.25732
1622,48847,199.90993
1623,48906,322.22232
1624,48934,139.38313
1625,48961,137.25687
1626,49037,417.8191
1627,49071,173.03773
1628,49129,315.91528
1629,49168,191.08437
1630,49202,176.09377
1631,49231,148.15944
1632,49262,147.22124
1633,49323,331.8478
1634,49367,218.88821
1635,49390,114.50293
1636,49424,165.0692
1637,49480,302.67133
1638,49525,213.39494
1639,49563,183.76958
1640,49611,230.4776
1641,49669,307.13675
1642,49711,199.66307
1643,49760,242.27707
1644,49822,300.2388
1645,49860,177.04172
1646,49917,307.21902
1647,49951,162.73145
1648,49980,147.80627
1649,50029,239.45123
1650,50076,223.28468
1651,50125,262.28586
1652,50144,93.82734
1653,50200,299.0175
1654,50221,103.59582
1655,50270,251.31906
1656,50333,338.3308
1657,50391,286.05316
1658,50457,339.34482
1659,50487,151.35924
1660,50524,186.10771
1661,50574,258.06143
1662,50620,230.34901
1663,50668,245.15102
1664,50698,147.56465
1665,50794,474.02798
1666,50876,363.9185
1667,50926,234.47125
1668,50975,233.82928
1669,51012,184.2127
1670,51056,218.07307
1671,51101,208.99338
1672,51178,388.58142
1673,51243,296.42014
1674,51287,209.17523
1675,51351,322.147
1676,51397,221.09396
1677,51460,304.44968
1678,51501,216.22472
1679,51558,294.0929
1680,51616,293.71783
1681,51714,449.17355
1682,51764,257.09464
1683,51810,231.04517
1684,51830,97.102325
1685,51875,196.93785
1686,51895,96.21777
1687,51947,267.74435
1688,52019,381.6098
1689,52051,145.34303
1690,52069,86.34397
1691,52087,87.16719
1692,52132,233.98907
1693,52178,237.51257
1694,52255,365.8786
1695,52291,177.7867
1696,52338,224.75298
1697,52398,288.3642
1698,52465,355.48645
1699,52484,92.25212
1700,52536,237.98196
1701,52585,256.54868
1702,52650,345.47427
1703,52697,227.09456
1704,52734,181.29555
1705,52774,193.24539
1706,52814,197.57208
1707,52849,177.32103
1708,52889,187.83112
1709,52953,343.497
1710,52983,156.08807
1711,53031,233.56113
1712,53050,91.19094
1713,53091,208.79977
1714,53156,341.63168
1715,53188,158.67377
1716,53240,264.40237
1717,53269,147.10239
1718,53293,113.77591
1719,53383,475.70187
1720,53438,263.726
1721,53462,120.04854
1722,53486,114.878975
1723,53507,106.01084
1724,53543,166.83617
1725,53597,258.92325
1726,53652,294.98743
1727,53717,334.73175
1728,53763,231.07484
1729,53782,93.0249
1730,53837,292.57852
1731,53876,202.25937
1732,53913,185.36589
1733,53988,404.4191
1734,54033,214.13135
1735,54076,222.04454
1736,54133,287.06445
1737,54150,81.86424
1738,54215,326.2953
1739,54255,187.27525
1740,54305,271.9376
1741,54366,326.1456
1742,54416,260.14825
1743,54479,317.29102
1744,54534,275.53168
1745,54562,142.97742
1746,54598,164.49496
1747,54635,199.83887
1748,54704,348.64435
1749,54744,202.95708
1750,54811,363.64124
1751,54867,255.96036
1752,54927,298.78513
1753,54951,118.5344
1754,55001,251.6752
1755,55063,340.0534
1756,55086,116.7805
1757,55105,92.78178
1758,55151,246.28244
1759,55227,360.87823
1760,55270,209.28564
1761,55318,252.03383
1762,55353,171.64078
1763,55411,291.67093
1764,55471,298.93497
1765,55559,440.7283
1766,55615,284.13162
1767,55633,87.03248
1768,55654,104.843704
1769,55725,376.54492
1770,55792,320.88187
1771,55834,199.7051
1772,55885,260.61612
1773,55945,308.86008
1774,55968,116.54593
1775,56013,212.59175
1776,56039,131.75314
1777,56084,224.37294
1778,56103,92.226715
1779,56142,197.75734
1780,56187,215.3626
1781,56228,199.32948
1782,56250,111.498024
1783,56297,243.00357
1784,56321,121.41228
1785,56380,281.83414
1786,56432,261.95187
1787,56458,129.78563
1788,56516,275.24374
1789,56581,351.37274
1790,56619,180.37338
1791,56658,183.66222
1792,56762,492.11954
1793,56806,218.69284
1794,56838,159.00223
1795,56892,279.8921
1796,56942,261.36728
1797,56991,257.90958
1798,57040,248.8069
1799,57118,397.57968
1800,57163,214.41061
1801,57206,216.59804
1802,57249,216.07071
1803,57301,275.25333
1804,57360,309.21405
1805,57382,109.89832
1806,57442,313.78732
1807,57475,172.00473
1808,57524,235.40688
1809,57564,183.76183
1810,57619,304.4331
1811,57649,154.60924
1812,57700,223.37285
1813,57750,253.13599
1814,57792,205.89555
1815,57828,184.04901
1816,57868,215.84744
1817,57914,230.01118
1818,57967,267.53546
1819,58004,190.58661
1820,58045,214.37637
1821,58086,206.42532
1822,58130,241.56352
1823,58149,93.174866
1824,58169,97.05455
1825,58205,181.51086
1826,58224,93.71649
1827,58271,239.56842
1828,58293,110.35497
1829,58346,278.88354
1830,58399,252.46396
1831,58479,409.8732
1832,58529,241.98169
1833,58612,436.32455
1834,58663,256.6026
1835,58720,281.9821
1836,58739,93.159744
1837,58793,271.3459
1838,58852,265.0461
1839,58893,221.66063
1840,58979,383.38156
1841,59020,200.88454
1842,59072,265.4955
1843,59090,88.30571
1844,59112,109.840485
1845,59159,218.59158
1846,59219,310.0053
1847,59279,317.68118
1848,59347,326.54126
1849,59405,264.83734
1850,59431,133.371
1851,59499,315.21866
1852,59539,183.69116
1853,59588,249.4312
1854,59635,251.47264
1855,59688,267.9098
1856,59735,247.97931
1857,59802,351.99448
1858,59907,543.23425
1859,59952,240.39728
1860,60006,280.06165
1861,60057,272.98596
1862,60138,392.19296
1863,60187,243.7983
1864,60229,217.91008
1865,60291,295.4326
1866,60329,188.24644
1867,60385,295.99835
1868,60405,99.108955
1869,60453,214.08513
1870,60521,356.5416
1871,60577,284.01736
1872,60631,291.83694
1873,60670,189.07463
1874,60741,344.03174
1875,60814,337.47287
1876,60861,255.74332
1877,60936,372.05762
1878,60992,292.143
1879,61057,325.43124
1880,61097,195.04337
1881,61198,476.31592
1882,61245,250.90337
1883,61297,269.1302
1884,61367,323.48453
1885,61461,464.11005
1886,61530,358.00162
1887,61554,120.63063
1888,61614,341.19803
1889,61683,370.04807
1890,61747,338.55096
1891,61788,215.78662
1892,61839,261.41113
1893,61917,378.6187
1894,61972,296.67822
1895,62018,233.9183
1896,62072,283.74133
1897,62107,167.73903
1898,62142,168.67009
1899,62193,277.8366
1900,62262,343.93954
1901,62317,282.77585
1902,62374,240.29877
1903,62474,409.76166
1904,62530,275.61414
1905,62574,216.7225
1906,62630,275.96866
1907,62689,270.06537
1908,62728,199.01471
1909,62774,232.59589
1910,62828,254.09344
1911,62882,274.12567
1912,62917,160.9699
1913,62983,327.30365
1914,63024,210.79703
1915,63082,290.40353
1916,63106,111.78368
1917,63168,320.7663
1918,63202,171.97311
1919,63243,215.92155
1920,63313,364.19934
1921,63373,285.74875
1922,63435,293.38434
1923,63485,237.47702
1924,63534,262.97968
1925,63582,221.79399
1926,63617,168.43079
1927,63664,230.82095
1928,63727,305.1425
1929,63779,251.55014
1930,63807,139.91989
1931,63852,223.60838
1932,63927,366.45804
1933,63982,292.04004
1934,64037,279.585
1935,64083,218.96022
1936,64127,222.76883
1937,64145,88.54611
1938,64205,311.95407
1939,64304,508.27545
1940,64370,323.96057
1941,64409,196.73141
1942,64472,340.12848
1943,64537,333.53915
1944,64564,137.29774
1945,64606,211.49838
1946,64630,118.283104
1947,64668,200.3733
1948,64757,449.70068
1949,64802,237.21404
1950,64866,289.63538
1951,64916,254.25218
1952,64972,293.3743
1953,65018,234.91124
1954,65100,395.09863
1955,65152,243.96072
1956,65189,176.10132
1957,65268,388.2081
1958,65308,202.70438
1959,65346,187.00862
1960,65369,116.58837
1961,65406,180.48361
1962,65457,279.15997
1963,65494,180.25175
1964,65544,247.2276
1965,65565,103.77423
1966,65614,243.22887
1967,65734,611.0289
1968,65792,312.76938
1969,65860,348.95212
1970,65921,326.27234
1971,65976,259.9964
1972,66020,230.70427
1973,66079,316.0314
1974,66133,285.6008
1975,66196,350.60788
1976,66250,245.63217
1977,66295,238.50787
1978,66341,233.8677
1979,66360,88.868805
1980,66402,219.28137
1981,66448,237.66277
1982,66493,215.76645
1983,66545,258.85632
1984,66587,211.36786
1985,66612,126.785515
1986,66646,165.52771
1987,66702,249.03203
1988,66753,242.01707
1989,66813,315.4689
1990,66868,262.07098
1991,66968,456.29193
1992,67063,446.9361
1993,67116,287.80957
1994,67178,319.25198
1995,67233,298.27975
1996,67308,391.7654
1997,67330,108.54042
1998,67412,380.911
1999,67480,316.89676
2000,67515,170.14877
2001,67581,306.39734
2002,67635,292.69284
2003,67697,330.31628
2004,67747,257.23526
2005,67818,362.36243
2006,67847,150.16255
2007,67891,235.0446
2008,67955,339.78754
2009,68011,307.31702
2010,68058,225.45131
2011,68109,271.86874
2012,68141,167.15538
2013,68170,143.55276
2014,68212,210.74564
2015,68298,417.74246
2016,68335,182.9936
2017,68384,272.81375
2018,68431,227.84555
2019,68484,283.63208
2020,68602,533.3229
2021,68647,216.90697
2022,68702,276.21896
2023,68770,324.66492
2024,68853,391.77042
2025,68906,270.04077
2026,68947,199.94495
2027,69043,419.28284
2028,69097,265.19748
2029,69166,360.3529
2030,69216,269.8463
2031,69283,325.1454
2032,69385,526.83673
2033,69445,319.9348
2034,69485,194.11177
2035,69543,270.8544
2036,69605,301.1242
2037,69674,355.42163
2038,69712,194.65695
2039,69778,320.05423
2040,69838,303.28436
2041,69879,189.77469
2042,69952,375.99792
2043,69986,165.69907
2044,70040,254.97041
2045,70084,212.74556
2046,70116,162.93343
2047,70180,351.63562
2048,70233,278.20142
2049,70279,231.2818
2050,70321,204.80864
2051,70385,346.50873
2052,70452,337.60458
2053,70486,179.44606
2054,70533,234.65141
2055,70555,100.448586
2056,70609,292.8743
2057,70675,316.62482
2058,70726,248.82216
2059,70771,201.68532
2060,70790,93.06925
2061,70809,93.19217
2062,70837,138.65102
2063,70864,136.4572
2064,70960,447.96738
2065,70996,173.50854
2066,71035,204.18483
2067,71092,281.58868
2068,71160,356.21487
2069,71238,401.50616
2070,71287,248.28459
2071,71389,539.9846
2072,71426,181.30777
2073,71481,271.57022
2074,71584,494.95322
2075,71638,276.54462
2076,71706,349.97134
2077,71765,317.71536
2078,71862,488.6953
2079,71885,113.13861
2080,71931,234.01358
2081,71977,232.01364
2082,72001,122.92522
2083,72042,196.45906
2084,72074,147.99876
2085,72117,224.52547
2086,72203,478.25305
2087,72289,446.10464
2088,72353,350.48984
2089,72414,291.87198
2090,72462,221.1652
2091,72509,255.96849
2092,72561,280.39722
2093,72610,266.12302
2094,72684,395.26224
2095,72725,200.96886
2096,72790,336.27
2097,72830,203.56534
2098,72871,200.56956
2099,72920,228.95016
2100,72952,158.4767
2101,73037,399.2516
2102,73097,319.3251
2103,73146,251.37422
2104,73200,251.79602
2105,73259,308.3567
2106,73323,352.5616
2107,73371,272.29324
2108,73422,262.30484
2109,73476,273.83847
2110,73533,300.0496
2111,73561,142.05324
2112,73620,262.54446
2113,73682,320.86353
2114,73731,251.34785
2115,73785,291.43417
2116,73844,307.84207
2117,73905,277.6813
2118,73973,366.6058
2119,74025,257.70715
2120,74078,263.9078
2121,74118,207.68655
2122,74207,437.18933
2123,74238,153.01556
2124,74285,237.1881
2125,74302,81.861244
2126,74377,334.3528
2127,74437,312.5522
2128,74490,276.90826
2129,74553,323.94904
2130,74626,369.8843
2131,74680,283.04175
2132,74759,333.42407
2133,74792,168.71623
2134,74818,119.00275
2135,74892,379.84442
2136,74983,426.50653
2137,75027,222.67287
2138,75081,251.55133
2139,75106,121.84475
2140,75140,154.61647
2141,75184,210.04846
2142,75217,156.566
2143,75281,328.9918
2144,75322,186.4383
2145,75364,216.83414
2146,75413,228.21387
2147,75459,218.6353
2148,75543,434.84964
2149,75625,396.32587
2150,75678,287.54828
2151,75736,299.28384
2152,75800,306.63657
2153,75818,87.593315
2154,75841,115.85467
2155,75897,296.0615
2156,75944,233.02222
2157,75996,283.12943
2158,76052,272.28268
2159,76103,234.30789
2160,76146,220.89426
2161,76185,190.44519
2162,76240,279.91565
2163,76300,317.22714
2164,76359,306.06625
2165,76401,211.12111
2166,76456,272.35693
2167,76546,469.408
2168,76591,212.5602
2169,76646,283.68918
2170,76739,415.6602
2171,76796,310.36258
2172,76859,316.10132
2173,76907,233.14226
2174,76966,289.28186
2175,77061,503.31067
2176,77119,282.95624
2177,77173,266.6765
2178,77238,330.11572
2179,77306,349.70282
2180,77353,249.14821
2181,77431,354.6865
2182,77492,332.43024
2183,77546,279.3603
2184,77584,171.587
2185,77651,344.73083
2186,77702,245.15508
2187,77746,242.5443
2188,77786,206.86246
2189,77818,159.54448
2190,77879,308.34598
2191,77946,299.56503
2192,77992,253.21571
2193,78035,227.45924
2194,78082,249.10992
2195,78136,285.5627
2196,78178,224.44347
2197,78260,360.83218
2198,78315,290.97742
2199,78381,332.98135
2200,78423,217.58566
2201,78478,288.85275
2202,78537,281.67267
2203,78631,422.2639
2204,78687,295.18448
2205,78801,554.88776
2206,78854,240.67612
2207,78905,264.49548
2208,78967,295.88626
2209,79003,184.78163
2210,79023,99.88778
2211,79061,179.28685
2212,79102,194.16925
2213,79124,110.872734
2214,79202,374.8114
2215,79255,281.52798
2216,79285,142.01178
2217,79335,262.172
2218,79408,380.02475
2219,79449,213.82893
2220,79492,211.90926
2221,79532,191.60233
2222,79577,247.82115
2223,79625,255.10574
2224,79702,374.40814
2225,79765,314.71045
2226,79826,297.60797
2227,79883,306.06387
2228,79948,306.84335
2229,79973,126.02102
2230,80033,318.81012
2231,80121,445.12387
2232,80165,200.18875
2233,80213,253.8745
2234,80266,265.47302
2235,80320,269.3119
2236,80363,222.931
2237,80443,405.26572
2238,80462,93.05099
2239,80509,245.00383
2240,80568,308.4348
2241,80628,323.621
2242,80678,242.22533
2243,80735,279.1017
2244,80766,154.4996
2245,80823,302.96472
2246,80869,216.99689
2247,80940,337.4134
2248,81006,347.41678
2249,81071,336.72696
2250,81142,380.59567
2251,81196,282.69812
2252,81237,203.51654
2253,81278,205.05037
2254,81339,264.81775
2255,81384,237.06416
2256,81453,307.54053
2257,81522,373.55673
2258,81577,290.64175
2259,81633,282.43826
2260,81710,368.3408
2261,81782,368.6835
2262,81853,361.26462
2263,81904,268.12265
2264,81961,283.01404
2265,82014,295.9393
2266,82112,511.42157
2267,82171,325.2337
2268,82224,280.70822
2269,82288,343.71457
2270,82339,273.5779
2271,82417,428.2678
2272,82465,235.28215
2273,82525,304.81308
2274,82596,360.107
2275,82646,250.70137
2276,82735,465.92697
2277,82797,309.44
2278,82869,334.11618
2279,82917,228.38475
2280,82965,265.8378
2281,83013,258.55243
2282,83053,193.23941
2283,83104,263.81674
2284,83152,249.78676
2285,83219,307.6596
2286,83289,322.26865
2287,83343,298.68942
2288,83401,306.87186
2289,83442,215.47266
2290,83519,406.90552
2291,83604,426.74594
2292,83651,218.68213
2293,83708,311.9798
2294,83757,250.05742
2295,83803,238.93106
2296,83886,405.1295
2297,83944,309.2242
2298,84004,304.19025
2299,84054,273.6067
2300,84101,240.53273
2301,84141,195.78827
2302,84274,721.4721
2303,84338,332.0677
2304,84409,329.26758
2305,84447,202.5497
2306,84500,248.6319
2307,84542,226.45715
2308,84587,224.23734
2309,84638,264.26
2310,84728,462.18307
2311,84790,320.0975
2312,84864,351.7147
2313,84946,370.15552
2314,85001,258.5841
2315,85115,549.7452
2316,85139,122.1611
2317,85205,320.90146
2318,85290,445.95776
2319,85363,372.57968
2320,85417,244.2277
2321,85466,235.17567
2322,85575,534.89185
2323,85647,320.56973
2324,85713,346.61316
2325,85762,258.32236
2326,85834,400.49677
2327,85912,425.85513
2328,85971,306.2409
2329,86032,330.90585
2330,86093,308.51633
2331,86180,409.98016
2332,86253,389.27258
2333,86313,271.31952
2334,86390,424.07114
2335,86474,439.183
2336,86500,132.44705
2337,86538,186.9727
2338,86612,368.26282
2339,86672,282.4235
2340,86754,407.67734
2341,86806,273.42404
2342,86847,200.85909
2343,86892,238.63155
2344,86952,319.08545
2345,87016,318.23288
2346,87087,332.40268
2347,87137,235.55405
2348,87194,307.98257
2349,87248,276.2325
2350,87344,498.8123
2351,87389,229.16986
2352,87471,389.50702
2353,87537,289.19696
2354,87602,347.01495
2355,87669,365.79092
2356,87716,229.02434
2357,87735,92.71408
2358,87788,277.69553
2359,87867,410.50342
2360,87927,322.59933
2361,87988,311.81577
2362,88066,366.29108
2363,88123,294.43628
2364,88185,316.77945
2365,88230,228.99599
2366,88285,266.38416
2367,88355,350.28433
2368,88424,342.9061
2369,88471,248.57817
2370,88534,303.02313
2371,88589,250.65306
2372,88639,263.2565
2373,88703,298.96396
2374,88800,463.08652
2375,88855,276.64792
2376,88898,208.08522
2377,88963,340.14578
2378,89013,263.80927
2379,89033,100.0104
2380,89081,240.70567
2381,89110,143.84897
2382,89196,446.69504
2383,89255,317.28998
2384,89307,272.4064
2385,89370,300.0495
2386,89432,327.26917
2387,89495,343.41965
2388,89551,279.99353
2389,89671,601.83844
2390,89709,177.98123
2391,89756,227.64331
2392,89817,294.86774
2393,89841,120.31111
2394,89896,290.2353
2395,89959,337.8079
2396,90032,382.36362
2397,90088,269.30307
2398,90144,269.42978
2399,90253,570.254
2400,90326,345.3504
2401,90378,279.05392
2402,90436,295.3666
2403,90491,279.45688
2404,90550,268.5965
2405,90615,320.2373
2406,90661,242.19124
2407,90757,466.622
2408,90811,282.13312
2409,90892,409.3757
2410,90998,534.411
2411,91054,275.3825
2412,91101,246.11049
2413,91170,336.90582
2414,91226,304.57703
2415,91273,249.3202
2416,91335,332.19308
2417,91368,168.6001
2418,91449,373.85556
2419,91496,225.07423
2420,91550,278.77963
2421,91614,343.41144
2422,91686,370.58752
2423,91715,145.81064
2424,91775,312.87344
2425,91832,294.3447
2426,91870,190.26215
2427,91926,273.18375
2428,92029,562.46106
2429,92076,237.29817
2430,92107,151.76965
2431,92166,316.8116
2432,92217,283.1017
2433,92302,362.5273
2434,92346,217.66328
2435,92418,356.73883
2436,92478,326.56693
2437,92552,391.9366
2438,92596,230.62988
2439,92642,242.24454
2440,92711,350.27533
2441,92763,267.1239
2442,92852,411.59238
2443,92937,390.2638
2444,92975,193.78897
2445,93049,392.3325
2446,93103,243.82019
2447,93176,331.50302
2448,93233,281.6225
2449,93308,391.65872
2450,93343,160.33691
2451,93394,262.30844
2452,93483,486.04715
2453,93548,324.863
2454,93627,410.74585
2455,93686,307.34265
2456,93733,251.01907
2457,93794,302.83176
2458,93898,510.10052
2459,93962,315.3636
2460,94034,338.72742
2461,94091,291.5804
2462,94151,310.23126
2463,94202,234.10652
2464,94237,158.54181
2465,94283,246.69453
2466,94353,347.71194
2467,94427,398.56967
2468,94481,279.09094
2469,94559,393.68677
2470,94618,316.69296
2471,94675,269.52954
2472,94727,265.08044
2473,94775,249.34183
2474,94832,292.2418
2475,94904,362.53897
2476,94948,213.94447
2477,95011,348.1702
2478,95031,93.51822
2479,95085,275.03445
2480,95128,217.7491
2481,95182,255.71161
2482,95263,416.25134
2483,95309,245.3452
2484,95363,296.5197
2485,95446,392.40945
2486,95514,344.6129
2487,95582,353.0852
2488,95649,354.1737
2489,95707,315.3277
2490,95777,365.7498
2491,95798,105.472084
2492,95861,331.3902
2493,95946,454.2609
2494,96000,283.0735
2495,96078,408.8683
2496,96129,275.75745
2497,96185,255.56667
2498,96253,326.44754
2499,96306,284.29324
2500,96375,367.69666
2501,96428,286.5422
2502,96510,442.10922
2503,96552,219.32356
2504,96623,355.31992
2505,96677,273.06638
2506,96725,242.57007
2507,96790,332.98752
2508,96836,244.51965
2509,96918,454.58972
2510,96964,249.03284
2511,97021,312.23715
2512,97073,263.12387
2513,97122,227.26953
2514,97189,355.54996
2515,97261,387.43085
2516,97303,223.09494
2517,97374,355.4899
2518,97435,318.48386
2519,97500,303.4129
2520,97576,399.07578
2521,97647,405.45407
2522,97707,267.65353
2523,97792,406.8837
2524,97858,357.4967
2525,97895,166.63527
2526,97952,271.94598
2527,97996,242.579
2528,98071,360.9152
2529,98119,255.26456
2530,98168,250.74008
2531,98214,227.2519
2532,98262,242.8391
2533,98325,324.4166
2534,98374,239.87343
2535,98422,256.14005
2536,98464,213.39624
2537,98524,298.7758
2538,98570,232.68547
2539,98602,163.48438
2540,98714,522.13544
2541,98766,239.99557
2542,98836,345.22977
2543,98902,334.24582
2544,98924,110.949615
2545,98991,334.3859
2546,99027,182.20769
2547,99093,328.7726
2548,99153,303.13724
2549,99196,221.45796
2550,99263,330.90048
2551,99321,295.15506
2552,99371,261.48334
2553,99431,325.07678
2554,99493,326.54868
2555,99548,272.41235
2556,99631,427.1778
2557,99688,276.5456
2558,99750,331.1289
2559,99784,162.02402
2560,99853,371.25482
2561,99903,248.00441
2562,99982,431.95956
2563,100031,254.72734
2564,100099,363.10574
2565,100171,339.8432
2566,100215,211.8434
2567,100294,411.09042
2568,100355,323.21573
2569,100411,297.3067
2570,100433,110.664925
2571,100530,514.2776
2572,100593,339.62766
2573,100644,278.6692
2574,100703,314.93402
2575,100764,334.55307
2576,100793,147.41313
2577,100846,279.69373
2578,100950,518.02075
2579,101024,377.1754
2580,101099,358.46283
2581,101154,297.24768
2582,101217,333.10535
2583,101300,430.73798
2584,101351,260.32645
2585,101420,304.42728
2586,101513,471.7036
2587,101565,280.20715
2588,101629,336.5096
2589,101670,196.15309
2590,101734,299.9912
2591,101833,526.6772
2592,101901,372.53967
2593,101962,316.42337
2594,102014,255.30461
2595,102076,339.13342
2596,102122,229.64223
2597,102179,299.97754
2598,102280,533.0068
2599,102340,329.2061
2600,102386,221.61633
2601,102445,315.4788
2602,102503,301.9584
2603,102560,269.3909
2604,102584,119.90342
2605,102635,267.92133
2606,102710,397.98456
2607,102773,295.51877
2608,102824,271.66852
2609,102874,252.43193
2610,102932,315.6746
2611,103005,393.1084
2612,103054,245.91586
2613,103095,203.54155
2614,103153,317.45782
2615,103197,215.57793
2616,103278,414.06775
2617,103395,608.5285
2618,103453,313.4074
2619,103507,284.45682
2620,103570,303.08902
2621,103679,559.36945
2622,103742,331.75583
2623,103804,332.23618
2624,103860,294.152
2625,103963,479.0713
2626,104017,284.16376
2627,104065,248.27008
2628,104151,467.1689
2629,104220,357.91824
2630,104336,527.59296
2631,104396,331.06772
2632,104471,378.04343
2633,104517,234.5458
2634,104569,276.72223
2635,104622,285.50677
2636,104687,304.05432
2637,104748,334.54105
2638,104814,334.0905
2639,104870,302.33267
2640,104922,273.59946
2641,104980,307.38095
2642,105017,171.51079
2643,105080,338.96854
2644,105133,285.57016
2645,105175,212.75795
2646,105225,269.57516
2647,105297,379.92737
2648,105351,287.0131
2649,105427,394.64224
2650,105446,91.95362
2651,105501,251.81114
2652,105556,286.46094
2653,105610,285.71017
2654,105726,580.4881
2655,105785,307.7933
2656,105833,241.10487
2657,105902,328.63324
2658,105972,335.40778
2659,106064,457.58524
2660,106124,306.36792
2661,106195,349.46475
2662,106239,222.272
2663,106298,281.65958
2664,106358,309.2279
2665,106477,606.3113
2666,106523,249.37819
2667,106544,106.260315
2668,106587,193.25594
2669,106647,319.22845
2670,106689,208.19464
2671,106730,197.74173
2672,106793,275.92
2673,106860,350.50223
2674,106944,395.8098
2675,107002,307.26202
2676,107062,328.67145
2677,107133,327.71274
2678,107167,164.3292
2679,107251,408.0922
2680,107305,260.05692
2681,107389,385.61703
2682,107441,238.78696
2683,107553,531.50775
2684,107583,155.90631
2685,107647,322.157
2686,107697,249.66367
2687,107748,253.64682
2688,107810,327.2721
2689,107862,272.58826
2690,107920,277.76605
2691,108002,435.0965
2692,108042,195.28584
2693,108096,273.1099
2694,108157,289.63345
2695,108234,374.57513
2696,108313,369.61603
2697,108374,306.4225
2698,108427,278.3872
2699,108487,299.80185
2700,108616,643.84534
2701,108656,209.93208
2702,108737,385.36606
2703,108802,341.54593
2704,108861,310.877
2705,108911,239.4209
2706,108972,301.0141
2707,109036,339.62674
2708,109085,257.92484
2709,109144,300.62772
2710,109189,227.96243
2711,109268,386.38928
2712,109321,282.12668
2713,109429,557.23114
2714,109498,365.40222
2715,109545,238.824
2716,109590,215.90576
2717,109644,284.3478
2718,109707,319.64764
2719,109752,215.4079
2720,109799,246.25278
2721,109871,387.72812
2722,109919,250.18831
2723,109998,430.54553
2724,110042,216.33932
2725,110083,200.1051
2726,110166,376.46286
2727,110295,662.65247
2728,110350,297.73883
2729,110411,283.95648
2730,110506,488.9635
2731,110566,294.03015
2732,110638,361.92343
2733,110692,287.64838
2734,110756,344.81793
2735,110823,360.93332
2736,110882,292.05606
2737,110957,398.78497
2738,111029,361.38507
2739,111079,261.042
2740,111137,318.69904
2741,111206,359.17548
2742,111256,260.4909
2743,111302,249.23033
2744,111372,352.81842
2745,111447,353.99237
2746,111494,248.17892
2747,111553,311.7139
2748,111602,258.4343
2749,111666,328.80734
2750,111749,432.46848
2751,111800,248.87717
2752,111845,230.266
2753,111949,484.5989
2754,112039,473.1718
2755,112097,295.46182
2756,112172,396.1441
2757,112232,320.03638
2758,112281,247.60841
2759,112333,281.74695
2760,112429,494.11053
2761,112560,656.2526
2762,112602,230.25212
2763,112667,325.3631
2764,112717,266.2869
2765,112770,255.36206
2766,112837,362.24298
2767,112884,244.07062
2768,112957,390.9173
2769,113013,263.08972
2770,113072,311.43195
2771,113175,508.6029
2772,113226,275.79865
2773,113327,455.8216
2774,113373,239.2772
2775,113453,387.85858
2776,113519,349.49155
2777,113583,352.14505
2778,113629,239.08347
2779,113699,370.193
2780,113744,231.16077
2781,113807,331.13248
2782,113882,393.47128
2783,113933,269.40833
2784,113990,304.7876
2785,114041,284.04868
2786,114100,294.17838
2787,114192,492.8555
2788,114256,342.61493
2789,114346,411.16397
2790,114405,276.30234
2791,114451,245.89543
2792,114510,281.08316
2793,114571,288.8016
2794,114620,250.2082
2795,114684,312.22653
2796,114749,314.5144
2797,114842,470.31488
2798,114894,270.71442
2799,114940,221.2792
2800,114996,299.24475
2801,115075,420.38922
2802,115127,283.00018
2803,115185,302.58823
2804,115272,416.44357
2805,115338,330.47867
2806,115411,334.9451
2807,115469,317.2766
2808,115516,243.77133
2809,115577,330.40958
2810,115674,493.35574
2811,115730,295.33466
2812,115784,259.52032
2813,115832,254.23816
2814,115889,280.95972
2815,115935,233.99155
2816,116007,390.9031
2817,116060,267.5125
2818,116133,389.23453
2819,116217,386.16913
2820,116273,263.55994
2821,116334,324.56607
2822,116403,340.2811
2823,116467,316.39407
2824,116525,258.2046
2825,116564,205.03976
2826,116642,366.19092
2827,116713,339.08948
2828,116801,460.05035
2829,116868,286.97202
2830,116956,470.46722
2831,116999,203.87453
2832,117046,259.7532
2833,117100,288.3254
2834,117196,512.463
2835,117248,276.78018
2836,117297,246.52469
2837,117361,315.4571
2838,117424,332.4457
2839,117483,291.6786
2840,117543,308.37646
2841,117597,276.40897
2842,117645,243.87541
2843,117697,283.80615
2844,117749,275.7422
2845,117807,307.75745
2846,117869,336.60193
2847,117937,346.94907
2848,118012,398.9229
2849,118085,385.93542
2850,118156,360.11383
2851,118197,204.44757
2852,118288,484.58716
2853,118341,261.42886
2854,118365,123.138885
2855,118416,260.61075
2856,118473,280.1271
2857,118528,296.65668
2858,118579,271.60583
2859,118600,104.307014
2860,118663,276.57248
2861,118718,301.99185
2862,118781,330.99573
2863,118822,205.42648
2864,118882,282.55554
2865,118939,288.04517
2866,119004,340.56595
2867,119072,342.83093
2868,119127,265.12445
2869,119186,308.25146
2870,119254,378.69955
2871,119325,370.9526
2872,119384,255.31131
2873,119437,278.92694
2874,119484,251.34601
2875,119526,208.44165
2876,119581,279.59875
2877,119636,300.03275
2878,119694,302.707
2879,119777,424.28778
2880,119823,246.75049
2881,119881,315.7176
2882,119986,560.10016
2883,120046,330.2074
2884,120141,504.4045
2885,120187,248.26389
2886,120268,394.76358
2887,120322,287.6889
2888,120383,309.61368
2889,120443,316.75574
2890,120502,312.88992
2891,120568,358.1007
2892,120631,324.7955
2893,120686,295.17856
2894,120770,390.46582
2895,120871,538.93195
2896,120894,116.14011
2897,120963,354.97665
2898,121031,361.28284
2899,121099,335.4745
2900,121176,393.62848
2901,121250,335.40927
2902,121303,279.19708
2903,121377,343.1272
2904,121454,418.52313
2905,121543,443.76492
2906,121601,286.25327
2907,121671,375.55783
2908,121738,361.49313
2909,121773,166.2736
2910,121823,261.13382
2911,121886,285.07855
2912,121954,349.7111
2913,122011,310.3339
2914,122130,552.4955
2915,122215,444.39767
2916,122266,268.15308
2917,122320,274.87695
2918,122413,486.26968
2919,122471,288.65338
2920,122536,345.8964
2921,122589,253.78561
2922,122641,277.09695
2923,122713,389.22113
2924,122782,344.24997
2925,122836,277.07416
2926,122883,247.97491
2927,122959,336.27908
2928,123017,316.231
2929,123070,271.40256
2930,123123,265.28632
2931,123200,400.67853
2932,123272,367.19968
2933,123314,192.5607
2934,123391,393.72348
2935,123469,376.3685
2936,123542,328.48987
2937,123603,281.94882
2938,123671,308.39105
2939,123733,333.65677
2940,123778,235.38937
2941,123824,248.45178
2942,123881,307.91617
2943,123937,299.77966
2944,123986,258.13504
2945,124037,265.1507
2946,124086,253.59558
2947,124153,362.3382
2948,124223,321.217
2949,124301,419.15347
2950,124352,277.7043
2951,124448,464.37897
2952,124531,421.64426
2953,124604,327.18146
2954,124709,548.97046
2955,124770,328.96848
2956,124833,322.76846
2957,124898,329.70197
2958,124965,361.0654
2959,125025,328.5185
2960,125189,804.92316
2961,125244,292.4733
2962,125320,342.45627
2963,125366,245.34502
2964,125414,248.26808
2965,125475,328.5768
2966,125541,353.59756
2967,125603,331.18265
2968,125668,340.50833
2969,125686,87.01858
2970,125738,285.81247
2971,125788,269.43997
2972,125853,341.12726
2973,125908,298.12766
2974,125980,352.25494
2975,126025,224.81155
2976,126089,349.11435
2977,126136,244.9395
2978,126181,240.49214
2979,126234,280.7819
2980,126302,353.801
2981,126370,330.8726
2982,126454,386.4796
2983,126520,329.59055
2984,126616,434.82217
2985,126688,379.15634
2986,126739,258.08325
2987,126816,386.90485
2988,126886,368.9322
2989,126961,340.10043
2990,127012,227.1247
2991,127080,347.89276
2992,127139,318.0674
2993,127195,294.238
2994,127252,298.41016
2995,127326,375.93616
2996,127397,380.99884
2997,127459,328.80334
2998,127555,467.16852
2999,127613,317.555
3000,127697,442.01068
3001,127751,274.2292
3002,127811,323.43912
3003,127880,333.24582
3004,127958,393.45905
3005,128011,271.6351
3006,128094,436.6403
3007,128153,315.34262
3008,128209,300.5817
3009,128276,352.62302
3010,128338,330.20743
3011,128395,307.19025
3012,128442,239.97989
3013,128513,332.764
3014,128563,257.7445
3015,128624,324.32294
3016,128678,292.49976
3017,128736,318.44424
3018,128798,336.59286
3019,128910,532.8306
3020,128964,270.37042
3021,129012,224.43504
3022,129065,275.9545
3023,129127,337.6217
3024,129183,300.8896
3025,129246,340.98346
3026,129318,386.33157
3027,129368,263.5605
3028,129427,299.14655
3029,129498,370.61948
3030,129566,358.73453
3031,129624,307.3176
3032,129683,303.46927
3033,129790,479.77026
3034,129871,425.61337
3035,129943,384.17538
3036,130024,400.49957
3037,130143,608.5701
3038,130235,469.29343
3039,130320,380.51596
3040,130367,248.65582
3041,130454,440.48425
3042,130507,283.4295
3043,130577,363.3058
3044,130629,286.05496
3045,130691,325.80597
3046,130745,284.67508
3047,130807,332.90677
3048,130877,370.3652
3049,130944,365.53662
3050,131003,322.73502
3051,131048,231.58752
3052,131115,311.27673
3053,131167,283.4463
3054,131229,325.05734
3055,131282,285.15488
3056,131332,239.78912
3057,131407,388.4539
3058,131443,164.9505
3059,131577,715.0883
3060,131732,779.2335
3061,131791,315.62476
3062,131891,490.6022
3063,131966,328.88843
3064,132023,302.2126
3065,132088,333.62823
3066,132134,254.17854
3067,132204,356.317
3068,132255,266.74396
3069,132303,254.20158
3070,132422,563.85266
3071,132483,317.2672
3072,132536,267.87177
3073,132627,435.90155
3074,132689,327.04947
3075,132736,236.28763
3076,132783,251.00296
3077,132856,391.51205
3078,132966,504.76907
3079,133074,567.4852
3080,133128,284.92
3081,133186,268.4089
3082,133233,249.97122
3083,133362,664.1267
3084,133448,369.93784
3085,133510,330.01364
3086,133572,330.4318
3087,133643,376.98492
3088,133701,308.00494
3089,133788,460.33466
3090,133851,338.67978
3091,133930,398.53668
3092,134001,382.01392
3093,134070,346.46637
3094,134126,296.28265
3095,134191,337.22028
3096,134254,305.1488
3097,134326,356.32104
3098,134388,303.00446
3099,134440,283.05978
3100,134498,303.09302
3101,134557,313.91327
3102,134640,434.28012
3103,134706,342.78342
3104,134771,349.91583
3105,134821,265.57214
3106,134864,205.74492
3107,134926,327.10226
3108,135017,466.74854
3109,135073,303.12253
3110,135140,342.13034
3111,135217,393.03165
3112,135298,406.91302
3113,135345,233.25731
3114,135399,291.711
3115,135467,364.6021
3116,135542,366.34653
3117,135642,530.8431
3118,135708,363.28708
3119,135766,307.57602
3120,135854,421.34964
3121,135906,257.6665
3122,135968,340.48914
3123,136045,379.56195
3124,136081,160.09187
3125,136140,311.7613
3126,136225,435.21698
3127,136323,478.6911
3128,136400,320.75922
3129,136460,312.61136
3130,136522,328.32028
3131,136581,317.49564
3132,136645,345.054
3133,136697,281.17648
3134,136763,341.33356
3135,136819,292.58356
3136,136874,262.181
3137,136931,268.54132
3138,136996,346.51724
3139,137085,476.9103
3140,137131,247.1274
3141,137226,496.5336
3142,137282,296.63712
3143,137345,277.348
3144,137408,327.56323
3145,137469,298.31683
3146,137538,362.65097
3147,137612,339.64944
3148,137669,261.43945
3149,137726,273.9059
3150,137789,324.4627
3151,137856,329.8526
3152,137907,274.0798
3153,137971,331.7026
3154,138042,378.95404
3155,138086,214.72841
3156,138147,321.80872
3157,138240,480.60306
3158,138313,389.79614
3159,138379,344.1856
3160,138433,261.63113
3161,138485,278.2261
3162,138529,218.2234
3163,138581,275.53964
3164,138642,330.75922
3165,138700,317.16534
3166,138760,327.54773
3167,138825,317.24887
3168,138894,317.88483
3169,138959,337.41995
3170,139020,324.22903
3171,139080,306.8768
3172,139147,357.3508
3173,139195,252.51044
3174,139252,308.15594
3175,139308,296.20346
3176,139367,315.92517
3177,139425,315.90506
3178,139466,212.60588
3179,139523,305.1645
3180,139583,310.95584
3181,139662,374.86136
3182,139735,377.9749
3183,139802,277.22012
3184,139877,400.49695
3185,139932,290.5213
3186,140005,340.89883
3187,140065,299.06244
3188,140129,328.46558
3189,140208,360.2312
3190,140296,431.42282
3191,140368,338.34967
3192,140441,400.4517
3193,140497,287.2047
3194,140585,462.37247
3195,140637,278.7721
3196,140714,356.2232
3197,140771,303.2866
3198,140841,360.6589
3199,140905,311.54047
3200,140986,386.6956
3201,141043,289.47983
3202,141185,675.347
3203,141228,239.87532
3204,141291,332.3784
3205,141347,293.5249
3206,141420,378.0339
3207,141492,373.61676
3208,141554,336.95874
3209,141628,356.67392
3210,141687,290.101
3211,141751,318.24496
3212,141824,349.5006
3213,141929,546.9629
3214,141982,266.63812
3215,142043,295.16342
3216,142097,291.3304
3217,142164,361.8008
3218,142268,508.54456
3219,142337,353.3397
3220,142399,347.59824
3221,142496,465.86008
3222,142548,276.3539
3223,142599,250.36423
3224,142653,272.96307
3225,142723,334.7535
3226,142776,273.60934
3227,142859,424.40704
3228,142921,333.55515
3229,142977,297.6231
3230,143031,294.84763
3231,143085,282.1154
3232,143140,299.14764
3233,143204,343.52493
3234,143262,311.56442
3235,143326,337.23636
3236,143374,252.24013
3237,143426,284.90005
3238,143470,236.19006
3239,143539,371.9642
3240,143598,309.97266
3241,143666,292.38968
3242,143741,391.6469
3243,143808,365.45343
3244,143880,351.37924
3245,143924,229.54305
3246,143980,296.46066
3247,144068,457.94592
3248,144123,295.48532
3249,144193,370.41425
3250,144253,316.53442
3251,144321,350.25012
3252,144366,241.14061
3253,144438,369.01428
3254,144498,284.1929
3255,144557,311.5264
3256,144618,264.6602
3257,144707,479.3669
3258,144766,318.43744
3259,144822,256.7877
3260,144871,225.3932
3261,144934,318.29498
3262,145006,380.89362
3263,145044,178.55594
3264,145089,220.02486
3265,145171,435.69983
3266,145234,293.75406
3267,145332,464.54022
3268,145387,295.27933
3269,145519,657.3315
3270,145578,299.7307
3271,145650,339.25165
3272,145705,272.533
3273,145770,351.4772
3274,145847,422.96805
3275,145914,322.55246
3276,145979,321.51123
3277,146059,413.8629
3278,146105,215.26611
3279,146162,300.39792
3280,146217,281.387
3281,146295,423.90228
3282,146366,382.9447
3283,146422,256.372
3284,146492,364.2444
3285,146554,286.6588
3286,146631,415.07425
3287,146691,318.99023
3288,146766,410.979
3289,146814,228.13805
3290,146857,218.37074
3291,146948,472.6556
3292,147014,309.03244
3293,147094,377.6322
3294,147160,354.29623
3295,147261,484.20206
3296,147317,290.9897
3297,147432,585.50244
3298,147492,307.6875
3299,147575,447.98315
3300,147636,326.54788
3301,147703,356.23822
3302,147775,386.54214
3303,147843,359.12057
3304,147902,326.97372
3305,147973,339.88654
3306,148035,305.1278
3307,148089,281.65973
3308,148151,346.52115
3309,148219,325.43823
3310,148308,459.09982
3311,148373,312.7984
3312,148433,322.9653
3313,148495,314.3668
3314,148571,394.19867
3315,148637,352.88928
3316,148741,525.65466
3317,148793,275.37927
3318,148854,305.9834
3319,148923,321.50854
3320,149005,447.16064
3321,149078,354.92896
3322,149138,321.01804
3323,149224,393.74387
3324,149272,254.21114
3325,149379,550.47864
3326,149430,275.22574
3327,149520,432.08557
3328,149576,292.09967
3329,149641,340.58582
3330,149714,339.50742
3331,149769,299.45914
3332,149828,311.73376
3333,149887,314.81766
3334,149979,430.67532
3335,150074,490.78116
3336,150132,316.90924
3337,150201,298.36044
3338,150265,344.89957
3339,150315,250.99216
3340,150390,389.81287
3341,150448,320.1017
3342,150501,277.62686
3343,150551,269.33777
3344,150617,314.77142
3345,150669,277.38474
3346,150783,531.4938
3347,150877,509.50766
3348,150941,352.01132
3349,150989,258.51172
3350,151054,333.8149
3351,151113,293.08536
3352,151167,292.07803
3353,151233,306.35223
3354,151305,332.21375
3355,151366,266.02344
3356,151445,405.68762
3357,151492,251.8801
3358,151548,297.6301
3359,151609,329.8806
3360,151660,278.52792
3361,151730,339.42783
3362,151784,284.7679
3363,151877,488.37372
3364,151931,252.46005
3365,151986,292.43286
3366,152047,324.8758
3367,152121,345.547
3368,152173,280.94525
3369,152243,356.8914
3370,152292,252.33418
3371,152344,276.06558
3372,152413,374.73477
3373,152464,272.90427
3374,152516,283.3497
3375,152592,412.88065
3376,152672,368.9765
3377,152751,415.7239
3378,152810,315.1058
3379,152886,397.79312
3380,152956,340.12827
3381,153022,341.51483
3382,153102,423.8829
3383,153159,259.66254
3384,153219,320.66473
3385,153310,434.3521
3386,153377,298.92526
3387,153447,340.1543
3388,153518,349.08307
3389,153587,369.45877
3390,153668,428.41876
3391,153707,183.49287
3392,153818,512.62756
3393,153882,342.57812
3394,153980,476.73495
3395,154045,338.48755
3396,154163,634.81586
3397,154213,263.4065
3398,154246,153.17612
3399,154297,277.30557
3400,154349,285.5971
3401,154398,229.74464
3402,154448,263.16843
3403,154514,358.7638
3404,154585,378.0886
3405,154637,276.90723
3406,154705,322.8021
3407,154760,301.94495
3408,154814,287.9025
3409,154888,381.5635
3410,154938,274.8786
3411,154988,263.8553
3412,155054,352.09335
3413,155107,239.19409
3414,155168,318.4736
3415,155229,315.32343
3416,155297,309.58252
3417,155352,292.70465
3418,155412,322.20316
3419,155503,437.647
3420,155549,250.5912
3421,155620,354.98633
3422,155673,283.3271
3423,155737,310.4616
3424,155788,235.55663
3425,155866,421.87323
3426,155932,323.0455
3427,156012,374.50107
3428,156092,432.3545
3429,156164,317.47498
3430,156212,253.2016
3431,156276,299.5666
3432,156339,291.2259
3433,156445,486.10892
3434,156516,323.85123
3435,156587,373.53745
3436,156649,332.36102
3437,156720,385.40616
3438,156787,355.16217
3439,156841,257.0428
3440,156907,350.43005
3441,156965,305.22977
3442,157055,428.93866
3443,157109,297.7806
3444,157163,292.20676
3445,157216,256.28592
3446,157284,370.14758
3447,157377,474.31512
3448,157433,309.8897
3449,157499,354.00214
3450,157555,278.51486
3451,157607,279.89664
3452,157690,426.76587
3453,157773,431.25836
3454,157828,257.76
3455,157877,269.34113
3456,157925,254.54857
3457,157997,364.37927
3458,158090,470.1273
3459,158171,392.9676
3460,158240,363.3395
3461,158305,344.17697
3462,158331,132.59537
3463,158381,276.4074
3464,158436,307.20996
3465,158492,272.2069
3466,158543,266.29474
3467,158628,459.78348
3468,158693,295.0337
3469,158757,334.0418
3470,158841,438.2867
3471,158901,316.65793
3472,158989,425.40887
3473,159118,657.8108
3474,159172,291.74603
3475,159233,329.7018
3476,159299,354.3327
3477,159366,337.20544
3478,159436,369.01492
3479,159496,314.58
3480,159568,382.80215
3481,159621,266.16998
3482,159691,369.104
3483,159754,332.5644
3484,159850,518.51685
3485,159930,427.204
3486,159976,243.60849
3487,160027,251.53922
3488,160100,391.9958
3489,160196,497.66974
3490,160250,287.39072
3491,160319,379.44336
3492,160383,342.71478
3493,160450,300.6619
3494,160523,357.41107
3495,160603,421.0482
3496,160651,247.60313
3497,160757,549.30194
3498,160816,317.59055
3499,160867,262.05206
3500,160930,345.2556
3501,160989,292.45117
3502,161044,294.05884
3503,161103,312.86182
3504,161154,245.94939
3505,161223,319.8286
3506,161277,277.5201
3507,161380,537.5859
3508,161438,307.81165
3509,161488,264.4098
3510,161563,379.80936
3511,161627,330.50406
3512,161718,466.2225
3513,161776,301.08444
3514,161827,242.47961
3515,161902,380.36392
3516,161981,374.04785
3517,162053,391.89145
3518,162082,150.82686
3519,162144,340.09134
3520,162203,317.88913
3521,162266,340.80594
3522,162343,394.9955
3523,162399,300.48163
3524,162452,281.1788
3525,162524,388.4146
3526,162542,87.4483
3527,162598,287.47974
3528,162642,238.53159
3529,162730,460.4081
3530,162830,487.39432
3531,162882,238.17311
3532,162950,333.04364
3533,163001,271.5285
3534,163068,357.29004
3535,163125,311.66605
3536,163182,306.38696
3537,163225,214.96255
3538,163311,434.38373
3539,163424,584.7608
3540,163506,387.59024
3541,163572,352.08594
3542,163632,298.29068
3543,163716,446.47668
3544,163778,311.541
3545,163833,288.10837
3546,163902,362.76395
3547,163945,221.40434
3548,164039,469.90372
3549,164095,297.9815
3550,164150,243.16913
3551,164238,463.00677
3552,164297,289.06046
3553,164369,365.02368
3554,164424,282.39386
3555,164491,298.61484
3556,164535,212.29893
3557,164610,365.31573
3558,164640,144.48274
3559,164697,308.09302
3560,164741,224.44612
3561,164809,340.4488
3562,164893,422.79633
3563,164975,390.89404
3564,165026,268.796
3565,165095,349.51596
3566,165178,434.2473
3567,165238,320.6021
3568,165308,345.87595
3569,165373,339.3036
3570,165428,300.83002
3571,165476,257.08423
3572,165537,327.16824
3573,165633,484.7197
3574,165740,560.58887
3575,165804,347.61676
3576,165864,323.74576
3577,165921,314.22336
3578,166006,407.80972
3579,166082,413.0971
3580,166210,618.28156
3581,166273,329.49042
3582,166328,295.17468
3583,166385,303.24258
3584,166455,378.27704
3585,166482,133.14993
3586,166553,351.4074
3587,166611,310.13586
3588,166672,274.3565
3589,166743,352.40146
3590,166842,507.093
3591,166918,406.7953
3592,166992,353.05984
3593,167081,465.6277
3594,167141,323.0931
3595,167227,446.31384
3596,167292,353.04706
3597,167358,311.25757
3598,167427,372.9081
3599,167518,483.82968
3600,167568,270.8865
3601,167653,453.6843
3602,167707,295.013
3603,167772,347.61502
3604,167825,283.4502
3605,167897,388.58362
3606,167968,376.9623
3607,168021,282.16666
3608,168072,260.18478
3609,168133,293.47662
3610,168216,440.29858
3611,168318,485.5736
3612,168397,419.6366
3613,168454,302.7709
3614,168510,297.18213
3615,168552,212.88406
3616,168630,375.4549
3617,168691,322.71915
3618,168751,309.77628
3619,168806,260.29538
3620,168868,324.44846
3621,168938,309.06595
3622,168986,248.57121
3623,169042,298.64447
3624,169093,271.9687
3625,169141,242.91522
3626,169243,544.55963
3627,169306,321.7203
3628,169356,275.09796
3629,169409,292.88867
3630,169469,322.07867
3631,169530,333.5096
3632,169582,283.4769
3633,169654,361.36243
3634,169722,362.55014
3635,169781,263.43002
3636,169855,399.18204
3637,169916,329.3852
3638,169988,379.83218
3639,170065,402.40234
3640,170126,332.4395
3641,170183,304.68405
3642,170286,463.3036
3643,170358,382.09274
3644,170411,290.72125
3645,170464,282.62143
3646,170552,471.59784
3647,170609,301.7916
3648,170695,467.39194
3649,170742,232.26367
3650,170790,256.16135
3651,170851,318.54187
3652,170922,383.07227
3653,170998,353.904
3654,171057,297.21506
3655,171088,142.35335
3656,171137,252.45468
3657,171194,299.52756
3658,171282,411.38812
3659,171335,285.4209
3660,171444,512.3003
3661,171497,284.13217
3662,171546,262.99615
3663,171616,354.02487
3664,171682,345.64395
3665,171737,263.9991
3666,171812,404.53842
3667,171862,272.8837
3668,171934,380.87106
3669,172004,373.21487
3670,172087,424.74344
3671,172149,335.7306
3672,172206,271.09137
3673,172270,312.3239
3674,172330,268.45386
3675,172386,248.66891
3676,172430,225.98483
3677,172496,351.0354
3678,172553,298.86438
3679,172621,369.97763
3680,172683,326.58252
3681,172737,287.51712
3682,172800,318.47455
3683,172870,371.01782
3684,172935,306.53168
3685,172987,265.0991
3686,173043,288.14853
3687,173080,179.92477
3688,173145,315.3651
3689,173224,415.8983
3690,173298,399.42764
3691,173383,402.01746
3692,173446,339.96945
3693,173603,785.19806
3694,173665,331.08514
3695,173742,382.68555
3696,173799,300.5698
3697,173847,234.56386
3698,173899,276.5311
3699,173962,329.84555
3700,174024,330.78497
3701,174098,349.20865
3702,174152,284.3223
3703,174205,274.79855
3704,174260,292.14133
3705,174326,343.95337
3706,174401,371.36868
3707,174449,251.09886
3708,174496,242.39502
3709,174561,319.61786
3710,174628,360.23886
3711,174690,330.3993
3712,174753,339.97974
3713,174812,320.17056
3714,174877,337.53406
3715,174939,305.59265
3716,175009,394.1267
3717,175079,377.6078
3718,175146,288.92398
3719,175216,379.19223
3720,175263,254.67813
3721,175316,279.54105
3722,175371,288.78894
3723,175424,255.1227
3724,175507,382.48444
3725,175579,370.92886
3726,175646,359.27496
3727,175784,671.87006
3728,175856,334.24567
3729,175923,359.297
3730,175980,292.2039
3731,176107,597.0843
3732,176173,344.3016
3733,176220,218.55421
3734,176278,312.24237
3735,176341,323.34705
3736,176428,443.1613
3737,176484,296.0931
3738,176562,410.2337
3739,176620,308.1805
3740,176761,664.5331
3741,176855,491.17206
3742,176927,350.66705
3743,177001,397.06952
3744,177076,403.21765
3745,177148,390.662
3746,177220,353.729
3747,177292,382.02893
3748,177382,436.95972
3749,177440,315.98856
3750,177496,299.53598
3751,177546,266.76556
3752,177630,443.81354
3753,177677,245.023
3754,177779,546.1352
3755,177846,360.99606
3756,177921,385.88226
3757,177981,328.18936
3758,178059,373.9859
3759,178114,292.4885
3760,178171,316.13235
3761,178218,247.75537
3762,178285,303.9168
3763,178333,248.2418
3764,178406,326.75867
3765,178465,311.589
3766,178546,423.06674
3767,178609,316.52548
3768,178668,318.17245
3769,178769,526.0675
3770,178824,300.6811
3771,178884,321.85715
3772,178961,358.3088
3773,179028,334.5525
3774,179083,300.76318
3775,179133,269.34515
3776,179200,339.74237
3777,179278,428.4901
3778,179343,342.34164
3779,179404,280.41208
3780,179461,291.77045
3781,179535,399.04004
3782,179611,381.74356
3783,179691,421.22876
3784,179751,322.02783
3785,179811,322.9294
3786,179902,472.65802
3787,179964,333.6524
3788,180027,333.02225
3789,180060,167.33902
3790,180145,401.40488
3791,180213,368.7457
3792,180281,365.60776
3793,180374,468.64197
3794,180433,312.90637
3795,180506,371.96643
3796,180597,474.996
3797,180663,346.3385
3798,180719,301.70084
3799,180788,377.54276
3800,180851,321.5138
3801,180915,325.83768
3802,181004,452.504
3803,181084,421.0236
3804,181155,386.66537
3805,181223,349.58813
3806,181278,299.996
3807,181347,357.32663
3808,181419,329.3148
3809,181493,349.347
3810,181551,278.02063
3811,181607,298.87994
3812,181670,312.76245
3813,181724,284.8442
3814,181788,342.4266
3815,181843,299.65903
3816,181901,291.33682
3817,181976,398.8519
3818,182060,427.14886
3819,182154,431.0809
3820,182207,248.65048
3821,182270,330.6911
3822,182321,255.99765
3823,182404,434.767
3824,182495,468.0598
3825,182574,399.41837
3826,182637,322.69547
3827,182711,392.41617
3828,182772,303.17316
3829,182808,160.46799
3830,182871,335.9296
3831,182931,315.42313
3832,182976,230.1543
3833,183067,486.92056
3834,183124,295.4106
3835,183208,444.7339
3836,183296,397.80493
3837,183350,294.70047
3838,183527,879.0309
3839,183603,400.4891
3840,183737,645.10455
3841,183849,526.01184
3842,183900,251.51822
3843,183956,301.7798
3844,184008,251.37915
3845,184062,288.55408
3846,184158,519.8603
3847,184223,344.96457
3848,184294,354.31815
3849,184349,295.49893
3850,184425,380.21982
3851,184504,345.95068
3852,184566,329.2246
3853,184621,298.10913
3854,184697,394.7136
3855,184765,360.6109
3856,184818,283.85925
3857,184868,267.3826
3858,184931,337.19153
3859,184995,331.72433
3860,185076,363.08807
3861,185187,545.2165
3862,185245,294.87112
3863,185310,336.82697
3864,185406,503.9721
3865,185464,310.29395
3866,185522,274.71283
3867,185589,353.7851
3868,185644,292.35364
3869,185689,232.16002
3870,185743,292.02197
3871,185834,459.16147
3872,185908,322.78937
3873,185979,367.0388
3874,186015,177.44376
3875,186073,304.47858
3876,186132,287.63202
3877,186184,281.45486
3878,186270,397.9435
3879,186348,384.72037
3880,186401,283.92648
3881,186471,365.31906
3882,186544,384.33517
3883,186629,449.3294
3884,186690,279.40887
3885,186744,293.15958
3886,186793,246.4816
3887,186839,243.85535
3888,186894,251.31427
3889,186951,312.28354
3890,187010,317.15372
3891,187075,338.23648
3892,187153,395.0803
3893,187203,270.01175
3894,187280,422.2282
3895,187335,298.83884
3896,187462,611.7665
3897,187538,349.47058
3898,187595,299.81293
3899,187671,405.81937
3900,187723,281.4037
3901,187782,318.4333
3902,187835,290.4505
3903,187915,376.7374
3904,187978,306.50104
3905,188045,352.45035
3906,188113,363.563
3907,188196,388.41956
3908,188238,224.65042
3909,188289,274.7185
3910,188377,465.02753
3911,188470,444.631
3912,188534,296.9925
3913,188629,512.62024
3914,188695,342.115
3915,188795,510.335
3916,188855,328.26776
3917,188923,352.90387
3918,188987,345.58978
3919,189047,302.63263
3920,189129,424.57013
3921,189213,453.60333
3922,189306,474.12573
3923,189340,159.84056
3924,189411,380.8588
3925,189510,479.44156
3926,189571,328.85443
3927,189643,368.7707
3928,189705,327.81165
3929,189757,276.48227
3930,189846,403.09952
3931,189955,532.4545
3932,190032,396.04382
3933,190089,303.1138
3934,190158,374.93994
3935,190239,365.56802
3936,190302,331.37283
3937,190361,275.68234
3938,190426,355.05228
3939,190520,484.10052
3940,190585,297.62506
3941,190648,327.79233
3942,190727,422.2726
3943,190831,522.4171
3944,190902,332.8211
3945,190993,410.9515
3946,191057,332.5559
3947,191155,487.88095
3948,191218,341.20496
3949,191316,497.48074
3950,191400,452.18948
3951,191464,312.19815
3952,191512,235.82666
3953,191597,442.99222
3954,191673,418.5566
3955,191725,273.72638
3956,191801,418.4831
3957,191847,239.15211
3958,191896,250.34294
3959,191978,399.3957
3960,192038,322.52158
3961,192097,272.56537
3962,192158,328.4766
3963,192211,261.29343
3964,192288,409.4359
3965,192344,279.64185
3966,192400,297.42188
3967,192458,311.6899
3968,192521,331.36053
3969,192655,699.12146
3970,192705,271.4015
3971,192795,425.49152
3972,192858,327.3857
3973,192919,317.01324
3974,192978,324.91595
3975,193076,533.1498
3976,193134,298.69894
3977,193191,297.69003
3978,193278,413.7125
3979,193360,421.7248
3980,193443,389.0539
3981,193478,166.06937
3982,193537,313.79648
3983,193583,251.31
3984,193656,393.32138
3985,193707,249.81017
3986,193781,321.31305
3987,193848,353.81815
3988,193905,293.19113
3989,193958,268.01605
3990,194021,336.49512
3991,194073,273.52026
3992,194137,339.92703
3993,194208,379.1753
3994,194278,382.13464
3995,194357,375.2362
3996,194446,472.095
3997,194502,277.4281
3998,194557,259.74222
3999,194619,326.78336
4000,194688,360.53577
4001,194739,272.4768
4002,194807,372.73297
4003,194894,457.13815
4004,194956,330.6287
4005,195031,354.94452
4006,195105,387.7511
4007,195173,368.0702
4008,195254,438.51367
4009,195313,304.36688
4010,195365,280.72034
4011,195452,464.93567
4012,195528,405.90778
4013,195579,274.5009
4014,195656,346.64288
4015,195735,433.03372
4016,195790,297.80557
4017,195887,505.19125
4018,195955,361.66177
4019,196033,393.26767
4020,196088,301.45392
4021,196154,329.16055
4022,196208,289.25543
4023,196268,324.12225
4024,196370,513.49335
4025,196445,365.69354
4026,196514,323.3834
4027,196566,284.2224
4028,196632,313.49628
4029,196698,355.2326
4030,196769,353.4962
4031,196823,275.43506
4032,196905,366.37128
4033,196974,357.7548
4034,197049,404.31763
4035,197119,358.477
4036,197184,324.54578
4037,197271,453.69394
4038,197348,406.28384
4039,197409,328.26776
4040,197467,312.9561
4041,197523,303.8253
4042,197567,228.6431
4043,197646,425.05106
4044,197704,315.40143
4045,197759,260.26297
4046,197818,309.95346
4047,197895,400.30978
4048,197980,375.78967
4049,198045,300.16223
4050,198102,267.92886
4051,198171,364.16916
4052,198244,356.05948
4053,198301,311.1826
4054,198367,353.99582
4055,198415,261.85034
4056,198462,254.70877
4057,198534,379.43488
4058,198586,282.78
4059,198726,680.9451
4060,198788,315.16196
4061,198849,332.3289
4062,198935,427.4987
4063,198999,329.7277
4064,199053,291.7854
4065,199124,350.48877
4066,199171,215.80623
4067,199231,323.82883
4068,199286,297.11328
4069,199348,329.32642
4070,199408,330.03107
4071,199471,338.41394
4072,199546,382.29767
4073,199607,291.92972
4074,199688,366.95303
4075,199774,445.82526
4076,199825,228.7507
4077,199887,295.0829
4078,199965,404.11044
4079,200045,411.29398
4080,200118,377.02682
4081,200195,398.9213
4082,200258,333.39163
4083,200317,307.62875
4084,200383,350.14667
4085,200433,268.10556
4086,200507,391.52982
4087,200589,413.13242
4088,200721,610.5027
4089,200780,312.40228
4090,200841,330.72858
4091,200904,345.80795
4092,201012,484.50323
4093,201076,344.9462
4094,201153,404.36356
4095,201214,310.96112
4096,201309,485.8068
4097,201372,291.06866
4098,201432,317.11188
4099,201502,358.22137
4100,201568,352.2202
4101,201671,536.90466
4102,201737,335.48975
4103,201799,299.27832
4104,201831,162.75699
4105,201916,444.32394
4106,201986,362.13757
4107,202057,381.47736
4108,202143,449.37997
4109,202194,265.58395
4110,202243,261.3982
4111,202311,337.7249
4112,202377,363.1958
4113,202467,463.7997
4114,202532,350.79947
4115,202649,606.1033
4116,202699,265.90555
4117,202801,539.965
4118,202871,369.36145
4119,202929,272.43988
4120,202999,372.89908
4121,203069,378.39645
4122,203123,268.81085
4123,203208,406.2666
4124,203328,569.2905
4125,203398,376.48672
4126,203481,396.19064
4127,203547,331.13046
4128,203665,603.60187
4129,203727,336.6681
4130,203814,389.13855
4131,203915,519.53143
4132,204044,623.7056
4133,204120,401.52307
4134,204194,345.44858
4135,204296,508.02496
4136,204363,358.64435
4137,204430,340.82086
4138,204565,665.24786
4139,204623,303.48422
4140,204779,821.4342
4141,204840,330.9218
4142,205031,952.4104
4143,205121,465.27234
4144,205184,329.37943
4145,205251,365.45575
4146,205290,185.54454
4147,205341,265.85394
4148,205435,421.23343
4149,205505,379.21338
4150,205561,290.97897
4151,205628,315.5436
4152,205695,368.86118
4153,205746,257.29016
4154,205864,579.8052
4155,205945,400.6107
4156,205999,293.49124
4157,206065,355.2116
4158,206153,428.07367
4159,206247,440.73672
4160,206319,379.32178
4161,206380,320.8398
4162,206450,351.63184
4163,206517,335.48703
4164,206580,338.67212
4165,206653,387.8545
4166,206704,257.79138
4167,206774,367.2884
4168,206826,272.97534
4169,206885,307.68127
4170,206942,305.07147
4171,207027,434.13953
4172,207082,297.4839
4173,207148,353.46176
4174,207250,491.92255
4175,207329,408.05145
4176,207408,380.7119
4177,207478,379.3654
4178,207562,396.66876
4179,207632,373.97586
4180,207711,421.55966
4181,207761,247.51334
4182,207807,220.48686
4183,207864,309.79578
4184,207936,397.9565
4185,208000,342.8977
4186,208064,342.2169
4187,208097,147.49068
4188,208167,372.17923
4189,208232,337.96255
4190,208299,369.5955
4191,208370,376.0538
4192,208467,489.30795
4193,208548,424.36276
4194,208602,291.5214
4195,208692,454.31107
4196,208803,540.0312
4197,208865,334.83792
4198,208942,411.30307
4199,209016,368.07687
4200,209061,218.02676
4201,209137,404.971
4202,209196,303.23718
4203,209295,519.71124
4204,209366,374.95224
4205,209435,309.0361
4206,209513,418.3466
4207,209585,379.37158
4208,209651,342.19757
4209,209715,344.75183
4210,209765,270.23853
4211,209832,354.84888
4212,209897,354.1711
4213,209985,444.70453
4214,210055,375.61984
4215,210115,310.93146
4216,210197,379.00964
4217,210265,339.21918
4218,210339,381.76404
4219,210412,372.70865
4220,210477,355.32516
4221,210585,543.0513
4222,210684,496.7177
4223,210747,328.45374
4224,210806,263.1164
4225,210867,327.6038
4226,210925,313.41196
4227,211005,423.95883
4228,211078,391.26193
4229,211143,351.66797
4230,211193,271.51022
4231,211268,390.28497
4232,211318,270.743
4233,211384,351.6676
4234,211438,293.96063
4235,211510,384.50446
4236,211573,332.12198
4237,211638,345.9174
4238,211699,327.00027
4239,211773,401.79272
4240,211826,280.02048
4241,211893,351.6046
4242,211963,363.8161
4243,212020,310.71545
4244,212130,532.27155
4245,212211,416.8505
4246,212355,700.557
4247,212421,352.8093
4248,212474,271.28473
4249,212539,329.91968
4250,212661,587.7889
4251,212733,336.4226
4252,212797,339.08075
4253,212875,411.10364
4254,212924,221.78207
4255,212983,310.1863
4256,213057,363.1801
4257,213110,288.51462
4258,213191,438.34256
4259,213249,311.4979
4260,213344,493.57333
4261,213411,359.08057
4262,213473,327.43906
4263,213536,299.90005
4264,213629,447.8262
4265,213694,348.4037
4266,213779,395.1872
4267,213846,371.24445
4268,213910,344.76517
4269,213991,433.58743
4270,214055,336.12198
4271,214120,342.35617
4272,214199,332.17883
4273,214263,338.68195
4274,214340,378.23343
4275,214407,365.56253
4276,214447,200.85126
4277,214489,214.7131
4278,214552,341.5454
4279,214610,294.33072
4280,214671,325.11536
4281,214728,298.7039
4282,214795,359.71783
4283,214849,276.98346
4284,214902,248.40839
4285,214979,394.67545
4286,215039,318.60434
4287,215105,340.96274
4288,215214,492.79297
4289,215285,378.75085
4290,215375,413.17468
4291,215456,424.35547
4292,215521,326.04022
4293,215587,350.99976
4294,215642,297.85684
4295,215701,283.29095
4296,215762,328.45053
4297,215824,289.04034
4298,215887,310.0479
4299,215975,443.43088
4300,216033,312.27728
4301,216117,448.11035
4302,216169,279.43945
4303,216223,292.46588
4304,216306,445.7285
4305,216400,501.62885
4306,216476,405.79343
4307,216544,359.54773
4308,216607,346.25293
4309,216668,327.88947
4310,216728,318.46475
4311,216790,284.44177
4312,216884,440.8551
4313,216971,455.6671
4314,217050,420.72327
4315,217084,166.9912
4316,217147,345.0842
4317,217210,322.43912
4318,217304,509.1585
4319,217361,299.3287
4320,217392,159.14072
4321,217494,470.01978
4322,217567,376.24005
4323,217612,243.99748
4324,217680,359.92783
4325,217727,250.53716
4326,217795,361.1556
4327,217860,342.90448
4328,217920,320.91602
4329,217994,388.25714
4330,218055,306.28543
4331,218167,532.7861
4332,218220,279.68542
4333,218269,265.43185
4334,218333,289.07788
4335,218390,305.16946
4336,218465,403.8752
4337,218534,372.27655
4338,218601,353.69418
4339,218680,365.3521
4340,218739,312.25537
4341,218809,368.58868
4342,218883,384.8037
4343,218958,392.27914
4344,219027,377.93442
4345,219087,315.6643
4346,219143,304.41937
4347,219217,383.28244
4348,219280,334.3959
4349,219342,317.56503
4350,219400,303.61197
4351,219481,381.53165
4352,219554,387.9578
4353,219603,253.6327
4354,219668,353.43298
4355,219737,370.8038
4356,219833,475.43454
4357,219902,339.11505
4358,219963,330.8148
4359,220013,273.13705
4360,220066,284.60138
4361,220129,343.51102
4362,220205,420.20905
4363,220292,403.99243
4364,220346,260.3899
4365,220392,247.43687
4366,220446,288.015
4367,220511,334.33688
4368,220576,331.87546
4369,220661,428.3507
4370,220768,524.2922
4371,220831,338.59778
4372,220908,402.22888
4373,220976,355.9348
4374,221077,490.18024
4375,221149,358.96286
4376,221206,257.84924
4377,221279,383.58337
4378,221354,364.11594
4379,221434,413.44604
4380,221496,346.52954
4381,221567,389.99588
4382,221625,311.9385
4383,221697,391.93918
4384,221782,439.14655
4385,221854,323.20264
4386,221907,281.23395
4387,221974,299.18945
4388,222023,255.43349
4389,222095,359.14786
4390,222144,243.16501
4391,222199,295.4064
4392,222256,306.4526
4393,222316,281.71002
4394,222395,357.4535
4395,222467,350.0028
4396,222543,395.57312
4397,222621,389.0211
4398,222699,410.64236
4399,222749,256.00998
4400,222800,234.1155
4401,222856,262.3112
4402,222954,526.93677
4403,223018,302.22034
4404,223092,370.21268
4405,223150,299.62952
4406,223225,401.4243
4407,223300,400.8385
4408,223357,309.74963
4409,223414,306.99002
4410,223485,324.19177
4411,223542,268.8393
4412,223654,593.4914
4413,223730,346.13962
4414,223780,273.89664
4415,223846,350.07593
4416,223928,444.62155
4417,223976,249.50342
4418,224033,298.05203
4419,224100,354.39963
4420,224162,321.2537
4421,224227,350.21475
4422,224287,311.73083
4423,224371,374.21466
4424,224454,447.01285
4425,224546,458.93762
4426,224604,295.09845
4427,224679,407.45786
4428,224753,384.53766
4429,224828,396.69086
4430,224882,282.33154
4431,224971,451.81546
4432,225046,373.6772
4433,225121,334.23593
4434,225170,266.47757
4435,225253,403.34888
4436,225311,310.24506
4437,225400,469.29938
4438,225460,307.95444
4439,225525,349.8776
4440,225588,308.89276
4441,225649,328.06558
4442,225718,299.64804
4443,225781,340.25174
4444,225839,288.95248
4445,225898,317.69534
4446,225972,370.21927
4447,226056,444.24185
4448,226162,478.54193
4449,226228,333.31644
4450,226292,334.37628
4451,226388,478.58194
4452,226448,325.15656
4453,226527,332.32468
4454,226579,277.2244
4455,226664,447.39807
4456,226733,336.66095
4457,226805,388.42123
4458,226867,336.0349
4459,226935,326.12567
4460,227036,460.16232
4461,227113,349.29388
4462,227170,301.5385
4463,227234,298.87662
4464,227324,469.2539
4465,227393,364.85666
4466,227489,476.25528
4467,227551,328.04718
4468,227611,327.6446
4469,227683,385.31635
4470,227726,221.83687
4471,227800,373.00287
4472,227934,628.41003
4473,228009,397.13992
4474,228072,334.13702
4475,228151,400.6089
4476,228231,349.1781
4477,228316,451.8179
4478,228368,264.89493
4479,228428,278.44116
4480,228490,329.76767
4481,228561,361.03458
4482,228608,238.25677
4483,228675,300.8128
4484,228781,541.507
4485,228835,293.0555
4486,228907,340.23544
4487,228985,374.23062
4488,229032,240.6861
4489,229099,353.3366
4490,229159,322.15204
4491,229224,355.9525
4492,229278,260.7867
4493,229347,338.9877
4494,229414,359.026
4495,229489,355.5242
4496,229546,263.09933
4497,229606,323.84024
4498,229678,353.3784
4499,229768,466.2055
4500,229830,306.34854
4501,229893,335.88647
4502,229953,284.821
4503,230044,426.25702
4504,230127,401.78546
4505,230188,318.64456
4506,230258,377.62512
4507,230340,381.86053
4508,230408,340.6152
4509,230462,290.6105
4510,230513,269.8736
4511,230579,347.20276
4512,230645,350.32416
4513,230711,320.39932
4514,230764,242.3593
4515,230828,336.25714
4516,230878,270.7298
4517,230927,255.02086
4518,230990,338.4696
4519,231058,355.69757
4520,231111,285.28247
4521,231177,357.88074
4522,231249,389.0041
4523,231312,327.18115
4524,231401,467.8116
4525,231525,597.32996
4526,231577,269.89908
4527,231630,288.31073
4528,231680,243.85236
4529,231757,423.02707
4530,231822,352.63364
4531,231909,416.5448
4532,231962,271.85745
4533,232097,629.00574
4534,232181,439.2916
4535,232259,376.68094
4536,232336,393.62964
4537,232404,333.43723
4538,232495,488.4286
4539,232583,425.46564
4540,232684,488.6989
4541,232755,313.96515
4542,232822,313.89584
4543,232878,303.52393
4544,232921,226.25311
4545,232987,341.30948
4546,233059,321.9225
4547,233099,193.0851
4548,233193,495.6017
4549,233253,281.67874
4550,233325,361.52658
4551,233449,622.10675
4552,233506,311.02103
4553,233567,326.71402
4554,233640,382.47556
4555,233742,501.07306
4556,233837,510.02127
4557,233883,253.41104
4558,233979,475.7891
4559,234056,380.43454
4560,234138,410.43692
4561,234206,375.64758
4562,234274,312.6555
4563,234377,477.7275
4564,234448,378.04965
4565,234511,334.43384
4566,234571,314.80716
4567,234655,436.09827
4568,234748,425.76898
4569,234822,403.34433
4570,234886,351.93207
4571,234984,470.73975
4572,235084,502.6957
4573,235161,408.31476
4574,235216,290.48456
4575,235285,312.6185
4576,235371,464.32507
4577,235446,334.25903
4578,235507,316.55252
4579,235575,319.9844
4580,235655,438.1445
4581,235729,395.6458
4582,235809,422.73068
4583,235876,324.56006
4584,235927,278.4528
4585,235994,361.98825
4586,236052,303.74402
4587,236122,374.58316
4588,236204,387.39514
4589,236248,224.3517
4590,236316,347.80484
4591,236410,450.20642
4592,236491,400.77853
4593,236574,435.3338
4594,236655,409.31793
4595,236755,473.25616
4596,236810,291.3928
4597,236867,308.41037
4598,236943,395.49872
4599,237010,307.01566
4600,237077,330.41006
4601,237135,286.58484
4602,237219,456.5294
4603,237344,604.43976
4604,237395,272.7827
4605,237480,438.34958
4606,237555,400.19757
4607,237617,290.33426
4608,237676,296.1454
4609,237741,365.8092
4610,237815,382.41818
4611,237891,385.13242
4612,237951,295.27853
4613,238010,286.1763
4614,238055,207.58485
4615,238111,307.54434
4616,238176,290.9408
4617,238259,380.09244
4618,238317,264.47675
4619,238383,315.7865
4620,238461,414.11047
4621,238578,598.10254
4622,238642,302.0631
4623,238706,334.77386
4624,238762,297.79614
4625,238828,363.7272
4626,238906,412.84088
4627,238975,365.0404
4628,239040,348.61188
4629,239108,335.82764
4630,239192,427.98306
4631,239288,456.35062
4632,239353,345.4444
4633,239425,377.19354
4634,239502,410.84775
4635,239561,323.43942
4636,239623,328.0509
4637,239676,279.2553
4638,239751,354.8593
4639,239880,598.0799
4640,239950,368.92957
4641,240024,399.77744
4642,240077,287.11084
4643,240150,338.0353
4644,240217,360.45325
4645,240286,371.7219
4646,240365,421.37976
4647,240450,391.87735
4648,240509,265.02362
4649,240577,360.40344
4650,240635,301.69943
4651,240706,335.81235
4652,240779,358.90286
4653,240853,400.1432
4654,240932,414.42972
4655,241015,435.3553
4656,241081,359.37988
4657,241149,374.13733
4658,241217,349.52228
4659,241269,264.3937
4660,241379,578.40015
4661,241443,341.88055
4662,241544,509.00223
4663,241608,335.72574
4664,241690,364.68384
4665,241740,271.63388
4666,241792,279.83774
4667,241860,308.7695
4668,241954,508.43588
4669,242020,359.005
4670,242082,340.03995
4671,242150,355.57632
4672,242222,395.5799
4673,242285,343.50003
4674,242338,256.12393
4675,242407,352.35092
4676,242505,445.90698
4677,242573,366.7082
4678,242635,285.00198
4679,242745,527.57794
4680,242824,388.5645
4681,242892,365.32257
4682,242953,278.32077
4683,243028,405.838
4684,243102,400.45386
4685,243156,298.78104
4686,243235,406.54764
4687,243313,375.8734
4688,243372,312.52448
4689,243435,337.42276
4690,243497,332.21326
4691,243578,368.66156
4692,243649,321.30682
4693,243709,266.93527
4694,243774,335.8237
4695,243837,287.8725
4696,243891,280.4399
4697,243949,305.90158
4698,244094,740.1711
4699,244208,585.9554
4700,244256,256.2726
4701,244346,444.46152
4702,244402,289.99313
4703,244482,399.66202
4704,244573,481.11526
4705,244639,363.37878
4706,244710,355.45117
4707,244779,375.48233
4708,244839,329.9729
4709,244907,324.19043
4710,244972,344.79733
4711,245034,333.6888
4712,245094,313.9756
4713,245153,310.96274
4714,245248,499.3647
4715,245353,518.7134
4716,245412,317.0672
4717,245467,292.57617
4718,245545,404.8313
4719,245609,338.5121
4720,245662,288.3424
4721,245723,329.33057
4722,245796,388.95837
4723,245883,401.85385
4724,245964,384.9418
4725,246023,318.60574
4726,246085,321.5445
4727,246176,434.40005
4728,246267,480.518
4729,246355,459.25766
4730,246413,311.86688
4731,246569,723.1679
4732,246635,347.99786
4733,246706,383.63278
4734,246772,354.62836
4735,246840,372.0287
4736,246923,436.67816
4737,246974,257.51422
4738,247038,333.23828
4739,247104,296.83456
4740,247162,309.75473
4741,247243,391.40384
4742,247320,424.29636
4743,247379,277.7441
4744,247449,376.66312
4745,247556,517.9374
4746,247646,446.19092
4747,247740,430.7471
4748,247803,307.34924
4749,247868,356.22052
4750,247940,388.9452
4751,247997,276.2566
4752,248060,335.3944
4753,248103,216.10938
4754,248167,308.4416
4755,248244,405.94138
4756,248288,211.45135
4757,248347,311.1732
4758,248476,642.2594
4759,248549,365.8124
4760,248649,530.691
4761,248721,389.01584
4762,248778,294.48392
4763,248889,509.1282
4764,248990,535.13586
4765,249060,367.50818
4766,249144,462.23703
4767,249197,290.32037
4768,249260,343.87152
4769,249403,678.8736
4770,249498,471.31546
4771,249553,269.1789
4772,249637,408.19363
4773,249685,246.50923
4774,249751,356.84183
4775,249838,452.4238
4776,249910,353.34677
4777,249966,296.5108
4778,250049,375.7502
4779,250097,210.75885
4780,250155,308.18143
4781,250224,373.3531
4782,250351,656.3087
4783,250421,377.92404
4784,250485,337.61697
4785,250580,510.48923
4786,250642,317.9038
4787,250704,331.36115
4788,250752,247.83435
4789,250835,451.57092
4790,250926,421.5349
4791,250979,277.87534
4792,251040,297.295
4793,251112,393.3514
4794,251190,347.14026
4795,251265,400.98328
4796,251334,363.76355
4797,251389,248.84674
4798,251449,331.79996
4799,251537,452.43454
4800,251605,366.0361
4801,251669,346.37595
4802,251752,396.7024
4803,251817,348.70593
4804,251882,355.63367
4805,251949,356.22678
4806,252003,244.60126
4807,252086,421.22025
4808,252158,348.74237
4809,252214,304.27097
4810,252266,282.22192
4811,252335,360.04218
4812,252402,320.3514
4813,252473,373.0253
4814,252536,341.752
4815,252657,544.39343
4816,252725,348.75378
4817,252763,189.95477
4818,252843,427.94632
4819,252908,336.32764
4820,252969,327.4116
4821,253063,425.3111
4822,253131,359.87314
4823,253225,494.67664
4824,253314,472.09195
4825,253411,493.51624
4826,253494,410.46286
4827,253539,230.55736
4828,253596,295.08582
4829,253678,442.9444
4830,253765,448.88272
4831,253822,300.6188
4832,253879,305.04358
4833,253950,334.60214
4834,254028,411.07892
4835,254116,463.76288
4836,254160,211.31987
4837,254232,389.57562
4838,254293,328.13324
4839,254370,353.73093
4840,254468,470.13193
4841,254535,342.2408
4842,254590,282.92575
4843,254656,352.0254
4844,254721,343.79642
4845,254793,381.94492
4846,254851,272.28873
4847,254926,352.98016
4848,254988,332.5322
4849,255061,319.1518
4850,255120,320.71136
4851,255165,230.93074
4852,255221,302.92776
4853,255272,271.57858
4854,255358,458.51584
4855,255425,333.78638
4856,255489,344.0228
4857,255526,188.53342
4858,255582,246.94748
4859,255684,527.96906
4860,255728,214.23694
4861,255804,410.71088
4862,255869,334.2334
4863,255949,411.60773
4864,256002,284.01044
4865,256090,481.22705
4866,256173,412.1513
4867,256249,345.64502
4868,256366,529.8793
4869,256429,345.38684
4870,256499,379.1722
4871,256591,499.6104
4872,256645,295.74014
4873,256739,498.00885
4874,256798,287.22095
4875,256878,375.35004
4876,257022,709.6547
4877,257089,364.14343
4878,257152,333.69254
4879,257216,348.04642
4880,257316,527.91235
4881,257379,333.90137
4882,257447,316.00638
4883,257565,626.46704
4884,257623,279.6231
4885,257686,337.63275
4886,257756,367.9432
4887,257882,666.57684
4888,257939,266.27393
4889,258076,643.76166
4890,258155,422.891
4891,258255,454.26865
4892,258301,212.14088
4893,258352,249.60236
4894,258417,328.35297
4895,258505,435.27594
4896,258567,339.48325
4897,258682,560.80505
4898,258733,275.7672
4899,258792,321.25662
4900,258853,323.85495
4901,258902,241.75641
4902,258993,458.0829
4903,259078,400.67227
4904,259159,422.11847
4905,259254,445.36966
4906,259335,382.49985
4907,259404,376.3346
4908,259481,409.4757
4909,259549,377.61722
4910,259628,426.4723
4911,259759,635.6041
4912,259835,338.86084
4913,259890,287.0197
4914,259985,517.5079
4915,260051,353.7973
4916,260121,376.68066
4917,260182,296.9779
4918,260239,305.55484
4919,260304,348.74612
4920,260363,317.65497
4921,260424,311.24854
4922,260483,312.65674
4923,260541,282.80276
4924,260603,325.15338
4925,260670,353.17474
4926,260725,295.15262
4927,260783,317.593
4928,260865,417.55426
4929,260930,326.09717
4930,261023,482.62112
4931,261084,331.55402
4932,261147,341.05417
4933,261215,363.73053
4934,261271,296.72253
4935,261364,464.2944
4936,261449,413.67487
4937,261541,491.82938
4938,261624,444.58536
4939,261697,365.8619
4940,261770,393.58765
4941,261863,494.36185
4942,261936,390.09436
4943,262041,557.4633
4944,262128,441.0428
4945,262204,395.2481
4946,262311,559.1328
4947,262398,465.1482
4948,262477,415.76648
4949,262543,342.45068
4950,262607,354.34213
4951,262686,374.3295
4952,262738,239.71361
4953,262812,393.2884
4954,262867,299.28592
4955,262923,256.8885
4956,262977,274.5147
4957,263042,350.4269
4958,263102,330.48795
4959,263164,343.27734
4960,263220,303.03412
4961,263273,284.32394
4962,263354,400.9951
4963,263454,525.9535
4964,263522,352.07977
4965,263605,440.83337
4966,263666,285.05374
4967,263741,351.23984
4968,263808,353.46765
4969,263864,259.59598
4970,263933,351.43933
4971,264008,401.55405
4972,264084,411.558
4973,264152,365.93106
4974,264213,330.70334
4975,264273,315.21033
4976,264342,376.26337
4977,264394,283.42712
4978,264455,324.93658
4979,264537,395.42822
4980,264602,312.0475
4981,264663,330.18356
4982,264739,414.59274
4983,264798,310.3493
4984,264864,347.26242
4985,264952,472.50577
4986,265028,397.02838
4987,265092,301.65366
4988,265148,303.0602
4989,265214,342.40427
4990,265312,517.7607
4991,265384,373.2899
4992,265460,394.38312
4993,265510,228.48987
4994,265578,357.8607
4995,265658,433.43237
4996,265724,291.7516
4997,265792,363.38046
4998,265870,391.95093
4999,265936,365.11935
5000,266022,450.90027
5001,266082,296.77997
5002,266169,453.03503
5003,266227,308.57172
5004,266294,313.2017
5005,266421,610.4965
5006,266500,425.00937
5007,266567,362.02957
5008,266660,482.32397
5009,266715,285.4782
5010,266798,385.56705
5011,266852,299.637
5012,266914,308.04953
5013,266972,306.98874
5014,267029,295.1693
5015,267090,285.36893
5016,267153,340.8699
5017,267256,521.3197
5018,267337,415.83594
5019,267431,451.8789
5020,267480,233.30602
5021,267541,311.97226
5022,267609,342.73868
5023,267674,310.53494
5024,267746,386.4356
5025,267835,473.165
5026,267898,337.47287
5027,267996,484.80176
5028,268074,430.31076
5029,268143,318.29453
5030,268206,338.6341
5031,268270,304.50046
5032,268348,417.69617
5033,268396,249.66257
5034,268474,415.88995
5035,268560,468.71216
5036,268627,353.5983
5037,268688,313.43362
5038,268749,306.99258
5039,268863,604.4031
5040,268938,398.74335
5041,269010,378.10123
5042,269084,403.1975
5043,269175,421.53073
5044,269236,327.29382
5045,269286,267.20947
5046,269386,500.50085
5047,269449,330.19702
5048,269526,351.18954
5049,269589,348.12332
5050,269649,316.97357
5051,269698,223.42914
5052,269773,405.52145
5053,269832,298.3096
5054,269894,329.82977
5055,269957,336.9288
5056,270020,329.93826
5057,270090,348.02972
5058,270163,353.12833
5059,270238,396.66095
5060,270307,361.18524
5061,270347,194.48595
5062,270407,328.73425
5063,270465,317.33792
5064,270517,278.1762
5065,270614,532.3095
5066,270715,529.5542
5067,270784,376.04132
5068,270899,593.91394
5069,270980,438.8238
5070,271048,359.77457
5071,271128,422.52313
5072,271180,279.42987
5073,271252,319.18353
5074,271340,456.37656
5075,271412,384.57468
5076,271480,364.33176
5077,271547,339.56635
5078,271651,472.50082
5079,271735,454.56253
5080,271827,500.41638
5081,271891,348.22345
5082,271978,455.166
5083,272044,356.49216
5084,272113,315.34613
5085,272178,342.07047
5086,272236,314.25558
5087,272297,329.62186
5088,272394,494.28625
5089,272466,385.04437
5090,272540,376.30853
5091,272614,391.46048
5092,272671,260.077
5093,272747,355.32327
5094,272805,315.16315
5095,272860,301.01544
5096,272918,315.97833
5097,273019,469.47818
5098,273099,414.91516
5099,273159,282.3719
5100,273230,367.68204
5101,273284,293.45578
5102,273384,520.02997
5103,273447,340.06815
5104,273508,336.9653
5105,273596,481.70755
5106,273641,200.40233
5107,273707,318.51697
5108,273767,321.67944
5109,273823,267.2098
5110,273882,318.40482
5111,273966,433.44348
5112,274040,370.0388
5113,274104,314.55276
5114,274197,450.66016
5115,274248,270.06293
5116,274340,501.0077
5117,274405,331.6513
5118,274464,284.37137
5119,274553,471.4236
5120,274613,327.91327
5121,274712,493.8806
5122,274747,159.71686
5123,274802,296.1662
5124,274857,302.30148
5125,274910,289.62152
5126,274992,433.41138
5127,275044,271.8609
5128,275213,869.5227
5129,275293,425.6543
5130,275346,287.64316
5131,275420,360.81476
5132,275477,302.0071
5133,275567,421.47784
5134,275630,289.0938
5135,275711,449.31036
5136,275767,291.6089
5137,275839,394.4898
5138,275896,309.90338
5139,275967,364.24734
5140,276023,277.6304
5141,276116,422.62238
5142,276186,383.6703
5143,276255,312.9067
5144,276329,335.88702
5145,276388,284.26627
5146,276483,510.29422
5147,276546,328.4838
5148,276623,398.10364
5149,276681,277.48978
5150,276746,342.49063
5151,276803,292.072
5152,276865,339.60226
5153,276949,432.90732
5154,277021,369.13345
5155,277114,497.10455
5156,277174,326.55573
5157,277263,449.58807
5158,277312,264.46838
5159,277383,354.4968
5160,277443,332.73
5161,277490,227.00302
5162,277559,373.7507
5163,277643,392.73117
5164,277728,450.1621
5165,277808,403.53644
5166,277885,378.46268
5167,277960,400.5962
5168,278035,361.29852
5169,278091,303.72858
5170,278158,363.48276
5171,278234,401.65622
5172,278291,315.45386
5173,278388,446.10318
5174,278457,383.0691
5175,278522,292.85248
5176,278573,278.26425
5177,278644,349.8764
5178,278748,531.0242
5179,278798,255.7961
5180,278864,310.55884
5181,278949,455.45685
5182,279037,466.50235
5183,279122,435.0251
5184,279186,345.20087
5185,279250,313.63666
5186,279315,337.1157
5187,279411,520.6403
5188,279471,324.85425
5189,279539,355.49667
5190,279596,283.69165
5191,279654,309.5994
5192,279731,417.17627
5193,279796,340.97366
5194,279875,377.30295
5195,279972,490.05225
5196,280045,386.86908
5197,280140,497.79346
5198,280232,449.93097
5199,280284,257.4855
5200,280370,421.446
5201,280450,425.7662
5202,280523,380.30573
5203,280594,347.80264
5204,280651,286.31744
5205,280739,392.14175
5206,280802,334.89883
5207,280859,304.5373
5208,280923,343.84387
5209,280989,360.89255
5210,281047,284.71234
5211,281106,296.27188
5212,281159,267.65527
5213,281225,291.91046
5214,281298,382.32208
5215,281403,508.68207
5216,281474,371.6235
5217,281576,521.80914
5218,281644,363.1053
5219,281726,416.05472
5220,281829,528.3912
5221,281920,411.747
5222,282034,603.32446
5223,282098,339.61383
5224,282170,398.54843
5225,282286,577.88403
5226,282368,379.80182
5227,282432,341.32642
5228,282494,281.0571
5229,282550,292.21106
5230,282620,333.98642
5231,282685,333.13855
5232,282800,609.69696
5233,282893,511.72717
5234,282958,348.9049
5235,283017,318.95822
5236,283099,449.4735
5237,283162,330.0558
5238,283230,314.20523
5239,283318,476.4277
5240,283411,441.9128
5241,283480,328.39896
5242,283566,459.88214
5243,283628,341.82422
5244,283685,306.5565
5245,283765,434.2858
5246,283807,205.25694
5247,283887,434.7515
5248,283948,334.03217
5249,284019,384.53595
5250,284090,375.55713
5251,284153,297.33856
5252,284214,287.7225
5253,284291,360.7111
5254,284386,496.99854
5255,284459,358.6784
5256,284509,215.68687
5257,284572,328.1473
5258,284635,343.85345
5259,284712,409.25192
5260,284785,336.98053
5261,284876,453.40686
5262,284943,308.7397
5263,285018,411.44702
5264,285126,560.4645
5265,285193,358.13095
5266,285267,357.0647
5267,285333,354.85504
5268,285403,386.17184
5269,285488,435.71066
5270,285544,262.9802
5271,285649,498.15762
5272,285717,372.6904
5273,285788,377.90604
5274,285847,323.82382
5275,285912,350.8409
5276,285989,334.0795
5277,286068,412.6965
5278,286135,314.7312
5279,286193,317.29565
5280,286264,379.28415
5281,286331,358.21
5282,286409,417.5721
5283,286471,276.3079
5284,286569,496.01654
5285,286638,372.78717
5286,286704,340.2757
5287,286784,361.96597
5288,286895,577.94794
5289,287062,881.4591
5290,287109,245.99593
5291,287180,390.51453
5292,287253,359.6284
5293,287361,569.15265
5294,287427,320.39612
5295,287490,288.30453
5296,287559,316.32587
5297,287637,361.11368
5298,287730,494.66638
5299,287793,327.16437
5300,287868,372.24738
5301,287931,320.93903
5302,288023,490.00903
5303,288081,311.38443
5304,288163,379.91312
5305,288211,239.54604
5306,288283,360.54205
5307,288353,380.01053
5308,288405,259.58102
5309,288485,381.5414
5310,288555,383.48898
5311,288638,438.6195
5312,288701,328.4915
5313,288778,409.02713
5314,288859,432.7259
5315,288920,314.16568
5316,289008,469.82434
5317,289090,387.3497
5318,289156,310.20767
5319,289222,322.82397
5320,289322,537.79407
5321,289387,294.92654
5322,289458,347.31427
5323,289523,346.88373
5324,289587,336.358
5325,289698,552.9374
5326,289775,387.81158
5327,289880,494.53745
5328,289956,375.48718
5329,290009,275.52975
5330,290064,267.71735
5331,290132,342.46832
5332,290184,272.91794
5333,290251,334.02225
5334,290329,379.54004
5335,290382,253.25421
5336,290483,550.20966
5337,290548,341.79965
5338,290616,357.94153
5339,290672,305.9017
5340,290753,386.567
5341,290821,362.16486
5342,290885,330.91898
5343,290994,530.432
5344,291069,392.6183
5345,291179,507.255
5346,291245,338.8952
5347,291290,211.04689
5348,291338,257.6594
5349,291433,506.2981
5350,291506,371.70602
5351,291575,376.48184
5352,291630,252.12772
5353,291684,245.57512
5354,291745,314.90063
5355,291817,383.80374
5356,291913,443.27304
5357,291995,368.36926
5358,292070,395.3
5359,292145,385.19916
5360,292194,228.7023
5361,292249,300.4802
5362,292333,445.17166
5363,292409,411.30557
5364,292490,426.92227
5365,292589,437.07138
5366,292665,412.9609
5367,292726,328.77167
5368,292826,467.55698
5369,292935,533.9607
5370,293048,556.08856
5371,293145,520.4274
5372,293211,348.5336
5373,293266,277.632
5374,293330,344.77426
5375,293407,418.54324
5376,293467,324.4788
5377,293535,363.80423
5378,293650,610.04254
5379,293731,408.89236
5380,293811,431.8527
5381,293907,443.18192
5382,293997,431.76498
5383,294052,279.48474
5384,294122,336.68677
5385,294190,358.18256
5386,294252,291.47934
5387,294326,367.45245
5388,294408,439.66797
5389,294485,402.2957
5390,294552,353.48886
5391,294612,313.4713
5392,294664,282.91168
5393,294763,520.99695
5394,294827,356.32935
5395,294940,578.32904
5396,295029,443.7719
5397,295099,373.7109
5398,295169,361.72882
5399,295258,446.06747
5400,295336,414.50812
5401,295391,297.7425
5402,295468,408.77295
5403,295542,362.11664
5404,295606,322.3648
5405,295690,391.8445
5406,295786,458.71164
5407,295825,191.76936
5408,295926,515.87134
5409,295974,253.33388
5410,296037,291.3795
5411,296098,327.38812
5412,296185,473.6682
5413,296289,551.7299
5414,296360,362.51706
5415,296435,408.1631
5416,296495,290.30695
5417,296559,292.11633
5418,296618,318.32007
5419,296675,283.31482
5420,296746,319.6827
5421,296811,351.48187
5422,296898,454.32797
5423,296951,260.3478
5424,297031,396.4872
5425,297117,395.97803
5426,297188,370.51797
5427,297266,425.1219
5428,297327,297.0581
5429,297391,347.77432
5430,297448,317.38507
5431,297500,242.65779
5432,297555,287.6329
5433,297665,526.1885
5434,297775,530.07385
5435,297846,383.1577
5436,297898,251.04576
5437,297961,307.29434
5438,298023,345.26843
5439,298104,409.63943
5440,298173,327.26315
5441,298236,320.05823
5442,298363,622.47205
5443,298468,561.87756
5444,298547,381.80096
5445,298622,388.35797
5446,298694,392.35336
5447,298758,331.10468
5448,298833,409.2561
5449,298903,379.94678
5450,298976,386.30664
5451,299072,501.9566
5452,299134,333.37003
5453,299210,410.28278
5454,299273,337.8883
5455,299395,642.76215
5456,299481,456.52145
5457,299546,356.24228
5458,299613,339.54056
5459,299714,499.93445
5460,299786,387.5192
5461,299854,361.82776
5462,299912,306.43698
5463,299994,421.9242
5464,300062,368.5541
5465,300123,328.30957
5466,300202,422.535
5467,300272,377.0897
5468,300387,598.8852
5469,300456,341.88327
5470,300500,210.44847
5471,300562,337.88123
5472,300673,570.06744
5473,300749,412.60187
5474,300822,394.56372
5475,300893,385.16293
5476,300951,303.85535
5477,301058,546.08795
5478,301119,305.5305
5479,301205,409.55115
5480,301267,327.18146
5481,301347,394.45193
5482,301421,339.61136
5483,301499,401.11154
5484,301570,335.6669
5485,301625,296.36932
5486,301686,332.68304
5487,301756,339.31186
5488,301824,350.46555
5489,301913,441.0432
5490,301987,381.078
5491,302080,428.31772
5492,302145,344.35782
5493,302228,447.62668
5494,302301,330.6698
5495,302357,297.25836
5496,302458,538.0865
5497,302551,496.98486
5498,302625,407.93887
5499,302674,241.37546
5500,302741,329.5168
5501,302805,334.21576
5502,302868,342.92404
5503,302931,344.62796
5504,303005,382.29926
5505,303067,342.05728
5506,303114,228.07582
5507,303197,394.86853
5508,303256,313.04068
5509,303331,403.41418
5510,303409,423.92133
5511,303480,328.2648
5512,303526,227.58932
5513,303635,553.3433
5514,303677,215.55858
5515,303749,378.23953
5516,303825,382.55237
5517,303888,334.9754
5518,303956,372.29257
5519,304020,346.95285
5520,304093,395.76974
5521,304166,391.58426
5522,304245,382.59644
5523,304321,350.27133
5524,304401,423.69992
5525,304478,403.78574
5526,304585,486.485
5527,304675,482.37485
5528,304728,246.88358
5529,304790,321.68103
5530,304889,525.23596
5531,304958,369.80734
5532,305015,306.13962
5533,305119,535.80225
5534,305167,252.32436
5535,305234,367.30652
5536,305347,563.314
5537,305416,363.08365
5538,305473,309.46875
5539,305549,412.78528
5540,305619,320.39194
5541,305695,337.7834
5542,305771,399.3781
5543,305835,343.75333
5544,305904,351.41556
5545,305984,404.59955
5546,306071,463.5501
5547,306135,293.59705
5548,306202,367.1835
5549,306298,517.60754
5550,306367,359.54977
5551,306506,649.1947
5552,306566,326.55035
5553,306619,291.41953
5554,306681,343.17926
5555,306750,380.819
5556,306831,402.7449
5557,306899,375.87906
5558,306963,327.99188
5559,307032,359.00037
5560,307144,600.1284
5561,307216,385.94727
5562,307299,445.2287
5563,307368,377.98157
5564,307476,520.66223
5565,307548,386.4793
5566,307618,360.87424
5567,307685,372.9497
5568,307734,225.50897
5569,307802,373.5763
5570,307874,386.44467
5571,307955,414.43155
5572,308022,362.99924
5573,308083,327.06876
5574,308159,404.63846
5575,308253,423.60986
5576,308335,428.76105
5577,308405,328.8467
5578,308483,399.18994
5579,308536,290.2846
5580,308606,341.89548
5581,308663,313.3302
5582,308739,383.51947
5583,308814,403.76056
5584,308891,414.98682
5585,308981,472.47412
5586,309039,296.26996
5587,309143,506.1693
5588,309224,420.10092
5589,309289,310.15097
5590,309332,205.08159
5591,309369,169.4462
5592,309455,466.90512
5593,309557,553.08777
5594,309629,366.72293
5595,309753,647.6638
5596,309820,349.80414
5597,309898,396.90207
5598,309940,206.70639
5599,310003,334.537
5600,310081,406.97375
5601,310179,438.84283
5602,310251,353.56586
5603,310310,287.70184
5604,310390,418.47675
5605,310460,375.68204
5606,310514,286.41266
5607,310568,290.10077
5608,310629,332.23593
5609,310691,307.03867
5610,310784,495.846
5611,310869,452.94785
5612,310936,357.69034
5613,311009,371.42917
5614,311082,373.6984
5615,311155,395.1042
5616,311225,349.04517
5617,311305,366.04553
5618,311364,315.40784
5619,311447,439.31076
5620,311514,323.31647
5621,311589,365.94168
5622,311680,477.94745
5623,311757,416.3783
5624,311822,308.7357
5625,311908,443.19836
5626,311998,470.3696
5627,312076,371.4295
5628,312140,320.10794
5629,312238,475.90146
5630,312309,366.0834
5631,312367,312.81906
5632,312427,331.56296
5633,312491,293.7686
5634,312546,254.75769
5635,312633,422.0857
5636,312707,380.8037
5637,312805,489.1956
5638,312874,380.24432
5639,313008,662.62775
5640,313081,402.5682
5641,313131,244.67725
5642,313197,322.9932
5643,313297,529.11694
5644,313386,483.25916
5645,313451,333.64148
5646,313579,685.0834
5647,313658,377.30264
5648,313708,271.26645
5649,313820,517.72864
5650,313879,271.4523
5651,313959,405.94235
5652,314030,374.99332
5653,314114,429.45206
5654,314170,302.60257
5655,314242,365.67206
5656,314316,391.22223
5657,314435,611.07086
5658,314543,512.2473
5659,314610,349.85248
5660,314699,414.6672
5661,314756,311.3089
5662,314817,302.81302
5663,314873,263.23566
5664,314982,504.8674
5665,315048,348.9752
5666,315133,458.02835
5667,315202,375.40204
5668,315272,310.50854
5669,315423,697.286
5670,315490,359.5947
5671,315566,410.08066
5672,315685,592.3939
5673,315765,394.90106
5674,315850,439.5012
5675,315921,361.80658
5676,315979,309.09473
5677,316065,459.307
5678,316127,331.79102
5679,316214,395.92645
5680,316275,290.41525
5681,316335,278.72583
5682,316394,316.98877
5683,316464,364.53412
5684,316537,387.96512
5685,316605,304.04922
5686,316671,362.13727
5687,316744,373.76898
5688,316807,301.66916
5689,316891,416.4445
5690,316976,438.60934
5691,317030,296.85117
5692,317146,604.70703
5693,317211,327.18945
5694,317296,437.76428
5695,317358,339.5333
5696,317435,382.58728
5697,317512,418.08878
5698,317580,370.54565
5699,317643,347.71777
5700,317720,399.2251
5701,317800,432.87674
5702,317860,328.6963
5703,317927,366.54715
5704,318012,412.65833
5705,318074,329.69006
5706,318159,397.09952
5707,318220,332.98648
5708,318317,522.8459
5709,318394,409.43454
5710,318480,420.98547
5711,318563,386.02686
5712,318614,278.98962
5713,318686,378.27222
5714,318756,382.15607
5715,318814,296.83353
5716,318870,265.28354
5717,318922,246.14447
5718,318993,375.78238
5719,319053,327.8182
5720,319109,286.51077
5721,319167,308.84003
5722,319242,372.74942
5723,319305,354.82254
5724,319426,608.8301
5725,319496,343.81186
5726,319561,353.98422
5727,319622,336.89886
5728,319738,567.9736
5729,319818,397.68658
5730,319886,325.83093
5731,319960,336.62372
5732,320031,391.21692
5733,320091,324.65106
5734,320137,215.36452
5735,320269,685.8921
5736,320416,743.28534
5737,320506,485.06418
5738,320559,288.61664
5739,320638,392.6659
5740,320705,315.80154
5741,320753,235.89621
5742,320846,485.94788
5743,320901,293.6427
5744,320990,430.8665
5745,321046,304.71228
5746,321120,353.81073
5747,321196,387.8801
5748,321278,425.42032
5749,321336,321.1674
5750,321398,329.11032
5751,321475,360.8885
5752,321559,413.51382
5753,321633,376.36444
5754,321724,429.8616
5755,321796,390.62006
5756,321851,299.27774
5757,321913,302.43967
5758,322027,546.8273
5759,322097,355.05957
5760,322191,487.48373
5761,322269,420.229
5762,322334,353.7894
5763,322401,356.98907
5764,322460,320.43222
5765,322537,422.8135
5766,322613,412.02625
5767,322670,305.27362
5768,322751,443.67923
5769,322816,297.0403
5770,322914,537.6342
5771,323002,410.32126
5772,323079,358.4669
5773,323145,357.22925
5774,323229,395.97357
5775,323305,361.7793
5776,323423,593.3139
5777,323478,296.72244
5778,323537,282.02182
5779,323591,275.13156
5780,323674,389.9042
5781,323727,283.71783
5782,323800,365.4794
5783,323863,338.9429
5784,323925,320.8309
5785,323985,296.16486
5786,324050,296.38867
5787,324109,315.73425
5788,324173,302.8339
5789,324267,466.26526
5790,324341,334.5068
5791,324404,349.25806
5792,324476,354.8004
5793,324531,299.3804
5794,324610,420.57755
5795,324666,307.31906
5796,324738,389.34256
5797,324796,314.38715
5798,324867,367.88104
5799,324953,396.61084
5800,325012,287.37708
5801,325082,375.41113
5802,325161,413.44296
5803,325235,393.0456
5804,325330,436.36588
5805,325399,374.27625
5806,325474,374.02628
5807,325536,295.33725
5808,325591,287.78223
5809,325662,381.3357
5810,325740,405.2453
5811,325822,436.58548
5812,325878,289.0901
5813,325941,342.5617
5814,326001,290.47217
5815,326113,566.6512
5816,326181,373.10065
5817,326230,221.51698
5818,326277,239.9117
5819,326347,366.43866
5820,326418,368.9296
5821,326477,319.23624
5822,326550,398.54193
5823,326612,330.2982
5824,326716,558.93304
5825,326783,362.42078
5826,326867,371.1786
5827,326941,400.54742
5828,327048,555.70483
5829,327123,406.29227
5830,327182,288.0351
5831,327245,346.27496
5832,327318,399.31995
5833,327383,301.365
5834,327455,369.45105
5835,327577,642.6879
5836,327682,478.95428
5837,327831,727.25775
5838,327906,398.01324
5839,327971,297.35904
5840,328036,332.78336
5841,328115,357.27728
5842,328193,419.8319
5843,328278,372.34586
5844,328357,379.68387
5845,328446,477.8268
5846,328496,262.4836
5847,328564,368.4091
5848,328629,357.43646
5849,328728,513.52563
5850,328792,346.76306
5851,328859,363.6709
5852,328937,406.42972
5853,329018,402.17007
5854,329110,450.0224
5855,329199,487.38614
5856,329287,462.2127
5857,329350,335.76825
5858,329418,366.0893
5859,329485,371.56393
5860,329545,278.31665
5861,329615,380.27246
5862,329707,490.3402
5863,329770,341.8242
5864,329826,302.97296
5865,329874,260.14383
5866,330002,679.2989
5867,330114,589.96747
5868,330186,351.37234
5869,330267,415.5108
5870,330364,518.73303
5871,330424,269.2569
5872,330549,571.8721
5873,330632,437.2738
5874,330679,234.35237
5875,330758,399.78482
5876,330827,310.58856
5877,330894,344.5654
5878,330947,260.82532
5879,331015,374.00693
5880,331093,397.80612
5881,331168,412.30423
5882,331232,309.56522
5883,331287,253.62943
5884,331351,326.989
5885,331437,467.1472
5886,331496,323.10483
5887,331582,449.2458
5888,331657,394.24326
5889,331730,336.00974
5890,331769,199.55344
5891,331841,391.72388
5892,331914,399.5124
5893,332037,632.08575
5894,332117,414.11124
5895,332184,305.9652
5896,332256,385.93484
5897,332315,319.1578
5898,332373,314.00262
5899,332459,461.5651
5900,332524,340.45297
5901,332598,338.21234
5902,332681,401.65683
5903,332746,353.35962
5904,332822,353.9179
5905,332897,396.3746
5906,333049,762.3699
5907,333131,449.65945
5908,333193,337.31506
5909,333259,360.48376
5910,333340,439.94772
5911,333401,286.58188
5912,333480,379.45386
5913,333570,446.23514
5914,333635,347.314
5915,333697,328.14926
5916,333785,460.9592
5917,333845,281.582
5918,333895,234.31688
5919,333964,326.6065
5920,334034,394.7924
5921,334095,331.83713
5922,334176,426.2117
5923,334260,415.46973
5924,334326,364.13663
5925,334393,357.99295
5926,334472,378.98508
5927,334553,437.3355
5928,334610,275.09106
5929,334685,392.41086
5930,334790,533.6076
5931,334845,289.88116
5932,334945,471.49536
5933,335018,371.21066
5934,335091,390.54755
5935,335150,317.77896
5936,335228,405.55734
5937,335291,342.90616
5938,335399,532.5417
5939,335459,305.4067
5940,335569,587.85474
5941,335624,262.00613
5942,335712,446.6619
5943,335777,291.2425
5944,335841,338.20288
5945,335922,398.1525
5946,335989,365.48657
5947,336045,303.46906
5948,336109,319.84796
5949,336206,508.64557
5950,336257,247.18443
5951,336323,358.41028
5952,336391,364.07706
5953,336484,500.98175
5954,336558,378.5886
5955,336626,318.5328
5956,336691,337.61877
5957,336761,377.53998
5958,336826,316.88718
5959,336926,509.09183
5960,337002,407.44427
5961,337101,495.12506
5962,337193,481.94028
5963,337267,393.72272
5964,337333,359.16
5965,337388,295.5559
5966,337481,495.37787
5967,337578,507.41003
5968,337675,496.43826
5969,337750,409.1708
5970,337812,281.23486
5971,337876,342.99295
5972,337964,402.33737
5973,338042,412.61627
5974,338164,623.0441
5975,338254,487.55334
5976,338323,375.24173
5977,338408,405.10092
5978,338484,405.17252
5979,338573,454.07056
5980,338630,305.02054
5981,338729,516.07
5982,338802,401.5349
5983,338903,542.38904
5984,338971,361.79208
5985,339024,244.05632
5986,339109,445.14993
5987,339191,420.40704
5988,339339,709.5714
5989,339398,312.98233
5990,339483,446.41534
5991,339573,466.126
5992,339664,471.70596
5993,339725,328.49634
5994,339775,234.53348
5995,339831,293.80862
5996,339911,387.59537
5997,339982,386.8917
5998,340071,480.02747
5999,340150,424.3414
6000,340218,362.4568
6001,340316,479.29617
6002,340378,332.97952
6003,340434,255.27571
6004,340508,403.10538
6005,340577,377.96042
6006,340650,400.7711
6007,340702,242.86824
6008,340762,316.87302
6009,340832,378.4708
6010,340928,512.98145
6011,341003,344.14404
6012,341067,343.89243
6013,341133,357.0437
6014,341198,304.1037
6015,341276,372.0273
6016,341379,474.765
6017,341432,273.65036
6018,341498,312.8524
6019,341566,366.1994
6020,341634,315.5085
6021,341750,607.0652
6022,341824,381.03244
6023,341887,306.20975
6024,341954,360.702
6025,342042,479.64084
6026,342140,509.05136
6027,342232,472.94202
6028,342313,408.91556
6029,342415,548.12726
6030,342483,379.2922
6031,342555,383.2138
6032,342639,378.7679
6033,342704,350.9514
6034,342802,469.12213
6035,342867,331.41306
6036,342931,304.96423
6037,342999,365.77524
6038,343073,400.79428
6039,343139,325.04413
6040,343212,393.12952
6041,343264,266.6275
6042,343330,352.5453
6043,343410,434.88474
6044,343469,258.91183
6045,343531,338.67877
6046,343592,271.5809
6047,343689,485.92368
6048,343776,404.25113
6049,343842,356.96063
6050,343942,513.9464
6051,344002,307.5159
6052,344084,435.8381
6053,344140,306.2241
6054,344203,285.56277
6055,344299,522.96954
6056,344380,395.7713
6057,344461,438.02563
6058,344530,351.88535
6059,344596,304.61734
6060,344647,269.7138
6061,344707,327.9086
6062,344780,357.75583
6063,344842,318.0241
6064,344912,359.50528
6065,344983,354.04062
6066,345062,430.3423
6067,345130,312.37534
6068,345199,365.1797
6069,345268,377.19052
6070,345338,379.70947
6071,345441,537.74023
6072,345500,321.51132
6073,345583,409.7598
6074,345752,855.93445
6075,345806,276.27673
6076,345920,621.27826
6077,345992,363.74084
6078,346066,330.1127
6079,346210,725.8676
6080,346261,245.58371
6081,346357,482.58017
6082,346416,298.70966
6083,346480,334.8663
6084,346556,415.09286
6085,346604,230.19293
6086,346663,322.92496
6087,346716,255.95567
6088,346783,344.213
6089,346837,286.74423
6090,346910,358.71036
6091,346960,271.15192
6092,347018,312.79605
6093,347090,399.43253
6094,347166,392.08087
6095,347234,371.48853
6096,347319,396.97064
6097,347392,351.57956
6098,347433,203.01584
6099,347532,514.6815
6100,347610,415.373
6101,347677,320.5744
6102,347757,432.30447
6103,347817,273.0264
6104,347881,353.94778
6105,347946,283.30484
6106,348051,546.75134
6107,348132,390.27814
6108,348204,386.9016
6109,348310,557.6094
6110,348409,495.10934
6111,348472,336.453
6112,348543,327.3082
6113,348629,413.16904
6114,348707,410.68417
6115,348797,484.6544
6116,348870,399.21487
6117,348962,490.1279
6118,349035,397.9533
6119,349102,315.65012
6120,349172,387.67065
6121,349241,374.05154
6122,349312,373.41107
6123,349373,317.1913
6124,349435,308.88696
6125,349505,384.26868
6126,349584,434.3964
6127,349681,491.8101
6128,349751,376.0837
6129,349862,590.79425
6130,349919,292.6144
6131,349992,397.74164
6132,350065,348.07358
6133,350161,475.524
6134,350223,339.03796
6135,350265,206.6618
6136,350335,378.1912
6137,350430,491.45538
6138,350505,381.1913
6139,350616,577.7755
6140,350679,331.2259
6141,350737,310.31705
6142,350784,223.54936
6143,350857,400.80298
6144,350934,407.0579
6145,351000,330.4048
6146,351085,457.02896
6147,351137,281.65887
6148,351198,331.99902
6149,351272,363.42465
6150,351338,362.09662
6151,351412,346.7459
6152,351503,464.7614
6153,351581,412.04065
6154,351668,464.46207
6155,351721,262.36945
6156,351797,381.35553
6157,351870,383.67538
6158,351937,356.62662
6159,352085,727.53455
6160,352192,576.0445
6161,352268,405.29108
6162,352353,450.15836
6163,352432,366.3405
6164,352479,238.20198
6165,352548,341.50116
6166,352608,287.9787
6167,352675,365.75873
6168,352734,321.23636
6169,352849,593.57855
6170,352916,359.8658
6171,352984,364.28772
6172,353098,512.87366
6173,353188,416.27982
6174,353247,318.93768
6175,353351,562.09235
6176,353414,292.43716
6177,353481,349.2325
6178,353543,322.2597
6179,353618,408.97018
6180,353678,275.6397
6181,353760,445.1537
6182,353831,380.7086
6183,353906,400.54575
6184,353984,352.95197
6185,354048,330.90042
6186,354108,318.53503
6187,354181,399.80096
6188,354264,443.53998
6189,354330,357.71814
6190,354412,442.78802
6191,354468,244.47699
6192,354540,386.56244
6193,354605,311.64944
6194,354669,345.36322
6195,354762,451.10693
6196,354860,463.79007
6197,354928,373.75238
6198,354993,353.17743
6199,355077,448.40115
6200,355141,352.76056
6201,355227,394.47946
6202,355290,329.6573
6203,355368,367.88367
6204,355415,220.81635
6205,355471,292.63666
6206,355534,296.85446
6207,355613,426.52396
6208,355699,463.00366
6209,355760,330.60394
6210,355856,463.81717
6211,355937,423.99033
6212,356003,368.01257
6213,356074,394.06992
6214,356157,437.15836
6215,356241,380.09555
6216,356314,349.58548
6217,356402,467.32944
6218,356489,469.13547
6219,356546,262.98053
6220,356632,443.1615
6221,356720,478.5358
6222,356803,418.8717
6223,356891,444.3844
6224,356954,311.99133
6225,357007,288.9567
6226,357099,446.27277
6227,357177,382.14273
6228,357248,381.48322
6229,357325,414.54822
6230,357406,435.41003
6231,357466,324.88412
6232,357536,351.86322
6233,357596,308.5258
6234,357661,328.4486
6235,357760,464.11243
6236,357839,431.40222
6237,357900,329.1281
6238,357962,298.4814
6239,358024,336.34207
6240,358101,365.3754
6241,358177,390.36768
6242,358261,454.72128
6243,358325,348.8945
6244,358398,352.83624
6245,358510,585.27576
6246,358620,536.88983
6247,358708,477.11005
6248,358796,442.46008
6249,358841,223.03842
6250,358905,329.1429
6251,358958,289.51813
6252,359013,297.51917
6253,359091,346.45877
6254,359152,316.48663
6255,359227,373.01425
6256,359296,372.42117
6257,359366,319.84695
6258,359442,398.6284
6259,359530,454.43195
6260,359613,413.15115
6261,359675,283.71075
6262,359728,277.31827
6263,359814,443.12958
6264,359876,337.90576
6265,359942,363.20703
6266,360012,331.6631
6267,360088,424.67728
6268,360162,387.0364
6269,360247,448.37643
6270,360325,417.78412
6271,360487,804.31757
6272,360557,365.15277
6273,360660,511.0568
6274,360719,266.6886
6275,360812,491.55887
6276,360874,322.57144
6277,360935,322.02332
6278,361013,368.40723
6279,361120,586.5901
6280,361223,495.64844
6281,361276,288.78485
6282,361344,331.31662
6283,361417,352.73087
6284,361513,459.78766
6285,361585,378.44525
6286,361676,449.0937
6287,361750,322.74765
6288,361813,350.51492
6289,361882,373.82013
6290,361966,416.42767
6291,362034,377.3193
6292,362124,413.32962
6293,362190,306.02997
6294,362268,348.49548
6295,362330,280.57486
6296,362402,393.1526
6297,362465,332.23096
6298,362584,553.7487
6299,362650,294.73447
6300,362696,231.67511
6301,362780,452.81558
6302,362848,374.9813
6303,362925,373.67154
6304,363064,743.01056
6305,363130,348.94998
6306,363205,365.85373
6307,363318,599.35284
6308,363369,277.94476
6309,363454,456.05402
6310,363525,332.56314
6311,363596,372.4253
6312,363675,370.14062
6313,363732,258.39728
6314,363770,194.12125
6315,363838,363.19785
6316,363914,352.4492
6317,363994,380.7671
6318,364067,395.09335
6319,364134,342.7528
6320,364213,358.7663
6321,364281,359.69098
6322,364350,379.77637
6323,364464,565.13196
6324,364535,378.26172
6325,364616,437.7274
6326,364708,494.20938
6327,364774,361.34988
6328,364919,674.1225
6329,364978,324.60065
6330,365044,362.9155
6331,365113,374.49176
6332,365189,390.53656
6333,365260,372.6172
6334,365325,363.24597
6335,365362,186.32709
6336,365456,489.01068
6337,365547,454.1058
6338,365632,439.0699
6339,365702,371.74374
6340,365775,387.07584
6341,365844,358.43936
6342,365944,516.4659
6343,366000,290.56952
6344,366063,341.9744
6345,366152,405.89395
6346,366272,635.22845
6347,366345,374.8328
6348,366421,407.11176
6349,366525,476.3473
6350,366611,386.60385
6351,366660,232.71848
6352,366728,366.6249
6353,366788,333.95642
6354,366845,281.84055
6355,366911,365.9089
6356,366977,319.25143
6357,367048,366.88635
6358,367109,328.14627
6359,367182,393.48364
6360,367252,387.30618
6361,367330,405.44852
6362,367419,451.49963
6363,367477,267.10397
6364,367533,296.517
6365,367609,406.91794
6366,367726,572.92053
6367,367792,362.72394
6368,367863,375.35812
6369,367936,383.79498
6370,368010,381.6142
6371,368071,335.28232
6372,368157,456.09778
6373,368216,269.1369
6374,368279,323.1127
6375,368346,362.79364
6376,368404,296.53812
6377,368478,375.12616
6378,368553,394.83197
6379,368601,241.416
6380,368679,421.83768
6381,368734,290.13278
6382,368800,358.33533
6383,368850,239.34685
6384,368933,409.79797
6385,369019,433.83563
6386,369085,330.45715
6387,369172,404.15137
6388,369255,462.28763
6389,369333,353.99854
6390,369409,407.72723
6391,369485,400.0691
6392,369553,354.15125
6393,369679,674.89716
6394,369757,392.5252
6395,369841,433.2649
6396,369923,441.39758
6397,369982,321.34766
6398,370043,318.29446
6399,370138,528.19836
6400,370214,412.3818
6401,370301,390.70102
6402,370376,383.8055
6403,370435,320.69315
6404,370532,491.29572
6405,370582,254.53746
6406,370652,328.09082
6407,370733,426.26178
6408,370790,314.71024
6409,370876,454.9983
6410,370941,303.74466
6411,371003,288.52478
6412,371110,493.1868
6413,371173,340.85226
6414,371222,254.96219
6415,371304,436.80652
6416,371387,437.1863
6417,371451,336.60815
6418,371501,231.52774
6419,371578,349.8838
6420,371660,430.86285
6421,371733,390.45853
6422,371830,518.31116
6423,371906,394.66452
6424,372021,524.7354
6425,372110,460.54294
6426,372195,403.37317
6427,372276,384.07352
6428,372368,498.2125
6429,372444,403.4124
6430,372522,415.89066
6431,372594,390.33054
6432,372671,417.9825
6433,372739,371.28366
6434,372834,461.1099
6435,372900,364.1398
6436,372971,379.27786
6437,372995,114.19712
6438,373058,343.3102
6439,373145,465.84503
6440,373206,322.38303
6441,373282,359.51212
6442,373338,285.15045
6443,373447,574.391
6444,373509,318.2101
6445,373598,478.2527
6446,373672,396.70233
6447,373762,473.0016
6448,373831,367.6485
6449,373935,510.04733
6450,374016,446.77722
6451,374082,337.13315
6452,374211,653.70074
6453,374320,518.9022
6454,374414,500.63123
6455,374523,539.5987
6456,374584,328.532
6457,374676,481.29596
6458,374744,372.7998
6459,374799,295.30823
6460,374864,357.0368
6461,374926,321.4756
6462,375009,442.463
6463,375080,334.19022
6464,375145,338.93304
6465,375249,543.597
6466,375348,537.22253
6467,375416,371.0458
6468,375477,336.5248
6469,375568,495.11093
6470,375638,349.9805
6471,375716,417.19284
6472,375775,319.86798
6473,375837,332.77103
6474,375947,577.507
6475,376009,338.0086
6476,376087,419.55118
6477,376176,437.9715
6478,376239,342.83542
6479,376308,375.74286
6480,376379,332.34494
6481,376452,395.8284
6482,376531,432.32352
6483,376686,817.035
6484,376754,367.79825
6485,376815,308.2865
6486,376881,350.35645
6487,376950,368.68552
6488,377011,323.19366
6489,377065,294.9665
6490,377176,563.2498
6491,377236,328.193
6492,377308,395.37726
6493,377372,348.0004
6494,377448,407.48682
6495,377539,459.71017
6496,377657,611.997
6497,377710,263.80627
6498,377775,347.42062
6499,377848,394.14682
6500,377905,303.65872
6501,377985,412.2535
6502,378091,538.78595
6503,378155,303.05847
6504,378283,616.52155
6505,378331,245.42702
6506,378389,303.37497
6507,378457,362.83435
6508,378515,317.05008
6509,378573,314.8417
6510,378637,333.78287
6511,378733,452.22815
6512,378811,420.79108
6513,378865,290.69595
6514,378956,499.14816
6515,379018,333.89682
6516,379107,494.25342
6517,379179,387.74405
6518,379239,298.73447
6519,379375,720.8402
6520,379477,512.7042
6521,379513,170.13437
6522,379606,506.85767
6523,379698,487.6562
6524,379781,450.79166
6525,379868,411.91086
6526,380033,836.8321
6527,380146,583.1516
6528,380227,384.77805
6529,380298,366.04083
6530,380357,257.4614
6531,380410,256.89447
6532,380497,464.931
6533,380580,417.2463
6534,380658,396.1263
6535,380729,391.88715
6536,380801,384.49936
6537,380865,320.67294
6538,380948,442.49362
6539,381046,523.6914
6540,381110,332.95422
6541,381283,844.33264
6542,381357,407.22086
6543,381419,318.83505
6544,381490,388.9183
6545,381576,458.42966
6546,381659,440.47684
6547,381737,401.70895
6548,381806,372.7489
6549,381870,321.1572
6550,381936,315.07803
6551,382014,411.3235
6552,382099,470.78958
6553,382202,529.4281
6554,382278,386.8144
6555,382353,402.40588
6556,382422,378.09192
6557,382513,495.49167
6558,382579,298.55774
6559,382629,256.716
6560,382714,417.57138
6561,382786,331.30725
6562,382893,575.18134
6563,382963,363.01218
6564,383046,446.81686
6565,383118,362.47964
6566,383222,547.50464
6567,383281,271.66147
6568,383363,434.29385
6569,383454,450.14407
6570,383533,396.306
6571,383609,402.39526
6572,383678,376.12787
6573,383738,336.17157
6574,383804,358.95395
6575,383873,372.4709
6576,384003,637.0225
6577,384067,330.1662
6578,384208,713.55786
6579,384270,338.73535
6580,384362,500.43344
6581,384440,390.16455
6582,384519,405.95837
6583,384585,354.78763
6584,384655,383.65475
6585,384760,548.15485
6586,384835,393.7135
6587,384931,488.2701
6588,385061,599.3473
6589,385161,483.87775
6590,385251,486.88687
6591,385299,249.07942
6592,385357,319.75397
6593,385446,473.14337
6594,385551,487.27936
6595,385622,393.8554
6596,385696,406.367
6597,385765,359.72226
6598,385862,508.36078
6599,385935,399.76096
6600,385999,350.49988
6601,386093,483.4857
6602,386148,288.1653
6603,386230,436.5026
6604,386300,346.33243
6605,386365,349.81256
6606,386424,318.88715
6607,386476,262.9007
6608,386546,354.23587
6609,386607,298.58517
6610,386683,413.75067
6611,386778,507.43448
6612,386914,695.953
6613,386984,328.50168
6614,387049,352.3689
6615,387130,399.24088
6616,387205,359.60605
6617,387286,360.08252
6618,387366,430.63583
6619,387474,508.14136
6620,387565,464.75146
6621,387618,286.86603
6622,387748,685.5319
6623,387855,519.47766
6624,387927,359.05353
6625,387993,344.9129
6626,388034,211.14958
6627,388123,485.0129
6628,388193,376.96985
6629,388271,396.5098
6630,388377,503.13358
6631,388461,408.68933
6632,388527,345.13965
6633,388605,421.36426
6634,388682,406.42398
6635,388756,403.88223
6636,388817,328.35126
6637,388896,397.24234
6638,388979,447.65552
6639,389052,395.10925
6640,389134,447.4571
6641,389210,364.50195
6642,389263,281.88284
6643,389332,374.5718
6644,389398,342.48148
6645,389455,314.4875
6646,389526,386.19138
6647,389617,480.8158
6648,389706,469.3549
6649,389820,588.1764
6650,389887,368.93967
6651,389961,364.37466
6652,390042,443.9802
6653,390110,354.97415
6654,390182,342.05887
6655,390296,555.8696
6656,390353,304.1844
6657,390452,535.8237
6658,390545,502.47406
6659,390607,329.99954
6660,390659,243.80585
6661,390722,294.6276
6662,390777,300.5644
6663,390854,416.70398
6664,390922,369.80862
6665,390976,261.5363
6666,391060,409.61212
6667,391136,355.3634
6668,391192,269.51617
6669,391250,295.11646
6670,391317,360.449
6671,391408,428.4927
6672,391494,417.83585
6673,391581,467.47516
6674,391660,424.1753
6675,391712,282.5604
6676,391795,398.16464
6677,391885,426.27756
6678,391952,329.9065
6679,392029,408.44684
6680,392096,356.76617
6681,392210,591.9425
6682,392295,457.8359
6683,392365,388.82465
6684,392431,334.4775
6685,392535,530.9145
6686,392601,343.89706
6687,392756,800.6822
6688,392830,368.81528
6689,392890,329.30872
6690,392969,353.97308
6691,393080,573.70435
6692,393151,384.18866
6693,393265,592.9792
6694,393323,316.73865
6695,393418,492.52557
6696,393500,452.17383
6697,393592,434.7982
6698,393666,342.0835
6699,393734,319.35382
6700,393799,290.06223
6701,393851,279.31064
6702,393935,419.48355
6703,394002,356.02667
6704,394118,581.55536
6705,394207,461.77908
6706,394275,315.66028
6707,394347,330.4436
6708,394418,386.6035
6709,394486,322.60632
6710,394550,357.75446
6711,394626,414.36243
6712,394686,317.7991
6713,394753,311.4935
6714,394836,438.64508
6715,394903,371.4651
6716,394990,409.5294
6717,395077,431.80707
6718,395220,757.1455
6719,395287,371.21243
6720,395357,370.89914
6721,395433,413.32724
6722,395541,503.9889
6723,395610,319.52008
6724,395673,335.5203
6725,395753,429.7323
6726,395808,265.27094
6727,395874,355.3956
6728,395972,523.3185
6729,396035,313.43045
6730,396095,299.6232
6731,396172,412.70685
6732,396246,409.20367
6733,396324,351.55685
6734,396421,532.7526
6735,396490,367.2814
6736,396589,529.12976
6737,396663,400.53915
6738,396762,496.73672
6739,396822,334.22778
6740,396894,393.1823
6741,396971,364.91205
6742,397071,528.74756
6743,397148,420.40646
6744,397201,245.18672
6745,397256,270.49283
6746,397370,597.3801
6747,397450,405.04495
6748,397524,400.14548
6749,397570,211.5318
6750,397655,448.41583
6751,397729,404.29593
6752,397795,356.35187
6753,397856,292.0852
6754,397928,382.67242
6755,398002,373.70703
6756,398076,384.5587
6757,398124,255.48013
6758,398223,534.10187
6759,398293,384.5342
6760,398369,401.80414
6761,398440,318.1058
6762,398522,390.21646
6763,398580,318.6478
6764,398637,275.59955
6765,398709,385.48483
6766,398813,471.15005
6767,398892,376.75165
6768,398992,460.72507
6769,399059,312.53305
6770,399131,335.84473
6771,399192,305.3258
6772,399280,471.9605
6773,399375,499.592
6774,399442,361.31372
6775,399505,269.642
6776,399569,346.3257
6777,399646,358.46527
6778,399758,522.03955
6779,399861,513.8536
6780,399923,331.65298
6781,399984,316.38306
6782,400033,262.55707
6783,400115,442.11884
6784,400182,349.8563
6785,400254,314.32767
6786,400308,305.77777
6787,400398,476.73618
6788,400479,356.93762
6789,400567,475.4105
6790,400644,400.1421
6791,400760,570.1944
6792,400871,525.92316
6793,400933,333.15585
6794,401013,384.5452
6795,401090,369.9053
6796,401174,383.71527
6797,401281,557.76196
6798,401342,307.3433
6799,401428,425.8255
6800,401485,296.1833
6801,401567,434.15707
6802,401642,352.5865
6803,401755,533.67346
6804,401822,339.97723
6805,401878,305.5264
6806,401963,443.16232
6807,402023,321.719
6808,402117,479.81125
6809,402185,381.02856
6810,402251,365.17206
6811,402311,295.43524
6812,402412,469.8213
6813,402483,348.82367
6814,402574,449.83646
6815,402635,309.9942
6816,402720,462.8006
6817,402839,605.91565
6818,402914,363.68958
6819,402970,274.12903
6820,403038,377.41687
6821,403098,325.94678
6822,403163,344.32007
6823,403268,506.8823
6824,403351,433.19833
6825,403431,365.63925
6826,403503,379.6663
6827,403585,442.0537
6828,403662,408.69766
6829,403785,585.56177
6830,403848,290.97827
6831,403939,460.24997
6832,404000,325.4247
6833,404060,323.1335
6834,404138,403.89856
6835,404169,150.14314
6836,404282,544.10547
6837,404351,313.2529
6838,404463,585.68207
6839,404523,323.4016
6840,404605,371.7242
6841,404688,412.35034
6842,404760,378.4187
6843,404821,293.13364
6844,404893,386.2673
6845,404958,355.30545
6846,405029,362.60504
6847,405121,474.2999
6848,405189,359.01172
6849,405259,376.29807
6850,405332,351.064
6851,405417,465.7254
6852,405535,634.0838
6853,405604,374.89105
6854,405664,329.29095
6855,405747,395.42017
6856,405828,447.47583
6857,405894,361.25497
6858,405975,412.95847
6859,406052,360.1653
6860,406123,386.17505
6861,406197,360.72037
6862,406267,352.08887
6863,406352,457.72003
6864,406446,451.6203
6865,406545,456.90527
6866,406605,271.7418
6867,406692,433.0307
6868,406762,344.70816
6869,406863,534.7204
6870,406916,294.20004
6871,407023,555.8459
6872,407083,326.25308
6873,407154,385.35767
6874,407229,360.51108
6875,407308,339.97662
6876,407379,312.54102
6877,407473,508.89825
6878,407534,336.57166
6879,407601,354.47775
6880,407660,287.47876
6881,407725,354.59668
6882,407789,336.50836
6883,407854,355.19843
6884,407906,255.54002
6885,408020,599.0382
6886,408103,406.89774
6887,408152,230.11879
6888,408256,556.9442
6889,408339,405.8907
6890,408427,415.02618
6891,408502,386.7277
6892,408579,407.97055
6893,408647,351.13467
6894,408717,328.25153
6895,408808,482.8052
6896,408864,306.18503
6897,408931,373.8985
6898,409056,604.33905
6899,409115,320.04425
6900,409162,214.59691
6901,409231,320.0976
6902,409307,411.72833
6903,409381,395.74136
6904,409458,411.3758
6905,409517,320.87573
6906,409614,468.60117
6907,409668,273.1285
6908,409733,340.4947
6909,409801,321.05487
6910,409861,276.3674
6911,409926,307.70215
6912,409993,292.69305
6913,410056,347.3435
6914,410138,414.858
6915,410221,448.9135
6916,410294,401.29858
6917,410374,368.5236
6918,410451,415.759
6919,410558,506.37576
6920,410614,302.32205
6921,410705,504.23663
6922,410756,242.3952
6923,410831,327.08304
6924,410915,435.1679
6925,410996,410.50656
6926,411058,298.19
6927,411170,509.24496
6928,411240,370.4787
6929,411331,442.80875
6930,411382,263.72632
6931,411459,417.1803
6932,411543,421.5423
6933,411613,355.6715
6934,411673,331.27933
6935,411778,567.2213
6936,411879,536.92053
6937,411939,328.54282
6938,412001,337.86478
6939,412106,548.3026
6940,412181,388.9051
6941,412329,739.7285
6942,412395,339.5373
6943,412464,313.75528
6944,412600,641.9658
6945,412673,395.799
6946,412735,329.30417
6947,412809,400.6005
6948,412880,391.2011
6949,412948,367.32834
6950,413006,321.30597
6951,413087,365.39722
6952,413140,252.7863
6953,413216,347.58313
6954,413274,307.38672
6955,413356,422.29868
6956,413439,443.72855
6957,413510,388.3581
6958,413622,587.36066
6959,413694,341.0897
6960,413757,283.7237
6961,413825,379.44724
6962,413886,330.07642
6963,413947,325.96768
6964,414013,299.4047
6965,414068,297.48682
6966,414136,376.2062
6967,414208,385.01184
6968,414315,554.75446
6969,414374,330.86505
6970,414474,526.76044
6971,414557,453.4093
6972,414690,683.2739
6973,414762,389.01578
6974,414891,645.63104
6975,414948,311.67734
6976,415039,481.39343
6977,415110,313.45743
6978,415198,470.0801
6979,415269,385.8313
6980,415327,287.2358
6981,415410,405.2109
6982,415551,708.95435
6983,415643,499.5238
6984,415706,313.3645
6985,415773,365.2987
6986,415847,396.00085
6987,415960,605.5456
6988,416018,287.7704
6989,416114,519.4557
6990,416195,439.91873
6991,416274,432.25824
6992,416358,402.56363
6993,416437,350.929
6994,416504,366.20856
6995,416604,543.4463
6996,416664,306.82852
6997,416736,395.84454
6998,416801,298.11334
6999,416911,564.9649
7000,417001,489.92535
7001,417068,321.06357
7002,417138,327.7093
7003,417206,352.78152
7004,417270,304.11542
7005,417345,406.51724
7006,417429,457.65564
7007,417514,398.03412
7008,417577,339.1404
7009,417636,327.7271
7010,417700,351.78107
7011,417799,525.3596
7012,417859,330.12363
7013,417942,450.61002
7014,418003,308.69824
7015,418059,251.75963
7016,418147,488.7523
7017,418205,321.32272
7018,418270,322.8231
7019,418355,424.7569
7020,418424,385.97287
7021,418507,454.3266
7022,418610,528.8257
7023,418689,430.30026
7024,418793,553.1043
7025,418887,524.9092
7026,418974,452.3107
7027,419026,237.89609
7028,419104,408.95648
7029,419178,350.3717
7030,419252,384.42178
7031,419328,391.15524
7032,419426,514.7315
7033,419522,451.36496
7034,419594,360.39755
7035,419670,361.33755
7036,419744,395.45966
7037,419862,623.59515
7038,419924,330.63834
7039,420020,498.06265
7040,420105,428.21945
7041,420198,469.65265
7042,420287,392.24826
7043,420365,403.59714
7044,420437,375.1406
7045,420536,533.8487
7046,420601,347.76907
7047,420665,317.34683
7048,420739,412.40897
7049,420817,392.986
7050,420885,361.16727
7051,420938,292.04562
7052,420990,281.11005
7053,421051,319.4276
7054,421123,325.78015
7055,421192,373.3073
7056,421266,400.7263
7057,421370,562.75793
7058,421442,360.04514
7059,421502,272.0143
7060,421572,340.29202
7061,421661,462.8166
7062,421745,448.82285
7063,421798,291.06558
7064,421889,425.73575
7065,421941,288.524
7066,422007,310.39044
7067,422073,364.27408
7068,422132,257.2068
7069,422208,408.0293
7070,422283,391.9443
7071,422333,226.12051
7072,422412,403.9967
7073,422475,339.4082
7074,422555,432.21494
7075,422623,372.61188
7076,422740,547.69604
7077,422806,340.88342
7078,422887,399.73495
7079,422964,399.06992
7080,423024,299.46927
7081,423135,588.459
7082,423187,240.36073
7083,423261,399.0072
7084,423360,535.51904
7085,423413,264.22867
7086,423482,377.70978
7087,423560,423.55862
7088,423624,354.96423
7089,423671,232.17398
7090,423737,366.7052
7091,423824,461.1538
7092,423912,481.37363
7093,423984,383.26315
7094,424055,336.40247
7095,424169,569.4634
7096,424242,352.0218
7097,424359,607.99347
7098,424437,424.1209
7099,424502,354.4347
7100,424580,358.00522
7101,424689,511.62476
7102,424750,309.6915
7103,424841,479.9007
7104,424891,238.12575
7105,424969,415.18414
7106,425036,318.52582
7107,425109,389.89645
7108,425197,408.12906
7109,425285,392.4591
7110,425348,347.9471
7111,425409,309.2273
7112,425499,468.63324
7113,425549,256.16147
7114,425654,556.5638
7115,425716,338.9615
7116,425779,349.65985
7117,425860,447.56195
7118,425930,370.1172
7119,426001,392.75757
7120,426082,426.30142
7121,426163,391.39328
7122,426246,392.76428
7123,426309,296.96442
7124,426382,397.6458
7125,426450,350.7475
7126,426513,342.78436
7127,426609,517.5127
7128,426690,386.90012
7129,426769,370.07776
7130,426866,477.04944
7131,426926,330.00284
7132,426994,357.28668
7133,427058,331.8754
7134,427161,549.5654
7135,427239,388.54828
7136,427311,356.26425
7137,427385,404.4913
7138,427464,353.61172
7139,427523,323.2991
7140,427683,796.80225
7141,427758,347.40918
7142,427833,388.616
7143,427951,574.35645
7144,428010,289.4191
7145,428113,540.91187
7146,428196,436.6947
7147,428262,344.81442
7148,428341,378.98627
7149,428428,482.9314
7150,428495,357.27557
7151,428592,510.39716
7152,428665,411.5626
7153,428734,360.7854
7154,428824,457.10056
7155,428900,418.67596
7156,428964,335.3955
7157,429034,383.66025
7158,429098,305.21494
7159,429178,362.02124
7160,429258,429.1661
7161,429334,390.8776
7162,429374,191.58589
7163,429476,495.89557
7164,429544,325.73813
7165,429595,255.1882
7166,429656,290.30496
7167,429705,233.89517
7168,429783,424.14722
7169,429912,653.18005
7170,429974,334.42844
7171,430074,526.0853
7172,430150,340.41965
7173,430226,351.6866
7174,430299,322.357
7175,430396,507.0542
7176,430492,442.45966
7177,430568,376.63336
7178,430654,445.77176
7179,430727,379.6158
7180,430814,400.99326
7181,430879,273.58276
7182,430940,312.29727
7183,431002,333.15027
7184,431095,495.64954
7185,431204,575.99664
7186,431279,405.92874
7187,431419,692.75226
7188,431489,375.85803
7189,431551,343.81125
7190,431614,332.27017
7191,431691,370.0613
7192,431750,288.74405
7193,431827,429.6156
7194,431895,372.34988
7195,431958,341.78238
7196,432035,412.3124
7197,432115,436.38745
7198,432204,489.0076
7199,432272,317.0988
7200,432327,278.5577
7201,432380,256.33014
7202,432480,532.66345
7203,432553,324.00946
7204,432618,315.19528
7205,432705,424.58456
7206,432783,417.67914
7207,432845,313.57907
7208,432941,508.4431
7209,433007,307.6938
7210,433057,243.86888
7211,433131,395.73242
7212,433218,393.38934
7213,433278,331.01825
7214,433340,337.18008
7215,433403,341.27426
7216,433473,343.07715
7217,433521,232.62299
7218,433622,528.9879
7219,433704,426.804
7220,433770,358.47702
7221,433829,310.99658
7222,433881,252.79013
7223,433941,327.97412
7224,434028,465.17078
7225,434096,369.51086
7226,434158,287.60953
7227,434264,529.533
7228,434320,287.5273
7229,434396,372.32108
7230,434465,364.2802
7231,434535,387.90167
7232,434629,509.49628
7233,434697,321.59396
7234,434769,375.117
7235,434849,439.7495
7236,434928,436.54648
7237,434995,333.43362
7238,435086,496.55273
7239,435144,263.02625
7240,435198,250.30746
7241,435303,563.8036
7242,435389,391.30948
7243,435569,930.5347
7244,435638,372.0528
7245,435704,359.13855
7246,435746,211.87546
7247,435808,281.19263
7248,435884,396.3588
7249,435943,318.89487
7250,436006,346.4461
7251,436047,199.73056
7252,436107,275.7011
7253,436192,441.8643
7254,436275,390.40417
7255,436343,309.90527
7256,436406,280.73358
7257,436525,619.4234
7258,436594,343.08563
7259,436657,345.25937
7260,436708,234.88672
7261,436792,441.96548
7262,436857,334.7097
7263,436950,479.5831
7264,437052,518.1132
7265,437121,377.2215
7266,437223,517.0318
7267,437299,421.68427
7268,437407,561.2221
7269,437473,319.07562
7270,437560,449.31784
7271,437647,459.09238
7272,437731,407.61514
7273,437840,580.62604
7274,437918,408.42233
7275,438019,543.77844
7276,438127,556.2593
7277,438187,322.82474
7278,438269,433.39438
7279,438338,323.52545
7280,438425,405.9424
7281,438506,405.42715
7282,438573,317.38675
7283,438645,347.42795
7284,438712,347.35077
7285,438771,322.9374
7286,438851,373.17157
7287,438939,453.40012
7288,438999,282.21155
7289,439074,373.99667
7290,439158,395.22363
7291,439232,399.8305
7292,439300,368.7388
7293,439377,419.95868
7294,439469,441.54343
7295,439546,425.5201
7296,439621,382.36566
7297,439713,436.1953
7298,439827,615.974
7299,439903,404.45404
7300,439961,274.6804
7301,440034,337.3204
7302,440099,290.60254
7303,440187,395.72208
7304,440261,401.83215
7305,440358,464.36945
7306,440437,422.42798
7307,440510,391.7828
7308,440593,399.77188
7309,440662,306.6926
7310,440723,332.7812
7311,440787,335.4947
7312,440862,389.56534
7313,440953,491.66403
7314,441074,641.5675
7315,441183,537.46295
7316,441246,282.20758
7317,441324,417.67252
7318,441396,387.5676
7319,441476,418.514
7320,441546,385.3074
7321,441656,573.14264
7322,441762,587.80365
7323,441832,381.4937
7324,441902,349.97784
7325,441984,432.37036
7326,442056,378.2837
7327,442141,458.1432
7328,442205,313.6512
7329,442357,770.00854
7330,442420,292.22812
7331,442500,383.54037
7332,442555,247.87709
7333,442607,247.5879
7334,442668,267.00723
7335,442761,438.7415
7336,442819,267.65857
7337,442913,433.2001
7338,442999,420.85327
7339,443085,464.4493
7340,443161,374.04092
7341,443221,327.71753
7342,443276,262.4866
7343,443421,698.3996
7344,443481,281.9701
7345,443572,456.5743
7346,443646,377.4701
7347,443724,393.31894
7348,443810,399.67758
7349,443881,350.20908
7350,443965,444.62537
7351,444043,390.65103
7352,444120,405.4857
7353,444176,300.78146
7354,444240,337.56775
7355,444359,608.1835
7356,444421,337.8367
7357,444486,349.6757
7358,444549,356.20312
7359,444607,311.74243
7360,444697,419.24823
7361,444788,498.3513
7362,444877,465.65375
7363,444955,417.7865
7364,445040,456.8926
7365,445157,621.42523
7366,445235,433.13104
7367,445323,417.87567
7368,445402,426.07617
7369,445467,354.92477
7370,445547,425.2216
7371,445605,304.978
7372,445699,505.0485
7373,445780,350.93158
7374,445859,432.6379
7375,445970,571.5672
7376,446041,374.971
7377,446145,525.3325
7378,446227,393.6449
7379,446303,390.026
7380,446377,380.06903
7381,446429,243.86406
7382,446568,720.467
7383,446626,309.46124
7384,446697,330.2255
7385,446813,555.91925
7386,446862,232.619
7387,446891,144.8175
7388,447004,597.8088
7389,447092,455.53543
7390,447189,483.47275
7391,447283,500.97937
7392,447356,360.10617
7393,447439,430.11337
7394,447532,415.0353
7395,447709,902.7049
7396,447770,333.43103
7397,447837,369.22418
7398,447897,328.9003
7399,447968,385.3186
7400,448044,411.9089
7401,448132,464.64545
7402,448207,346.70242
7403,448275,366.51047
7404,448365,465.21695
7405,448456,432.91312
7406,448518,339.24948
7407,448595,418.54416
7408,448679,446.45428
7409,448740,336.57605
7410,448793,290.22983
7411,448872,423.49756
7412,448961,480.61075
7413,449037,390.5377
7414,449104,321.35315
7415,449172,380.9307
7416,449230,293.78543
7417,449302,361.81836
7418,449385,371.94513
7419,449447,342.97665
7420,449518,388.62015
7421,449573,299.40482
7422,449644,324.4708
7423,449764,566.69904
7424,449831,363.19577
7425,449889,245.20956
7426,449987,517.4199
7427,450051,343.91275
7428,450080,138.88411
7429,450141,291.82108
7430,450212,350.0759
7431,450301,483.76617
7432,450414,606.0792
7433,450478,344.9667
7434,450604,665.96826
7435,450684,428.27762
7436,450771,467.91916
7437,450834,328.70267
7438,450895,292.23676
7439,450959,353.02032
7440,451107,762.4116
7441,451191,451.1206
7442,451273,400.91287
7443,451339,305.9906
7444,451418,381.37503
7445,451476,317.81943
7446,451576,476.48166
7447,451645,341.7449
7448,451741,473.92212
7449,451822,419.48654
7450,451919,507.5356
7451,451993,390.9338
7452,452071,416.77618
7453,452147,410.1438
7454,452216,313.11563
7455,452266,231.79773
7456,452374,544.051
7457,452432,253.22469
7458,452503,394.2001
7459,452585,434.92303
7460,452626,195.37796
7461,452709,451.91153
7462,452789,438.79996
7463,452856,310.65244
7464,452953,520.7413
7465,453011,288.9223
7466,453067,261.87527
7467,453139,322.62152
7468,453207,327.71265
7469,453297,427.87537
7470,453345,239.79568
7471,453410,317.70096
7472,453516,561.2215
7473,453606,452.99408
7474,453701,512.9979
7475,453762,336.57013
7476,453812,236.34889
7477,453889,418.67395
7478,453936,219.60588
7479,454019,407.9296
7480,454078,320.73892
7481,454139,314.41858
7482,454197,319.66663
7483,454291,502.26413
7484,454337,223.67397
7485,454393,265.2332
7486,454454,331.32278
7487,454522,378.77707
7488,454597,354.8695
7489,454650,258.58795
7490,454765,617.10834
7491,454855,420.21533
7492,454981,635.7328
7493,455037,287.12747
7494,455106,377.6653
7495,455185,419.21652
7496,455272,461.68057
7497,455347,359.37646
7498,455450,502.81546
7499,455520,371.26227
7500,455600,427.18243
7501,455663,344.33383
7502,455727,306.0006
7503,455787,265.02725
7504,455861,336.83322
7505,455962,490.2795
7506,456037,403.75726
7507,456104,314.04623
7508,456179,402.36597
7509,456261,440.83762
7510,456346,463.52087
7511,456423,436.70087
7512,456505,412.1836
7513,456570,356.4631
7514,456646,411.5531
7515,456724,426.78986
7516,456810,393.7456
7517,456919,534.6321
7518,457003,452.33673
7519,457095,502.00876
7520,457185,494.1267
7521,457269,391.9527
7522,457355,423.01114
7523,457445,434.5475
7524,457523,417.45505
7525,457585,345.07187
7526,457664,380.94647
7527,457745,415.41504
7528,457822,358.83856
7529,457884,326.30045
7530,457959,412.8271
7531,458027,369.33356
7532,458100,383.7245
7533,458196,490.1309
7534,458296,490.21628
7535,458425,670.51996
7536,458559,655.47186
7537,458650,496.83173
7538,458763,593.58594
7539,458826,308.91656
7540,458918,501.3589
7541,458986,319.02023
7542,459061,375.28473
7543,459162,550.8808
7544,459243,429.5927
7545,459328,466.8119
7546,459426,467.78552
7547,459494,350.68985
7548,459560,354.01227
7549,459641,444.15616
7550,459736,494.7961
7551,459841,504.60703
7552,459925,455.5442
7553,459988,329.5546
7554,460073,460.33286
7555,460152,378.1638
7556,460231,401.0884
7557,460310,396.0032
7558,460402,442.5597
7559,460481,398.94385
7560,460561,448.22858
7561,460636,416.41376
7562,460718,456.96176
7563,460770,231.96121
7564,460899,679.7232
7565,460982,436.90268
7566,461045,330.7111
7567,461124,434.12314
7568,461212,456.79367
7569,461307,464.28754
7570,461412,544.2069
7571,461502,489.17166
7572,461580,427.69965
7573,461649,367.98206
7574,461729,423.096
7575,461810,377.56494
7576,461897,417.25928
7577,461974,422.0967
7578,462059,381.10132
7579,462135,397.09186
7580,462201,331.55176
7581,462284,399.11414
7582,462369,465.88452
7583,462436,371.09262
7584,462495,289.75937
7585,462596,477.5489
7586,462682,406.35513
7587,462764,450.44775
7588,462832,331.07355
7589,462903,359.33896
7590,462988,438.39615
7591,463049,323.6147
7592,463119,335.80957
7593,463217,489.04
7594,463370,750.1613
7595,463443,352.90793
7596,463530,464.36
7597,463610,419.99228
7598,463675,357.3284
7599,463773,535.5667
7600,463859,446.0096
7601,463936,417.63995
7602,464015,430.09167
7603,464091,416.65594
7604,464168,421.02466
7605,464246,350.15973
7606,464310,310.30563
7607,464374,346.41
7608,464442,362.1168
7609,464511,381.64615
7610,464586,344.3178
7611,464648,326.0368
7612,464831,919.67645
7613,464904,348.4949
7614,465002,499.4845
7615,465088,440.2194
7616,465178,456.542
7617,465218,208.52232
7618,465288,321.41
7619,465365,411.4195
7620,465449,454.53256
7621,465521,356.0337
7622,465616,511.6884
7623,465662,213.56429
7624,465710,224.10405
7625,465812,534.7143
7626,465870,285.4728
7627,465955,412.1292
7628,466088,680.98846
7629,466163,401.54538
7630,466307,767.13324
7631,466368,333.16525
7632,466449,437.9866
7633,466523,358.57126
7634,466591,347.7436
7635,466702,589.39734
7636,466769,315.1307
7637,466835,362.58905
7638,466884,251.23944
7639,466931,224.958
7640,466986,249.62352
7641,467047,335.7937
7642,467140,515.77997
7643,467279,688.9491
7644,467372,496.80936
7645,467436,352.43698
7646,467512,427.70236
7647,467563,245.22617
7648,467678,620.69183
7649,467769,479.72696
7650,467839,381.2718
7651,467917,409.62793
7652,467989,326.97348
7653,468054,326.44888
7654,468135,440.376
7655,468206,343.66647
7656,468251,220.30649
7657,468345,504.4733
7658,468401,321.24716
7659,468457,306.38202
7660,468536,427.6452
7661,468602,333.60928
7662,468671,386.46567
7663,468739,357.18668
7664,468821,372.43732
7665,468911,487.4886
7666,468974,293.385
7667,469052,352.5603
7668,469125,402.05106
7669,469200,398.4598
7670,469295,509.09225
7671,469359,350.852
7672,469446,425.87473
7673,469518,393.07654
7674,469585,357.13074
7675,469656,380.75806
7676,469757,511.6865
7677,469837,417.54388
7678,469902,338.33047
7679,469987,461.5163
7680,470077,472.22348
7681,470146,301.91507
7682,470238,488.4626
7683,470311,356.38266
7684,470388,406.6928
7685,470474,462.94553
7686,470542,311.91028
7687,470624,451.471
7688,470706,430.3564
7689,470768,308.64722
7690,470837,376.56387
7691,470931,468.6224
7692,470990,315.6979
7693,471051,295.51062
7694,471188,696.74756
7695,471263,404.28342
7696,471352,457.5283
7697,471421,310.16666
7698,471508,448.84225
7699,471627,620.3791
7700,471693,358.42136
7701,471775,398.11526
7702,471852,417.1803
7703,471945,518.4317
7704,472025,442.25458
7705,472108,444.73895
7706,472212,510.49194
7707,472277,323.95007
7708,472376,538.6819
7709,472457,434.71375
7710,472536,366.17712
7711,472612,424.53677
7712,472660,263.14948
7713,472730,334.3084
7714,472800,345.32135
7715,472869,379.41986
7716,472933,351.51132
7717,473009,341.8698
7718,473109,472.8492
7719,473162,245.28047
7720,473236,385.77826
7721,473331,492.91428
7722,473387,293.35327
7723,473449,334.15463
7724,473523,405.42172
7725,473587,340.1507
7726,473677,482.88837
7727,473755,398.67603
7728,473834,419.33185
7729,473918,444.6681
7730,473992,402.04083
7731,474069,410.3122
7732,474136,341.40533
7733,474206,383.3854
7734,474271,360.7052
7735,474342,364.62964
7736,474410,374.91843
7737,474481,382.27478
7738,474544,341.83414
7739,474628,448.73074
7740,474709,434.38153
7741,474761,240.8855
7742,474815,290.48483
7743,474920,552.3046
7744,474989,372.0913
7745,475068,425.66003
7746,475121,291.66718
7747,475207,467.5177
7748,475268,340.49673
7749,475338,369.4553
7750,475408,329.9627
7751,475497,477.0286
7752,475540,213.22179
7753,475636,462.16156
7754,475708,363.01526
7755,475805,506.8427
7756,475919,564.8281
7757,476019,539.48016
7758,476084,333.85434
7759,476151,366.00027
7760,476234,456.07364
7761,476300,358.19095
7762,476361,292.06784
7763,476420,317.42072
7764,476494,350.82785
7765,476566,337.4806
7766,476618,250.12192
7767,476670,270.7613
7768,476779,549.1613
7769,476855,366.93048
7770,476924,377.69974
7771,477012,443.6305
7772,477087,403.38892
7773,477149,340.00616
7774,477244,470.8735
7775,477316,390.47424
7776,477378,312.06827
7777,477463,470.26257
7778,477541,423.8667
7779,477591,240.65082
7780,477674,432.5881
7781,477740,372.15942
7782,477797,314.53406
7783,477869,400.10324
7784,477921,260.71252
7785,477987,349.95938
7786,478074,485.71927
7787,478197,645.3398
7788,478259,331.44238
7789,478351,486.46194
7790,478400,240.45557
7791,478476,385.55252
7792,478549,391.44107
7793,478606,310.62692
7794,478669,327.7256
7795,478749,384.96637
7796,478813,291.36694
7797,478879,317.27463
7798,478970,467.2183
7799,479036,301.94394
7800,479128,464.7297
7801,479212,451.42294
7802,479288,382.77747
7803,479388,501.30725
7804,479463,378.79947
7805,479524,282.2948
7806,479604,414.09634
7807,479685,445.6051
7808,479752,317.40332
7809,479853,507.46933
7810,479940,423.10147
7811,480026,459.5795
7812,480121,524.32947
7813,480213,481.4204
7814,480280,365.04135
7815,480367,475.06244
7816,480442,396.10794
7817,480511,380.3128
7818,480581,334.3716
7819,480648,366.99835
7820,480730,450.00845
7821,480808,407.80194
7822,480868,261.58917
7823,480935,351.7613
7824,480997,308.0033
7825,481088,412.11047
7826,481201,609.4919
7827,481274,399.05377
7828,481358,464.58865
7829,481443,458.3356
7830,481515,305.1614
7831,481591,414.98663
7832,481690,472.608
7833,481765,408.29288
7834,481855,462.24802
7835,481915,328.81393
7836,482003,395.3792
7837,482065,329.5657
7838,482134,383.6073
7839,482183,255.86737
7840,482277,476.2411
7841,482336,301.07254
7842,482404,357.98666
7843,482489,423.5483
7844,482559,315.23706
7845,482629,374.46075
7846,482743,576.8349
7847,482822,359.03928
7848,482889,377.92136
7849,482946,319.2408
7850,483015,380.36884
7851,483085,374.98834
7852,483153,340.51184
7853,483232,431.5873
7854,483311,411.69882
7855,483393,437.906
7856,483468,403.73
7857,483555,476.97845
7858,483639,450.62424
7859,483709,371.53024
7860,483749,187.65352
7861,483824,408.33945
7862,483902,403.56583
7863,483946,232.77005
7864,484024,383.14984
7865,484085,335.73404
7866,484160,374.69366
7867,484222,342.03864
7868,484279,303.8584
7869,484367,427.57996
7870,484449,438.33176
7871,484575,655.8812
7872,484657,397.4643
7873,484735,416.0983
7874,484793,311.14
7875,484879,454.91083
7876,484961,446.27252
7877,485037,348.15784
7878,485186,758.7043
7879,485255,345.49747
7880,485378,592.2898
7881,485444,343.2119
7882,485539,539.5964
7883,485621,440.4999
7884,485728,565.75415
7885,485857,653.40063
7886,485941,383.25644
7887,486031,486.62457
7888,486094,340.81485
7889,486163,373.58212
7890,486235,358.40695
7891,486295,274.93652
7892,486352,316.2666
7893,486415,346.2705
7894,486531,581.1834
7895,486627,432.16287
7896,486721,496.48398
7897,486817,447.91513
7898,486907,426.1489
7899,486956,233.38643
7900,487035,430.18466
7901,487127,485.03415
7902,487232,551.1462
7903,487308,366.5103
7904,487389,435.05157
7905,487496,555.0405
7906,487579,450.03424
7907,487649,393.56946
7908,487716,355.2308
7909,487825,557.29486
7910,487904,417.94775
7911,487980,338.2177
7912,488112,677.7385
7913,488176,342.81955
7914,488266,474.50653
7915,488365,461.1481
7916,488438,394.0098
7917,488529,446.01187
7918,488613,404.32797
7919,488708,482.08786
7920,488811,548.3964
7921,488876,352.5755
7922,488962,462.61093
7923,489055,492.88742
7924,489142,471.28864
7925,489200,315.42694
7926,489255,252.58582
7927,489335,436.91437
7928,489421,434.1056
7929,489514,497.77863
7930,489565,275.08548
7931,489641,364.2963
7932,489712,400.56213
7933,489764,280.8471
7934,489896,672.34985
7935,489989,489.6055
7936,490062,371.9799
7937,490169,568.02795
7938,490242,370.50766
7939,490308,309.33636
7940,490369,278.6009
7941,490420,276.08273
7942,490499,387.35303
7943,490577,410.2328
7944,490642,351.34274
7945,490698,306.58896
7946,490761,291.82138
7947,490855,481.00162
7948,490975,547.4753
7949,491069,484.8874
7950,491149,427.86386
7951,491305,790.12177
7952,491371,365.3653
7953,491422,258.3235
7954,491488,355.4836
7955,491578,475.3813
7956,491651,367.37732
7957,491734,412.70114
7958,491797,341.0197
7959,491883,461.99033
7960,491957,394.33875
7961,492049,458.45963
7962,492135,466.0149
7963,492219,413.74313
7964,492310,462.30338
7965,492357,233.83139
7966,492430,375.87036
7967,492492,285.52136
7968,492554,327.9074
7969,492630,406.0655
7970,492730,533.40186
7971,492787,313.67596
7972,492857,376.6739
7973,492920,341.4079
7974,493025,561.37946
7975,493116,500.4677
7976,493180,300.6016
7977,493257,421.9264
7978,493356,517.6493
7979,493404,252.65686
7980,493508,545.2678
7981,493567,321.06564
7982,493649,441.39407
7983,493745,496.60727
7984,493847,547.38513
7985,493919,400.68567
7986,493991,392.12668
7987,494070,436.2914
7988,494137,358.9501
7989,494206,385.39844
7990,494287,433.28488
7991,494324,199.93098
7992,494399,420.0099
7993,494480,426.5222
7994,494567,469.62546
7995,494666,488.30875
7996,494714,241.43726
7997,494801,454.8125
7998,494873,393.62534
7999,494950,404.66904
8000,495031,443.2776
8001,495106,409.63815
8002,495172,356.03906
8003,495255,462.54572
8004,495339,417.61362
8005,495416,405.02127
8006,495490,361.62656
8007,495532,204.80696
8008,495613,411.01114
8009,495676,356.0851
8010,495797,622.4914
8011,495858,332.06076
8012,495920,271.74258
8013,495978,312.14136
8014,496071,503.8909
8015,496133,341.71338
8016,496211,409.15582
8017,496275,304.61642
8018,496341,290.45883
8019,496417,371.82855
8020,496488,384.99982
8021,496570,395.6835
8022,496663,430.06516
8023,496703,196.15605
8024,496768,303.58798
8025,496842,389.90842
8026,496918,392.51895
8027,497006,485.35132
8028,497101,462.77094
8029,497188,470.87634
8030,497265,397.91528
8031,497335,379.8979
8032,497403,373.41144
8033,497472,361.61465
8034,497582,568.80383
8035,497653,386.6148
8036,497720,375.23572
8037,497823,521.8506
8038,497891,320.3506
8039,497948,296.98615
8040,498075,595.8339
8041,498137,308.13565
8042,498209,390.94788
8043,498252,217.24387
8044,498311,315.74637
8045,498372,280.74573
8046,498454,413.6796
8047,498537,404.3304
8048,498626,497.02475
8049,498692,312.82968
8050,498790,536.01105
8051,498853,287.98422
8052,498923,338.4264
8053,498994,395.2816
8054,499086,410.41022
8055,499158,397.3582
8056,499211,234.67467
8057,499284,388.68597
8058,499365,433.02814
8059,499420,265.06693
8060,499474,283.91788
8061,499603,692.0777
8062,499652,248.05165
8063,499727,409.7153
8064,499798,388.05942
8065,499873,370.7619
8066,499927,286.5302
8067,500017,493.27637
8068,500101,426.92358
8069,500180,361.85178
8070,500263,439.2789
8071,500350,425.16776
8072,500420,328.86954
8073,500530,573.3363
8074,500601,387.64917
8075,500666,305.0367
8076,500733,328.7048
8077,500794,331.60364
8078,500869,412.2404
8079,500948,421.48645
8080,501019,378.8287
8081,501150,681.5306
8082,501263,516.2341
8083,501383,632.41327
8084,501437,293.73593
8085,501528,468.06342
8086,501598,361.9271
8087,501676,413.17484
8088,501730,297.61203
8089,501789,316.8576
8090,501844,248.14688
8091,501911,357.50198
8092,502003,479.1045
8093,502101,462.38907
8094,502174,394.86517
8095,502234,333.7711
8096,502305,364.02377
8097,502381,415.46808
8098,502461,395.77762
8099,502532,369.92963
8100,502603,344.68893
8101,502683,368.14813
8102,502762,421.14362
8103,502841,415.23187
8104,502954,547.7367
8105,503059,504.24667
8106,503166,535.9257
8107,503254,424.26144
8108,503353,509.65463
8109,503428,414.33838
8110,503507,373.3151
8111,503692,899.4584
8112,503803,584.8365
8113,503881,408.26907
8114,503944,344.56693
8115,503993,222.08334
8116,504084,495.22028
8117,504167,398.85693
8118,504273,547.6809
8119,504342,308.11713
8120,504474,658.4904
8121,504536,332.77637
8122,504602,353.8297
8123,504692,503.05768
8124,504757,373.11255
8125,504821,359.046
8126,504856,189.7422
8127,504947,501.1159
8128,505005,310.71954
8129,505083,399.47754
8130,505161,429.88205
8131,505235,406.22552
8132,505318,437.25015
8133,505408,490.2402
8134,505501,484.1611
8135,505574,385.67526
8136,505650,420.5058
8137,505720,378.58795
8138,505803,405.00366
8139,505868,340.34665
8140,506027,828.8874
8141,506100,398.32718
8142,506195,458.70602
8143,506295,544.0049
8144,506373,418.18533
8145,506446,395.67453
8146,506517,376.4347
8147,506571,285.01285
8148,506673,539.3469
8149,506783,528.8818
8150,506857,391.34567
8151,506914,314.35013
8152,506994,425.03543
8153,507117,619.633
8154,507190,394.2835
8155,507267,406.74097
8156,507364,534.1867
8157,507426,348.4154
8158,507476,266.97888
8159,507540,340.63055
8160,507629,492.37122
8161,507713,450.23474
8162,507776,314.0926
8163,507865,439.63275
8164,507960,488.5519
8165,508039,429.01022
8166,508126,430.91476
8167,508202,400.57977
8168,508268,364.94815
8169,508358,486.3297
8170,508462,531.85236
8171,508528,361.5033
8172,508609,394.97314
8173,508729,589.7531
8174,508803,388.1807
8175,508862,309.62482
8176,508932,375.57062
8177,509033,543.0954
8178,509092,312.9514
8179,509160,355.2021
8180,509224,321.94302
8181,509320,514.49725
8182,509426,538.4952
8183,509484,318.3467
8184,509577,475.33044
8185,509640,336.83316
8186,509699,323.28696
8187,509762,318.49435
8188,509850,478.30573
8189,509918,363.62817
8190,509992,387.61758
8191,510068,418.18436
8192,510133,343.8279
8193,510215,444.24255
8194,510295,436.35168
8195,510385,483.7087
8196,510439,295.45474
8197,510526,465.91653
8198,510596,389.42505
8199,510670,402.28445
8200,510751,408.2245
8201,510823,391.70316
8202,510899,380.55692
8203,510969,339.18124
8204,511062,431.53207
8205,511133,399.21634
8206,511196,341.2046
8207,511298,539.59674
8208,511393,516.9166
8209,511454,308.6312
8210,511544,480.42065
8211,511657,582.18195
8212,511757,514.1653
8213,511819,315.45963
8214,511918,510.0135
8215,511994,427.67236
8216,512055,311.34982
8217,512112,312.88867
8218,512175,341.432
8219,512274,531.21265
8220,512359,469.7564
8221,512426,346.50504
8222,512499,392.01254
8223,512548,241.4197
8224,512611,356.61237
8225,512676,351.98795
8226,512748,380.63516
8227,512843,523.63574
8228,512893,232.0969
8229,512992,529.6215
8230,513074,415.53976
8231,513163,465.7057
8232,513250,473.33997
8233,513309,316.83713
8234,513386,407.50662
8235,513482,527.13666
8236,513536,284.2995
8237,513643,521.1044
8238,513729,427.55844
8239,513773,209.28583
8240,513830,298.2221
8241,513926,477.40643
8242,514048,639.02374
8243,514114,295.39978
8244,514187,388.31665
8245,514288,523.0386
8246,514382,447.48553
8247,514447,367.816
8248,514522,427.69403
8249,514581,314.0211
8250,514675,505.39474
8251,514751,351.0567
8252,514786,162.07594
8253,514838,292.76892
8254,514922,459.18542
8255,514986,312.7247
8256,515082,486.5474
8257,515170,475.53772
8258,515243,387.73276
8259,515356,597.0158
8260,515421,358.23813
8261,515505,453.1006
8262,515589,433.90735
8263,515656,371.05713
8264,515733,358.09744
8265,515796,351.196
8266,515869,335.30002
8267,515930,337.76065
8268,516031,524.4764
8269,516098,324.10962
8270,516155,287.0851
8271,516230,389.05194
8272,516283,246.0147
8273,516359,400.33664
8274,516443,428.415
8275,516520,386.27167
8276,516580,330.45328
8277,516676,527.30383
8278,516754,431.55664
8279,516825,381.93875
8280,516895,380.0973
8281,516995,498.95657
8282,517066,366.95316
8283,517150,449.571
8284,517203,261.29553
8285,517290,479.4179
8286,517350,332.07162
8287,517413,337.74985
8288,517499,460.22525
8289,517570,375.844
8290,517636,319.55182
8291,517693,320.73828
8292,517768,372.47592
8293,517868,465.09372
8294,517930,294.0864
8295,518018,453.9491
8296,518085,368.41702
8297,518168,455.7354
8298,518252,394.18655
8299,518347,505.9757
8300,518421,353.8798
8301,518487,337.87146
8302,518543,307.5089
8303,518620,423.4057
8304,518702,389.93387
8305,518769,321.98328
8306,518846,417.19028
8307,518906,328.89948
8308,518981,412.24725
8309,519047,353.9071
8310,519152,576.44324
8311,519223,367.45825
8312,519286,342.19614
8313,519384,521.29266
8314,519443,303.07776
8315,519538,481.1961
8316,519624,446.56332
8317,519689,351.93185
8318,519771,372.26547
8319,519868,492.8757
8320,519928,318.61673
8321,519996,334.53793
8322,520088,459.94907
8323,520212,667.89294
8324,520354,750.0179
8325,520423,349.76874
8326,520603,891.41125
8327,520666,330.5396
8328,520790,566.21045
8329,520862,330.16507
8330,520931,352.31906
8331,521024,442.49454
8332,521055,148.44893
8333,521114,324.6485
8334,521190,404.11
8335,521259,379.0034
8336,521331,383.30905
8337,521396,338.7757
8338,521469,385.5467
8339,521539,389.28806
8340,521645,559.77106
8341,521729,463.20697
8342,521826,511.32892
8343,521920,502.1483
8344,522002,407.28336
8345,522077,370.6353
8346,522166,458.30585
8347,522232,362.45917
8348,522312,367.5044
8349,522419,569.3421
8350,522512,503.5998
8351,522586,364.56555
8352,522665,405.86047
8353,522750,453.72382
8354,522808,306.4825
8355,522882,348.31232
8356,522941,324.95126
8357,523022,378.3751
8358,523110,471.7495
8359,523199,429.27206
8360,523277,374.64304
8361,523365,418.93637
8362,523436,337.54135
8363,523512,394.68057
8364,523585,346.09363
8365,523657,405.1621
8366,523740,452.16852
8367,523818,417.1408
8368,523913,500.7693
8369,523995,425.65536
8370,524075,421.1287
8371,524142,364.66257
8372,524231,465.64212
8373,524326,513.31335
8374,524384,314.60242
8375,524468,461.10132
8376,524588,584.26575
8377,524641,283.35574
8378,524708,314.10187
8379,524820,558.5729
8380,524890,373.13306
8381,524981,490.81738
8382,525072,502.65848
8383,525161,488.23013
8384,525261,538.7789
8385,525334,348.33752
8386,525408,348.30826
8387,525479,386.33392
8388,525540,340.97867
8389,525616,380.89722
8390,525741,595.3099
8391,525808,383.6679
8392,525881,400.28824
8393,525954,392.0824
8394,526036,440.23288
8395,526112,426.11264
8396,526196,457.97513
8397,526279,383.02887
8398,526353,404.90897
8399,526421,364.70358
8400,526499,361.1615
8401,526585,425.76675
8402,526659,375.58386
8403,526728,379.78452
8404,526804,408.34537
8405,526871,363.41513
8406,526946,400.25565
8407,527047,543.37463
8408,527111,316.20578
8409,527187,392.29605
8410,527249,316.65976
8411,527353,512.5171
8412,527422,362.56177
8413,527497,362.20557
8414,527562,355.533
8415,527634,402.33698
8416,527703,371.54095
8417,527795,470.42603
8418,527883,460.06747
8419,527964,433.0022
8420,528012,216.60301
8421,528068,299.76767
8422,528164,474.42468
8423,528217,280.80872
8424,528290,363.9208
8425,528370,354.878
8426,528409,194.1376
8427,528478,385.29056
8428,528543,322.97864
8429,528605,268.6585
8430,528677,395.85815
8431,528743,372.83658
8432,528836,469.7209
8433,528952,558.37396
8434,529040,421.70905
8435,529111,322.49606
8436,529172,328.15115
8437,529232,337.07922
8438,529337,531.36505
8439,529468,699.79407
8440,529554,412.36606
8441,529699,774.76935
8442,529818,614.0264
8443,529882,354.41547
8444,529970,473.06042
8445,530041,376.41858
8446,530151,553.852
8447,530237,463.55063
8448,530306,320.73376
8449,530411,486.01346
8450,530474,323.08722
8451,530561,432.28735
8452,530624,311.62155
8453,530747,659.02856
8454,530821,409.34546
8455,530897,387.66956
8456,531030,712.7048
8457,531098,327.28055
8458,531197,530.82684
8459,531268,321.43457
8460,531331,307.21732
8461,531400,352.6748
8462,531475,419.3805
8463,531560,401.11816
8464,531623,355.02686
8465,531715,505.67432
8466,531791,351.49997
8467,531870,370.11633
8468,531959,442.8484
8469,532041,456.6675
8470,532107,345.53897
8471,532184,421.45294
8472,532260,401.13547
8473,532321,316.84122
8474,532434,521.67645
8475,532546,584.98724
8476,532617,394.395
8477,532756,687.3601
8478,532834,363.3838
8479,532914,394.57187
8480,532999,412.76938
8481,533081,438.2054
8482,533182,509.76364
8483,533290,559.86554
8484,533344,277.6836
8485,533424,403.89145
8486,533491,360.09567
8487,533553,314.82947
8488,533649,500.12592
8489,533727,420.24966
8490,533798,359.92175
8491,533873,386.48862
8492,533936,349.27725
8493,534074,719.10596
8494,534154,433.18018
8495,534218,346.8031
8496,534286,326.4257
8497,534357,388.25098
8498,534444,453.50214
8499,534511,373.12582
8500,534596,392.83267
8501,534640,231.90178
8502,534747,514.57965
8503,534819,384.61542
8504,534881,330.72263
8505,534943,308.91675
8506,535019,411.56555
8507,535145,605.0075
8508,535233,455.49564
8509,535281,234.71294
8510,535356,387.83957
8511,535411,285.40213
8512,535478,352.98544
8513,535558,409.10645
8514,535627,362.575
8515,535725,512.2608
8516,535804,430.21002
8517,535868,344.52682
8518,535935,331.1558
8519,536011,413.10013
8520,536097,389.11597
8521,536150,258.66718
8522,536216,365.167
8523,536278,313.2468
8524,536378,475.6411
8525,536441,344.74997
8526,536512,385.637
8527,536601,440.4273
8528,536678,415.547
8529,536750,394.81885
8530,536842,422.46683
8531,536909,355.81332
8532,536985,377.88174
8533,537075,425.73715
8534,537145,319.69778
8535,537217,387.2548
8536,537283,325.99176
8537,537374,482.6154
8538,537452,367.86053
8539,537530,386.752
8540,537581,224.24078
8541,537649,335.70877
8542,537747,500.32462
8543,537814,332.46567
8544,537898,472.22787
8545,537980,446.0024
8546,538056,398.21533
8547,538139,436.30322
8548,538211,343.43237
8549,538287,358.00394
8550,538316,160.2302
8551,538388,400.08395
8552,538473,455.2679
8553,538555,450.49292
8554,538620,337.60477
8555,538702,446.91757
8556,538810,511.62527
8557,538876,303.10416
8558,538948,341.09293
8559,539040,427.10074
8560,539111,337.70114
8561,539185,330.83072
8562,539264,433.59967
8563,539352,480.85568
8564,539443,445.1087
8565,539574,676.64636
8566,539662,457.48343
8567,539735,397.41864
8568,539806,372.51016
8569,539888,411.11646
8570,540021,661.1412
8571,540083,345.2959
8572,540136,255.76761
8573,540220,460.06717
8574,540292,401.832
8575,540415,627.3858
8576,540503,431.36548
8577,540640,743.1002
8578,540706,346.0088
8579,540836,678.1186
8580,540934,538.02
8581,541014,391.06912
8582,541137,600.6905
8583,541219,390.59167
8584,541292,383.1457
8585,541393,459.74994
8586,541458,324.69452
8587,541551,474.27322
8588,541631,425.17755
8589,541709,398.27884
8590,541885,830.7656
8591,542004,605.264
8592,542086,388.12195
8593,542153,370.73694
8594,542264,590.8492
8595,542415,802.1426
8596,542513,509.00812
8597,542574,321.6703
8598,542643,348.91235
8599,542717,397.31787
8600,542779,352.04208
8601,542858,431.05988
8602,542945,452.80685
8603,543044,539.47614
8604,543116,367.1601
8605,543196,433.22546
8606,543264,370.96063
8607,543375,596.1675
8608,543441,361.9377
8609,543514,397.77502
8610,543569,295.11832
8611,543655,459.89618
8612,543722,341.0019
8613,543808,404.5736
8614,543890,393.24228
8615,543986,469.3944
8616,544103,579.8127
8617,544204,563.7485
8618,544282,364.89105
8619,544382,529.6554
8620,544466,451.95462
8621,544526,331.4043
8622,544604,417.8588
8623,544683,423.5983
8624,544746,351.00943
8625,544835,485.54276
8626,544904,371.19037
8627,544975,348.01578
8628,545053,415.6967
8629,545139,482.2957
8630,545255,559.7148
8631,545320,369.07513
8632,545438,622.8772
8633,545518,430.64694
8634,545587,347.18216
8635,545624,179.28342
8636,545709,432.40002
8637,545779,392.87466
8638,545879,498.28198
8639,545938,304.44586
8640,546041,533.3377
8641,546183,752.7134
8642,546253,324.2125
8643,546319,362.78937
8644,546381,324.90045
8645,546474,486.76083
8646,546542,371.8379
8647,546641,514.97876
8648,546704,339.2566
8649,546779,410.3738
8650,546838,280.33606
8651,546943,569.5111
8652,547048,568.702
8653,547116,371.21942
8654,547178,297.08905
8655,547245,359.39218
8656,547362,604.37787
8657,547451,459.6192
8658,547567,597.8876
8659,547639,389.51846
8660,547697,311.33722
8661,547772,417.50308
8662,547904,704.6425
8663,547968,299.44476
8664,548069,512.42145
8665,548177,551.8467
8666,548253,344.2286
8667,548373,641.13983
8668,548458,447.2529
8669,548533,410.59183
8670,548580,232.31348
8671,548641,307.12967
8672,548727,434.7134
8673,548802,339.88544
8674,548921,629.23065
8675,548995,377.25412
8676,549038,200.93071
8677,549103,333.0757
8678,549187,437.01974
8679,549243,291.6347
8680,549374,674.19336
8681,549471,515.0907
8682,549559,472.05756
8683,549632,395.49594
8684,549722,411.1867
8685,549797,398.35455
8686,549870,376.08243
8687,549931,297.96396
8688,550003,372.07153
8689,550069,347.3893
8690,550172,561.19794
8691,550241,375.61066
8692,550313,343.3438
8693,550448,708.7009
8694,550490,219.09044
8695,550565,418.3446
8696,550639,368.25876
8697,550716,408.7257
8698,550793,401.4527
8699,550847,301.93463
8700,550916,372.0788
8701,550986,353.01013
8702,551065,386.8815
8703,551141,408.7024
8704,551220,412.99545
8705,551305,433.38794
8706,551386,410.35837
8707,551490,573.9166
8708,551588,486.20175
8709,551660,400.22205
8710,551760,523.3996
8711,551866,553.2038
8712,551929,275.85046
8713,552045,529.5865
8714,552110,317.5495
8715,552222,586.62335
8716,552352,686.72595
8717,552430,358.89624
8718,552517,466.91907
8719,552590,396.72632
8720,552684,415.69012
8721,552754,352.80978
8722,552848,490.31763
8723,552915,344.17194
8724,552993,422.54852
8725,553083,421.10773
8726,553198,561.22485
8727,553274,416.39523
8728,553344,359.65234
8729,553467,647.1291
8730,553533,363.6104
8731,553609,385.39304
8732,553702,484.20496
8733,553763,283.72852
8734,553881,595.4692
8735,554003,579.09784
8736,554110,513.37787
8737,554176,360.3134
8738,554269,471.0883
8739,554337,365.34464
8740,554411,395.7798
8741,554486,422.107
8742,554563,396.24
8743,554666,573.1166
8744,554742,411.9519
8745,554819,422.04794
8746,554882,285.05154
8747,554962,394.88513
8748,555031,366.04492
8749,555096,310.55325
8750,555201,570.0124
8751,555279,416.43295
8752,555348,331.36694
8753,555428,356.13895
8754,555492,346.52985
8755,555548,311.93976
8756,555657,518.08234
8757,555771,613.69214
8758,555841,358.4635
8759,555929,411.12592
8760,556058,652.1831
8761,556115,309.83722
8762,556206,492.13953
8763,556299,493.03232
8764,556384,473.8066
8765,556469,450.1748
8766,556552,375.08588
8767,556614,351.9636
8768,556664,251.06804
8769,556740,416.74738
8770,556803,337.87057
8771,556876,325.90164
8772,556968,496.0909
8773,557031,336.08878
8774,557112,392.3905
8775,557180,355.24933
8776,557261,448.6194
8777,557349,452.14975
8778,557474,655.22504
8779,557529,299.23795
8780,557608,373.32822
8781,557691,454.7261
8782,557769,412.20303
8783,557820,256.5742
8784,557878,314.96548
8785,557931,248.50632
8786,557991,330.3899
8787,558068,397.9467
8788,558138,360.27478
8789,558210,382.89062
8790,558286,379.793
8791,558443,829.5063
8792,558524,418.02097
8793,558614,400.848
8794,558673,327.92972
8795,558746,408.85086
8796,558828,396.40686
8797,558885,274.41943
8798,558929,218.93163
8799,559017,424.9292
8800,559088,347.44525
8801,559183,509.7297
8802,559261,404.98816
8803,559358,502.64746
8804,559411,291.98364
8805,559494,358.12076
8806,559582,473.25858
8807,559680,534.3768
8808,559762,439.04477
8809,559831,378.5957
8810,559907,416.02423
8811,559977,346.61322
8812,560060,436.8586
8813,560123,346.98685
8814,560187,353.54968
8815,560265,393.4885
8816,560361,526.34436
8817,560434,393.59933
8818,560520,439.25507
8819,560594,397.12842
8820,560694,545.9308
8821,560784,487.74
8822,560852,348.54193
8823,560933,418.53595
8824,561005,342.84622
8825,561070,336.16302
8826,561133,315.79077
8827,561270,703.72876
8828,561346,424.30692
8829,561430,436.9247
8830,561539,497.34747
8831,561609,386.3448
8832,561663,267.49173
8833,561739,369.57944
8834,561805,325.98294
8835,561874,336.10385
8836,561973,500.52695
8837,562062,429.33707
8838,562172,560.6416
8839,562216,210.29233
8840,562291,379.20007
8841,562366,424.03592
8842,562439,365.10333
8843,562495,256.906
8844,562576,390.45923
8845,562655,368.3287
8846,562734,430.38806
8847,562793,277.00534
8848,562898,561.479
8849,562980,437.0002
8850,563055,363.3667
8851,563151,470.78824
8852,563239,451.75876
8853,563353,581.6921
8854,563474,644.8433
8855,563540,361.4117
8856,563660,625.6542
8857,563724,349.95285
8858,563796,370.868
8859,563822,121.096405
8860,563870,231.40535
8861,563938,378.01685
8862,564001,349.8993
8863,564135,689.295
8864,564212,404.9635
8865,564297,466.58725
8866,564383,402.3154
8867,564476,504.83875
8868,564551,338.04666
8869,564624,366.49695
8870,564707,435.0783
8871,564786,442.8807
8872,564859,365.3567
8873,564947,401.3803
8874,565050,554.4331
8875,565119,300.28973
8876,565184,352.0315
8877,565251,359.28806
8878,565351,538.11
8879,565385,176.92255
8880,565492,525.7626
8881,565551,324.03946
8882,565638,464.00433
8883,565743,529.65674
8884,565827,437.02136
8885,565890,321.5316
8886,566001,592.20984
8887,566108,527.8417
8888,566160,287.69366
8889,566245,401.74985
8890,566314,363.2801
8891,566413,464.554
8892,566512,535.3657
8893,566593,396.0
8894,566664,395.52078
8895,566748,450.63605
8896,566804,291.20663
8897,566931,669.6554
8898,567025,508.59583
8899,567094,373.8975
8900,567177,465.6678
8901,567239,345.17075
8902,567303,348.16052
8903,567376,386.44696
8904,567441,360.49295
8905,567515,398.5084
8906,567601,448.3632
8907,567680,426.82114
8908,567774,503.3384
8909,567853,398.0717
8910,567915,294.10556
8911,567973,267.6455
8912,568060,415.80075
8913,568153,497.62515
8914,568231,394.2812
8915,568321,431.59274
8916,568415,495.49722
8917,568534,546.5179
8918,568651,627.79596
8919,568736,452.08005
8920,568798,350.44528
8921,568889,503.2406
8922,568969,434.5365
8923,569041,388.18738
8924,569118,421.18326
8925,569235,532.9698
8926,569324,459.50717
8927,569418,505.9502
8928,569511,474.472
8929,569592,392.98987
8930,569694,514.7069
8931,569753,323.8801
8932,569842,476.54446
8933,569916,407.45203
8934,569984,377.64005
8935,570111,645.4783
8936,570182,349.0483
8937,570259,417.06534
8938,570325,345.52524
8939,570426,547.511
8940,570482,306.84576
8941,570571,463.43683
8942,570649,390.55673
8943,570716,363.25696
8944,570785,347.9383
8945,570848,281.4135
8946,570917,346.22125
8947,570966,236.26146
8948,571093,607.7078
8949,571207,517.6724
8950,571274,312.1107
8951,571330,305.94772
8952,571395,307.4074
8953,571510,603.8917
8954,571589,443.71628
8955,571668,398.89694
8956,571785,604.3263
8957,571892,584.15533
8958,571965,383.2003
8959,572084,566.04846
8960,572169,420.44135
8961,572253,418.26355
8962,572357,535.1036
8963,572436,405.71027
8964,572514,434.7176
8965,572600,433.19012
8966,572680,437.80392
8967,572750,340.74396
8968,572845,463.6978
8969,572916,384.95975
8970,573002,450.45517
8971,573084,450.97958
8972,573155,341.72757
8973,573222,289.2965
8974,573279,266.7122
8975,573362,403.95425
8976,573445,384.3611
8977,573533,454.8336
8978,573599,363.5493
8979,573676,418.60022
8980,573769,509.949
8981,573822,273.81104
8982,573876,296.28802
8983,573938,348.95636
8984,574061,650.9529
8985,574155,441.72668
8986,574238,450.95682
8987,574309,374.40472
8988,574361,284.7275
8989,574422,340.6217
8990,574484,292.85574
8991,574556,391.1543
8992,574625,375.77393
8993,574706,437.18326
8994,574782,408.90762
8995,574849,347.32916
8996,574918,313.94547
8997,574992,418.15845
8998,575067,407.3453
8999,575154,430.38672
9000,575197,213.48206
9001,575274,412.13492
9002,575351,364.84424
9003,575423,367.5423
9004,575484,337.97192
9005,575554,353.49387
9006,575621,364.14398
9007,575716,421.30038
9008,575872,791.09106
9009,575978,585.939
9010,576035,306.26093
9011,576114,428.2278
9012,576221,560.93976
9013,576318,522.6759
9014,576406,481.16214
9015,576478,350.91815
9016,576545,370.39343
9017,576673,612.74176
9018,576741,323.43344
9019,576804,299.9137
9020,576896,483.10355
9021,576972,424.45456
9022,577041,387.23206
9023,577115,406.34583
9024,577198,414.33997
9025,577262,298.485
9026,577315,258.896
9027,577396,446.41537
9028,577444,250.23032
9029,577519,395.59863
9030,577610,479.3846
9031,577743,679.915
9032,577846,571.8015
9033,577919,402.2086
9034,577975,313.24927
9035,578071,469.3134
9036,578173,530.0605
9037,578259,440.34448
9038,578314,298.43283
9039,578401,418.66797
9040,578458,312.89487
9041,578534,426.39774
9042,578653,576.7298
9043,578712,301.95493
9044,578807,491.4699
9045,578899,483.07584
9046,578972,405.60318
9047,579109,701.2639
9048,579169,294.81665
9049,579248,364.56058
9050,579325,426.62466
9051,579405,432.1591
9052,579485,423.31052
9053,579547,274.20126
9054,579615,318.15414
9055,579714,529.2101
9056,579798,456.0054
9057,579875,389.28763
9058,579930,256.29068
9059,580007,406.83014
9060,580101,491.11865
9061,580197,502.5399
9062,580296,541.17395
9063,580372,425.41583
9064,580459,464.14297
9065,580551,445.81284
9066,580635,442.53897
9067,580689,262.03152
9068,580754,347.00366
9069,580805,282.96616
9070,580877,388.69568
9071,580946,387.1155
9072,581042,470.507
9073,581106,354.65042
9074,581246,726.7671
9075,581332,466.1707
9076,581413,444.18964
9077,581504,490.24835
9078,581599,515.6658
9079,581674,398.3331
9080,581749,415.6308
9081,581829,405.38605
9082,581914,421.08673
9083,582021,515.5513
9084,582116,488.77216
9085,582174,292.13846
9086,582241,309.6544
9087,582320,439.9909
9088,582386,325.41504
9089,582447,335.082
9090,582522,342.71576
9091,582614,519.38153
9092,582698,454.3679
9093,582822,663.6102
9094,582923,491.87427
9095,583019,539.91986
9096,583090,370.88116
9097,583156,291.0432
9098,583249,510.7334
9099,583322,348.5564
9100,583372,224.35915
9101,583480,539.6847
9102,583556,360.5746
9103,583627,389.56363
9104,583680,289.016
9105,583767,443.07254
9106,583859,471.89243
9107,583925,359.4158
9108,583985,316.40823
9109,584055,372.6353
9110,584141,444.38934
9111,584237,470.58405
9112,584306,372.80545
9113,584386,424.6382
9114,584454,364.69324
9115,584556,549.21124
9116,584612,314.2258
9117,584699,468.10028
9118,584779,421.45517
9119,584846,357.64377
9120,584920,369.66507
9121,585010,486.9405
9122,585082,367.00534
9123,585169,431.98297
9124,585223,270.21512
9125,585296,336.80347
9126,585382,476.56656
9127,585518,627.7035
9128,585611,487.49652
9129,585685,404.50912
9130,585720,179.18985
9131,585837,611.31744
9132,585916,411.9299
9133,586013,519.9503
9134,586111,525.9569
9135,586182,392.94235
9136,586260,423.2593
9137,586323,321.07547
9138,586396,367.1257
9139,586481,460.9936
9140,586545,357.13217
9141,586624,431.32373
9142,586693,369.8969
9143,586788,523.7049
9144,586837,230.5907
9145,586904,311.428
9146,586997,454.14166
9147,587089,486.7338
9148,587163,409.60663
9149,587237,353.2458
9150,587319,456.5356
9151,587396,416.36005
9152,587447,267.66626
9153,587527,439.73306
9154,587602,414.39133
9155,587664,280.5424
9156,587718,302.76883
9157,587805,468.8446
9158,587898,481.68375
9159,587994,471.15445
9160,588069,411.30234
9161,588148,425.43384
9162,588248,466.77386
9163,588322,362.56412
9164,588433,599.7937
9165,588502,355.2609
9166,588575,389.35287
9167,588692,624.1531
9168,588765,375.57037
9169,588852,381.34076
9170,588922,356.93796
9171,588995,397.63037
9172,589053,324.6964
9173,589130,390.91327
9174,589199,379.9666
9175,589265,350.33023
9176,589330,361.80466
9177,589401,359.97467
9178,589477,399.0858
9179,589566,479.02652
9180,589604,179.9687
9181,589683,415.74094
9182,589775,451.85114
9183,589844,347.27698
9184,589929,451.46884
9185,590022,449.11493
9186,590099,404.94495
9187,590183,429.46658
9188,590274,421.2158
9189,590358,442.63956
9190,590424,364.16174
9191,590498,382.466
9192,590557,304.70428
9193,590672,589.38965
9194,590754,402.0705
9195,590878,654.29504
9196,590992,585.8543
9197,591079,453.46017
9198,591161,450.1774
9199,591240,432.473
9200,591292,259.6313
9201,591366,418.75232
9202,591464,502.58478
9203,591578,595.3733
9204,591671,505.4747
9205,591747,408.0882
9206,591835,459.58176
9207,591920,438.17636
9208,591984,360.3302
9209,592045,321.7752
9210,592134,416.14078
9211,592208,384.29453
9212,592309,534.11395
9213,592379,365.8743
9214,592450,364.45883
9215,592514,294.39075
9216,592594,444.45956
9217,592668,395.60406
9218,592743,424.84042
9219,592834,458.38165
9220,592917,447.52966
9221,592972,285.04694
9222,593048,408.84238
9223,593122,386.90573
9224,593210,476.83865
9225,593277,291.43262
9226,593359,420.27762
9227,593462,512.106
9228,593523,332.05307
9229,593591,377.75693
9230,593653,315.13666
9231,593731,435.53308
9232,593802,391.60873
9233,593881,363.608
9234,593953,394.81418
9235,594020,367.11612
9236,594128,596.8436
9237,594198,354.7785
9238,594277,415.44223
9239,594392,536.45337
9240,594472,424.33182
9241,594547,399.86633
9242,594616,365.2249
9243,594685,384.40048
9244,594761,420.89243
9245,594826,345.04147
9246,594888,340.16675
9247,594967,371.51816
9248,595054,428.51773
9249,595163,523.5642
9250,595251,478.57162
9251,595332,453.2983
9252,595407,405.07663
9253,595470,308.85983
9254,595547,421.5096
9255,595621,397.50378
9256,595725,512.9203
9257,595815,486.3381
9258,595906,458.44894
9259,596001,498.29205
9260,596095,501.01553
9261,596166,397.53726
9262,596245,403.10223
9263,596337,458.3647
9264,596476,710.4287
9265,596572,520.59
9266,596663,453.8684
9267,596737,402.2293
9268,596834,491.6215
9269,596910,344.4707
9270,596963,288.34576
9271,597034,390.56363
9272,597101,356.09595
9273,597182,374.68103
9274,597262,413.39954
9275,597323,326.18863
9276,597411,470.7856
9277,597486,410.464
9278,597562,405.64664
9279,597646,422.38467
9280,597736,494.88284
9281,597802,357.71118
9282,597903,529.66846
9283,597983,378.15002
9284,598087,538.4164
9285,598168,432.1522
9286,598257,478.43427
9287,598336,372.50436
9288,598448,595.5778
9289,598522,390.18063
9290,598604,448.6966
9291,598664,267.6209
9292,598746,458.36655
9293,598831,455.2008
9294,598920,465.78506
9295,598999,429.89682
9296,599086,470.71506
9297,599138,275.4461
9298,599206,381.54684
9299,599273,360.01523
9300,599346,372.89166
9301,599487,744.168
9302,599585,530.2864
9303,599650,358.59247
9304,599719,384.7245
9305,599778,320.31613
9306,599859,430.36426
9307,599926,377.5885
9308,599996,329.09122
9309,600060,351.52972
9310,600151,493.07455
9311,600213,339.54514
9312,600279,351.6447
9313,600367,459.95786
9314,600443,372.99307
9315,600506,355.79605
9316,600566,296.69708
9317,600630,355.89014
9318,600700,333.2896
9319,600785,466.09827
9320,600907,651.05475
9321,601003,493.7105
9322,601086,443.03723
9323,601182,521.7284
9324,601287,539.07825
9325,601356,391.31723
9326,601429,382.835
9327,601499,369.95813
9328,601570,359.35568
9329,601638,383.11285
9330,601716,378.92868
9331,601779,347.22525
9332,601846,373.31354
9333,601922,408.88373
9334,601993,388.94678
9335,602070,403.1197
9336,602155,466.6305
9337,602255,521.6616
9338,602323,370.28738
9339,602373,259.2881
9340,602429,264.404
9341,602507,378.12817
9342,602594,486.9233
9343,602669,370.50433
9344,602808,681.3375
9345,602874,350.60974
9346,602962,468.30106
9347,603041,387.90622
9348,603118,431.85034
9349,603184,367.13483
9350,603248,349.91058
9351,603302,282.40387
9352,603427,631.71704
9353,603514,457.46445
9354,603587,409.97916
9355,603659,385.53558
9356,603739,442.65698
9357,603803,350.5357
9358,603883,429.61954
9359,603952,355.79572
9360,604019,342.21533
9361,604093,408.20895
9362,604201,571.7814
9363,604271,382.9194
9364,604345,397.84033
9365,604455,512.16296
9366,604625,827.7316
9367,604701,408.21564
9368,604817,606.8076
9369,604908,493.36926
9370,605040,713.6876
9371,605121,430.22992
9372,605193,380.7389
9373,605297,532.5235
9374,605358,336.59915
9375,605418,326.26074
9376,605484,355.84146
9377,605562,418.33456
9378,605632,391.9167
9379,605697,358.88037
9380,605775,433.79764
9381,605841,361.89594
9382,605902,329.61703
9383,605990,470.47882
9384,606055,352.49707
9385,606143,484.85025
9386,606252,574.078
9387,606339,483.84155
9388,606434,497.01453
9389,606521,429.65146
9390,606623,491.7628
9391,606700,365.92764
9392,606782,429.4227
9393,606891,520.5724
9394,606969,417.75174
9395,607062,477.67432
9396,607192,695.2779
9397,607252,331.6595
9398,607342,465.25598
9399,607418,394.44724
9400,607499,378.4372
9401,607599,479.48538
9402,607678,411.2544
9403,607774,539.6023
9404,607839,339.59583
9405,607900,280.0399
9406,607964,341.5965
9407,608025,345.32654
9408,608092,325.48105
9409,608187,464.11398
9410,608264,390.08588
9411,608345,429.0007
9412,608418,395.4869
9413,608488,391.27228
9414,608562,397.03333
9415,608691,632.1922
9416,608762,380.82834
9417,608862,443.04095
9418,608952,459.7924
9419,609028,409.496
9420,609124,446.90692
9421,609226,476.24585
9422,609288,344.22592
9423,609349,338.8854
9424,609424,404.5756
9425,609484,320.23514
9426,609556,356.6701
9427,609640,459.60934
9428,609691,286.7345
9429,609740,235.98216
9430,609816,420.6274
9431,609913,504.92642
9432,609978,372.48062
9433,610046,368.85132
9434,610114,339.08597
9435,610187,370.21228
9436,610281,450.4668
9437,610380,540.1383
9438,610432,250.66606
9439,610497,337.502
9440,610571,391.46497
9441,610646,416.38943
9442,610715,376.18893
9443,610806,504.719
9444,610897,484.23538
9445,610993,517.54553
9446,611058,352.56485
9447,611172,547.4381
9448,611276,539.88617
9449,611351,345.36346
9450,611464,534.4116
9451,611539,367.30444
9452,611598,329.33627
9453,611672,390.23883
9454,611738,343.2826
9455,611831,459.2468
9456,611908,376.51608
9457,611992,451.35913
9458,612071,383.85452
9459,612153,446.0308
9460,612248,518.93506
9461,612318,395.92123
9462,612392,363.95636
9463,612471,427.8617
9464,612542,389.35938
9465,612627,465.42545
9466,612707,376.9973
9467,612754,218.54369
9468,612849,450.83298
9469,612944,528.4789
9470,613045,538.6484
9471,613152,521.38403
9472,613234,437.2972
9473,613305,394.04196
9474,613384,384.89673
9475,613456,394.9641
9476,613518,334.02277
9477,613583,350.04288
9478,613700,574.8934
9479,613783,462.01727
9480,613857,415.19382
9481,613927,367.90247
9482,613994,337.567
9483,614084,442.47333
9484,614169,412.9981
9485,614294,579.9729
9486,614397,560.16473
9487,614488,472.9854
9488,614563,408.6005
9489,614648,464.81744
9490,614755,557.2088
9491,614848,511.7122
9492,614987,749.68243
9493,615055,381.11658
9494,615123,372.60907
9495,615291,837.9728
9496,615375,429.2517
9497,615456,455.34872
9498,615546,502.31238
9499,615636,472.5579
9500,615711,399.1554
9501,615856,722.0237
9502,615934,355.00043
9503,615997,336.33975
9504,616070,356.61426
9505,616139,376.1326
9506,616240,497.30957
9507,616305,361.05832
9508,616398,449.7995
9509,616480,434.62747
9510,616571,485.72644
9511,616640,354.24597
9512,616716,366.09933
9513,616808,477.2007
9514,616888,432.79126
9515,616997,565.8742
9516,617061,343.58066
9517,617150,426.81213
9518,617241,467.02014
9519,617319,415.34402
9520,617438,599.2963
9521,617580,767.154
9522,617686,546.6612
9523,617755,309.5962
9524,617827,398.10962
9525,617891,345.27808
9526,617954,343.18448
9527,618053,525.61005
9528,618146,493.47296
9529,618215,366.82645
9530,618284,336.76004
9531,618345,313.97015
9532,618429,425.5401
9533,618505,416.08957
9534,618594,447.1957
9535,618661,300.88675
9536,618754,504.5913
9537,618864,567.71155
9538,618929,320.92004
9539,618995,351.88672
9540,619083,480.87585
9541,619181,460.53842
9542,619257,415.6912
9543,619348,499.9948
9544,619428,375.86276
9545,619517,486.71713
9546,619594,383.08493
9547,619698,549.1319
9548,619818,647.74133
9549,619891,391.28958
9550,619963,377.02194
9551,620020,280.5437
9552,620081,288.5726
9553,620166,422.95178
9554,620275,588.981
9555,620348,401.20242
9556,620411,300.77615
9557,620477,347.6946
9558,620570,503.39526
9559,620659,459.10025
9560,620739,363.3727
9561,620853,532.9212
9562,620934,437.7598
9563,621036,533.3532
9564,621102,332.37955
9565,621189,429.24426
9566,621285,504.62302
9567,621345,307.07266
9568,621439,485.57477
9569,621516,427.13397
9570,621590,415.80045
9571,621678,464.791
9572,621756,396.07358
9573,621841,458.35608
9574,621919,410.14682
9575,621990,329.51138
9576,622061,372.55597
9577,622131,380.7405
9578,622246,536.3649
9579,622346,525.4711
9580,622443,456.16052
9581,622562,600.85284
9582,622660,540.7826
9583,622770,546.4636
9584,622847,409.31818
9585,622959,615.2898
9586,623034,362.97586
9587,623122,439.98376
9588,623195,382.74924
9589,623250,304.7859
9590,623345,495.97513
9591,623427,450.33752
9592,623491,344.95703
9593,623569,448.32086
9594,623645,401.35034
9595,623727,441.38937
9596,623786,286.503
9597,623868,432.6295
9598,623941,358.1923
9599,624019,426.21512
9600,624062,210.25354
9601,624117,281.8171
9602,624192,410.65265
9603,624270,420.65533
9604,624344,405.81845
9605,624402,316.6537
9606,624460,263.04608
9607,624550,491.13193
9608,624628,373.71808
9609,624793,833.64905
9610,624858,359.7737
9611,624923,349.68765
9612,624996,378.38367
9613,625106,593.68835
9614,625164,279.9636
9615,625217,251.39717
9616,625284,374.22903
9617,625372,467.18433
9618,625448,408.905
9619,625532,456.4487
9620,625606,408.4386
9621,625694,391.3822
9622,625758,319.42386
9623,625827,374.01575
9624,625878,241.9266
9625,625945,377.7923
9626,626000,299.82117
9627,626090,490.13745
9628,626171,424.8917
9629,626258,482.12708
9630,626341,448.15314
9631,626426,429.2496
9632,626529,512.8543
9633,626632,513.5574
9634,626676,211.85829
9635,626737,319.32764
9636,626807,377.6831
9637,626896,449.09164
9638,626963,374.82016
9639,627026,308.42764
9640,627107,371.2658
9641,627193,472.90173
9642,627260,355.6365
9643,627337,411.156
9644,627432,525.0333
9645,627498,343.60968
9646,627566,311.87308
9647,627655,438.59265
9648,627736,446.68332
9649,627824,458.30328
9650,627898,357.01294
9651,627992,496.27725
9652,628081,398.93042
9653,628165,457.15338
9654,628265,546.6273
9655,628377,565.8119
9656,628459,424.5917
9657,628535,399.7071
9658,628593,307.7094
9659,628680,469.85345
9660,628765,382.6091
9661,628848,455.4349
9662,628940,516.82434
9663,629015,353.14178
9664,629089,365.6377
9665,629180,489.7031
9666,629275,520.45764
9667,629325,274.21332
9668,629413,453.46283
9669,629503,487.7632
9670,629572,321.25754
9671,629671,511.99246
9672,629773,540.3021
9673,629847,392.27676
9674,629943,506.17294
9675,630017,397.20624
9676,630100,456.6088
9677,630188,478.30417
9678,630284,514.6898
9679,630367,397.409
9680,630473,558.9614
9681,630543,377.65945
9682,630635,502.3413
9683,630708,401.04102
9684,630785,403.48032
9685,630849,285.30698
9686,630965,609.1979
9687,631035,356.66962
9688,631123,476.62347
9689,631250,655.6418
9690,631330,413.86923
9691,631400,364.0307
9692,631471,366.17444
9693,631550,394.95645
9694,631627,410.47217
9695,631710,404.46677
9696,631804,473.96725
9697,631878,410.7155
9698,631968,481.47867
9699,632058,478.3702
9700,632146,488.31467
9701,632238,503.61353
9702,632373,736.1319
9703,632448,360.98022
9704,632525,412.92627
9705,632622,475.545
9706,632693,366.1637
9707,632766,361.54214
9708,632854,474.88806
9709,632927,400.07904
9710,633002,396.50616
9711,633078,416.93854
9712,633152,401.6413
9713,633259,483.17026
9714,633359,493.68893
9715,633430,401.798
9716,633556,684.714
9717,633622,304.1873
9718,633688,352.55328
9719,633781,504.46106
9720,633867,490.82843
9721,633926,284.0681
9722,633992,360.5948
9723,634078,470.1886
9724,634163,453.62515
9725,634233,361.13504
9726,634317,472.61044
9727,634395,438.9902
9728,634446,251.50053
9729,634529,371.62466
9730,634594,326.30188
9731,634698,542.5028
9732,634779,449.96786
9733,634865,403.31027
9734,634937,331.04782
9735,635021,426.5408
9736,635100,438.731
9737,635195,504.33853
9738,635277,351.29465
9739,635373,517.7592
9740,635459,444.2749
9741,635549,463.10556
9742,635648,502.4311
9743,635736,477.27753
9744,635868,668.4421
9745,635931,285.3166
9746,636013,451.6766
9747,636095,427.08203
9748,636167,330.6125
9749,636236,374.63458
9750,636322,450.86578
9751,636387,355.06
9752,636457,386.23602
9753,636508,286.37436
9754,636609,550.78156
9755,636679,327.0334
9756,636763,465.61996
9757,636840,386.3476
9758,636928,476.54932
9759,637016,467.5586
9760,637078,318.43323
9761,637140,287.3486
9762,637220,421.71936
9763,637281,331.552
9764,637436,755.4025
9765,637528,492.04523
9766,637598,384.75327
9767,637778,934.08826
9768,637853,418.11505
9769,637941,475.24576
9770,638029,435.0384
9771,638135,517.04193
9772,638177,199.7109
9773,638266,478.14862
9774,638360,508.616
9775,638452,491.11798
9776,638595,696.91595
9777,638734,725.14087
9778,638806,396.9685
9779,638892,468.34003
9780,638983,448.25937
9781,639083,525.8802
9782,639142,329.26297
9783,639224,401.72433
9784,639303,373.5429
9785,639406,470.9142
9786,639503,512.32623
9787,639578,398.50354
9788,639678,507.75385
9789,639771,505.62262
9790,639843,394.3112
9791,639884,203.29912
9792,639983,548.9897
9793,640043,293.7501
9794,640106,349.45428
9795,640202,462.13406
9796,640276,390.19278
9797,640367,468.71042
9798,640477,586.33014
9799,640543,335.88718
9800,640612,346.2244
9801,640693,434.2863
9802,640768,423.91568
9803,640858,469.87643
9804,640939,449.10544
9805,641044,575.82684
9806,641108,357.73215
9807,641247,677.5629
9808,641321,407.22794
9809,641403,409.59265
9810,641507,480.6111
9811,641601,498.12823
9812,641665,351.46362
9813,641729,319.8001
9814,641807,427.74045
9815,641908,541.0206
9816,641980,401.45807
9817,642038,275.28168
9818,642114,408.51596
9819,642196,438.8836
9820,642294,533.9248
9821,642366,401.2286
9822,642451,432.3829
9823,642513,338.29587
9824,642604,481.7902
9825,642704,489.94897
9826,642831,627.9082
9827,642884,257.95273
9828,643021,686.9206
9829,643094,397.09418
9830,643211,588.4206
9831,643299,481.37177
9832,643388,483.4549
9833,643462,366.0239
9834,643531,349.9063
9835,643616,407.5467
9836,643702,381.6778
9837,643763,289.0206
9838,643857,512.3362
9839,643904,212.13033
9840,644023,584.0771
9841,644098,349.97888
9842,644208,606.8179
9843,644277,386.07758
9844,644364,483.10712
9845,644433,360.7252
9846,644510,430.26413
9847,644590,412.8143
9848,644661,397.32208
9849,644726,325.30197
9850,644821,490.05783
9851,644881,273.9442
9852,644952,399.75348
9853,645054,543.22736
9854,645149,524.9105
9855,645219,393.90594
9856,645295,406.5202
9857,645353,301.0901
9858,645456,564.76984
9859,645567,533.1858
9860,645651,461.87357
9861,645724,401.5663
9862,645805,413.41107
9863,645902,520.97107
9864,645978,346.0813
9865,646048,394.14532
9866,646120,383.46945
9867,646181,285.00714
9868,646277,522.6165
9869,646343,365.5923
9870,646426,439.13956
9871,646512,471.72195
9872,646573,330.4585
9873,646662,491.17404
9874,646776,627.0719
9875,646855,416.11844
9876,646928,383.9974
9877,646992,360.52637
9878,647095,451.20694
9879,647168,333.64127
9880,647277,581.32
9881,647355,383.7812
9882,647438,414.5864
9883,647555,623.3368
9884,647671,620.3607
9885,647742,385.3286
9886,647876,692.2925
9887,647975,528.49426
9888,648084,521.7632
9889,648159,404.59613
9890,648225,335.52014
9891,648311,469.27597
9892,648385,403.30154
9893,648457,394.84766
9894,648524,330.18658
9895,648595,374.60925
9896,648661,358.65738
9897,648789,697.5032
9898,648869,349.3288
9899,648940,388.43228
9900,649019,444.8251
9901,649089,384.614
9902,649197,595.58295
9903,649240,207.24815
9904,649381,752.5812
9905,649454,360.84592
9906,649534,459.2534
9907,649616,397.66937
9908,649679,297.77423
9909,649761,457.87915
9910,649850,493.06287
9911,649923,391.2303
9912,650028,560.4348
9913,650143,595.372
9914,650217,402.2302
9915,650345,695.43463
9916,650442,510.58115
9917,650518,404.50977
9918,650579,336.46347
9919,650663,434.96475
9920,650744,432.25504
9921,650827,404.2034
9922,650942,625.48566
9923,651090,707.0893
9924,651162,398.43542
9925,651282,650.54846
9926,651343,319.06845
9927,651406,340.70337
9928,651470,351.14932
9929,651535,327.50925
9930,651625,462.40015
9931,651719,469.19006
9932,651790,383.38376
9933,651865,407.56827
9934,651981,572.4607
9935,652054,393.15433
9936,652108,261.75406
9937,652225,624.2216
9938,652300,392.12598
9939,652376,418.7979
9940,652456,435.60016
9941,652526,390.021
9942,652599,404.03122
9943,652681,442.66788
9944,652769,447.67917
9945,652857,457.6448
9946,652958,502.00217
9947,653024,361.23428
9948,653099,360.4783
9949,653184,445.53268
9950,653277,497.59146
9951,653367,489.62277
9952,653432,269.44543
9953,653524,503.57117
9954,653606,450.81647
9955,653678,401.00687
9956,653752,344.26678
9957,653848,455.31558
9958,653996,765.4372
9959,654077,375.4959
9960,654161,408.1711
9961,654232,365.51447
9962,654304,365.00143
9963,654402,486.9076
9964,654477,360.63687
9965,654556,396.0568
9966,654642,409.06598
9967,654754,615.2836
9968,654817,322.74054
9969,654897,443.3769
9970,654921,118.50286
9971,655034,612.70404
9972,655150,605.669
9973,655211,307.1192
9974,655307,513.47424
9975,655382,375.33688
9976,655482,552.683
9977,655560,423.70026
9978,655641,429.4867
9979,655734,514.76587
9980,655804,383.08945
9981,655927,649.20807
9982,655994,371.9433
9983,656076,438.80557
9984,656139,291.4327
9985,656209,381.74515
9986,656289,429.58426
9987,656390,467.45468
9988,656486,450.59756
9989,656552,361.9568
9990,656640,492.4504
9991,656723,423.07043
9992,656804,417.96225
9993,656941,707.3452
9994,657011,365.6746
9995,657097,445.0773
9996,657169,346.66116
9997,657250,435.99045
9998,657349,519.62
9999,657427,408.21097
10000,657520,481.51086
10001,657606,454.30014
10002,657683,415.34573
10003,657759,425.79037
10004,657844,480.6795
10005,657932,428.1416
10006,658016,460.65756
10007,658104,432.59268
10008,658210,505.05136
10009,658285,378.2933
10010,658385,473.9925
10011,658468,460.54565
10012,658533,352.47427
10013,658612,441.87234
10014,658692,436.46777
10015,658751,323.7855
10016,658821,334.25632
10017,658898,367.78235
10018,658953,279.88208
10019,659038,462.5841
10020,659150,540.0398
10021,659229,424.3487
10022,659307,432.31827
10023,659375,358.83908
10024,659437,302.6608
10025,659545,568.3007
10026,659619,414.42822
10027,659700,392.60416
10028,659790,500.95142
10029,659879,488.45074
10030,659957,376.71902
10031,660077,640.1428
10032,660159,434.7705
10033,660237,412.11584
10034,660320,449.73215
10035,660409,463.26385
10036,660525,564.3699
10037,660597,396.70392
10038,660684,444.37778
10039,660776,511.61685
10040,660896,579.8013
10041,660962,330.23892
10042,661069,568.8314
10043,661127,324.12634
10044,661204,422.3735
10045,661294,459.94614
10046,661408,588.353
10047,661466,281.68958
10048,661607,730.5888
10049,661697,469.2022
10050,661813,619.7947
10051,661901,467.64957
10052,662002,542.8949
10053,662080,407.2185
10054,662158,421.97366
10055,662238,436.88962
10056,662336,544.4692
10057,662450,614.56635
10058,662516,357.49945
10059,662572,269.83728
10060,662639,361.27084
10061,662698,263.1886
10062,662773,399.95224
10063,662840,322.41922
10064,662934,454.9117
10065,663001,319.3616
10066,663075,411.45218
10067,663157,455.8423
10068,663212,275.02744
10069,663273,340.48206
10070,663360,454.48715
10071,663451,503.63107
10072,663548,437.7809
10073,663692,748.10315
10074,663793,552.0181
10075,663884,492.21225
10076,663961,415.9835
10077,664014,273.60428
10078,664121,571.2245
10079,664229,507.6911
10080,664281,246.72864
10081,664347,334.56146
10082,664426,427.6087
10083,664509,432.39883
10084,664617,591.4718
10085,664676,301.23242
10086,664728,259.9724
10087,664820,513.3601
10088,664916,471.83292
10089,664976,318.36353
10090,665112,700.42053
10091,665173,340.74542
10092,665233,298.4106
10093,665323,488.72278
10094,665405,452.9472
10095,665470,345.17438
10096,665532,350.78232
10097,665599,343.3226
10098,665671,394.7367
10099,665753,390.85754
10100,665833,419.70148
10101,665880,235.59679
10102,665974,489.13486
10103,666067,496.11667
10104,666131,321.60126
10105,666199,327.18195
10106,666283,435.68524
10107,666366,402.652
10108,666431,356.40527
10109,666493,317.60333
10110,666569,381.99887
10111,666651,411.5087
10112,666741,494.10754
10113,666896,807.58276
10114,666965,383.29184
10115,667029,338.65634
10116,667101,357.51266
10117,667179,398.96655
10118,667266,455.6208
10119,667365,513.0544
10120,667448,453.59875
10121,667558,591.8781
10122,667623,332.22974
10123,667768,749.5008
10124,667916,754.59906
10125,668013,446.05548
10126,668068,272.19785
10127,668144,380.3862
10128,668248,534.4218
10129,668355,558.6793
10130,668463,576.46564
10131,668533,379.6825
10132,668605,401.683
10133,668729,598.3744
10134,668819,428.68655
10135,668880,299.79816
10136,668938,307.43823
10137,669064,612.6632
10138,669135,327.42462
10139,669197,329.69113
10140,669270,360.69376
10141,669351,445.33746
10142,669408,291.69583
10143,669502,516.7454
10144,669590,484.1683
10145,669647,314.86865
10146,669725,383.685
10147,669790,355.26675
10148,669900,589.57874
10149,669964,347.56433
10150,670050,456.82974
10151,670131,437.36823
10152,670242,612.1412
10153,670323,422.62772
10154,670438,601.8175
10155,670501,354.48676
10156,670656,831.1354
10157,670764,557.5046
10158,670831,370.9779
10159,670926,508.30362
10160,671027,517.3514
10161,671103,415.36053
10162,671204,536.1114
10163,671267,337.1187
10164,671331,358.87027
10165,671413,403.87372
10166,671479,367.2402
10167,671581,547.5603
10168,671661,418.4636
10169,671759,459.5457
10170,671810,252.07791
10171,671868,319.43176
10172,671987,612.34424
10173,672052,338.17844
10174,672135,440.50732
10175,672221,447.9164
10176,672299,385.24805
10177,672383,453.37872
10178,672451,379.70044
10179,672519,380.85864
10180,672566,238.8824
10181,672664,537.3889
10182,672751,481.10135
10183,672819,370.0537
10184,672887,328.48007
10185,672974,451.78955
10186,673045,379.65436
10187,673114,377.75647
10188,673207,512.45154
10189,673298,494.28067
10190,673380,462.0541
10191,673493,519.6783
10192,673596,542.4912
10193,673688,507.19223
10194,673768,419.88403
10195,673840,379.556
10196,673940,525.45374
10197,674017,421.2065
10198,674078,310.14978
10199,674174,489.8155
10200,674235,318.9276
10201,674320,461.10806
10202,674420,516.7161
10203,674495,411.75308
10204,674606,622.54004
10205,674679,370.90616
10206,674747,367.5403
10207,674827,433.5323
10208,674903,421.2292
10209,675006,537.2856
10210,675068,342.78888
10211,675172,562.1827
10212,675234,337.39825
10213,675311,354.73663
10214,675396,459.74307
10215,675514,649.62195
10216,675592,371.28607
10217,675654,339.09216
10218,675730,405.9284
10219,675804,385.86243
10220,675917,612.8168
10221,676052,708.3645
10222,676114,342.22586
10223,676180,362.86414
10224,676252,386.74014
10225,676357,516.49866
10226,676463,539.4168
10227,676553,493.73596
10228,676632,430.28836
10229,676743,571.34064
10230,676899,776.1878
10231,676976,396.17078
10232,677050,402.582
10233,677141,497.55542
10234,677223,448.8233
10235,677278,280.21112
10236,677367,447.0119
10237,677472,494.47592
10238,677547,390.86246
10239,677624,431.4955
10240,677721,505.83548
10241,677864,680.40106
10242,677935,384.0524
10243,677994,314.9304
10244,678069,348.28937
10245,678122,272.20825
10246,678194,401.2592
10247,678300,538.5012
10248,678360,336.95074
10249,678475,595.5218
10250,678550,412.22885
10251,678623,392.70724
10252,678719,537.4917
10253,678828,518.6115
10254,678901,397.9802
10255,678961,337.20795
10256,679078,612.5134
10257,679144,300.53653
10258,679302,860.15485
10259,679374,392.97272
10260,679464,454.0806
10261,679538,417.6734
10262,679648,592.1079
10263,679757,571.03174
10264,679830,410.03995
10265,679890,325.4007
10266,679977,474.84274
10267,680044,366.65268
10268,680106,289.68393
10269,680201,447.95895
10270,680277,406.08813
10271,680368,432.23306
10272,680444,373.06937
10273,680544,500.47113
10274,680709,813.1011
10275,680780,359.77304
10276,680859,435.6836
10277,680987,684.94336
10278,681108,626.86115
10279,681178,372.57422
10280,681251,390.579
10281,681370,625.7075
10282,681480,542.0537
10283,681562,395.51038
10284,681616,285.5969
10285,681674,305.07977
10286,681753,412.5981
10287,681825,385.0982
10288,681882,265.6714
10289,681969,468.2125
10290,682036,362.291
10291,682117,451.8178
10292,682191,402.96848
10293,682305,628.7788
10294,682405,504.26825
10295,682488,445.623
10296,682550,342.10385
10297,682653,524.7187
10298,682717,287.59146
10299,682820,540.7945
10300,682923,548.63904
10301,682993,355.9804
10302,683065,392.18137
10303,683125,320.15768
10304,683203,410.21494
10305,683304,532.7371
10306,683392,472.99756
10307,683472,452.6691
10308,683573,534.8147
10309,683658,417.4961
10310,683771,584.55725
10311,683845,394.6181
10312,683910,334.6602
10313,683993,424.0751
10314,684082,487.155
10315,684121,194.18512
10316,684195,394.92938
10317,684284,484.87546
10318,684399,621.1753
10319,684469,338.5348
10320,684554,436.96472
10321,684678,614.99567
10322,684778,545.13025
10323,684878,538.98773
10324,684940,285.77884
10325,685000,293.93677
10326,685074,371.3339
10327,685152,421.91647
10328,685216,368.83356
10329,685296,403.5484
10330,685400,523.98096
10331,685485,449.18613
10332,685568,457.91394
10333,685632,288.963
10334,685705,369.08792
10335,685783,427.9419
10336,685853,386.56235
10337,685970,628.49554
10338,686055,446.63113
10339,686134,382.21454
10340,686192,313.08636
10341,686291,512.4135
10342,686385,503.3023
10343,686443,290.5857
10344,686522,444.71252
10345,686599,423.05136
10346,686705,580.63824
10347,686786,455.7808
10348,686863,385.6767
10349,686941,419.75488
10350,687071,707.0354
10351,687154,462.6126
10352,687261,562.1182
10353,687386,606.9187
10354,687522,714.63153
10355,687605,432.59824
10356,687668,336.16226
10357,687768,492.90152
10358,687832,341.8289
10359,687920,444.37286
10360,687991,381.86868
10361,688054,339.0816
10362,688146,471.20157
10363,688221,403.73096
10364,688278,283.7646
10365,688344,324.88617
10366,688434,484.2646
10367,688513,404.87442
10368,688621,540.67896
10369,688750,682.5087
10370,688838,419.4651
10371,688916,401.48663
10372,688993,413.93832
10373,689088,506.29932
10374,689159,360.68448
10375,689224,323.6025
10376,689313,476.72797
10377,689383,366.76172
10378,689436,257.54645
10379,689515,448.32935
10380,689596,447.4802
10381,689684,441.91003
10382,689753,351.88135
10383,689828,425.16653
10384,689896,367.58466
10385,689959,341.1701
10386,690028,383.12744
10387,690142,598.53265
10388,690263,607.44934
10389,690345,441.34448
10390,690455,557.357
10391,690537,443.0825
10392,690627,414.8828
10393,690684,300.75055
10394,690745,305.037
10395,690831,463.86575
10396,690907,415.43558
10397,691006,510.64682
10398,691070,358.75247
10399,691125,251.25371
10400,691210,458.7496
10401,691278,371.39084
10402,691350,338.402
10403,691426,412.81378
10404,691515,468.28085
10405,691579,357.46518
10406,691650,372.54022
10407,691730,351.70193
10408,691814,409.70218
10409,691916,460.82257
10410,692002,476.4923
10411,692075,395.50916
10412,692139,333.0126
10413,692194,266.62164
10414,692278,456.19144
10415,692332,274.3679
10416,692407,415.1184
10417,692483,414.98276
10418,692563,399.421
10419,692645,433.19427
10420,692736,444.26047
10421,692815,415.2601
10422,692880,351.17758
10423,692959,353.61478
10424,693083,622.72345
10425,693171,429.99915
10426,693287,590.5433
10427,693377,455.6413
10428,693464,459.60098
10429,693530,344.75986
10430,693607,434.01355
10431,693685,374.2918
10432,693807,641.5436
10433,693901,497.64612
10434,693986,474.1203
10435,694062,381.4885
10436,694148,431.57092
10437,694215,367.23935
10438,694332,569.36115
10439,694443,610.32666
10440,694530,465.65814
10441,694612,422.04947
10442,694690,373.4874
10443,694786,493.76495
10444,694870,434.70062
10445,694934,358.73972
10446,694993,331.31613
10447,695079,450.05283
10448,695181,461.28052
10449,695281,483.6442
10450,695438,769.3915
10451,695496,308.89328
10452,695571,375.68903
10453,695663,511.63303
10454,695761,517.2264
10455,695828,370.3268
10456,695914,457.07983
10457,696017,553.2959
10458,696092,413.1635
10459,696191,462.0958
10460,696273,442.78024
10461,696370,534.3197
10462,696461,413.07083
10463,696527,343.6816
10464,696590,357.39005
10465,696671,364.32703
10466,696764,518.48975
10467,696834,383.3167
10468,696916,436.41678
10469,696995,408.24994
10470,697066,398.38028
10471,697144,373.1455
10472,697225,406.89447
10473,697317,484.04578
10474,697394,418.46295
10475,697551,821.6734
10476,697620,378.3009
10477,697843,1106.6046
10478,697913,333.55936
10479,697985,403.08572
10480,698030,210.68663
10481,698099,352.32642
10482,698182,427.6628
10483,698285,564.29926
10484,698365,384.31363
10485,698439,379.01184
10486,698494,281.08487
10487,698576,430.83304
10488,698646,373.0552
10489,698762,598.7897
10490,698832,363.8552
10491,698935,554.2938
10492,699029,521.30914
10493,699107,421.9848
10494,699182,410.3237
10495,699283,564.46
10496,699348,355.7344
10497,699422,400.2222
10498,699518,484.88583
10499,699595,357.98593
10500,699662,373.44568
10501,699781,629.4374
10502,699865,411.45493
10503,699949,456.03516
10504,700016,353.91605
10505,700111,484.71558
10506,700221,574.73016
10507,700296,340.53052
10508,700373,375.0074
10509,700444,386.36978
10510,700515,383.208
10511,700580,362.56833
10512,700645,359.55267
10513,700736,498.81635
10514,700818,430.46957
10515,700895,423.8365
10516,700987,520.22455
10517,701055,380.7886
10518,701135,448.96512
10519,701187,270.8336
10520,701259,393.74887
10521,701321,338.33075
10522,701405,463.53583
10523,701510,500.78366
10524,701640,624.68335
10525,701708,378.16772
10526,701801,510.58533
10527,701878,414.84946
10528,701964,440.5082
10529,702031,348.43597
10530,702109,439.75223
10531,702189,449.90405
10532,702277,484.59506
10533,702368,470.94888
10534,702459,491.81046
10535,702548,471.36163
10536,702611,343.4191
10537,702730,652.3508
10538,702822,453.3586
10539,702910,460.80545
10540,702994,462.9836
10541,703126,689.0929
10542,703211,445.91727
10543,703290,402.2015
10544,703375,449.32986
10545,703454,439.99612
10546,703532,412.56073
10547,703645,569.3538
10548,703713,383.25815
10549,703787,384.94427
10550,703861,407.48184
10551,703936,409.9398
10552,704043,555.10815
10553,704187,743.38947
10554,704240,294.49887
10555,704333,512.23706
10556,704453,623.77997
10557,704525,392.51035
10558,704640,596.5595
10559,704736,511.98712
10560,704844,547.3957
10561,704908,333.73907
10562,704977,386.11786
10563,705044,377.03644
10564,705178,710.3757
10565,705255,389.1655
10566,705327,405.33298
10567,705443,545.7018
10568,705526,452.72064
10569,705585,265.5628
10570,705708,616.5707
10571,705854,711.72064
10572,705922,368.82617
10573,705987,363.69974
10574,706088,488.1335
10575,706231,709.04834
10576,706329,518.9297
10577,706429,504.87466
10578,706471,205.2201
10579,706592,618.1273
10580,706678,445.079
10581,706759,441.95233
10582,706831,369.19998
10583,706909,434.0078
10584,706969,324.73993
10585,707042,409.79102
10586,707131,474.62973
10587,707196,364.29144
10588,707274,430.98743
10589,707374,534.8729
10590,707452,432.39307
10591,707514,342.0258
10592,707585,372.27057
10593,707668,435.62048
10594,707728,335.85114
10595,707797,384.27924
10596,707883,476.0856
10597,707964,438.07132
10598,708052,462.54187
10599,708121,366.42874
10600,708190,360.79346
10601,708280,417.99097
10602,708347,366.2313
10603,708413,367.99658
10604,708531,634.7282
10605,708635,531.275
10606,708764,655.3502
10607,708832,373.03564
10608,708921,477.8292
10609,709019,536.3252
10610,709104,467.52908
10611,709233,687.1069
10612,709309,378.72485
10613,709389,446.173
10614,709456,330.28592
10615,709518,341.44196
10616,709578,303.26068
10617,709673,520.1251
10618,709772,512.461
10619,709872,539.10657
10620,709999,668.12714
10621,710082,459.00348
10622,710207,649.45105
10623,710264,323.92365
10624,710346,408.8628
10625,710419,379.16626
10626,710480,299.3109
10627,710560,402.17395
10628,710616,301.6407
10629,710686,387.24988
10630,710756,318.63162
10631,710858,473.84372
10632,710916,320.34323
10633,710979,341.90952
10634,711064,469.03973
10635,711162,517.1494
10636,711235,354.70306
10637,711331,489.51544
10638,711396,311.91565
10639,711479,433.56866
10640,711581,540.08466
10641,711649,374.18967
10642,711740,512.1494
10643,711805,358.26413
10644,711886,442.44357
10645,711961,416.67416
10646,712028,350.4138
10647,712104,352.20914
10648,712187,465.26822
10649,712250,328.85
10650,712327,380.03012
10651,712399,391.48007
10652,712474,414.59848
10653,712550,401.44162
10654,712644,515.2233
10655,712733,485.3115
10656,712798,317.64447
10657,712905,583.0663
10658,712984,420.53903
10659,713078,461.9628
10660,713161,386.88733
10661,713242,438.73346
10662,713326,436.38947
10663,713426,506.43518
10664,713609,980.4309
10665,713718,587.34827
10666,713808,458.33096
10667,713881,387.95624
10668,713948,361.69348
10669,714019,391.7443
10670,714107,482.6915
10671,714175,323.69528
10672,714252,422.47443
10673,714320,381.3853
10674,714425,554.30963
10675,714492,368.76407
10676,714555,343.4701
10677,714645,493.0257
10678,714738,501.42017
10679,714829,485.55136
10680,714919,478.9712
10681,715066,739.1784
10682,715141,411.88025
10683,715246,553.1845
10684,715313,364.7516
10685,715365,242.80162
10686,715453,453.72174
10687,715501,220.42844
10688,715593,438.13464
10689,715656,273.1329
10690,715717,276.38925
10691,715803,451.61713
10692,715909,536.3801
10693,715998,490.86343
10694,716142,753.86096
10695,716208,367.9941
10696,716285,366.02386
10697,716363,434.05215
10698,716445,457.34088
10699,716514,381.72397
10700,716596,458.23193
10701,716662,338.95218
10702,716756,497.6456
10703,716824,375.63156
10704,716908,417.92502
10705,717041,694.8649
10706,717126,438.7098
10707,717220,489.3399
10708,717298,429.89243
10709,717392,458.55734
10710,717500,559.45795
10711,717565,362.35205
10712,717639,367.8148
10713,717724,411.7632
10714,717783,319.46808
10715,717916,674.15704
10716,718019,545.4772
10717,718076,286.67575
10718,718125,238.87297
10719,718187,290.71106
10720,718255,384.81284
10721,718307,277.12024
10722,718372,301.2542
10723,718448,414.69534
10724,718539,423.75455
10725,718628,432.77325
10726,718702,402.17438
10727,718773,333.16843
10728,718847,392.95923
10729,718918,393.6209
10730,719007,506.0578
10731,719075,357.4229
10732,719138,320.02185
10733,719224,476.82733
10734,719291,340.97986
10735,719399,586.3293
10736,719473,406.37686
10737,719575,548.9198
10738,719707,630.0641
10739,719791,466.2412
10740,719861,380.20932
10741,719918,309.35632
10742,719995,377.92023
10743,720049,271.96667
10744,720118,380.83017
10745,720172,255.51984
10746,720238,314.83884
10747,720309,376.22748
10748,720392,460.8734
10749,720481,487.6349
10750,720571,489.13144
10751,720665,516.0741
10752,720747,428.4971
10753,720841,488.15353
10754,720971,697.3116
10755,721073,547.84576
10756,721135,345.25604
10757,721222,442.66055
10758,721292,382.08508
10759,721402,517.8514
10760,721489,457.02393
10761,721570,433.7663
10762,721656,478.7816
10763,721730,404.7841
10764,721819,478.965
10765,721923,550.10767
10766,722028,573.47565
10767,722124,508.91226
10768,722211,462.14453
10769,722323,555.0247
10770,722377,291.3992
10771,722455,398.64264
10772,722516,314.37656
10773,722587,391.2736
10774,722662,417.53146
10775,722753,445.9489
10776,722861,600.8557
10777,722961,533.54767
10778,723041,416.82767
10779,723113,407.941
10780,723186,402.15347
10781,723279,481.5457
10782,723385,532.9661
10783,723501,631.79767
10784,723582,421.23602
10785,723665,461.4835
10786,723730,356.6654
10787,723860,690.7304
10788,723937,421.2987
10789,724010,407.1305
10790,724063,273.05347
10791,724134,388.78455
10792,724203,371.789
10793,724307,574.58075
10794,724400,513.3542
10795,724460,326.96094
10796,724532,375.2376
10797,724635,550.6198
10798,724703,375.2279
10799,724793,500.26462
10800,724920,610.7752
10801,725013,493.1169
10802,725094,402.98193
10803,725172,400.38943
10804,725246,412.8262
10805,725361,604.3221
10806,725438,436.61688
10807,725517,419.02472
10808,725596,422.46747
10809,725662,355.98932
10810,725742,435.30823
10811,725824,393.64658
10812,725894,388.97287
10813,725985,494.3899
10814,726052,369.86005
10815,726115,346.98804
10816,726180,332.17307
10817,726313,687.39496
10818,726391,415.58884
10819,726465,398.73337
10820,726558,495.43393
10821,726696,718.98334
10822,726801,563.2554
10823,726870,375.27304
10824,726943,367.18637
10825,727038,512.62177
10826,727112,409.7778
10827,727186,381.69034
10828,727275,455.79596
10829,727367,447.48016
10830,727428,301.04163
10831,727500,368.9688
10832,727581,445.13654
10833,727673,485.38382
10834,727768,447.6027
10835,727879,600.0004
10836,727957,379.3576
10837,728024,377.4562
10838,728126,557.21014
10839,728195,336.7848
10840,728284,473.20724
10841,728352,366.25754
10842,728436,453.49237
10843,728520,446.2001
10844,728609,492.61093
10845,728672,345.6942
10846,728776,545.1391
10847,728848,353.70914
10848,728910,328.33228
10849,728986,386.7515
10850,729085,550.55176
10851,729207,638.79407
10852,729276,352.62018
10853,729313,174.55298
10854,729389,349.14456
10855,729489,543.36865
10856,729575,466.13193
10857,729636,311.47665
10858,729750,582.59686
10859,729818,357.7091
10860,729886,374.19308
10861,729985,539.6239
10862,730078,431.42847
10863,730132,303.32544
10864,730197,307.6317
10865,730254,317.55096
10866,730318,355.56104
10867,730405,442.44186
10868,730480,404.72855
10869,730549,369.4669
10870,730658,583.9746
10871,730750,494.141
10872,730850,547.234
10873,730942,481.52335
10874,731052,559.4881
10875,731130,428.611
10876,731195,334.7877
10877,731251,265.05496
10878,731315,352.37076
10879,731414,507.97223
10880,731489,385.3899
10881,731587,480.76413
10882,731676,479.04523
10883,731753,414.31946
10884,731823,364.90268
10885,731895,347.4627
10886,731970,422.64682
10887,732065,503.5333
10888,732137,401.991
10889,732219,413.0086
10890,732318,464.45724
10891,732411,476.63477
10892,732464,265.8723
10893,732571,575.4821
10894,732734,852.1711
10895,732801,373.30978
10896,732890,453.8364
10897,732959,383.59988
10898,733088,635.0226
10899,733149,295.46652
10900,733222,391.86234
10901,733297,415.92944
10902,733370,405.03302
10903,733474,563.3346
10904,733548,417.38235
10905,733625,433.26965
10906,733696,361.78876
10907,733788,491.17114
10908,733880,491.95773
10909,733964,461.18158
10910,734046,368.1021
10911,734139,496.15305
10912,734201,305.90973
10913,734285,441.05115
10914,734350,329.34772
10915,734435,423.97943
10916,734520,461.74384
10917,734602,407.07315
10918,734710,588.4055
10919,734779,367.3053
10920,734851,400.23285
10921,734931,443.07355
10922,734991,333.8862
10923,735040,238.30083
10924,735108,375.7038
10925,735193,407.59418
10926,735252,274.50446
10927,735348,517.01697
10928,735431,432.00748
10929,735523,469.97757
10930,735635,595.1275
10931,735770,721.78796
10932,735846,401.9905
10933,735916,379.43484
10934,735995,435.56662
10935,736077,416.60513
10936,736148,393.7805
10937,736219,372.39886
10938,736304,451.43588
10939,736376,377.87186
10940,736449,406.863
10941,736520,357.32776
10942,736592,366.4121
10943,736682,475.3226
10944,736764,448.30338
10945,736841,416.81183
10946,736907,371.69757
10947,736987,440.25058
10948,737067,438.99237
10949,737148,454.221
10950,737251,545.5935
10951,737344,499.39233
10952,737457,604.576
10953,737551,509.49716
10954,737630,412.35663
10955,737702,350.0785
10956,737829,651.4202
10957,737891,326.94696
10958,737957,336.75214
10959,738053,514.7826
10960,738146,430.96463
10961,738273,684.40375
10962,738349,427.3698
10963,738427,434.683
10964,738500,394.37988
10965,738571,369.96008
10966,738697,655.67426
10967,738815,592.0811
10968,738889,414.34866
10969,738953,351.30643
10970,739034,421.9761
10971,739117,456.16354
10972,739212,499.43954
10973,739302,486.5382
10974,739396,502.09244
10975,739462,364.86935
10976,739496,176.46837
10977,739585,468.40747
10978,739683,531.64905
10979,739756,333.9366
10980,739832,422.21625
10981,739889,270.56638
10982,739961,387.1498
10983,740060,550.22034
10984,740227,881.04926
10985,740326,536.7442
10986,740409,467.18546
10987,740485,428.28116
10988,740589,564.1855
10989,740684,470.15823
10990,740835,785.6321
10991,740904,377.0899
10992,740981,419.27924
10993,741082,565.60645
10994,741167,473.66754
10995,741258,494.05136
10996,741354,533.1216
10997,741449,518.2228
10998,741521,384.9304
10999,741570,256.35785
11000,741689,630.4527
11001,741815,686.59576
11002,741893,391.02188
11003,741991,446.35822
11004,742081,493.11667
11005,742149,343.16577
11006,742232,452.3219
11007,742306,340.6563
11008,742377,376.10828
11009,742424,222.97223
11010,742494,373.81787
11011,742621,670.57153
11012,742691,364.68698
11013,742782,450.2267
11014,742871,473.46655
11015,742955,464.67123
11016,743039,438.34344
11017,743192,789.3774
11018,743260,381.04114
11019,743352,473.59937
11020,743460,562.1576
11021,743623,807.11633
11022,743711,486.93622
11023,743811,556.18304
11024,743871,299.67673
11025,743969,528.2055
11026,744037,363.12204
11027,744129,489.5741
11028,744192,330.9492
11029,744278,431.22946
11030,744353,405.40115
11031,744407,252.78299
11032,744492,466.32437
11033,744617,650.1645
11034,744699,451.68546
11035,744791,509.3434
11036,744878,479.08615
11037,745046,843.38184
11038,745130,460.21906
11039,745282,780.7405
11040,745348,368.7789
11041,745399,242.56775
11042,745469,322.34488
11043,745565,473.1297
11044,745632,367.708
11045,745741,524.47156
11046,745806,362.41824
11047,745880,390.82623
11048,745951,365.5318
11049,746029,420.71268
11050,746095,368.3358
11051,746174,393.4686
11052,746261,437.35254
11053,746342,372.80225
11054,746428,410.64215
11055,746513,471.9531
11056,746599,395.73917
11057,746655,277.16916
11058,746739,443.59503
11059,746853,582.5078
11060,746967,619.7474
11061,747038,382.06274
11062,747155,566.5188
11063,747231,381.84567
11064,747336,585.6027
11065,747428,497.71927
11066,747463,193.19228
11067,747542,398.4663
11068,747597,282.73422
11069,747685,481.21024
11070,747763,413.55014
11071,747833,376.40253
11072,747926,513.36145
11073,747992,346.49707
11074,748099,571.8276
11075,748211,609.84937
11076,748297,483.20862
11077,748385,466.5711
11078,748452,380.4349
11079,748560,531.8146
11080,748664,556.187
11081,748737,395.05594
11082,748822,462.25674
11083,748902,446.65274
11084,748989,482.62216
11085,749069,444.04056
11086,749162,463.72833
11087,749247,458.97192
11088,749368,633.2667
11089,749443,390.01474
11090,749513,378.27164
11091,749586,339.2651
11092,749711,642.1879
11093,749787,377.6245
11094,749874,389.51462
11095,749940,359.01627
11096,750023,464.0107
11097,750103,436.2112
11098,750233,703.192
11099,750329,538.19885
11100,750433,558.03125
11101,750526,471.6463
11102,750608,410.73135
11103,750679,382.66135
11104,750755,420.3402
11105,750826,364.08582
11106,750922,514.70667
11107,750991,388.7174
11108,751067,388.6411
11109,751175,594.2742
11110,751238,309.30862
11111,751321,408.94775
11112,751440,638.57227
11113,751516,408.4924
11114,751608,494.9096
11115,751695,436.23438
11116,751772,426.4142
11117,751865,472.1987
11118,751958,485.21118
11119,752077,651.2987
11120,752151,399.322
11121,752233,413.87952
11122,752306,380.69434
11123,752396,464.1684
11124,752454,271.75565
11125,752544,457.06912
11126,752678,700.28784
11127,752796,601.55005
11128,752872,437.608
11129,752970,489.5386
11130,753048,372.8531
11131,753141,527.82245
11132,753199,298.24274
11133,753310,570.2875
11134,753381,337.65222
11135,753485,557.7167
11136,753564,353.63242
11137,753638,404.7974
11138,753728,482.39044
11139,753818,454.14108
11140,753876,284.424
11141,753955,429.35645
11142,754107,778.2089
11143,754181,407.23392
11144,754263,450.14185
11145,754336,397.89627
11146,754423,499.23428
11147,754526,535.2353
11148,754624,520.2641
11149,754722,496.20468
11150,754800,422.18408
11151,754888,435.61426
11152,754954,345.31174
11153,755048,506.7553
11154,755105,278.19797
11155,755191,477.7648
11156,755277,443.61646
11157,755351,403.05933
11158,755427,375.8321
11159,755529,542.1704
11160,755634,513.40466
11161,755718,426.9763
11162,755789,361.75674
11163,755860,372.78497
11164,755920,286.90976
11165,755989,373.06866
11166,756075,423.34918
11167,756181,544.2422
11168,756247,317.87183
11169,756313,313.54678
11170,756379,360.31622
11171,756458,427.17783
11172,756564,556.2521
11173,756649,465.4448
11174,756759,563.83295
11175,756815,302.0249
11176,756889,415.80872
11177,756966,433.99973
11178,757065,515.3827
11179,757146,415.72342
11180,757219,408.8553
11181,757322,527.29144
11182,757412,443.52274
11183,757504,475.94305
11184,757570,345.1932
11185,757700,699.34045
11186,757808,569.8225
11187,757911,562.74915
11188,758026,612.5058
11189,758127,551.8331
11190,758204,387.4039
11191,758284,395.37717
11192,758337,267.26886
11193,758385,235.96103
11194,758447,328.95245
11195,758503,298.84064
11196,758604,554.05524
11197,758716,579.4361
11198,758787,360.98767
11199,758946,860.99084
11200,759020,409.1725
11201,759168,734.0151
11202,759243,343.3411
11203,759299,313.18643
11204,759359,311.19025
11205,759437,428.78397
11206,759559,613.2918
11207,759620,332.93573
11208,759718,481.9694
11209,759795,382.5808
11210,759877,425.0957
11211,760025,738.3335
11212,760086,315.92654
11213,760161,365.24484
11214,760231,379.8815
11215,760370,734.69434
11216,760465,512.2301
11217,760594,620.00665
11218,760706,529.5644
11219,760830,681.8838
11220,760925,467.6258
11221,760995,393.97476
11222,761056,293.08212
11223,761134,389.231
11224,761207,369.62576
11225,761339,676.8527
11226,761466,632.97675
11227,761564,536.86926
11228,761638,409.4923
11229,761715,424.60858
11230,761792,424.59735
11231,761884,500.43927
11232,761958,418.52417
11233,762039,444.51788
11234,762123,443.32788
11235,762193,371.27957
11236,762307,614.45154
11237,762388,455.10486
11238,762448,316.14395
11239,762545,518.7649
11240,762645,521.41223
11241,762751,566.4482
11242,762879,676.6241
11243,762979,523.8715
11244,763052,369.67484
11245,763146,440.76233
11246,763259,564.9026
11247,763337,372.98553
11248,763424,470.24246
11249,763533,593.4379
11250,763654,621.25507
11251,763734,367.69296
11252,763822,477.4267
11253,763892,375.8223
11254,763944,288.57333
11255,764035,504.19153
11256,764123,448.733
11257,764211,461.53726
11258,764281,377.3279
11259,764380,511.39917
11260,764463,448.36743
11261,764557,520.7037
11262,764627,385.62326
11263,764746,647.9785
11264,764861,617.78125
11265,764936,416.2306
11266,765021,366.90805
11267,765108,449.21143
11268,765188,445.9891
11269,765256,343.3688
11270,765319,342.9547
11271,765444,652.6092
11272,765519,399.83005
11273,765588,378.88147
11274,765698,592.6072
11275,765821,631.4246
11276,765946,620.97986
11277,766022,428.42795
11278,766150,684.2924
11279,766213,323.8956
11280,766291,394.3033
11281,766380,443.44672
11282,766505,652.2769
11283,766567,333.55206
11284,766643,418.3312
11285,766735,495.49506
11286,766807,376.06458
11287,766908,564.21216
11288,767066,835.0371
11289,767141,360.9532
11290,767278,705.4103
11291,767360,416.05783
11292,767425,353.18756
11293,767517,451.01013
11294,767599,391.31686
11295,767668,379.62534
11296,767752,449.2602
11297,767855,545.27075
11298,767922,341.67178
11299,767993,386.29315
11300,768082,461.00128
11301,768190,567.66235
11302,768265,386.4573
11303,768340,414.52197
11304,768427,480.2713
11305,768505,419.18008
11306,768615,612.04193
11307,768673,320.04407
11308,768778,549.3798
11309,768875,469.2494
11310,769051,942.6486
11311,769119,333.78754
11312,769209,481.97095
11313,769291,433.561
11314,769392,527.04803
11315,769462,333.15826
11316,769538,355.8592
11317,769617,442.33182
11318,769683,357.55698
11319,769763,449.6695
11320,769814,259.94794
11321,769900,457.41464
11322,769963,344.83017
11323,770044,435.43616
11324,770157,577.6724
11325,770245,488.32132
11326,770361,552.4078
11327,770448,487.8039
11328,770589,722.5784
11329,770666,376.1235
11330,770766,520.33887
11331,770871,561.7839
11332,770963,482.41418
11333,771026,285.8426
11334,771159,666.7477
11335,771256,525.6436
11336,771345,483.16568
11337,771439,505.88596
11338,771518,400.86978
11339,771615,541.9945
11340,771711,476.3589
11341,771795,391.71533
11342,771884,433.74588
11343,771966,443.3547
11344,772050,405.02545
11345,772122,376.97336
11346,772232,600.71
11347,772297,342.1647
11348,772423,661.54504
11349,772574,803.64404
11350,772657,459.8066
11351,772745,461.06665
11352,772828,419.80545
11353,772906,434.57825
11354,772969,345.9938
11355,773124,745.7589
11356,773214,507.2273
11357,773278,345.94598
11358,773426,782.44904
11359,773520,465.22122
11360,773596,407.52676
11361,773667,379.63568
11362,773782,570.64526
11363,773849,361.62613
11364,773915,344.62808
11365,773972,282.05807
11366,774057,403.76022
11367,774151,469.66138
11368,774189,185.43913
11369,774297,539.77655
11370,774441,758.5233
11371,774555,627.5914
11372,774635,387.36008
11373,774723,446.4317
11374,774816,498.1384
11375,774911,441.97076
11376,774992,445.17297
11377,775107,631.747
11378,775199,495.10138
11379,775284,466.33313
11380,775440,783.4348
11381,775510,386.33475
11382,775633,613.9511
11383,775721,470.64825
11384,775791,389.8032
11385,775858,370.82526
11386,775954,496.40735
11387,776033,425.53256
11388,776094,309.51544
11389,776184,467.0531
11390,776243,269.06027
11391,776387,755.3216
11392,776471,470.78293
11393,776576,559.0311
11394,776679,536.5552
11395,776779,550.39825
11396,776848,350.69186
11397,776939,483.56277
11398,777005,348.98807
11399,777071,367.5467
11400,777155,399.68332
11401,777227,407.2022
11402,777319,499.51462
11403,777391,403.63882
11404,777480,442.72543
11405,777545,346.11395
11406,777629,411.81766
11407,777715,445.5696
11408,777795,438.5996
11409,777915,574.5395
11410,777984,375.74713
11411,778049,347.26147
11412,778147,531.8405
11413,778256,541.2612
11414,778334,430.86786
11415,778417,453.80817
11416,778474,286.09283
11417,778552,417.55383
11418,778631,436.1972
11419,778693,339.76736
11420,778770,418.56223
11421,778889,627.3059
11422,779004,532.02893
11423,779089,464.60284
11424,779169,434.09204
11425,779249,430.19742
11426,779312,331.53387
11427,779379,361.76108
11428,779462,442.31387
11429,779529,314.06046
11430,779601,367.6123
11431,779666,310.9092
11432,779791,687.67194
11433,779884,456.73505
11434,779960,403.71765
11435,780046,440.18655
11436,780114,296.4286
11437,780208,451.7821
11438,780291,451.05444
11439,780397,551.32855
11440,780478,423.26788
11441,780570,488.0289
11442,780651,436.9439
11443,780756,499.61575
11444,780902,741.71423
11445,780995,486.80347
11446,781056,334.20837
11447,781110,288.12466
11448,781200,426.4304
11449,781276,379.53656
11450,781356,445.23914
11451,781431,391.56747
11452,781535,552.60706
11453,781589,299.15894
11454,781678,476.96857
11455,781757,367.4629
11456,781855,530.22925
11457,781921,318.11847
11458,781991,374.0968
11459,782066,397.37817
11460,782132,347.473
11461,782210,384.7176
11462,782279,380.916
11463,782355,420.43933
11464,782452,454.1961
11465,782518,356.16425
11466,782590,396.1737
11467,782648,292.4913
11468,782742,517.1175
11469,782872,681.23676
11470,782957,471.5394
11471,783053,522.2004
11472,783136,462.18753
11473,783208,329.66034
11474,783286,415.57526
11475,783372,476.62473
11476,783449,428.5191
11477,783552,557.1892
11478,783644,477.9032
11479,783717,357.67773
11480,783801,436.6354
11481,783881,431.79153
11482,783976,475.20712
11483,784087,597.33984
11484,784148,341.09503
11485,784275,652.29236
11486,784394,626.38257
11487,784460,323.38715
11488,784556,509.8515
11489,784626,373.62186
11490,784706,419.595
11491,784780,404.87903
11492,784880,527.4083
11493,784947,340.47626
11494,785008,322.8902
11495,785078,368.46048
11496,785159,399.85684
11497,785247,484.99487
11498,785324,424.68893
11499,785383,302.87534
11500,785465,454.64966
11501,785579,612.91705
11502,785717,729.0169
11503,785824,551.32056
11504,785918,472.8293
11505,786032,591.82855
11506,786129,533.23895
11507,786213,454.08105
11508,786287,375.72943
11509,786360,407.33188
11510,786431,388.60312
11511,786517,457.7098
11512,786587,387.1113
11513,786686,532.8983
11514,786784,478.34793
11515,786911,670.46027
11516,786999,467.72598
11517,787089,456.4145
11518,787159,339.43634
11519,787251,495.3731
11520,787320,346.62866
11521,787392,374.95428
11522,787472,423.80554
11523,787532,298.93988
11524,787606,397.4582
11525,787678,335.5965
11526,787745,374.97482
11527,787815,377.8255
11528,787884,333.3701
11529,787963,434.1496
11530,788019,304.67017
11531,788150,649.7574
11532,788216,366.5472
11533,788311,537.24603
11534,788402,503.41364
11535,788479,365.13303
11536,788589,588.52783
11537,788719,705.77875
11538,788795,398.5525
11539,788924,679.7674
11540,789005,400.90936
11541,789089,460.3556
11542,789165,399.4629
11543,789228,347.58932
11544,789350,639.2887
11545,789417,365.21796
11546,789511,442.2744
11547,789583,396.26047
11548,789684,526.9724
11549,789739,284.07166
11550,789812,381.23785
11551,789897,449.8434
11552,789959,340.90436
11553,790033,393.18134
11554,790123,476.02606
11555,790217,455.30157
11556,790299,451.71793
11557,790386,454.24478
11558,790433,266.75058
11559,790527,514.164
11560,790600,368.42398
11561,790694,522.9466
11562,790779,469.78998
11563,790855,398.22607
11564,790948,512.581
11565,791040,493.267
11566,791169,685.6099
11567,791239,383.2151
11568,791335,529.29156
11569,791441,575.70105
11570,791542,553.9223
11571,791597,249.42734
11572,791652,301.25616
11573,791732,364.87808
11574,791813,367.25723
11575,791908,510.36414
11576,791979,391.79514
11577,792074,522.4531
11578,792145,366.38766
11579,792205,279.30484
11580,792266,335.71057
11581,792344,388.8965
11582,792410,357.90802
11583,792489,403.29083
11584,792572,431.6322
11585,792688,624.23145
11586,792759,397.90356
11587,792842,389.7863
11588,792922,379.88208
11589,792986,355.74832
11590,793095,556.27386
11591,793178,450.7855
11592,793273,508.8597
11593,793344,350.7068
11594,793397,279.80838
11595,793499,563.85876
11596,793568,354.27838
11597,793646,408.52878
11598,793747,503.17603
11599,793855,582.7624
11600,794004,746.7599
11601,794106,550.3383
11602,794177,386.10794
11603,794264,440.96344
11604,794341,401.20523
11605,794423,445.56512
11606,794476,267.5668
11607,794538,318.73926
11608,794604,342.37637
11609,794675,392.81183
11610,794749,401.48123
11611,794854,478.08612
11612,794962,587.80536
11613,795079,604.3587
11614,795160,443.68915
11615,795245,461.34174
11616,795326,424.78665
11617,795407,444.7035
11618,795486,428.11493
11619,795555,372.9097
11620,795681,636.02
11621,795747,355.3554
11622,795831,443.13547
11623,795890,317.93573
11624,796038,755.79535
11625,796110,390.7528
11626,796188,414.45032
11627,796299,570.0683
11628,796351,285.90668
11629,796454,549.9229
11630,796527,405.1978
11631,796653,610.37274
11632,796729,426.76526
11633,796804,405.81927
11634,796876,372.0801
11635,796945,393.01187
11636,797005,329.9426
11637,797108,560.77454
11638,797177,381.02383
11639,797262,468.13016
11640,797339,418.2034
11641,797417,424.48453
11642,797547,636.78925
11643,797624,403.687
11644,797715,497.7459
11645,797797,456.0715
11646,797877,453.51526
11647,797949,382.2596
11648,798033,442.86502
11649,798099,341.34473
11650,798158,280.98828
11651,798185,126.38913
11652,798308,618.54333
11653,798409,530.61957
11654,798479,372.02594
11655,798622,772.1634
11656,798738,632.90704
11657,798816,377.9057
11658,798920,577.355
11659,798988,322.2866
11660,799083,496.74716
11661,799167,438.90363
11662,799245,435.9046
11663,799381,700.2132
11664,799501,616.5462
11665,799566,326.41022
11666,799655,425.64514
11667,799758,540.04364
11668,799855,524.21735
11669,799941,400.5187
11670,800052,602.458
11671,800117,339.9066
11672,800194,363.65808
11673,800307,551.11163
11674,800382,395.52426
11675,800453,391.02856
11676,800541,491.16428
11677,800647,581.4132
11678,800723,399.61118
11679,800784,316.6531
11680,800851,365.53726
11681,800975,630.96313
11682,801048,372.45193
11683,801150,534.362
11684,801267,568.51886
11685,801360,461.0612
11686,801445,462.76782
11687,801564,616.1919
11688,801698,700.80786
11689,801780,448.04895
11690,801852,371.65045
11691,801940,487.61572
11692,802019,395.07687
11693,802087,378.47226
11694,802155,294.8778
11695,802244,496.79446
11696,802294,243.68224
11697,802360,335.39087
11698,802480,591.77704
11699,802600,614.3861
11700,802707,510.9957
11701,802777,395.04425
11702,802840,345.5327
11703,802969,688.9639
11704,803040,372.93582
11705,803119,430.44897
11706,803236,623.86597
11707,803369,731.1876
11708,803501,688.1683
11709,803576,381.87524
11710,803692,620.7835
11711,803770,432.54218
11712,803830,314.57806
11713,803909,420.5147
11714,804014,584.05743
11715,804106,507.44183
11716,804192,474.16156
11717,804265,400.50424
11718,804407,711.622
11719,804498,488.31076
11720,804529,152.77023
11721,804627,459.59354
11722,804722,490.04517
11723,804799,423.23892
11724,804880,379.2622
11725,804962,458.38712
11726,805065,507.80905
11727,805140,409.60907
11728,805215,409.09473
11729,805276,330.30646
11730,805359,365.83658
11731,805427,315.5202
11732,805522,461.44644
11733,805599,422.72647
11734,805659,273.385
11735,805763,561.31354
11736,805840,415.62866
11737,805946,596.722
11738,806017,400.15564
11739,806114,521.1103
11740,806184,388.14432
11741,806274,491.18335
11742,806353,407.5835
11743,806466,607.42706
11744,806540,387.66223
11745,806648,591.4679
11746,806697,230.79407
11747,806750,244.87114
11748,806812,336.57742
11749,806901,469.01233
11750,807001,497.48712
11751,807064,337.43814
11752,807164,443.00943
11753,807253,475.5141
11754,807343,480.2105
11755,807435,481.58832
11756,807499,334.16284
11757,807585,461.50568
11758,807659,400.32785
11759,807730,322.46042
11760,807829,520.96106
11761,807890,342.51984
11762,807971,445.29892
11763,808050,420.38483
11764,808172,656.4339
11765,808230,320.9318
11766,808319,463.83945
11767,808396,421.52444
11768,808477,426.12396
11769,808539,342.84457
11770,808615,421.56094
11771,808731,630.1397
11772,808811,435.36127
11773,808927,636.99774
11774,809016,441.06348
11775,809121,547.9572
11776,809182,322.83597
11777,809291,584.9647
11778,809378,473.53848
11779,809449,363.19525
11780,809536,464.48383
11781,809586,245.51767
11782,809675,491.64673
11783,809810,702.7199
11784,809893,457.7027
11785,809962,379.91806
11786,810066,559.5113
11787,810146,434.6835
11788,810206,318.99704
11789,810258,299.08777
11790,810357,514.86774
11791,810468,601.41113
11792,810579,588.12994
11793,810661,441.79636
11794,810756,511.81827
11795,810823,380.9974
11796,810890,355.2689
11797,810951,328.01096
11798,811017,334.86658
11799,811116,507.9675
11800,811181,353.69827
11801,811264,454.28433
11802,811356,495.07986
11803,811457,532.52423
11804,811643,1001.51624
11805,811721,413.23062
11806,811830,595.1034
11807,811911,426.77182
11808,811968,320.4464
11809,812073,569.49005
11810,812145,391.70755
11811,812241,522.0574
11812,812304,349.53937
11813,812378,412.01874
11814,812455,412.99936
11815,812507,273.99283
11816,812582,416.1846
11817,812650,337.85876
11818,812744,448.82953
11819,812802,311.86362
11820,812911,567.4662
11821,812983,363.01724
11822,813078,518.847
11823,813153,396.89755
11824,813226,399.44974
11825,813316,474.88412
11826,813435,653.32947
11827,813561,653.6003
11828,813644,458.93613
11829,813731,438.71466
11830,813780,266.9492
11831,813876,484.10883
11832,813985,576.3807
11833,814049,338.71527
11834,814124,409.55118
11835,814210,451.3684
11836,814292,444.19717
11837,814371,433.78912
11838,814478,553.5465
11839,814554,426.16183
11840,814627,415.1094
11841,814716,465.675
11842,814802,437.92825
11843,814880,412.75406
11844,814970,437.86996
11845,815053,445.33353
11846,815151,502.21747
11847,815232,412.48822
11848,815331,536.195
11849,815430,538.9228
11850,815529,544.9383
11851,815622,431.69318
11852,815743,661.48987
11853,815818,418.05777
11854,815878,304.10672
11855,815949,396.59528
11856,816034,460.0024
11857,816101,369.20807
11858,816216,609.405
11859,816290,396.73737
11860,816330,200.73645
11861,816414,471.61853
11862,816486,361.0714
11863,816557,388.72256
11864,816641,433.9197
11865,816711,392.32605
11866,816798,410.00906
11867,816886,417.725
11868,816956,376.91794
11869,817034,352.5916
11870,817145,594.7614
11871,817232,404.69415
11872,817290,288.17
11873,817373,431.54602
11874,817438,350.1675
11875,817572,740.68024
11876,817701,673.641
11877,817767,362.13904
11878,817864,519.8879
11879,817953,462.3216
11880,818011,292.16574
11881,818082,346.08383
11882,818171,495.39215
11883,818233,313.09232
11884,818338,515.0925
11885,818457,636.24
11886,818513,307.05804
11887,818597,416.85284
11888,818692,478.6443
11889,818767,346.1691
11890,818909,741.60876
11891,818991,434.44162
11892,819054,342.30783
11893,819163,562.0502
11894,819233,369.48724
11895,819328,501.98138
11896,819400,403.50812
11897,819467,349.75266
11898,819572,580.1215
11899,819644,395.987
11900,819749,558.0906
11901,819807,310.80673
11902,819868,281.16428
11903,819949,453.1427
11904,820008,282.39395
11905,820112,550.907
11906,820175,349.2475
11907,820269,499.35117
11908,820391,599.9252
11909,820455,354.18457
11910,820536,447.27856
11911,820613,400.09433
11912,820691,428.93808
11913,820810,650.93036
11914,820902,500.79697
11915,821004,543.33295
11916,821094,481.07953
11917,821179,465.39685
11918,821257,404.39163
11919,821339,467.2199
11920,821447,567.935
11921,821521,411.91077
11922,821588,359.0224
11923,821680,497.94608
11924,821759,389.95844
11925,821851,510.94824
11926,821939,490.68777
11927,822016,421.16772
11928,822092,393.24512
11929,822172,445.52216
11930,822275,562.06836
11931,822366,447.34586
11932,822434,371.00723
11933,822506,366.88953
11934,822607,553.806
11935,822719,594.03674
11936,822820,533.01013
11937,822919,536.2396
11938,823014,446.8621
11939,823093,434.79456
11940,823175,409.41
11941,823326,801.1787
11942,823396,387.63293
11943,823483,449.55835
11944,823609,631.17554
11945,823686,369.45087
11946,823810,659.91876
11947,823883,396.66037
11948,823982,495.32883
11949,824106,598.7804
11950,824165,328.14987
11951,824288,646.2185
11952,824348,326.1291
11953,824406,323.6531
11954,824537,704.4226
11955,824608,363.01392
11956,824675,357.3164
11957,824739,327.9116
11958,824845,515.0388
11959,824922,403.66644
11960,825031,585.8984
11961,825113,430.67267
11962,825251,648.5765
11963,825356,575.85394
11964,825457,569.60815
11965,825531,395.14688
11966,825630,475.56525
11967,825689,324.34573
11968,825766,417.52432
11969,825816,249.09679
11970,825910,501.5803
11971,825975,348.5165
11972,826068,527.6337
11973,826126,284.28247
11974,826198,375.1038
11975,826273,332.38354
11976,826402,619.94354
11977,826481,438.44516
11978,826543,277.0
11979,826633,454.03342
11980,826697,335.9008
11981,826815,639.8169
11982,826897,436.44547
11983,827019,661.2898
11984,827104,461.5862
11985,827201,508.39594
11986,827291,488.2299
11987,827400,573.4504
11988,827472,344.82123
11989,827550,425.63217
11990,827618,362.78125
11991,827726,563.9254
11992,827801,423.5954
11993,827889,492.1413
11994,827963,405.05902
11995,828064,554.5263
11996,828141,385.39655
11997,828210,375.9332
11998,828281,397.11017
11999,828409,697.02435
12000,828551,723.2226
12001,828617,349.46082
12002,828677,323.0995
12003,828755,395.09006
12004,828842,482.53223
12005,828912,364.23575
12006,828982,388.38184
12007,829076,509.4445
12008,829160,460.7742
12009,829264,491.49002
12010,829347,457.88147
12011,829453,530.10986
12012,829529,416.75107
12013,829603,404.4611
12014,829697,476.0776
12015,829810,601.7894
12016,829910,511.51193
12017,830042,654.7701
12018,830163,615.59485
12019,830237,398.44882
12020,830307,364.01233
12021,830418,509.72153
12022,830523,590.51025
12023,830614,506.11032
12024,830679,321.3803
12025,830746,368.30765
12026,830856,584.7105
12027,830961,572.3722
12028,831080,620.0807
12029,831190,582.58405
12030,831259,369.87817
12031,831356,533.4898
12032,831420,351.6362
12033,831493,409.8355
12034,831638,708.4973
12035,831737,512.511
12036,831809,366.4513
12037,831914,543.4103
12038,831995,399.05612
12039,832112,655.9532
12040,832222,573.6193
12041,832301,418.37204
12042,832391,430.5477
12043,832451,326.15286
12044,832553,560.233
12045,832639,472.5858
12046,832710,339.3297
12047,832778,309.97397
12048,832845,355.66644
12049,832956,548.5773
12050,833025,378.49615
12051,833126,557.3087
12052,833213,469.46854
12053,833314,560.16626
12054,833383,340.08267
12055,833475,468.52884
12056,833549,402.33417
12057,833636,445.90906
12058,833712,403.60907
12059,833850,731.9954
12060,833913,338.79807
12061,834005,498.44614
12062,834088,412.4593
12063,834164,417.37668
12064,834244,427.44736
12065,834325,442.57394
12066,834395,360.50818
12067,834472,410.03763
12068,834555,448.92322
12069,834622,367.91595
12070,834694,400.5194
12071,834798,555.15607
12072,834880,435.1441
12073,834998,626.6582
12074,835070,357.11316
12075,835167,520.5712
12076,835238,374.35007
12077,835306,369.09357
12078,835391,474.63428
12079,835458,342.46982
12080,835512,264.6313
12081,835571,306.89407
12082,835648,419.08704
12083,835705,322.13464
12084,835793,489.34302
12085,835877,461.25333
12086,835954,424.88486
12087,836032,437.3844
12088,836121,426.56958
12089,836218,514.6551
12090,836311,487.58206
12091,836393,455.9061
12092,836490,496.81314
12093,836570,448.13647
12094,836664,495.6467
12095,836740,404.84998
12096,836955,1152.9303
12097,837069,629.26404
12098,837169,522.3813
12099,837263,483.26373
12100,837351,405.59805
12101,837420,349.79755
12102,837492,400.2222
12103,837564,344.64435
12104,837640,369.8028
12105,837707,356.09073
12106,837780,394.38293
12107,837854,369.97293
12108,837929,407.4202
12109,837993,354.09335
12110,838052,331.37927
12111,838129,417.7352
12112,838206,396.68137
12113,838290,453.11218
12114,838362,374.943
12115,838442,423.29825
12116,838530,464.90518
12117,838640,603.1348
12118,838702,302.40808
12119,838810,586.2617
12120,838902,474.61942
12121,838992,499.61722
12122,839080,416.8353
12123,839183,472.0717
12124,839282,549.83154
12125,839382,534.647
12126,839459,429.63528
12127,839563,561.57806
12128,839638,364.1927
12129,839780,729.10175
12130,839837,316.04446
12131,839907,366.86676
12132,839972,311.5956
12133,840058,477.76486
12134,840143,456.18814
12135,840208,316.91086
12136,840340,696.2064
12137,840402,344.47888
12138,840497,452.9758
12139,840559,346.39807
12140,840635,355.47604
12141,840706,347.20416
12142,840791,419.7307
12143,840908,623.49316
12144,841002,511.05432
12145,841070,356.37173
12146,841134,330.45645
12147,841198,350.66705
12148,841291,513.2059
12149,841409,640.1231
12150,841514,571.2395
12151,841591,381.45444
12152,841715,652.2189
12153,841801,486.94098
12154,841896,468.99567
12155,842029,737.1223
12156,842108,402.69406
12157,842208,558.7619
12158,842277,365.55768
12159,842343,364.57288
12160,842403,277.88806
12161,842476,383.02274
12162,842564,438.98975
12163,842638,417.78802
12164,842715,425.81174
12165,842807,404.1294
12166,842897,493.26736
12167,842973,414.73196
12168,843053,380.61087
12169,843160,497.3267
12170,843249,464.41614
12171,843352,560.308
12172,843432,429.79285
12173,843519,395.4483
12174,843599,416.91904
12175,843659,298.60233
12176,843750,500.8019
12177,843812,335.77295
12178,843910,485.72086
12179,843995,447.45407
12180,844093,467.04883
12181,844177,425.25006
12182,844250,410.10312
12183,844340,486.17682
12184,844454,553.09863
12185,844529,400.05606
12186,844678,804.86304
12187,844746,366.4472
12188,844839,501.6471
12189,844917,427.41595
12190,844998,432.82654
12191,845067,343.75513
12192,845145,432.54858
12193,845223,402.8612
12194,845322,493.78134
12195,845412,510.57358
12196,845499,488.72806
12197,845586,448.51868
12198,845695,563.13837
12199,845821,619.7047
12200,845882,275.94684
12201,846030,734.39856
12202,846163,646.54724
12203,846250,457.59622
12204,846335,473.83237
12205,846447,616.94666
12206,846557,570.08606
12207,846641,448.88165
12208,846744,499.56082
12209,846822,416.9637
12210,846881,320.0273
12211,846968,487.24988
12212,847070,539.2148
12213,847152,444.77136
12214,847219,362.48376
12215,847298,369.24533
12216,847387,486.2085
12217,847452,341.9123
12218,847549,536.7649
12219,847623,386.64294
12220,847703,409.75882
12221,847765,325.55154
12222,847860,478.1149
12223,847955,537.82294
12224,848050,513.05707
12225,848120,338.99808
12226,848250,624.05304
12227,848318,377.51993
12228,848382,322.52057
12229,848467,454.1611
12230,848588,662.18726
12231,848673,480.3754
12232,848763,487.0919
12233,848853,485.96503
12234,848934,397.2321
12235,849006,360.6907
12236,849066,290.8297
12237,849128,296.0279
12238,849220,450.6359
12239,849308,473.94348
12240,849422,623.9714
12241,849490,375.35306
12242,849591,491.02884
12243,849679,465.6369
12244,849821,726.59314
12245,849887,329.4229
12246,849964,431.14532
12247,850084,556.01666
12248,850178,514.5257
12249,850261,417.59198
12250,850360,542.5654
12251,850476,599.1254
12252,850638,832.81177
12253,850726,476.00156
12254,850784,313.16855
12255,850859,403.06573
12256,850940,454.3825
12257,851018,392.86713
12258,851105,452.7138
12259,851214,599.0352
12260,851270,310.34216
12261,851348,376.86914
12262,851546,985.7119
12263,851627,441.3185
12264,851698,379.28607
12265,851835,644.23346
12266,851892,282.48053
12267,851985,433.77094
12268,852076,504.96185
12269,852160,456.3304
12270,852262,563.2627
12271,852320,281.54257
12272,852403,459.89755
12273,852495,490.01923
12274,852597,538.2149
12275,852675,432.87897
12276,852761,451.7896
12277,852832,377.60275
12278,852906,382.28418
12279,853029,622.6254
12280,853128,519.6986
12281,853241,634.41547
12282,853385,769.35406
12283,853462,370.01614
12284,853526,287.37244
12285,853618,522.4635
12286,853688,390.0436
12287,853812,650.1968
12288,853890,433.3532
12289,853973,397.01834
12290,854077,551.2092
12291,854159,450.6607
12292,854250,451.8578
12293,854330,367.01086
12294,854402,370.8664
12295,854483,413.74954
12296,854587,524.8407
12297,854652,333.96112
12298,854712,317.26114
12299,854816,498.70575
12300,854902,442.90674
12301,854992,487.88715
12302,855066,365.48282
12303,855136,379.30515
12304,855218,443.97934
12305,855314,507.1083
12306,855464,770.0897
12307,855526,343.29614
12308,855632,534.16125
12309,855703,335.68146
12310,855833,703.95294
12311,855897,356.2617
12312,855999,474.64313
12313,856067,325.61914
12314,856132,335.53705
12315,856223,490.8282
12316,856288,360.6292
12317,856350,331.23193
12318,856431,430.9641
12319,856481,283.53943
12320,856546,348.664
12321,856638,474.39682
12322,856707,365.9509
12323,856796,458.8992
12324,856902,545.86816
12325,857023,614.20074
12326,857154,665.77673
12327,857220,330.465
12328,857295,415.718
12329,857375,447.48346
12330,857458,417.29453
12331,857529,379.24692
12332,857606,352.47736
12333,857701,504.3466
12334,857769,359.41254
12335,857845,422.02734
12336,857918,383.0437
12337,857992,394.63672
12338,858084,462.30383
12339,858190,523.30566
12340,858313,657.86743
12341,858411,517.87354
12342,858485,386.85568
12343,858591,572.1147
12344,858705,602.3707
12345,858804,540.87726
12346,858861,304.45178
12347,858977,599.85626
12348,859076,434.91324
12349,859159,453.83444
12350,859264,561.45154
12351,859347,458.21503
12352,859421,380.82257
12353,859511,490.65628
12354,859601,487.29434
12355,859693,481.20914
12356,859763,345.21396
12357,859881,592.2222
12358,859994,606.161
12359,860076,440.90216
12360,860135,308.30948
12361,860236,528.4823
12362,860327,488.3425
12363,860446,567.29474
12364,860539,522.59576
12365,860597,324.4312
12366,860676,388.0864
12367,860752,415.60794
12368,860847,529.1196
12369,860911,351.02982
12370,860984,391.45056
12371,861080,525.1412
12372,861181,466.39926
12373,861346,855.88916
12374,861418,398.3386
12375,861502,456.912
12376,861573,375.62982
12377,861646,366.3579
12378,861703,307.21317
12379,861789,403.60406
12380,861900,573.08887
12381,861962,320.87158
12382,862038,376.8525
12383,862112,349.9364
12384,862196,444.5094
12385,862289,486.64993
12386,862356,360.84195
12387,862440,404.96567
12388,862561,649.1571
12389,862640,422.21564
12390,862720,429.15277
12391,862803,412.33347
12392,862888,475.41638
12393,862984,508.98764
12394,863051,353.37915
12395,863121,378.68716
12396,863232,565.13434
12397,863402,890.82074
12398,863519,629.48663
12399,863606,468.0704
12400,863695,460.60718
12401,863770,419.48993
12402,863831,321.722
12403,863917,438.18365
12404,864005,421.55853
12405,864081,421.28616
12406,864183,545.33765
12407,864281,528.7779
12408,864393,587.22235
12409,864466,402.61865
12410,864582,624.2547
12411,864686,548.48395
12412,864776,501.57755
12413,864855,438.14404
12414,864978,592.96906
12415,865069,446.4142
12416,865157,470.8514
12417,865248,498.3853
12418,865324,407.60114
12419,865412,484.79868
12420,865538,694.21484
12421,865639,568.77026
12422,865767,670.38837
12423,865830,321.46597
12424,865914,439.8203
12425,866004,452.94446
12426,866077,378.00745
12427,866138,282.42874
12428,866283,706.0225
12429,866371,459.91418
12430,866460,493.95255
12431,866537,382.43668
12432,866616,387.53238
12433,866675,336.82306
12434,866749,398.1405
12435,866835,439.00494
12436,866909,388.43982
12437,866976,367.551
12438,867042,350.10782
12439,867152,562.7106
12440,867225,405.866
12441,867298,392.87042
12442,867389,484.29553
12443,867479,470.94028
12444,867544,332.10522
12445,867613,346.41376
12446,867696,406.65927
12447,867763,315.74057
12448,867843,436.3877
12449,867909,370.90155
12450,868003,507.6709
12451,868078,393.25342
12452,868156,389.15295
12453,868237,453.47678
12454,868346,588.0811
12455,868399,279.6956
12456,868480,421.7193
12457,868564,479.52383
12458,868642,421.85858
12459,868718,340.8076
12460,868794,413.60596
12461,868870,412.77222
12462,868988,640.0843
12463,869075,466.839
12464,869157,456.08572
12465,869279,615.33466
12466,869393,593.4646
12467,869485,507.5286
12468,869590,591.24524
12469,869670,392.08612
12470,869769,528.5826
12471,869845,419.0797
12472,869928,448.3069
12473,870023,508.64737
12474,870102,450.25385
12475,870178,393.00784
12476,870261,460.68256
12477,870386,631.20154
12478,870478,476.20917
12479,870553,376.32962
12480,870622,348.80582
12481,870783,796.24805
12482,870880,534.8684
12483,870957,437.20718
12484,871057,543.35333
12485,871208,756.76196
12486,871323,603.2355
12487,871380,282.17487
12488,871460,454.3948
12489,871536,422.2363
12490,871624,480.96436
12491,871725,558.5034
12492,871777,293.37778
12493,871856,392.66766
12494,871912,307.09283
12495,872045,644.3924
12496,872119,390.11685
12497,872183,357.16565
12498,872280,521.09863
12499,872365,461.33096
12500,872442,414.80157
12501,872590,805.88245
12502,872704,608.9568
12503,872753,228.121
12504,872815,324.77286
12505,872920,557.77124
12506,872998,447.77823
12507,873081,424.65228
12508,873161,377.50705
12509,873238,397.01404
12510,873327,479.46106
12511,873385,316.64453
12512,873465,444.44598
12513,873554,488.42667
12514,873682,690.2086
12515,873764,457.81314
12516,873851,489.6598
12517,873925,413.50568
12518,874017,512.01654
12519,874117,493.8525
12520,874208,508.74576
12521,874282,401.4598
12522,874344,341.5838
12523,874417,387.6653
12524,874493,412.89847
12525,874604,543.6482
12526,874683,361.7408
12527,874755,366.4749
12528,874841,454.27863
12529,874924,406.19305
12530,875031,546.9086
12531,875118,448.66098
12532,875192,393.9151
12533,875315,640.0478
12534,875402,465.05692
12535,875489,486.90475
12536,875553,350.53372
12537,875634,394.6106
12538,875708,412.58072
12539,875790,455.71417
12540,875869,439.36414
12541,875940,367.2364
12542,876034,495.42715
12543,876204,832.0744
12544,876271,356.3026
12545,876371,510.67654
12546,876500,673.93005
12547,876646,768.2965
12548,876723,353.81723
12549,876810,458.7097
12550,876881,401.17337
12551,877008,672.84045
12552,877090,439.90622
12553,877163,389.91882
12554,877237,398.0028
12555,877325,474.4545
12556,877414,437.19943
12557,877517,524.3556
12558,877601,432.80048
12559,877686,446.51447
12560,877768,389.54126
12561,877845,401.289
12562,877922,408.94467
12563,878063,636.928
12564,878173,592.0071
12565,878252,426.96622
12566,878321,342.6706
12567,878415,463.34512
12568,878519,550.9601
12569,878589,385.92175
12570,878658,374.9227
12571,878785,685.1716
12572,878858,408.41486
12573,878925,340.13303
12574,879011,470.3039
12575,879112,477.6524
12576,879209,545.1376
12577,879350,688.4928
12578,879457,543.7856
12579,879564,573.0051
12580,879631,372.04877
12581,879725,529.15027
12582,879783,313.15604
12583,879894,626.05774
12584,879965,327.1762
12585,880035,338.54977
12586,880108,411.42493
12587,880187,433.20074
12588,880277,480.40152
12589,880352,398.19464
12590,880420,372.81348
12591,880507,481.3979
12592,880630,623.27496
12593,880722,496.81784
12594,880811,437.36127
12595,880900,467.44684
12596,880969,379.43973
12597,881068,533.83307
12598,881171,539.3508
12599,881243,395.77563
12600,881326,441.05637
12601,881426,524.8882
12602,881487,319.71378
12603,881560,405.86255
12604,881641,449.36835
12605,881714,381.04385
12606,881789,406.44772
12607,881850,334.72482
12608,881956,559.3488
12609,882034,343.19547
12610,882127,446.5805
12611,882284,830.67456
12612,882368,458.15924
12613,882445,409.3318
12614,882514,381.62048
12615,882608,463.74612
12616,882701,513.86487
12617,882822,664.4518
12618,882960,740.5447
12619,883032,391.55634
12620,883089,311.45798
12621,883164,413.4464
12622,883265,519.618
12623,883353,481.05008
12624,883429,377.46432
12625,883551,660.94293
12626,883635,439.02292
12627,883702,364.65323
12628,883789,477.19434
12629,883857,363.9602
12630,883957,553.2426
12631,884035,368.15546
12632,884101,356.22177
12633,884192,491.4053
12634,884321,662.0775
12635,884401,442.5781
12636,884476,357.5997
12637,884582,530.68414
12638,884688,572.7204
12639,884794,558.9117
12640,884873,437.71646
12641,884971,530.6831
12642,885037,339.88257
12643,885142,575.6577
12644,885217,411.049
12645,885373,827.923
12646,885488,591.9954
12647,885563,364.10196
12648,885626,337.48032
12649,885705,413.53665
12650,885784,429.16995
12651,885858,413.82526
12652,885923,285.7359
12653,886002,408.4653
12654,886096,476.30566
12655,886168,387.14148
12656,886238,395.2587
12657,886308,359.8932
12658,886398,483.03915
12659,886484,448.54425
12660,886610,677.844
12661,886693,472.31305
12662,886789,531.94336
12663,886868,424.2779
12664,886968,529.92834
12665,887054,447.69308
12666,887140,403.18716
12667,887195,297.05423
12668,887286,505.48486
12669,887376,483.46713
12670,887512,710.2768
12671,887582,370.82745
12672,887655,401.3802
12673,887733,401.2122
12674,887818,460.1331
12675,887925,550.948
12676,888059,702.399
12677,888124,360.16864
12678,888236,513.79376
12679,888366,665.70306
12680,888451,460.61502
12681,888531,428.143
12682,888651,651.1092
12683,888755,500.26025
12684,888826,388.70755
12685,888905,384.65796
12686,888963,316.82364
12687,889053,489.29132
12688,889163,583.70386
12689,889255,436.54498
12690,889391,693.1317
12691,889459,353.1432
12692,889576,587.94385
12693,889627,261.4386
12694,889726,497.90192
12695,889811,469.9343
12696,889893,424.28366
12697,890007,589.7482
12698,890076,369.87198
12699,890143,366.14084
12700,890261,599.17035
12701,890321,312.26144
12702,890408,458.9814
12703,890514,575.9977
12704,890585,384.9943
12705,890694,593.2393
12706,890798,537.07574
12707,890895,522.4748
12708,890977,449.69452
12709,891068,487.92935
12710,891130,309.73624
12711,891211,416.762
12712,891284,404.5839
12713,891416,700.75653
12714,891484,362.54297
12715,891623,698.07086
12716,891712,489.13068
12717,891769,280.4797
12718,891859,459.73447
12719,891934,397.88815
12720,892011,433.18262
12721,892127,638.3865
12722,892205,423.74655
12723,892332,656.2543
12724,892426,473.76855
12725,892504,433.77408
12726,892575,392.4326
12727,892700,609.2774
12728,892821,636.8042
12729,892906,466.38846
12730,893021,582.0465
12731,893106,475.93338
12732,893207,531.83514
12733,893275,362.10193
12734,893334,318.23877
12735,893424,442.08054
12736,893499,372.60574
12737,893574,395.16263
12738,893676,572.7853
12739,893762,476.6232
12740,893849,463.89923
12741,893949,548.7567
12742,894036,466.5236
12743,894146,606.6756
12744,894253,540.66724
12745,894331,425.50702
12746,894401,389.08246
12747,894484,454.95218
12748,894561,389.18524
12749,894688,640.1386
12750,894763,408.29367
12751,894818,300.82214
12752,894883,295.55414
12753,894958,412.18842
12754,895047,474.17987
12755,895128,447.10913
12756,895186,315.39594
12757,895247,338.45218
12758,895314,365.60587
12759,895396,445.52164
12760,895480,444.9093
12761,895546,343.88583
12762,895666,620.68335
12763,895763,518.67706
12764,895853,495.17316
12765,895956,545.4264
12766,896044,485.2916
12767,896178,660.42456
12768,896243,360.52533
12769,896321,422.45282
12770,896405,444.2455
12771,896469,322.017
12772,896562,497.68454
12773,896635,398.6955
12774,896724,481.53134
12775,896806,452.6862
12776,896898,507.56616
12777,896960,319.0777
12778,897047,491.90277
12779,897108,337.14783
12780,897219,598.5474
12781,897318,539.5408
12782,897405,460.2882
12783,897500,518.33875
12784,897593,502.6403
12785,897674,428.4605
12786,897763,436.787
12787,897838,406.47864
12788,897902,360.09613
12789,898024,634.9397
12790,898142,642.92535
12791,898234,499.0016
12792,898337,547.77936
12793,898424,484.6009
12794,898496,377.57516
12795,898592,524.8127
12796,898692,539.46533
12797,898761,358.5612
12798,898845,438.0524
12799,898923,430.2127
12800,899018,509.61777
12801,899110,500.3933
12802,899181,381.07162
12803,899238,291.214
12804,899326,443.60446
12805,899396,381.62344
12806,899498,554.9852
12807,899577,418.0885
12808,899653,389.66348
12809,899726,411.42395
12810,899826,517.18335
12811,899891,354.48495
12812,899978,475.9808
12813,900057,403.52045
12814,900145,437.88434
12815,900321,882.55835
12816,900393,379.28165
12817,900460,362.02036
12818,900538,392.94336
12819,900628,491.28625
12820,900729,530.5659
12821,900796,313.34485
12822,900889,485.95148
12823,901005,596.5667
12824,901090,462.1181
12825,901197,553.29443
12826,901299,543.67883
12827,901382,451.50555
12828,901464,380.2282
12829,901530,345.25955
12830,901641,589.1239
12831,901717,432.55807
12832,901829,582.98785
12833,901947,607.8842
12834,902032,467.26212
12835,902140,546.26495
12836,902204,335.52234
12837,902289,426.34106
12838,902444,830.0631
12839,902518,405.41528
12840,902591,364.9048
12841,902694,532.27515
12842,902798,558.1813
12843,902891,434.36353
12844,902969,438.5867
12845,903030,336.58008
12846,903125,516.3023
12847,903236,607.3531
12848,903343,488.78003
12849,903450,585.43976
12850,903585,724.86725
12851,903722,722.8363
12852,903834,623.0847
12853,903934,509.6407
12854,903999,353.1147
12855,904069,347.95615
12856,904129,272.35355
12857,904218,462.60666
12858,904283,359.46146
12859,904352,388.126
12860,904451,516.21655
12861,904516,313.1837
12862,904649,687.5042
12863,904725,428.80206
12864,904829,579.7077
12865,904934,575.34436
12866,904992,282.9419
12867,905085,464.88834
12868,905162,390.28384
12869,905246,438.39978
12870,905322,427.16962
12871,905398,418.61392
12872,905569,855.65375
12873,905668,511.80615
12874,905748,433.85706
12875,905870,646.7811
12876,905957,475.58984
12877,906053,526.26227
12878,906216,801.05023
12879,906269,296.37683
12880,906368,540.0097
12881,906451,439.15054
12882,906551,513.353
12883,906634,431.33804
12884,906724,475.11368
12885,906790,354.62778
12886,906866,420.09708
12887,906953,447.74304
12888,907035,440.89734
12889,907098,325.76062
12890,907170,390.60693
12891,907233,344.5816
12892,907318,452.14618
12893,907422,559.51227
12894,907498,416.52582
12895,907574,397.55908
12896,907679,535.94147
12897,907767,476.29648
12898,907848,434.5942
12899,907955,561.59546
12900,908041,413.55603
12901,908172,669.4301
12902,908275,539.3321
12903,908348,334.25592
12904,908434,465.54065
12905,908484,258.84467
12906,908573,490.46826
12907,908633,311.11282
12908,908713,435.86304
12909,908821,595.80774
12910,908884,346.40256
12911,908945,330.12234
12912,909036,494.42444
12913,909125,457.33292
12914,909200,390.1364
12915,909277,396.78644
12916,909352,415.02344
12917,909430,382.58505
12918,909516,444.6965
12919,909611,503.8878
12920,909700,494.24747
12921,909804,575.72534
12922,909872,379.4381
12923,909968,511.8461
12924,910052,394.6652
12925,910150,543.3579
12926,910238,484.27866
12927,910302,359.76663
12928,910403,576.6237
12929,910490,471.7221
12930,910578,462.7256
12931,910625,249.96796
12932,910710,455.911
12933,910809,518.8786
12934,910894,384.47824
12935,910996,530.9998
12936,911059,339.62814
12937,911171,592.47437
12938,911277,595.38715
12939,911395,626.62866
12940,911489,481.83252
12941,911568,414.65912
12942,911677,548.0904
12943,911796,637.6432
12944,911874,416.38657
12945,911993,637.78284
12946,912057,324.05405
12947,912125,362.874
12948,912202,404.26303
12949,912265,353.34348
12950,912338,396.653
12951,912453,540.4781
12952,912536,455.00183
12953,912623,461.1088
12954,912703,429.9453
12955,912769,360.281
12956,912831,330.58398
12957,912926,514.4517
12958,913016,476.7145
12959,913093,419.0625
12960,913170,427.82285
12961,913255,427.0579
12962,913345,484.304
12963,913446,556.4833
12964,913526,447.38013
12965,913600,396.0664
12966,913700,536.81506
12967,913773,386.1238
12968,913851,441.60385
12969,913924,381.33426
12970,914000,367.64105
12971,914154,758.4717
12972,914239,442.87952
12973,914375,745.482
12974,914451,423.69528
12975,914521,396.90314
12976,914582,323.34573
12977,914662,430.0142
12978,914755,508.8489
12979,914861,527.18097
12980,914964,474.54285
12981,915035,362.50464
12982,915109,415.98712
12983,915205,533.5518
12984,915293,451.47214
12985,915400,561.3356
12986,915469,373.2285
12987,915559,409.86008
12988,915624,344.8662
12989,915695,397.43506
12990,915775,420.9649
12991,915871,492.9088
12992,915947,392.49692
12993,916079,680.72174
12994,916156,421.9209
12995,916261,542.3982
12996,916343,429.14038
12997,916423,407.1896
12998,916511,498.8872
12999,916635,629.65204
13000,916709,373.413
13001,916783,372.92917
13002,916852,361.81647
13003,916923,389.72427
13004,916998,405.2951
13005,917072,373.92355
13006,917137,360.28564
13007,917252,589.2652
13008,917331,429.4429
13009,917414,440.14197
13010,917478,345.29816
13011,917576,517.1822
13012,917678,544.45935
13013,917757,397.95917
13014,917849,481.92484
13015,917941,493.24368
13016,918010,359.45322
13017,918104,483.74246
13018,918183,403.0003
13019,918271,431.23492
13020,918328,282.4954
13021,918490,855.2937
13022,918595,564.98724
13023,918694,500.25528
13024,918785,482.14276
13025,918884,540.5975
13026,918951,333.76547
13027,919048,514.6278
13028,919116,356.11276
13029,919191,413.17987
13030,919282,449.3653
13031,919357,398.82483
13032,919452,445.91342
13033,919526,387.2293
13034,919586,315.54187
13035,919694,590.86316
13036,919764,325.53137
13037,919854,477.70163
13038,919942,469.37088
13039,920027,477.8175
13040,920102,418.01068
13041,920201,569.0495
13042,920293,468.94107
13043,920395,499.0158
13044,920468,388.02036
13045,920558,470.99805
13046,920654,464.16907
13047,920736,446.71194
13048,920820,426.71548
13049,920904,465.01685
13050,921023,654.09186
13051,921098,393.8927
13052,921170,393.54938
13053,921265,508.38538
13054,921362,506.56357
13055,921449,455.01077
13056,921527,429.23492
13057,921627,556.2964
13058,921697,381.25998
13059,921742,211.37978
13060,921914,878.3969
13061,921984,380.57104
13062,922088,565.1549
13063,922184,527.4499
13064,922269,408.6759
13065,922355,462.15152
13066,922461,572.2402
13067,922600,751.2141
13068,922672,381.46494
13069,922738,358.14996
13070,922844,578.152
13071,922948,557.4424
13072,923038,495.31332
13073,923100,340.73843
13074,923209,599.808
13075,923261,291.5819
13076,923353,509.28543
13077,923442,449.53253
13078,923552,586.10205
13079,923612,304.20044
13080,923692,440.21588
13081,923778,454.32867
13082,923895,600.0089
13083,923957,342.43445
13084,924051,482.48145
13085,924114,337.16617
13086,924181,351.46863
13087,924269,451.34573
13088,924375,494.18057
13089,924456,442.47018
13090,924562,564.70337
13091,924630,363.43408
13092,924715,463.48502
13093,924792,403.32062
13094,924884,500.02072
13095,925028,756.8744
13096,925129,543.2142
13097,925220,510.71875
13098,925325,549.22235
13099,925389,346.74356
13100,925482,477.25848
13101,925552,390.78387
13102,925667,598.80273
13103,925774,587.32513
13104,925889,631.2137
13105,925977,453.90875
13106,926072,508.31418
13107,926128,298.6319
13108,926266,754.7275
13109,926343,397.33105
13110,926411,381.1245
13111,926511,526.0395
13112,926580,367.08374
13113,926657,429.1104
13114,926737,427.40866
13115,926841,550.6239
13116,926921,435.53107
13117,927035,617.6916
13118,927135,535.0518
13119,927222,452.22952
13120,927329,577.3188
13121,927401,390.57123
13122,927468,358.8989
13123,927533,333.21118
13124,927609,426.7055
13125,927702,504.57184
13126,927792,476.71964
13127,927869,423.0409
13128,927953,458.38037
13129,928023,376.40225
13130,928107,447.43323
13131,928176,356.06784
13132,928296,608.4847
13133,928395,529.85547
13134,928469,417.1144
13135,928572,542.0606
13136,928647,368.74048
13137,928730,414.27722
13138,928803,395.07108
13139,928872,348.6298
13140,928929,306.02332
13141,929008,428.90106
13142,929136,659.59393
13143,929230,458.56372
13144,929317,467.16483
13145,929411,480.08148
13146,929576,849.35583
13147,929656,417.73666
13148,929713,304.009
13149,929831,663.27655
13150,929916,441.54034
13151,930036,641.4891
13152,930099,343.95175
13153,930180,362.6459
13154,930259,399.6265
13155,930361,554.39923
13156,930443,419.42468
13157,930539,530.3243
13158,930629,444.37354
13159,930702,339.09766
13160,930762,327.67404
13161,930856,527.0016
13162,930973,635.0699
13163,931055,466.26614
13164,931168,550.66504
13165,931251,417.2197
13166,931325,402.69577
13167,931420,486.4837
13168,931502,414.7751
13169,931687,958.06335
13170,931769,400.89136
13171,931859,484.82248
13172,931926,354.649
13173,931997,393.86896
13174,932073,404.3643
13175,932145,383.48944
13176,932264,639.1911
13177,932383,608.4282
13178,932462,414.44766
13179,932586,650.0951
13180,932680,491.96667
13181,932773,477.66345
13182,932857,453.33145
13183,932915,306.01285
13184,932989,408.29446
13185,933087,483.00693
13186,933180,522.4392
13187,933296,621.5892
13188,933359,341.01392
13189,933469,588.0942
13190,933550,383.18454
13191,933642,508.5265
13192,933762,668.2034
13193,933840,394.8659
13194,933946,569.697
13195,934020,413.10373
13196,934162,750.46204
13197,934240,423.4472
13198,934313,340.617
13199,934393,458.3283
13200,934465,392.43625
13201,934563,480.33047
13202,934652,456.17322
13203,934752,510.23788
13204,934849,489.04736
13205,934970,610.03674
13206,935097,637.1353
13207,935172,416.71603
13208,935271,524.17706
13209,935369,517.1098
13210,935491,676.0954
13211,935581,503.38666
13212,935690,591.72504
13213,935764,408.14432
13214,935841,409.08136
13215,935915,382.00287
13216,936021,583.43964
13217,936100,384.23874
13218,936184,465.49155
13219,936270,474.31873
13220,936378,543.9404
13221,936448,357.13687
13222,936518,396.63834
13223,936584,364.49234
13224,936663,439.60574
13225,936764,544.59344
13226,936821,300.15768
13227,936909,458.96634
13228,936989,400.11993
13229,937081,507.86035
13230,937166,460.0248
13231,937230,357.86755
13232,937303,406.8443
13233,937431,684.7752
13234,937533,564.27094
13235,937619,475.0713
13236,937790,906.3879
13237,937870,435.8411
13238,937946,405.5423
13239,938024,420.00845
13240,938110,466.77948
13241,938222,549.41315
13242,938322,521.0119
13243,938404,398.3812
13244,938488,421.61
13245,938564,409.19775
13246,938660,480.8857
13247,938746,439.98135
13248,938821,397.53094
13249,938902,462.3385
13250,938968,361.2883
13251,939044,431.9026
13252,939134,492.10532
13253,939203,386.481
13254,939278,376.76862
13255,939350,387.3849
13256,939437,474.96524
13257,939551,588.0736
13258,939614,338.79315
13259,939689,409.84854
13260,939781,507.59116
13261,939875,491.29535
13262,939967,482.46115
13263,940050,459.10098
13264,940128,401.49854
13265,940203,347.79633
13266,940304,538.0301
13267,940396,498.10724
13268,940557,786.7728
13269,940657,488.07733
13270,940735,402.5264
13271,940827,483.02737
13272,940938,535.6822
13273,941014,371.43567
13274,941096,411.95203
13275,941170,402.77106
13276,941246,426.77036
13277,941328,439.1394
13278,941437,554.8882
13279,941524,459.82092
13280,941614,489.91623
13281,941701,456.7627
13282,941808,547.70593
13283,941890,442.9283
13284,942006,638.5194
13285,942108,526.25555
13286,942240,694.1295
13287,942349,592.14465
13288,942488,707.7129
13289,942597,598.96265
13290,942672,402.90753
13291,942770,525.12317
13292,942845,407.83224
13293,942930,442.14172
13294,943011,449.97986
13295,943163,831.4456
13296,943248,474.45856
13297,943324,415.53586
13298,943404,450.45947
13299,943458,302.8914
13300,943522,355.47495
13301,943587,341.74838
13302,943675,444.269
13303,943749,385.84576
13304,943843,505.9224
13305,943929,467.39554
13306,944024,509.44278
13307,944104,410.07745
13308,944164,306.9213
13309,944272,582.6285
13310,944388,635.19965
13311,944455,368.357
13312,944552,495.60345
13313,944618,361.19662
13314,944691,374.8484
13315,944754,353.919
13316,944830,387.69156
13317,944911,410.59006
13318,944988,360.7458
13319,945090,556.7456
13320,945153,291.7645
13321,945218,351.87198
13322,945291,362.14514
13323,945363,377.11505
13324,945435,401.1807
13325,945528,437.79007
13326,945611,455.80225
13327,945734,544.01245
13328,945836,483.21298
13329,945918,443.07803
13330,945982,328.43326
13331,946073,491.1963
13332,946163,482.23575
13333,946254,495.17697
13334,946323,384.2704
13335,946401,417.8729
13336,946486,440.75323
13337,946565,449.073
13338,946635,390.56342
13339,946765,674.7436
13340,946852,474.92203
13341,946942,501.97125
13342,947040,513.1105
13343,947133,482.1764
13344,947230,526.56976
13345,947357,652.6128
13346,947428,398.35434
13347,947543,574.9122
13348,947667,586.0404
13349,947744,434.60764
13350,947839,497.57324
13351,947919,428.22226
13352,948021,525.549
13353,948113,494.5802
13354,948214,534.27673
13355,948290,404.35233
13356,948364,412.36218
13357,948446,433.7956
13358,948595,765.8834
13359,948672,430.37442
13360,948781,573.2433
13361,948913,704.7424
13362,949034,660.56213
13363,949126,526.7919
13364,949234,565.0374
13365,949309,408.73413
13366,949434,666.02747
13367,949506,390.8909
13368,949591,463.77737
13369,949672,423.87723
13370,949735,299.4375
13371,949798,332.3865
13372,949908,557.678
13373,950008,531.1438
13374,950085,385.32388
13375,950222,694.471
13376,950316,502.90485
13377,950413,506.84216
13378,950480,344.50174
13379,950573,502.25162
13380,950667,519.39716
13381,950758,498.88846
13382,950859,550.23334
13383,950952,517.9562
13384,951013,341.39606
13385,951100,404.09192
13386,951198,511.4566
13387,951274,404.13315
13388,951344,388.0604
13389,951438,477.86426
13390,951554,554.7808
13391,951688,714.0625
13392,951773,471.23486
13393,951878,557.28973
13394,951951,394.07602
13395,952083,618.37115
13396,952174,461.26364
13397,952269,457.7065
13398,952358,492.10165
13399,952420,325.04816
13400,952511,497.86798
13401,952582,360.2285
13402,952662,448.0834
13403,952744,445.47385
13404,952800,315.37173
13405,952905,530.1955
13406,953040,699.26886
13407,953121,395.7113
13408,953246,656.5461
13409,953332,468.23056
13410,953436,561.3717
13411,953515,421.42874
13412,953615,510.85895
13413,953687,394.96213
13414,953827,714.01044
13415,953918,482.26865
13416,954019,557.5185
13417,954108,477.7595
13418,954178,361.0206
13419,954266,434.80304
13420,954356,500.49866
13421,954495,729.79315
13422,954577,451.27243
13423,954677,532.3376
13424,954757,434.20602
13425,954833,409.1331
13426,954939,586.2983
13427,955032,502.5463
13428,955094,338.34732
13429,955162,364.0207
13430,955231,357.34558
13431,955299,369.93967
13432,955417,581.778
13433,955537,644.1933
13434,955654,642.37933
13435,955759,558.1552
13436,955831,397.90692
13437,955924,487.8988
13438,956021,532.6002
13439,956111,418.6074
13440,956227,620.6622
13441,956308,453.07867
13442,956379,382.25354
13443,956486,581.41925
13444,956591,584.37836
13445,956682,416.0833
13446,956783,538.7502
13447,956856,401.47238
13448,956934,429.45477
13449,957012,422.19568
13450,957081,371.95752
13451,957164,438.77496
13452,957236,353.81592
13453,957345,567.5773
13454,957466,676.0701
13455,957557,486.04144
13456,957635,427.65863
13457,957723,466.27258
13458,957807,439.7002
13459,957889,404.09167
13460,957979,454.26166
13461,958044,342.8642
13462,958109,340.92334
13463,958186,417.74033
13464,958261,417.8483
13465,958356,521.30115
13466,958471,569.8389
13467,958545,405.494
13468,958612,376.0845
13469,958679,330.9927
13470,958746,364.96716
13471,958815,386.26407
13472,958889,396.14056
13473,959016,678.04315
13474,959114,535.36395
13475,959278,829.5941
13476,959351,396.0855
13477,959436,436.3535
13478,959532,502.99866
13479,959611,379.05777
13480,959708,478.03918
13481,959827,606.5874
13482,959896,384.77338
13483,960032,649.991
13484,960117,461.60995
13485,960191,376.1937
13486,960271,401.10663
13487,960352,437.4059
13488,960438,459.81564
13489,960536,527.0663
13490,960640,548.38226
13491,960717,402.35153
13492,960773,261.2442
13493,960839,350.01862
13494,960910,345.65268
13495,961017,596.3917
13496,961099,450.81555
13497,961180,423.4339
13498,961273,497.70364
13499,961354,387.98538
13500,961436,420.54828
13501,961519,414.1513
13502,961635,636.3054
13503,961727,476.76578
13504,961789,342.88745
13505,961887,514.0517
13506,961974,453.6946
13507,962050,412.16412
13508,962145,461.85388
13509,962219,403.28015
13510,962324,553.75995
13511,962420,518.0388
13512,962557,734.4758
13513,962613,269.66608
13514,962711,537.5295
13515,962825,548.44653
13516,962912,425.9317
13517,963016,519.5757
13518,963093,383.12137
13519,963157,348.96332
13520,963228,369.7101
13521,963287,330.44507
13522,963372,389.85162
13523,963434,313.57532
13524,963518,459.45694
13525,963582,344.49118
13526,963664,445.1122
13527,963758,508.33896
13528,963847,450.52612
13529,963920,390.95218
13530,964000,422.13205
13531,964079,447.58002
13532,964170,472.17386
13533,964270,531.94525
13534,964358,449.55093
13535,964443,452.22247
13536,964521,408.40234
13537,964676,840.17236
13538,964784,553.31525
13539,964907,654.82117
13540,964984,374.1657
13541,965117,723.17035
13542,965215,472.27576
13543,965301,473.85925
13544,965366,337.28738
13545,965498,688.5923
13546,965579,428.9804
13547,965666,465.8683
13548,965753,474.95215
13549,965866,596.33545
13550,965966,546.23096
13551,966077,594.384
13552,966152,385.33716
13553,966229,419.67593
13554,966297,358.8985
13555,966371,410.42297
13556,966472,557.1287
13557,966549,404.47574
13558,966633,467.19934
13559,966698,331.6882
13560,966815,631.8332
13561,966904,474.38675
13562,966999,518.4723
13563,967065,352.51245
13564,967140,364.7236
13565,967213,402.46823
13566,967308,539.0364
13567,967433,676.3564
13568,967542,591.7633
13569,967640,445.11212
13570,967750,604.0513
13571,967881,710.1327
13572,967946,341.0377
13573,968077,705.1944
13574,968163,437.012
13575,968269,570.8039
13576,968388,633.6939
13577,968460,387.6852
13578,968567,540.06134
13579,968642,411.01813
13580,968723,445.25998
13581,968797,398.87732
13582,968878,418.1089
13583,968961,426.28647
13584,969033,366.06323
13585,969129,474.9153
13586,969199,380.63434
13587,969348,791.01434
13588,969428,417.24435
13589,969498,370.83197
13590,969567,329.62088
13591,969686,629.79004
13592,969784,536.9368
13593,969917,722.99646
13594,970005,445.83945
13595,970125,661.0853
13596,970215,467.81772
13597,970333,610.7288
13598,970401,336.0562
13599,970484,414.873
13600,970565,384.29718
13601,970649,400.60226
13602,970721,399.7471
13603,970800,416.37125
13604,970875,398.78058
13605,970993,643.7845
13606,971106,616.5292
13607,971160,291.76895
13608,971257,525.6463
13609,971351,504.3651
13610,971424,390.73877
13611,971589,882.2993
13612,971679,440.79132
13613,971773,505.442
13614,971839,359.34125
13615,971908,376.90573
13616,971996,488.35742
13617,972076,410.18997
13618,972209,710.0209
13619,972330,647.54395
13620,972410,424.07224
13621,972483,398.73532
13622,972590,582.4773
13623,972668,415.09094
13624,972764,521.3302
13625,972874,550.1434
13626,972942,323.34067
13627,973017,389.97745
13628,973192,891.0654
13629,973286,507.64713
13630,973426,696.9128
13631,973544,581.02075
13632,973607,346.70325
13633,973704,500.06308
13634,973805,555.88715
13635,973906,510.31268
13636,974006,563.69403
13637,974082,387.9336
13638,974179,475.1067
13639,974261,417.9873
13640,974319,280.81088
13641,974418,534.56976
13642,974497,432.439
13643,974567,374.82434
13644,974684,615.75775
13645,974794,581.42474
13646,974870,406.60205
13647,974968,533.3508
13648,975041,392.66858
13649,975120,443.3871
13650,975216,519.8274
13651,975293,397.39032
13652,975388,486.81128
13653,975522,666.0421
13654,975622,552.5031
13655,975743,597.1309
13656,975815,383.04892
13657,975909,525.48065
13658,975984,414.94662
13659,976055,373.2385
13660,976120,345.88403
13661,976219,489.11838
13662,976290,410.99835
13663,976350,326.85712
13664,976444,502.39874
13665,976571,644.1544
13666,976635,325.1616
13667,976719,451.34875
13668,976783,355.94968
13669,976870,468.6959
13670,976949,399.6051
13671,977057,579.8563
13672,977158,525.8733
13673,977217,316.40735
13674,977286,362.73535
13675,977433,793.83
13676,977543,604.7059
13677,977622,426.74823
13678,977703,425.57013
13679,977808,537.7732
13680,977908,546.20056
13681,977999,501.95117
13682,978092,483.28326
13683,978177,479.4454
13684,978249,359.75815
13685,978318,377.66202
13686,978443,685.84235
13687,978510,368.7446
13688,978576,341.1178
13689,978703,698.6423
13690,978827,633.32166
13691,978919,500.49606
13692,979032,568.59503
13693,979103,366.4616
13694,979174,365.6968
13695,979257,439.60062
13696,979333,412.0135
13697,979427,509.66058
13698,979493,344.48123
13699,979571,430.7198
13700,979648,403.24475
13701,979741,476.12283
13702,979859,646.2869
13703,979944,425.70468
13704,979999,273.0937
13705,980072,411.0025
13706,980196,644.147
13707,980282,437.6706
13708,980354,403.44092
13709,980442,476.50803
13710,980522,389.1309
13711,980611,464.8829
13712,980716,555.8573
13713,980841,644.6291
13714,980911,302.481
13715,981014,550.03094
13716,981119,531.08826
13717,981229,559.41693
13718,981291,336.61462
13719,981441,731.71875
13720,981559,628.51385
13721,981629,371.1669
13722,981706,426.18988
13723,981794,448.7279
13724,981873,434.72678
13725,981958,438.07086
13726,982053,503.01834
13727,982174,667.2304
13728,982250,417.6777
13729,982333,458.23608
13730,982435,527.0404
13731,982503,370.99078
13732,982593,473.4518
13733,982712,650.97266
13734,982785,372.121
13735,982904,641.4726
13736,982998,495.19147
13737,983094,544.81506
13738,983190,511.1544
13739,983325,695.36957
13740,983425,547.27606
13741,983527,563.99567
13742,983629,557.20746
13743,983722,483.6824
13744,983850,607.1502
13745,983964,608.9724
13746,984039,350.81186
13747,984171,635.4871
13748,984226,292.93466
13749,984338,618.08075
13750,984412,322.8765
13751,984493,445.8484
13752,984553,334.14487
13753,984617,355.74316
13754,984690,365.9234
13755,984777,486.35382
13756,984867,500.7626
13757,984933,358.1153
13758,985059,693.7156
13759,985187,681.3742
13760,985290,537.8386
13761,985359,368.43344
13762,985437,440.84656
13763,985544,579.3272
13764,985631,436.81885
13765,985710,439.69193
13766,985769,326.37656
13767,985870,557.8561
13768,985965,522.15955
13769,986056,496.52097
13770,986183,681.5311
13771,986291,534.3316
13772,986360,345.58276
13773,986447,491.6124
13774,986561,604.781
13775,986674,636.1915
13776,986761,484.3447
13777,986834,333.3181
13778,986964,709.3776
13779,987046,434.45883
13780,987100,300.05215
13781,987159,304.98605
13782,987229,392.93448
13783,987312,408.06042
13784,987382,333.90997
13785,987464,431.38037
13786,987551,476.6216
13787,987632,447.17737
13788,987766,686.1853
13789,987841,402.97092
13790,987942,529.7073
13791,988030,418.1932
13792,988101,372.94733
13793,988177,415.30844
13794,988251,398.97617
13795,988340,430.64944
13796,988450,606.11035
13797,988538,466.58286
13798,988632,493.9621
13799,988722,488.81818
13800,988821,532.9147
13801,988909,464.82013
13802,988988,416.5401
13803,989053,353.6359
13804,989152,531.00885
13805,989213,340.65298
13806,989345,680.44257
13807,989417,389.53403
13808,989507,466.1357
13809,989612,473.9877
13810,989693,449.56677
13811,989786,488.00705
13812,989875,473.91626
13813,989959,458.03027
13814,990034,407.00165
13815,990131,487.24203
13816,990200,363.8603
13817,990293,505.1467
13818,990357,349.46915
13819,990482,682.09326
13820,990572,502.43695
13821,990640,350.37064
13822,990738,502.68283
13823,990819,420.54626
13824,990906,443.5314
13825,990987,446.478
13826,991132,752.4569
13827,991211,367.53064
13828,991278,350.8219
13829,991365,463.24615
13830,991498,672.26465
13831,991586,467.9095
13832,991658,331.43643
13833,991805,724.10785
13834,991889,462.29306
13835,991978,449.78568
13836,992065,472.4209
13837,992151,473.61743
13838,992248,522.09875
13839,992321,389.9602
13840,992425,550.39606
13841,992554,668.59094
13842,992653,532.7515
13843,992719,337.38892
13844,992805,445.77588
13845,992874,365.79044
13846,992926,260.97003
13847,993016,504.5068
13848,993161,786.2577
13849,993274,616.90265
13850,993357,451.5523
13851,993419,336.0825
13852,993503,405.1237
13853,993583,430.69113
13854,993670,450.39984
13855,993756,437.25623
13856,993836,398.1443
13857,993908,364.44418
13858,993966,293.78738
13859,994056,456.0703
13860,994138,397.976
13861,994229,494.11157
13862,994299,376.70328
13863,994411,563.44556
13864,994499,463.92123
13865,994614,602.6243
13866,994720,530.36365
13867,994803,427.9973
13868,994895,492.06708
13869,994993,494.37976
13870,995086,473.74777
13871,995172,459.2558
13872,995247,406.75507
13873,995332,460.92865
13874,995403,329.7612
13875,995502,535.7057
13876,995603,540.7948
13877,995718,611.34174
13878,995816,497.014
13879,995904,474.7659
13880,995979,398.16428
13881,996114,698.44415
13882,996254,744.7399
13883,996348,516.8961
13884,996457,560.948
13885,996573,652.5751
13886,996658,462.3623
13887,996742,410.1063
13888,996866,625.70667
13889,996968,557.7118
13890,997067,477.0731
13891,997185,635.9931
13892,997262,411.99188
13893,997375,614.268
13894,997450,390.93512
13895,997555,545.31226
13896,997627,397.24564
13897,997734,555.8018
13898,997834,534.49176
13899,997948,608.64325
13900,998081,691.61426
13901,998176,507.97247
13902,998249,344.6784
13903,998387,717.94904
13904,998467,414.76633
13905,998596,699.26416
13906,998685,478.65634
13907,998775,488.91946
13908,998917,775.71027
13909,999022,565.8669
13910,999100,416.28256
13911,999191,453.16943
13912,999283,511.6796
13913,999347,359.06348
13914,999452,568.54767
13915,999554,527.59326
13916,999641,435.43774
13917,999743,544.46375
13918,999892,804.0689
13919,999964,392.2281
13920,1000033,385.7004
13921,1000139,584.72
13922,1000199,289.58206
13923,1000300,546.3822
13924,1000361,340.55563
13925,1000433,367.48685
13926,1000572,652.7586
13927,1000662,487.37653
13928,1000742,379.74176
13929,1000824,429.0902
13930,1000921,537.5149
13931,1000995,407.85287
13932,1001067,393.92416
13933,1001187,646.06213
13934,1001263,413.67154
13935,1001337,397.66916
13936,1001425,483.791
13937,1001511,466.8174
13938,1001585,407.134
13939,1001652,371.30063
13940,1001727,386.64676
13941,1001806,444.40836
13942,1001889,397.7341
13943,1001979,480.2402
13944,1002056,360.47952
13945,1002156,522.8769
13946,1002266,603.9941
13947,1002334,334.26395
13948,1002469,735.48926
13949,1002529,335.55353
13950,1002616,462.8343
13951,1002695,411.67966
13952,1002791,495.09103
13953,1002876,461.3135
13954,1002958,434.44504
13955,1003036,413.8274
13956,1003107,358.3162
13957,1003255,781.5802
13958,1003332,397.41583
13959,1003401,368.8658
13960,1003484,429.7105
13961,1003571,405.32315
13962,1003683,607.4391
13963,1003799,628.1939
13964,1003861,321.26288
13965,1003972,576.6432
13966,1004047,414.14667
13967,1004120,373.66098
13968,1004194,374.40228
13969,1004270,394.49908
13970,1004333,344.48938
13971,1004425,484.2777
13972,1004535,588.91315
13973,1004657,665.1698
13974,1004732,416.5406
13975,1004809,360.66428
13976,1004925,631.5921
13977,1004994,314.56345
13978,1005101,587.5282
13979,1005260,842.5437
13980,1005394,663.256
13981,1005514,647.74615
13982,1005578,331.01694
13983,1005700,673.0041
13984,1005829,649.2045
13985,1005908,405.63898
13986,1005977,391.65686
13987,1006079,536.1071
13988,1006194,571.02515
13989,1006287,515.6286
13990,1006399,598.7295
13991,1006487,476.42178
13992,1006608,650.13043
13993,1006689,406.2959
13994,1006779,506.62558
13995,1006875,506.34323
13996,1006938,342.11584
13997,1007040,561.8439
13998,1007140,539.5444
13999,1007213,405.11203
14000,1007284,354.28192
14001,1007351,347.37387
14002,1007414,342.79376
14003,1007536,648.4829
14004,1007620,466.66827
14005,1007690,376.75287
14006,1007772,439.48404
14007,1007906,692.56604
14008,1007978,406.05606
14009,1008040,310.4273
14010,1008115,416.90405
14011,1008201,469.00986
14012,1008315,631.852
14013,1008383,353.48575
14014,1008457,409.15598
14015,1008573,614.31824
14016,1008657,434.5523
14017,1008739,436.60223
14018,1008859,652.81586
14019,1008956,511.9725
14020,1009076,658.85754
14021,1009165,474.7761
14022,1009252,484.1806
14023,1009336,451.2676
14024,1009442,502.80865
14025,1009526,448.6059
14026,1009619,532.7475
14027,1009720,543.33514
14028,1009827,556.3419
14029,1009920,445.33182
14030,1010035,617.7549
14031,1010131,517.0548
14032,1010205,388.0073
14033,1010292,425.63315
14034,1010368,421.22885
14035,1010475,546.6008
14036,1010619,759.54736
14037,1010709,475.92136
14038,1010823,551.52155
14039,1010937,601.1887
14040,1011016,413.55066
14041,1011083,352.3371
14042,1011154,384.60413
14043,1011224,355.635
14044,1011294,386.92044
14045,1011403,586.74115
14046,1011465,333.82013
14047,1011560,522.64935
14048,1011719,754.6179
14049,1011796,377.92297
14050,1011891,508.24805
14051,1011996,571.9137
14052,1012087,506.82675
14053,1012186,553.84973
14054,1012254,371.47836
14055,1012351,515.5237
14056,1012453,542.3495
14057,1012558,585.2291
14058,1012653,503.19626
14059,1012756,556.0757
14060,1012824,368.87134
14061,1012912,484.60754
14062,1012977,335.62552
14063,1013145,837.7022
14064,1013229,457.44064
14065,1013307,396.68427
14066,1013383,416.80292
14067,1013448,342.19318
14068,1013520,387.12073
14069,1013623,557.00604
14070,1013741,640.2893
14071,1013813,401.56738
14072,1013885,397.5256
14073,1013979,486.93234
14074,1014124,787.01495
14075,1014212,479.4928
14076,1014320,534.9287
14077,1014405,439.3759
14078,1014510,548.8561
14079,1014580,368.87646
14080,1014667,427.34665
14081,1014743,391.3504
14082,1014891,760.7974
14083,1014984,509.29724
14084,1015058,399.32837
14085,1015152,507.9557
14086,1015213,333.03802
14087,1015343,695.3964
14088,1015406,341.07736
14089,1015481,432.54398
14090,1015569,484.22708
14091,1015680,516.6033
14092,1015760,436.04544
14093,1015841,427.20148
14094,1015919,364.69714
14095,1016016,531.31683
14096,1016111,521.874
14097,1016216,554.57684
14098,1016304,477.71045
14099,1016380,386.23007
14100,1016458,403.01175
14101,1016569,601.9941
14102,1016639,373.87775
14103,1016721,412.33047
14104,1016862,728.1025
14105,1016957,507.7665
14106,1017088,701.335
14107,1017203,616.541
14108,1017309,574.2442
14109,1017401,520.46484
14110,1017488,471.5604
14111,1017559,384.21887
14112,1017652,479.64957
14113,1017728,399.94522
14114,1017807,430.017
14115,1017885,423.61725
14116,1018026,717.57544
14117,1018117,433.80133
14118,1018197,436.41626
14119,1018296,540.53094
14120,1018387,473.0978
14121,1018492,508.442
14122,1018606,645.2399
14123,1018731,622.64685
14124,1018831,513.26434
14125,1018920,490.0274
14126,1018996,420.442
14127,1019067,376.21527
14128,1019165,522.36206
14129,1019226,304.81747
14130,1019367,684.0822
14131,1019446,436.7589
14132,1019540,504.93353
14133,1019630,473.9884
14134,1019735,575.56006
14135,1019800,337.72363
14136,1019865,350.60382
14137,1019941,408.18274
14138,1020030,468.23227
14139,1020160,655.71893
14140,1020246,454.90186
14141,1020328,379.98346
14142,1020408,439.33527
14143,1020487,421.03934
14144,1020564,352.58746
14145,1020656,488.327
14146,1020783,650.249
14147,1020871,469.21188
14148,1020969,487.5974
14149,1021038,360.6787
14150,1021111,334.99042
14151,1021213,566.6849
14152,1021321,606.3028
14153,1021417,520.7405
14154,1021528,549.15155
14155,1021654,663.07806
14156,1021741,478.8288
14157,1021843,548.9558
14158,1021933,464.90543
14159,1022021,476.43475
14160,1022126,581.6215
14161,1022217,504.1935
14162,1022315,469.68954
14163,1022375,316.60696
14164,1022447,403.8954
14165,1022606,753.7866
14166,1022708,542.16425
14167,1022841,696.2462
14168,1022987,785.52924
14169,1023075,480.98752
14170,1023180,556.24506
14171,1023286,555.61
14172,1023394,606.66797
14173,1023477,462.45044
14174,1023546,357.2426
14175,1023628,437.5901
14176,1023724,501.26074
14177,1023817,463.13498
14178,1023925,506.05508
14179,1024005,439.89362
14180,1024094,471.92413
14181,1024213,628.7607
14182,1024302,487.01562
14183,1024387,446.15036
14184,1024468,459.40817
14185,1024602,693.9338
14186,1024691,487.77985
14187,1024790,542.2393
14188,1024850,286.0688
14189,1024947,513.64404
14190,1025051,566.2217
14191,1025137,445.30563
14192,1025211,361.9024
14193,1025308,505.4562
14194,1025401,513.8213
14195,1025499,536.50037
14196,1025587,471.78802
14197,1025698,580.7213
14198,1025771,371.88452
14199,1025846,378.9202
14200,1025918,381.1805
14201,1026031,584.3095
14202,1026172,721.2321
14203,1026238,334.2887
14204,1026339,539.1021
14205,1026420,440.7939
14206,1026495,397.46625
14207,1026578,452.2878
14208,1026643,284.373
14209,1026745,538.9623
14210,1026824,370.89804
14211,1026934,610.1565
14212,1027007,394.53003
14213,1027136,691.1863
14214,1027242,557.72894
14215,1027329,479.5696
14216,1027409,395.4931
14217,1027484,389.22095
14218,1027572,425.134
14219,1027695,641.2982
14220,1027820,640.6725
14221,1027885,362.3857
14222,1027981,523.8041
14223,1028051,362.7821
14224,1028129,421.77002
14225,1028212,424.6796
14226,1028297,452.9935
14227,1028411,580.2759
14228,1028472,307.05948
14229,1028562,429.25656
14230,1028642,418.03506
14231,1028729,458.7659
14232,1028792,293.25043
14233,1028857,341.07227
14234,1028942,455.9171
14235,1029018,390.17227
14236,1029118,545.7096
14237,1029187,365.5156
14238,1029291,549.6012
14239,1029421,708.2236
14240,1029518,515.1794
14241,1029598,427.39874
14242,1029684,459.5802
14243,1029755,394.87704
14244,1029832,419.76923
14245,1029907,408.88828
14246,1030050,731.4823
14247,1030128,421.15057
14248,1030235,544.4075
14249,1030385,785.7247
14250,1030533,778.9274
14251,1030666,672.4137
14252,1030775,549.7814
14253,1030888,626.0262
14254,1030965,381.65012
14255,1031029,332.88248
14256,1031135,548.2711
14257,1031220,462.444
14258,1031290,366.94714
14259,1031382,479.83243
14260,1031475,500.1532
14261,1031589,586.26447
14262,1031679,494.66467
14263,1031770,468.75375
14264,1031860,496.25766
14265,1031986,697.8119
14266,1032069,420.20306
14267,1032144,393.42346
14268,1032230,471.17996
14269,1032341,596.74786
14270,1032426,454.54437
14271,1032503,417.21533
14272,1032582,437.3584
14273,1032647,357.31992
14274,1032756,583.49915
14275,1032864,578.2085
14276,1032961,468.44104
14277,1033035,364.99738
14278,1033157,636.59155
14279,1033246,453.89487
14280,1033324,437.16705
14281,1033420,526.5653
14282,1033508,401.25293
14283,1033660,758.4927
14284,1033761,537.7862
14285,1033861,547.38605
14286,1033972,609.9473
14287,1034060,479.79355
14288,1034151,510.64554
14289,1034255,548.3485
14290,1034395,758.09235
14291,1034518,631.40564
14292,1034583,361.81622
14293,1034663,447.98935
14294,1034794,720.88763
14295,1034874,381.61487
14296,1034994,640.0742
14297,1035072,429.88
14298,1035143,337.86713
14299,1035252,605.0066
14300,1035328,433.02325
14301,1035416,479.8039
14302,1035501,455.07318
14303,1035580,435.09863
14304,1035650,396.1561
14305,1035732,445.91138
14306,1035823,503.75787
14307,1035918,503.17786
14308,1036009,444.80557
14309,1036094,422.55984
14310,1036198,514.01306
14311,1036298,507.6252
14312,1036378,447.41495
14313,1036486,570.34937
14314,1036570,428.22226
14315,1036646,425.34045
14316,1036734,477.7488
14317,1036807,394.0483
14318,1036889,428.28445
14319,1036960,378.79318
14320,1037042,438.87857
14321,1037127,433.6152
14322,1037209,429.1253
14323,1037292,464.839
14324,1037443,788.6115
14325,1037505,290.40872
14326,1037616,592.4469
14327,1037731,609.5023
14328,1037856,667.582
14329,1037927,371.7003
14330,1038004,374.46237
14331,1038101,536.25354
14332,1038162,338.9488
14333,1038240,405.11557
14334,1038340,524.9561
14335,1038448,595.4474
14336,1038530,432.29355
14337,1038623,507.7007
14338,1038707,439.84805
14339,1038784,429.688
14340,1038907,587.77136
14341,1038998,486.01212
14342,1039094,518.0006
14343,1039177,391.48788
14344,1039251,408.20038
14345,1039336,466.09283
14346,1039445,596.1724
14347,1039563,611.1191
14348,1039633,367.77185
14349,1039713,451.11786
14350,1039794,446.86343
14351,1039888,513.4925
14352,1039990,508.96313
14353,1040088,494.1258
14354,1040187,543.2045
14355,1040282,528.26483
14356,1040386,519.90045
14357,1040475,489.2679
14358,1040574,508.3491
14359,1040645,390.81708
14360,1040733,491.8007
14361,1040843,597.78174
14362,1040909,366.99808
14363,1041082,873.0627
14364,1041179,460.7117
14365,1041315,717.3533
14366,1041405,463.85223
14367,1041482,393.23727
14368,1041577,517.64105
14369,1041665,480.63022
14370,1041726,334.60742
14371,1041819,439.27557
14372,1041930,598.0395
14373,1042051,627.292
14374,1042145,488.73712
14375,1042237,454.5073
14376,1042341,547.70593
14377,1042478,692.9097
14378,1042552,413.10196
14379,1042647,529.4929
14380,1042716,382.57117
14381,1042787,384.24353
14382,1042902,543.2663
14383,1042980,427.05164
14384,1043066,470.1312
14385,1043167,526.8609
14386,1043232,338.64154
14387,1043317,464.34076
14388,1043393,412.96497
14389,1043503,598.2972
14390,1043584,452.55356
14391,1043648,330.59262
14392,1043741,493.1204
14393,1043816,406.83063
14394,1043888,400.47156
14395,1043971,431.34933
14396,1044061,500.74133
14397,1044130,377.8855
14398,1044240,511.93713
14399,1044326,468.11456
14400,1044404,394.55527
14401,1044492,471.8184
14402,1044562,373.7361
14403,1044709,771.69885
14404,1044823,591.5943
14405,1044926,577.9676
14406,1045004,364.6925
14407,1045084,438.0169
14408,1045154,379.60812
14409,1045229,408.5198
14410,1045321,496.9194
14411,1045448,642.27264
14412,1045581,719.1862
14413,1045659,430.64658
14414,1045752,480.99643
14415,1045868,640.8731
14416,1045964,455.09714
14417,1046099,741.5691
14418,1046173,385.77246
14419,1046236,339.9547
14420,1046310,382.8621
14421,1046382,396.4166
14422,1046505,591.1639
14423,1046613,552.2565
14424,1046689,429.04575
14425,1046829,720.6797
14426,1046911,433.79822
14427,1046970,307.73572
14428,1047061,482.28293
14429,1047181,664.0638
14430,1047296,612.05444
14431,1047360,324.62222
14432,1047531,891.229
14433,1047625,527.1188
14434,1047693,331.56262
14435,1047832,742.5022
14436,1047940,562.26514
14437,1048017,417.6367
14438,1048179,864.22766
14439,1048244,358.4392
14440,1048315,368.2369
14441,1048391,433.81216
14442,1048456,357.22433
14443,1048536,355.38562
14444,1048618,430.61353
14445,1048710,499.9005
14446,1048791,438.9972
14447,1048867,409.89297
14448,1048970,561.81635
14449,1049090,638.2011
14450,1049169,426.70627
14451,1049241,386.06848
14452,1049335,452.31323
14453,1049422,453.89615
14454,1049537,634.4194
14455,1049665,654.27496
14456,1049782,625.6858
14457,1049887,581.5222
14458,1049956,357.35526
14459,1050031,424.80673
14460,1050125,515.5845
14461,1050193,364.13593
14462,1050295,532.3883
14463,1050409,606.92206
14464,1050489,446.8318
14465,1050584,516.2458
14466,1050671,476.31128
14467,1050761,445.97913
14468,1050847,463.25522
14469,1050957,607.8874
14470,1051040,440.6744
14471,1051141,558.94244
14472,1051232,487.95856
14473,1051319,475.42676
14474,1051433,605.9353
14475,1051510,407.46143
14476,1051617,581.1193
14477,1051707,451.5931
14478,1051779,392.82828
14479,1051853,365.0506
14480,1051946,504.7263
14481,1052013,364.88058
14482,1052085,397.22772
14483,1052207,630.57544
14484,1052288,362.3136
14485,1052412,647.9919
14486,1052489,403.51453
14487,1052651,848.82935
14488,1052738,484.67883
14489,1052815,412.2437
14490,1052887,390.46204
14491,1052953,353.84286
14492,1053026,388.81708
14493,1053084,299.9041
14494,1053136,287.19446
14495,1053239,566.5546
14496,1053340,542.8554
14497,1053430,497.53036
14498,1053515,444.0316
14499,1053587,383.11258
14500,1053692,564.664
14501,1053792,538.87225
14502,1053899,499.17834
14503,1054008,580.75604
14504,1054096,478.2617
14505,1054213,616.9068
14506,1054282,360.2397
14507,1054365,416.81335
14508,1054441,426.0683
14509,1054525,434.33188
14510,1054619,493.6884
14511,1054716,506.02457
14512,1054789,402.85294
14513,1054899,564.00476
14514,1054976,404.87112
14515,1055060,453.95255
14516,1055142,439.43396
14517,1055258,626.02606
14518,1055337,405.8387
14519,1055419,444.95685
14520,1055531,588.29736
14521,1055598,308.1053
14522,1055663,359.9886
14523,1055725,350.71146
14524,1055831,547.94147
14525,1055975,773.923
14526,1056053,409.28986
14527,1056130,404.39938
14528,1056244,627.04755
14529,1056323,452.34256
14530,1056448,582.2121
14531,1056571,674.7456
14532,1056639,340.701
14533,1056725,448.36105
14534,1056829,570.82294
14535,1056944,541.24054
14536,1057055,597.3867
14537,1057157,549.7883
14538,1057263,552.7912
14539,1057368,558.62726
14540,1057485,615.72595
14541,1057597,608.2022
14542,1057712,596.7948
14543,1057801,488.8897
14544,1057887,423.22534
14545,1057969,458.60513
14546,1058055,426.4821
14547,1058126,349.3353
14548,1058198,378.5843
14549,1058280,433.9957
14550,1058372,467.57544
14551,1058457,480.491
14552,1058585,674.1078
14553,1058643,313.8116
14554,1058740,529.39404
14555,1058844,576.4128
14556,1058917,381.25586
14557,1058992,392.89783
14558,1059130,752.57263
14559,1059211,396.9363
14560,1059285,414.6636
14561,1059415,640.0061
14562,1059527,585.23395
14563,1059595,381.75012
14564,1059684,481.23016
14565,1059760,372.79715
14566,1059836,429.40555
14567,1059896,293.63483
14568,1059987,460.43347
14569,1060059,389.58582
14570,1060186,683.3024
14571,1060274,496.27505
14572,1060336,290.50195
14573,1060436,537.768
14574,1060574,735.9411
14575,1060676,522.1855
14576,1060758,431.56158
14577,1060851,491.95547
14578,1060921,386.71204
14579,1061042,625.3934
14580,1061127,440.02124
14581,1061196,371.031
14582,1061310,574.5366
14583,1061405,523.8314
14584,1061512,591.91144
14585,1061607,526.7001
14586,1061669,328.64914
14587,1061755,455.0351
14588,1061850,519.92267
14589,1061970,632.13446
14590,1062049,439.62863
14591,1062130,444.36716
14592,1062213,433.70264
14593,1062297,464.18692
14594,1062363,363.7807
14595,1062439,421.00516
14596,1062522,410.34747
14597,1062608,464.484
14598,1062720,576.91077
14599,1062811,487.7737
14600,1062889,416.22488
14601,1062966,415.64713
14602,1063051,429.5211
14603,1063157,553.1179
14604,1063247,495.44965
14605,1063324,417.65616
14606,1063439,616.12445
14607,1063543,569.3837
14608,1063650,592.1216
14609,1063727,416.3669
14610,1063813,440.82474
14611,1063899,482.58957
14612,1063990,502.68378
14613,1064082,486.46466
14614,1064185,525.0628
14615,1064270,468.5762
14616,1064393,642.05914
14617,1064495,528.07733
14618,1064576,434.10413
14619,1064681,543.45746
14620,1064753,406.8626
14621,1064842,502.1
14622,1064951,584.4575
14623,1065024,401.81573
14624,1065151,674.8722
14625,1065253,544.6014
14626,1065367,513.4807
14627,1065501,693.7273
14628,1065591,476.27628
14629,1065657,364.9219
14630,1065793,689.56213
14631,1065888,506.8984
14632,1065969,409.07092
14633,1066062,517.87964
14634,1066152,482.35297
14635,1066233,459.83844
14636,1066311,416.0663
14637,1066382,347.17453
14638,1066480,526.2708
14639,1066618,720.61127
14640,1066698,433.91476
14641,1066779,446.48074
14642,1066859,447.27798
14643,1066957,547.5528
14644,1067041,455.31885
14645,1067159,620.2616
14646,1067250,477.05942
14647,1067338,442.42328
14648,1067447,583.9395
14649,1067554,582.95544
14650,1067677,659.8925
14651,1067817,650.703
14652,1067901,458.64584
14653,1068074,901.3886
14654,1068222,787.79156
14655,1068298,421.5796
14656,1068412,619.7698
14657,1068561,690.27264
14658,1068637,426.37088
14659,1068749,561.70886
14660,1068834,421.9857
14661,1068935,556.629
14662,1069050,643.67773
14663,1069097,242.93127
14664,1069185,487.24435
14665,1069283,519.5571
14666,1069375,435.3972
14667,1069459,458.0007
14668,1069532,405.34042
14669,1069648,623.704
14670,1069761,628.727
14671,1069859,504.04352
14672,1069954,454.2234
14673,1070064,573.7266
14674,1070189,567.7269
14675,1070302,612.9524
14676,1070387,464.63785
14677,1070503,568.8226
14678,1070619,644.38696
14679,1070708,494.41223
14680,1070817,609.89935
14681,1070905,473.40442
14682,1070991,460.2362
14683,1071062,388.78802
14684,1071145,429.2743
14685,1071225,407.68488
14686,1071334,604.4126
14687,1071449,616.3575
14688,1071565,621.9712
14689,1071637,372.1427
14690,1071752,565.7591
14691,1071834,459.88367
14692,1071912,442.06372
14693,1072001,478.45358
14694,1072081,434.96283
14695,1072198,590.3466
14696,1072284,460.2972
14697,1072339,286.13712
14698,1072465,684.32117
14699,1072542,424.86407
14700,1072632,427.42004
14701,1072707,413.1883
14702,1072774,340.42392
14703,1072878,493.08905
14704,1072961,438.88687
14705,1073081,654.7366
14706,1073192,578.8677
14707,1073298,570.51666
14708,1073424,685.98553
14709,1073526,537.21497
14710,1073632,586.73517
14711,1073714,444.9827
14712,1073826,597.9296
14713,1073955,676.53625
14714,1074127,874.96075
14715,1074226,545.0136
14716,1074326,540.9614
14717,1074408,458.66827
14718,1074562,800.97186
14719,1074667,529.3379
14720,1074810,674.2516
14721,1074883,403.82336
14722,1074965,447.7288
14723,1075042,427.50427
14724,1075118,397.0459
14725,1075227,588.0646
14726,1075292,290.74945
14727,1075385,466.75775
14728,1075478,506.67734
14729,1075556,439.01392
14730,1075629,376.13464
14731,1075716,476.14047
14732,1075796,433.15988
14733,1075868,396.31073
14734,1075933,353.2402
14735,1076011,427.49637
14736,1076113,553.45325
14737,1076196,450.02478
14738,1076312,597.3268
14739,1076374,342.83435
14740,1076458,432.80984
14741,1076570,566.22705
14742,1076648,405.4962
14743,1076751,568.79486
14744,1076829,441.14417
14745,1076957,658.72455
14746,1077075,587.106
14747,1077165,476.3677
14748,1077257,498.00735
14749,1077359,527.38525
14750,1077446,471.83813
14751,1077553,585.6277
14752,1077667,616.8362
14753,1077759,484.5643
14754,1077866,587.6428
14755,1077929,340.1033
14756,1078040,570.4484
14757,1078162,653.87384
14758,1078233,386.91275
14759,1078329,517.20483
14760,1078443,637.1037
14761,1078574,666.12524
14762,1078669,474.77832
14763,1078756,476.60846
14764,1078842,468.2895
14765,1078959,645.4233
14766,1079038,434.29935
14767,1079114,417.95532
14768,1079201,475.3503
14769,1079290,492.4809
14770,1079375,448.91898
14771,1079465,494.92093
14772,1079525,330.06662
14773,1079599,383.0917
14774,1079680,428.32516
14775,1079750,388.7505
14776,1079844,513.97485
14777,1079909,363.2303
14778,1079976,309.65775
14779,1080082,578.8451
14780,1080172,478.94748
14781,1080296,678.6725
14782,1080386,500.59335
14783,1080467,404.68338
14784,1080588,630.7156
14785,1080679,504.42294
14786,1080751,409.15707
14787,1080841,481.1424
14788,1080947,529.432
14789,1081038,402.2339
14790,1081104,353.4931
14791,1081167,330.76923
14792,1081224,308.8744
14793,1081348,644.1189
14794,1081438,470.37256
14795,1081524,393.9512
14796,1081620,513.7255
14797,1081717,538.85425
14798,1081795,411.0406
14799,1081880,449.10803
14800,1082000,654.5035
14801,1082102,531.78534
14802,1082243,715.7482
14803,1082353,575.99756
14804,1082426,402.30832
14805,1082567,739.5677
14806,1082632,328.80637
14807,1082696,337.16714
14808,1082799,538.0558
14809,1082906,591.9011
14810,1083016,572.9074
14811,1083137,609.61426
14812,1083252,638.0294
14813,1083325,371.88254
14814,1083436,605.22064
14815,1083565,638.76263
14816,1083659,509.6642
14817,1083745,447.8879
14818,1083798,275.93246
14819,1083857,323.94983
14820,1083940,460.5282
14821,1084004,351.1991
14822,1084093,482.4313
14823,1084185,489.21985
14824,1084291,568.8626
14825,1084401,566.5933
14826,1084488,472.13364
14827,1084564,409.99698
14828,1084659,535.2961
14829,1084740,408.21948
14830,1084819,407.15353
14831,1084902,466.77975
14832,1085007,545.72296
14833,1085153,758.9971
14834,1085220,370.58572
14835,1085307,464.40903
14836,1085419,605.4784
14837,1085494,389.9786
14838,1085556,335.28452
14839,1085653,488.22433
14840,1085741,470.79297
14841,1085847,567.52057
14842,1085927,385.86703
14843,1086014,478.84824
14844,1086090,423.8171
14845,1086180,446.51245
14846,1086301,645.24207
14847,1086375,397.40317
14848,1086448,376.98538
14849,1086626,917.59595
14850,1086719,517.82684
14851,1086807,492.11005
14852,1086949,746.0129
14853,1087062,605.68823
14854,1087240,906.9146
14855,1087355,592.16077
14856,1087432,393.53156
14857,1087519,481.1057
14858,1087636,619.3878
14859,1087721,445.34625
14860,1087792,365.607
14861,1087890,474.4434
14862,1088006,632.38074
14863,1088126,651.4962
14864,1088245,636.6261
14865,1088328,431.50153
14866,1088423,497.2954
14867,1088488,315.2553
14868,1088648,863.5187
14869,1088708,336.06863
14870,1088779,388.5648
14871,1088853,400.13266
14872,1088924,352.95312
14873,1088994,376.71
14874,1089066,391.39783
14875,1089184,598.7153
14876,1089272,454.6492
14877,1089353,425.59775
14878,1089422,333.60916
14879,1089517,532.8811
14880,1089625,543.0234
14881,1089725,540.60223
14882,1089812,472.2643
14883,1089938,555.54016
14884,1090009,337.2337
14885,1090072,330.32974
14886,1090142,323.72028
14887,1090222,434.0679
14888,1090298,423.5728
14889,1090365,316.70325
14890,1090460,490.01526
14891,1090552,506.2185
14892,1090653,519.47797
14893,1090722,362.0363
14894,1090811,472.71207
14895,1090876,357.36118
14896,1090965,478.25204
14897,1091068,568.3225
14898,1091209,758.1735
14899,1091278,378.82544
14900,1091398,660.8287
14901,1091480,383.72272
14902,1091568,463.09915
14903,1091659,461.40875
14904,1091726,370.29224
14905,1091798,374.22037
14906,1091897,540.7805
14907,1091970,403.7909
14908,1092035,367.5142
14909,1092171,686.76056
14910,1092278,584.8744
14911,1092357,431.80975
14912,1092424,340.36124
14913,1092503,418.3616
14914,1092580,404.6322
14915,1092677,530.1294
14916,1092774,520.0318
14917,1092841,357.69824
14918,1092930,496.8062
14919,1093067,716.39966
14920,1093176,571.47296
14921,1093259,465.99036
14922,1093328,355.77057
14923,1093400,411.33395
14924,1093465,366.73404
14925,1093558,479.18533
14926,1093672,609.7821
14927,1093779,593.2371
14928,1093861,454.6374
14929,1093971,600.8864
14930,1094093,646.778
14931,1094225,683.12494
14932,1094314,467.1342
14933,1094410,500.1459
14934,1094513,524.2869
14935,1094618,570.2816
14936,1094688,368.9104
14937,1094752,323.81668
14938,1094855,521.90564
14939,1094942,450.7075
14940,1095010,329.80963
14941,1095111,536.719
14942,1095280,859.8848
14943,1095369,489.20016
14944,1095429,306.26852
14945,1095538,597.88257
14946,1095619,439.5739
14947,1095721,534.2176
14948,1095783,331.77194
14949,1095885,566.92474
14950,1095970,465.8108
14951,1096044,369.09735
14952,1096142,543.60187
14953,1096224,415.62482
14954,1096305,393.22076
14955,1096365,319.2512
14956,1096526,821.1186
14957,1096616,490.60654
14958,1096752,720.2829
14959,1096821,357.10855
14960,1096921,538.537
14961,1097016,520.5415
14962,1097092,426.07968
14963,1097171,381.10934
14964,1097250,407.8815
14965,1097316,367.52142
14966,1097398,422.12595
14967,1097504,564.4158
14968,1097577,371.70114
14969,1097650,334.9757
14970,1097777,649.9957
14971,1097889,578.1091
14972,1097976,455.14993
14973,1098065,476.50845
14974,1098139,396.95343
14975,1098249,594.3814
14976,1098325,390.06424
14977,1098404,391.14804
14978,1098531,673.32776
14979,1098595,357.32715
14980,1098669,406.30774
14981,1098785,649.7244
14982,1098869,461.7685
14983,1098965,513.8357
14984,1099062,531.6315
14985,1099146,418.49545
14986,1099268,642.3889
14987,1099384,602.5033
14988,1099476,509.76547
14989,1099557,415.4314
14990,1099695,749.7403
14991,1099808,586.1742
14992,1099885,421.5033
14993,1099966,438.821
14994,1100047,429.1815
14995,1100115,384.3596
14996,1100217,558.07056
14997,1100301,462.90332
14998,1100387,457.57114
14999,1100470,461.7195
15000,1100544,408.6438
15001,1100662,587.45465
15002,1100818,818.76526
15003,1100993,927.647
15004,1101110,606.9321
15005,1101232,663.90186
15006,1101320,437.61005
15007,1101394,401.90393
15008,1101471,421.11798
15009,1101539,363.55344
15010,1101607,378.07782
15011,1101687,429.54236
15012,1101780,521.53864
15013,1101883,552.59186
15014,1101965,437.62546
15015,1102038,377.60403
15016,1102147,536.5383
15017,1102210,354.3874
15018,1102279,364.93372
15019,1102409,699.7724
15020,1102554,753.80383
15021,1102670,618.9689
15022,1102731,343.02142
15023,1102826,465.29932
15024,1102899,387.93323
15025,1102996,429.60483
15026,1103062,322.7144
15027,1103125,328.08316
15028,1103206,430.59024
15029,1103310,519.3505
15030,1103425,588.8959
15031,1103493,304.74536
15032,1103571,407.97537
15033,1103707,718.09503
15034,1103787,439.89764
15035,1103896,576.8694
15036,1103982,467.59863
15037,1104055,366.77628
15038,1104145,475.2425
15039,1104267,558.02106
15040,1104357,485.58487
15041,1104471,592.2404
15042,1104534,326.68073
15043,1104623,502.54486
15044,1104704,417.08386
15045,1104776,388.41235
15046,1104883,592.3872
15047,1104999,611.2714
15048,1105132,710.5463
15049,1105219,425.8861
15050,1105315,496.7911
15051,1105412,519.867
15052,1105505,510.96817
15053,1105601,512.1724
15054,1105682,450.95065
15055,1105770,488.3188
15056,1105881,584.4236
15057,1105974,482.6121
15058,1106042,354.50504
15059,1106215,879.83606
15060,1106349,728.9806
15061,1106426,377.68762
15062,1106522,540.9729
15063,1106638,626.7779
15064,1106706,376.04892
15065,1106811,554.475
15066,1106910,550.7064
15067,1106990,433.39417
15068,1107072,428.59518
15069,1107152,374.00677
15070,1107236,434.3355
15071,1107344,528.39764
15072,1107423,422.3439
15073,1107529,490.66144
15074,1107618,479.44827
15075,1107724,587.4115
15076,1107824,513.7443
15077,1107926,561.0862
15078,1108002,396.19028
15079,1108075,406.01514
15080,1108172,511.14767
15081,1108264,503.95203
15082,1108328,342.79245
15083,1108399,391.0413
15084,1108482,440.01675
15085,1108577,493.69653
15086,1108680,571.6689
15087,1108789,595.8881
15088,1108904,612.1331
15089,1108979,411.17563
15090,1109043,358.8712
15091,1109139,535.28564
15092,1109236,532.3537
15093,1109326,496.01657
15094,1109433,587.94696
15095,1109505,367.9459
15096,1109623,640.4824
15097,1109750,662.68604
15098,1109822,396.4048
15099,1109903,410.9009
15100,1110040,740.8567
15101,1110105,359.39276
15102,1110197,482.37256
15103,1110278,449.33112
15104,1110388,606.2998
15105,1110536,788.1836
15106,1110652,548.20166
15107,1110759,588.7364
15108,1110900,710.5891
15109,1111014,580.8162
15110,1111102,457.04242
15111,1111218,629.3929
15112,1111322,484.58325
15113,1111531,1078.84
15114,1111666,734.4679
15115,1111797,652.3354
15116,1111909,551.8448
15117,1112005,530.4338
15118,1112099,510.86508
15119,1112221,637.40704
15120,1112309,497.5954
15121,1112404,541.6432
15122,1112472,362.1939
15123,1112570,516.767
15124,1112633,305.59482
15125,1112708,412.2116
15126,1112790,438.05548
15127,1112856,294.78238
15128,1112935,423.97177
15129,1113016,415.62195
15130,1113095,426.77054
15131,1113213,603.894
15132,1113295,449.31467
15133,1113375,361.6466
15134,1113465,477.28925
15135,1113567,524.0907
15136,1113670,527.4609
15137,1113769,544.65137
15138,1113847,415.04205
15139,1113922,404.90353
15140,1113989,364.78006
15141,1114061,393.9728
15142,1114163,567.9147
15143,1114235,400.4919
15144,1114295,321.7827
15145,1114394,535.34485
15146,1114546,804.4348
15147,1114639,477.23752
15148,1114721,450.50867
15149,1114786,338.62732
15150,1114852,355.5721
15151,1114945,509.01492
15152,1115027,406.6535
15153,1115110,436.33337
15154,1115196,455.82333
15155,1115285,496.9173
15156,1115373,470.20923
15157,1115472,512.6057
15158,1115557,427.54572
15159,1115650,532.65
15160,1115730,414.6328
15161,1115795,360.60782
15162,1115867,343.04074
15163,1115968,549.9301
15164,1116077,497.50726
15165,1116151,369.01743
15166,1116266,595.66437
15167,1116342,422.0611
15168,1116475,733.0807
15169,1116544,367.8771
15170,1116658,570.5572
15171,1116771,598.0686
15172,1116845,351.79004
15173,1116961,629.8192
15174,1117020,328.8174
15175,1117153,718.9237
15176,1117237,439.0676
15177,1117357,613.35046
15178,1117439,445.99652
15179,1117522,444.4894
15180,1117643,662.27875
15181,1117762,660.5538
15182,1117870,578.9699
15183,1117955,459.71387
15184,1118088,684.76666
15185,1118162,401.76743
15186,1118277,604.4696
15187,1118403,653.0436
15188,1118470,358.66663
15189,1118537,345.09177
15190,1118625,445.06958
15191,1118708,458.6137
15192,1118819,602.59875
15193,1118887,367.63528
15194,1118999,559.81067
15195,1119067,333.09753
15196,1119142,383.55878
15197,1119223,445.26297
15198,1119332,570.4029
15199,1119417,414.6467
15200,1119533,643.42523
15201,1119645,586.66815
15202,1119729,467.0043
15203,1119819,489.63586
15204,1119935,587.86163
15205,1120039,542.8394
15206,1120149,575.7147
15207,1120233,430.85974
15208,1120304,347.61096
15209,1120418,602.4136
15210,1120514,497.0641
15211,1120583,308.60812
15212,1120662,402.4069
15213,1120753,494.87964
15214,1120861,580.6308
15215,1120971,527.2052
15216,1121131,867.03394
15217,1121221,458.2189
15218,1121334,593.1679
15219,1121408,369.5086
15220,1121510,545.94916
15221,1121663,796.1695
15222,1121754,482.21326
15223,1121843,492.6782
15224,1121966,644.74097
15225,1122095,602.27344
15226,1122213,645.80835
15227,1122291,394.86554
15228,1122382,510.6956
15229,1122462,435.11133
15230,1122530,356.6811
15231,1122609,442.4152
15232,1122669,334.88916
15233,1122752,391.41446
15234,1122837,443.00253
15235,1122976,739.0612
15236,1123097,660.6367
15237,1123195,543.44293
15238,1123273,426.88962
15239,1123365,507.6319
15240,1123432,349.4885
15241,1123541,610.47003
15242,1123643,569.2737
15243,1123751,601.546
15244,1123852,550.1921
15245,1123945,468.16934
15246,1124120,908.04584
15247,1124240,611.6423
15248,1124297,277.61868
15249,1124355,306.65643
15250,1124439,397.88327
15251,1124577,731.8141
15252,1124703,667.81915
15253,1124837,706.4273
15254,1124941,544.40955
15255,1125031,500.9788
15256,1125093,331.69897
15257,1125195,504.74106
15258,1125325,649.69525
15259,1125463,724.6714
15260,1125572,551.4376
15261,1125697,653.4427
15262,1125786,485.21832
15263,1125853,371.88684
15264,1125924,396.0832
15265,1126022,547.60114
15266,1126090,332.5986
15267,1126179,470.06293
15268,1126286,600.4276
15269,1126413,693.19183
15270,1126490,419.78763
15271,1126572,450.74628
15272,1126644,403.4209
15273,1126716,394.85068
15274,1126798,444.72955
15275,1126897,500.69708
15276,1126989,474.04346
15277,1127065,384.69772
15278,1127149,397.24298
15279,1127249,556.11456
15280,1127337,455.46033
15281,1127424,459.16757
15282,1127521,490.99124
15283,1127625,565.97437
15284,1127687,344.3087
15285,1127838,779.17163
15286,1127946,586.7413
15287,1128025,438.91956
15288,1128108,438.71988
15289,1128176,358.15842
15290,1128263,464.9093
15291,1128342,442.58386
15292,1128474,685.51166
15293,1128548,407.6303
15294,1128630,413.08072
15295,1128711,412.0445
15296,1128800,496.34695
15297,1128878,380.1998
15298,1128945,355.20407
15299,1129054,595.2899
15300,1129136,419.39746
15301,1129259,681.83405
15302,1129367,567.34186
15303,1129485,632.9182
15304,1129598,623.38934
15305,1129692,510.68277
15306,1129785,469.30792
15307,1129908,655.93823
15308,1129994,461.66644
15309,1130082,468.9296
15310,1130169,446.8971
15311,1130222,281.29544
15312,1130328,594.81396
15313,1130395,354.01593
15314,1130491,493.84232
15315,1130609,614.4764
15316,1130695,477.95004
15317,1130781,466.35455
15318,1130846,340.2806
15319,1130923,427.82904
15320,1131021,537.1042
15321,1131101,388.94925
15322,1131189,489.0165
15323,1131296,549.9733
15324,1131375,367.94897
15325,1131468,523.77875
15326,1131569,544.4443
15327,1131695,644.89575
15328,1131769,394.58835
15329,1131848,422.47467
15330,1131956,586.7636
15331,1132038,424.31308
15332,1132099,335.39877
15333,1132199,527.92206
15334,1132281,450.8787
15335,1132396,636.99066
15336,1132494,475.49316
15337,1132576,434.07953
15338,1132682,556.5243
15339,1132809,594.74963
15340,1132897,489.16107
15341,1132969,379.4026
15342,1133078,609.373
15343,1133190,579.4216
15344,1133308,652.9176
15345,1133408,489.41998
15346,1133491,460.71225
15347,1133609,594.291
15348,1133684,395.92465
15349,1133786,550.67303
15350,1133873,454.43063
15351,1134020,769.34155
15352,1134105,438.5868
15353,1134185,441.88162
15354,1134273,466.34015
15355,1134354,414.30127
15356,1134439,450.36652
15357,1134510,340.88565
15358,1134577,369.53528
15359,1134675,532.589
15360,1134867,967.6609
15361,1134964,507.5326
15362,1135050,459.8307
15363,1135134,476.7697
15364,1135262,687.2987
15365,1135396,741.33545
15366,1135474,411.68765
15367,1135551,414.5459
15368,1135646,480.47498
15369,1135739,508.0022
15370,1135872,693.0506
15371,1135999,699.5926
15372,1136088,492.97742
15373,1136171,433.71033
15374,1136270,520.435
15375,1136345,390.42545
15376,1136417,366.99033
15377,1136527,613.67206
15378,1136628,540.94617
15379,1136745,608.7535
15380,1136861,617.19977
15381,1136930,351.8764
15382,1137008,445.39954
15383,1137089,392.72174
15384,1137174,474.73956
15385,1137249,380.40942
15386,1137332,461.14163
15387,1137431,550.206
15388,1137557,676.95593
15389,1137665,577.31995
15390,1137764,454.44077
15391,1137852,457.8279
15392,1137943,469.05008
15393,1138060,640.35535
15394,1138150,499.88898
15395,1138235,436.47406
15396,1138383,791.4024
15397,1138460,399.4034
15398,1138537,412.65173
15399,1138615,427.429
15400,1138703,437.49094
15401,1138778,392.82828
15402,1138872,508.0871
15403,1138959,486.07263
15404,1139054,507.385
15405,1139153,523.78436
15406,1139219,347.205
15407,1139299,404.25333
15408,1139382,425.70987
15409,1139515,699.41364
15410,1139589,402.41696
15411,1139651,338.2978
15412,1139741,480.6397
15413,1139844,529.62555
15414,1139939,489.423
15415,1140016,366.59177
15416,1140109,485.14597
15417,1140227,615.68994
15418,1140328,469.4173
15419,1140407,436.0662
15420,1140526,573.2937
15421,1140623,521.0513
15422,1140768,785.4365
15423,1140847,430.83423
15424,1140917,375.82663
15425,1141013,520.7605
15426,1141119,592.4594
15427,1141234,635.4414
15428,1141347,606.3954
15429,1141440,496.12845
15430,1141532,490.61365
15431,1141627,523.7462
15432,1141690,349.72903
15433,1141765,393.6741
15434,1141844,387.39554
15435,1141930,422.64902
15436,1141995,335.58224
15437,1142103,572.2207
15438,1142211,591.82605
15439,1142294,438.40253
15440,1142429,709.1313
15441,1142539,614.82135
15442,1142645,495.07275
15443,1142726,371.26538
15444,1142785,305.64536
15445,1142887,548.11426
15446,1142970,464.7524
15447,1143034,336.92108
15448,1143107,398.22885
15449,1143222,547.38275
15450,1143316,526.27136
15451,1143381,357.49435
15452,1143491,572.55804
15453,1143591,551.92175
15454,1143676,442.54868
15455,1143743,378.7913
15456,1143837,495.04123
15457,1143974,713.8566
15458,1144056,458.50034
15459,1144171,562.11694
15460,1144253,379.72092
15461,1144351,539.9327
15462,1144455,573.0881
15463,1144535,418.56842
15464,1144626,462.3731
15465,1144718,482.20425
15466,1144804,468.88666
15467,1144888,451.93378
15468,1144959,391.7111
15469,1145042,457.22012
15470,1145124,434.3341
15471,1145209,436.52557
15472,1145269,309.81955
15473,1145368,542.25305
15474,1145464,493.4195
15475,1145548,462.2221
15476,1145615,345.32648
15477,1145688,368.9871
15478,1145778,507.12875
15479,1145848,369.62946
15480,1145948,487.20496
15481,1146040,485.87265
15482,1146118,390.75867
15483,1146209,500.62646
15484,1146281,345.68692
15485,1146401,648.6693
15486,1146473,375.73746
15487,1146589,597.46826
15488,1146750,852.3752
15489,1146829,446.58246
15490,1146931,567.0982
15491,1147063,692.6506
15492,1147154,475.92657
15493,1147235,401.05548
15494,1147298,292.64337
15495,1147379,439.98267
15496,1147462,465.7676
15497,1147589,704.5395
15498,1147645,303.92557
15499,1147712,376.93988
15500,1147841,697.1962
15501,1147947,570.9799
15502,1148041,508.46722
15503,1148130,399.82346
15504,1148230,555.3384
15505,1148319,500.3437
15506,1148447,632.3755
15507,1148569,629.5562
15508,1148658,485.3309
15509,1148746,473.2572
15510,1148846,558.9093
15511,1148966,587.0633
15512,1149053,477.74527
15513,1149122,388.57562
15514,1149196,403.0405
15515,1149265,378.19086
15516,1149385,656.44446
15517,1149510,691.04736
15518,1149601,520.8587
15519,1149677,421.39978
15520,1149758,454.6382
15521,1149845,462.23618
15522,1149929,456.63077
15523,1150031,542.50055
15524,1150122,469.9273
15525,1150203,410.81985
15526,1150318,596.83484
15527,1150394,422.92377
15528,1150469,412.52792
15529,1150595,670.59937
15530,1150669,393.16742
15531,1150757,445.2574
15532,1150842,461.8626
15533,1150929,464.04062
15534,1151006,411.40573
15535,1151119,589.4107
15536,1151200,373.09436
15537,1151330,688.91504
15538,1151406,406.26343
15539,1151503,539.107
15540,1151589,433.10056
15541,1151683,482.2207
15542,1151755,360.9451
15543,1151839,427.4027
15544,1151906,370.9062
15545,1151994,479.54535
15546,1152121,676.7894
15547,1152234,584.2542
15548,1152318,466.18515
15549,1152391,395.00925
15550,1152469,436.3069
15551,1152548,407.46756
15552,1152642,531.28253
15553,1152723,453.9684
15554,1152806,440.14682
15555,1152904,549.40137
15556,1153002,547.59314
15557,1153098,534.1224
15558,1153208,588.8097
15559,1153286,388.0777
15560,1153378,502.39874
15561,1153464,441.051
15562,1153549,471.33325
15563,1153650,540.25757
15564,1153729,425.568
15565,1153851,655.5438
15566,1153970,645.3375
15567,1154038,380.78308
15568,1154112,380.7629
15569,1154186,406.0038
15570,1154261,387.22906
15571,1154336,422.47318
15572,1154405,381.19278
15573,1154510,563.68774
15574,1154581,362.97705
15575,1154663,430.62802
15576,1154751,470.56488
15577,1154874,662.50574
15578,1155000,683.29584
15579,1155117,617.6065
15580,1155212,508.62128
15581,1155284,363.9537
15582,1155403,617.03125
15583,1155510,559.06067
15584,1155589,405.7593
15585,1155745,834.1387
15586,1155842,534.6638
15587,1155963,621.2375
15588,1156020,310.86395
15589,1156109,465.07645
15590,1156206,502.75226
15591,1156301,533.71765
15592,1156398,540.7467
15593,1156475,407.58414
15594,1156558,454.46292
15595,1156632,407.16937
15596,1156703,361.39227
15597,1156805,541.93835
15598,1156907,504.72974
15599,1156984,433.33582
15600,1157080,527.5138
15601,1157162,430.3158
15602,1157254,510.07434
15603,1157369,637.7379
15604,1157457,470.34732
15605,1157547,504.78387
15606,1157683,724.9738
15607,1157795,613.31415
15608,1157878,461.63107
15609,1157966,473.67892
15610,1158066,551.0048
15611,1158143,402.77002
15612,1158246,477.48813
15613,1158343,472.57568
15614,1158448,551.7074
15615,1158542,503.56613
15616,1158638,534.5179
15617,1158718,454.27988
15618,1158852,666.0962
15619,1158924,375.00476
15620,1159022,500.9204
15621,1159172,797.3028
15622,1159267,490.94318
15623,1159374,567.53485
15624,1159443,339.45013
15625,1159543,558.493
15626,1159620,400.73895
15627,1159719,513.6394
15628,1159793,406.85
15629,1159859,367.4677
15630,1159929,367.09167
15631,1160004,413.6698
15632,1160098,519.5967
15633,1160212,602.92285
15634,1160311,536.4503
15635,1160410,542.1083
15636,1160519,576.7654
15637,1160591,386.4937
15638,1160692,571.3646
15639,1160769,426.0401
15640,1160880,561.0063
15641,1160969,463.95215
15642,1161087,644.20703
15643,1161171,446.58875
15644,1161261,479.78638
15645,1161340,424.8888
15646,1161462,665.94946
15647,1161533,394.0116
15648,1161632,545.6817
15649,1161744,577.02057
15650,1161828,475.80713
15651,1161911,443.26172
15652,1162020,600.43964
15653,1162092,381.07568
15654,1162167,367.85455
15655,1162242,396.34488
15656,1162317,403.6298
15657,1162401,434.13516
15658,1162484,450.94327
15659,1162576,507.99832
15660,1162669,500.69095
15661,1162770,510.71024
15662,1162870,545.8519
15663,1162956,440.06857
15664,1163020,353.73563
15665,1163097,410.7406
15666,1163185,493.68793
15667,1163278,511.98404
15668,1163398,579.56445
15669,1163481,434.4741
15670,1163613,730.3434
15671,1163766,836.1602
15672,1163854,486.9454
15673,1163985,716.55945
15674,1164053,361.49023
15675,1164114,315.44705
15676,1164188,407.61652
15677,1164261,380.11926
15678,1164342,407.35068
15679,1164432,487.21616
15680,1164511,383.80768
15681,1164570,306.2001
15682,1164646,401.47562
15683,1164732,467.7964
15684,1164851,637.0549
15685,1164934,459.07764
15686,1165017,449.07153
15687,1165085,352.74478
15688,1165201,630.3227
15689,1165277,427.8277
15690,1165351,369.74973
15691,1165449,509.0409
15692,1165519,343.30728
15693,1165624,537.6805
15694,1165708,462.4902
15695,1165781,368.71686
15696,1165854,382.0969
15697,1165909,287.42316
15698,1165983,412.27075
15699,1166059,417.92416
15700,1166164,573.7105
15701,1166248,468.6069
15702,1166339,511.25143
15703,1166422,442.26962
15704,1166502,424.99146
15705,1166633,707.77856
15706,1166729,542.06696
15707,1166815,472.1654
15708,1166986,885.9506
15709,1167089,542.7783
15710,1167172,464.42572
15711,1167268,529.7921
15712,1167331,307.64832
15713,1167417,460.44757
15714,1167489,376.9403
15715,1167566,400.3377
15716,1167679,597.7967
15717,1167793,632.5513
15718,1167866,400.10495
15719,1167932,369.1936
15720,1168041,595.6498
15721,1168130,458.23825
15722,1168230,548.38104
15723,1168321,499.3937
15724,1168404,440.6504
15725,1168487,456.46216
15726,1168580,491.46347
15727,1168670,485.5614
15728,1168762,491.67703
15729,1168857,516.66785
15730,1168929,367.96274
15731,1169013,462.11575
15732,1169110,510.29175
15733,1169208,533.3
15734,1169337,695.9202
15735,1169412,318.30948
15736,1169479,347.90036
15737,1169586,576.3621
15738,1169685,545.3736
15739,1169811,696.1455
15740,1169944,713.3149
15741,1170016,397.64014
15742,1170088,394.93158
15743,1170180,484.4644
15744,1170296,639.83844
15745,1170406,532.2322
15746,1170492,455.92966
15747,1170553,313.3788
15748,1170654,561.43054
15749,1170725,362.61526
15750,1170791,360.51758
15751,1170881,456.4215
15752,1170969,451.14767
15753,1171047,421.69547
15754,1171113,338.28326
15755,1171243,681.2482
15756,1171323,434.8321
15757,1171382,328.6296
15758,1171458,417.64325
15759,1171576,631.48535
15760,1171640,325.0761
15761,1171745,537.67883
15762,1171869,657.6648
15763,1171996,687.0426
15764,1172078,422.0201
15765,1172151,397.83258
15766,1172233,379.05707
15767,1172307,371.219
15768,1172403,475.06808
15769,1172483,424.979
15770,1172561,425.22415
15771,1172633,400.9524
15772,1172721,476.50934
15773,1172809,482.45352
15774,1172896,475.82474
15775,1172966,313.30344
15776,1173101,726.57764
15777,1173177,410.72974
15778,1173289,580.67096
15779,1173373,428.1484
15780,1173477,552.2028
15781,1173581,565.9473
15782,1173655,382.6498
15783,1173757,555.0451
15784,1173844,478.96448
15785,1173928,462.4813
15786,1174006,404.84158
15787,1174065,295.91238
15788,1174148,426.30518
15789,1174204,274.1821
15790,1174271,336.80807
15791,1174361,472.8604
15792,1174445,456.72195
15793,1174530,419.98267
15794,1174590,321.35614
15795,1174655,329.8527
15796,1174731,422.05457
15797,1174800,365.9517
15798,1174894,448.41772
15799,1174997,539.4708
15800,1175109,571.46674
15801,1175215,579.79926
15802,1175322,540.7987
15803,1175486,855.2657
15804,1175596,581.3284
15805,1175692,530.56635
15806,1175770,410.67114
15807,1175869,535.3349
15808,1175941,365.70105
15809,1176029,470.74664
15810,1176103,367.9258
15811,1176216,630.1099
15812,1176310,508.40402
15813,1176394,443.11542
15814,1176471,408.58298
15815,1176556,449.995
15816,1176671,623.1851
15817,1176743,405.69998
15818,1176840,531.7706
15819,1176962,663.6934
15820,1177050,473.0819
15821,1177131,444.52472
15822,1177222,513.5162
15823,1177285,348.75458
15824,1177368,451.50415
15825,1177460,502.04788
15826,1177532,402.03513
15827,1177642,570.71
15828,1177712,387.39127
15829,1177785,412.1721
15830,1177901,614.5448
15831,1177977,352.01398
15832,1178055,439.75208
15833,1178154,523.249
15834,1178246,516.2889
15835,1178366,634.4791
15836,1178489,600.5578
15837,1178564,402.6075
15838,1178662,555.41016
15839,1178762,541.66797
15840,1178858,542.1757
15841,1178936,412.29752
15842,1179006,391.2772
15843,1179110,525.1589
15844,1179167,295.93347
15845,1179248,426.9526
15846,1179367,576.16455
15847,1179457,456.31793
15848,1179550,501.87466
15849,1179656,565.6905
15850,1179739,458.20328
15851,1179897,866.9694
15852,1180021,676.6134
15853,1180080,280.10773
15854,1180146,305.96246
15855,1180261,601.3409
15856,1180349,465.23846
15857,1180431,444.8793
15858,1180530,514.27673
15859,1180693,851.9087
15860,1180791,514.16473
15861,1180870,426.89233
15862,1180945,368.26483
15863,1181015,374.15787
15864,1181101,460.721
15865,1181192,480.6987
15866,1181310,645.64014
15867,1181396,466.99777
15868,1181460,332.58148
15869,1181564,543.76526
15870,1181626,342.78928
15871,1181749,681.8563
15872,1181838,442.79803
15873,1181945,593.2666
15874,1182079,725.7915
15875,1182167,456.7636
15876,1182226,327.97763
15877,1182289,332.01215
15878,1182366,415.9489
15879,1182458,500.34302
15880,1182631,861.8896
15881,1182706,392.2206
15882,1182801,442.62396
15883,1182904,539.4963
15884,1183017,615.729
15885,1183172,834.3639
15886,1183234,331.21823
15887,1183340,579.8398
15888,1183419,423.4465
15889,1183521,568.2477
15890,1183607,456.00488
15891,1183716,603.7808
15892,1183796,435.9156
15893,1183876,434.37708
15894,1183991,628.2865
15895,1184048,291.3655
15896,1184133,470.4066
15897,1184235,547.9794
15898,1184298,318.29382
15899,1184366,359.28326
15900,1184464,547.0609
15901,1184536,362.47583
15902,1184609,398.7558
15903,1184720,538.2799
15904,1184824,555.87134
15905,1184901,408.3448
15906,1185017,620.29095
15907,1185098,416.07556
15908,1185164,361.526
15909,1185243,417.3257
15910,1185324,454.96198
15911,1185421,519.43756
15912,1185498,402.5754
15913,1185599,534.03394
15914,1185682,424.04773
15915,1185773,505.8262
15916,1185876,525.44196
15917,1185964,472.18665
15918,1186074,605.49194
15919,1186139,359.66666
15920,1186212,376.6005
15921,1186282,373.1071
15922,1186372,482.5411
15923,1186449,406.39603
15924,1186572,658.20764
15925,1186668,540.4725
15926,1186762,444.4896
15927,1186826,355.531
15928,1186957,710.03766
15929,1187084,678.463
15930,1187154,339.5139
15931,1187260,524.912
15932,1187369,593.38354
15933,1187431,327.2583
15934,1187500,368.79062
15935,1187605,560.78705
15936,1187757,828.317
15937,1187862,570.1279
15938,1187963,551.55804
15939,1188047,463.67572
15940,1188146,549.87396
15941,1188245,544.71765
15942,1188339,439.53757
15943,1188474,715.2077
15944,1188570,532.8943
15945,1188653,422.80008
15946,1188730,385.521
15947,1188838,602.07385
15948,1188938,531.22565
15949,1189031,509.70184
15950,1189135,577.6226
15951,1189245,569.22125
15952,1189314,388.6099
15953,1189407,503.96503
15954,1189522,621.3516
15955,1189584,314.08682
15956,1189654,388.1141
15957,1189739,441.73358
15958,1189841,552.6822
15959,1189952,607.0885
15960,1190053,550.2598
15961,1190140,481.27164
15962,1190239,537.73425
15963,1190329,471.3219
15964,1190419,454.9713
15965,1190501,425.03076
15966,1190632,696.65936
15967,1190734,546.3328
15968,1190855,653.7107
15969,1190988,708.3926
15970,1191090,555.15375
15971,1191180,480.96237
15972,1191306,688.53735
15973,1191409,556.67065
15974,1191501,497.9526
15975,1191592,499.65237
15976,1191705,584.7298
15977,1191767,347.5651
15978,1191840,410.79312
15979,1191901,330.47253
15980,1192015,569.50726
15981,1192122,566.63556
15982,1192241,657.4852
15983,1192338,496.36032
15984,1192399,330.7496
15985,1192527,701.70416
15986,1192637,596.23285
15987,1192730,493.07306
15988,1192816,462.24976
15989,1192905,497.40625
15990,1193024,628.58344
15991,1193102,432.37695
15992,1193223,647.6193
15993,1193306,441.24042
15994,1193373,371.10004
15995,1193481,594.2548
15996,1193581,540.40784
15997,1193660,437.78506
15998,1193749,485.681
15999,1193832,429.92606
16000,1193905,375.8792
16001,1193968,337.80978
16002,1194058,482.68066
16003,1194177,661.55023
16004,1194287,572.23975
16005,1194404,564.75806
16006,1194473,373.0942
16007,1194530,296.7583
16008,1194617,477.27075
16009,1194736,619.6612
16010,1194825,494.02417
16011,1194934,563.11115
16012,1195031,527.05707
16013,1195132,525.96094
16014,1195214,416.39532
16015,1195334,669.7187
16016,1195409,428.4996
16017,1195531,666.61597
16018,1195631,538.3939
16019,1195782,753.02386
16020,1195974,1005.5545
16021,1196086,600.8731
16022,1196204,602.7694
16023,1196263,273.36136
16024,1196340,416.81598
16025,1196453,583.93567
16026,1196539,462.6171
16027,1196611,396.47656
16028,1196705,472.60428
16029,1196783,431.59973
16030,1196884,532.16986
16031,1196983,521.8672
16032,1197071,483.01947
16033,1197160,489.84692
16034,1197255,495.05692
16035,1197385,657.0493
16036,1197457,401.96884
16037,1197522,357.4401
16038,1197617,496.98593
16039,1197726,595.87994
16040,1197817,462.03027
16041,1197925,597.4002
16042,1197999,400.61725
16043,1198100,538.67163
16044,1198195,523.2152
16045,1198297,516.40204
16046,1198425,668.08966
16047,1198514,480.8832
16048,1198617,548.859
16049,1198697,400.50272
16050,1198812,630.09894
16051,1198885,361.08862
16052,1198962,415.14545
16053,1199045,438.3854
16054,1199153,576.968
16055,1199269,631.38293
16056,1199361,508.9646
16057,1199443,425.80264
16058,1199520,396.28842
16059,1199599,402.36893
16060,1199698,470.86475
16061,1199774,399.7091
16062,1199846,393.7132
16063,1199934,474.0536
16064,1200033,543.7383
16065,1200126,499.41245
16066,1200245,655.66296
16067,1200352,567.8663
16068,1200451,541.0394
16069,1200537,479.65097
16070,1200620,446.74475
16071,1200719,522.476
16072,1200798,426.6421
16073,1200895,523.1515
16074,1200995,555.37885
16075,1201070,395.7819
16076,1201176,577.76105
16077,1201258,406.32242
16078,1201332,359.95462
16079,1201475,758.7937
16080,1201582,576.9782
16081,1201717,729.9191
16082,1201793,354.7919
16083,1201878,465.0804
16084,1201940,304.0697
16085,1202037,515.7182
16086,1202112,408.7284
16087,1202188,382.27164
16088,1202305,639.1324
16089,1202404,502.51752
16090,1202495,460.35532
16091,1202577,423.57407
16092,1202650,406.96042
16093,1202751,568.0387
16094,1202811,317.42883
16095,1202877,347.74152
16096,1202971,493.79135
16097,1203068,504.0574
16098,1203160,510.4436
16099,1203243,400.39642
16100,1203330,457.5401
16101,1203429,552.6795
16102,1203528,508.8861
16103,1203600,374.04245
16104,1203733,708.5783
16105,1203789,288.99728
16106,1203878,479.9034
16107,1203956,410.3223
16108,1204032,426.44125
16109,1204114,446.98206
16110,1204184,339.96118
16111,1204270,480.48456
16112,1204333,347.88083
16113,1204422,479.36664
16114,1204520,519.6171
16115,1204633,627.5848
16116,1204705,388.2008
16117,1204794,455.2542
16118,1204874,379.88663
16119,1205002,637.6626
16120,1205082,428.12897
16121,1205173,487.45654
16122,1205274,528.5999
16123,1205377,553.42847
16124,1205441,355.37115
16125,1205539,519.0399
16126,1205614,389.53116
16127,1205688,399.00235
16128,1205865,858.6389
16129,1205956,474.12625
16130,1206058,558.00854
16131,1206170,633.3117
16132,1206262,494.8158
16133,1206336,384.00388
16134,1206435,540.76166
16135,1206514,430.32858
16136,1206588,346.24878
16137,1206690,538.69965
16138,1206777,415.51733
16139,1206864,443.7035
16140,1206980,617.2802
16141,1207064,457.63974
16142,1207130,352.21463
16143,1207266,722.3953
16144,1207378,627.18475
16145,1207482,535.0077
16146,1207570,471.71747
16147,1207664,528.60266
16148,1207780,624.69556
16149,1207894,606.9834
16150,1207976,416.1678
16151,1208047,363.93265
16152,1208150,559.97736
16153,1208242,488.58176
16154,1208335,488.34064
16155,1208440,576.9665
16156,1208507,365.91553
16157,1208564,271.57608
16158,1208645,454.46506
16159,1208719,391.54056
16160,1208849,664.3357
16161,1208958,590.79785
16162,1209032,388.2334
16163,1209131,549.7577
16164,1209225,489.9525
16165,1209342,623.31744
16166,1209441,528.70526
16167,1209545,549.11084
16168,1209610,342.47412
16169,1209685,415.86774
16170,1209789,567.08234
16171,1209866,349.1773
16172,1209976,622.9129
16173,1210064,446.4926
16174,1210135,331.6177
16175,1210219,426.70026
16176,1210281,323.68405
16177,1210378,528.98535
16178,1210467,470.31128
16179,1210553,481.752
16180,1210636,417.63324
16181,1210762,664.46106
16182,1210833,381.17932
16183,1210920,438.97183
16184,1211004,432.8216
16185,1211125,647.2886
16186,1211190,352.68683
16187,1211276,468.60913
16188,1211348,380.759
16189,1211476,687.826
16190,1211544,344.74603
16191,1211628,436.16058
16192,1211718,472.16565
16193,1211790,388.35077
16194,1211879,461.6046
16195,1211951,384.18735
16196,1212023,382.72803
16197,1212130,591.33246
16198,1212224,537.12445
16199,1212334,602.6296
16200,1212455,615.3848
16201,1212531,410.71356
16202,1212659,693.5763
16203,1212750,497.93866
16204,1212829,409.68655
16205,1212933,546.21344
16206,1213042,613.83435
16207,1213137,510.022
16208,1213228,491.20547
16209,1213313,437.47504
16210,1213393,436.29486
16211,1213507,614.81287
16212,1213592,448.75488
16213,1213696,578.06476
16214,1213816,622.0183
16215,1213915,522.7062
16216,1213993,432.7529
16217,1214077,436.28882
16218,1214160,430.1704
16219,1214229,322.8873
16220,1214315,479.14902
16221,1214394,440.71207
16222,1214465,375.2041
16223,1214554,473.1473
16224,1214630,418.72708
16225,1214709,431.7214
16226,1214782,390.70145
16227,1214851,372.92343
16228,1214920,314.08444
16229,1214996,405.5895
16230,1215077,443.20325
16231,1215160,449.54425
16232,1215241,412.18857
16233,1215308,373.0388
16234,1215393,421.60605
16235,1215509,630.8728
16236,1215614,562.84314
16237,1215678,351.92697
16238,1215776,546.4375
16239,1215867,486.04205
16240,1215963,476.48727
16241,1216070,544.33307
16242,1216181,616.0204
16243,1216282,521.42554
16244,1216374,483.3074
16245,1216459,414.6456
16246,1216540,417.07214
16247,1216619,424.48923
16248,1216719,537.32117
16249,1216798,435.52805
16250,1216879,441.10425
16251,1216958,412.22052
16252,1217042,467.03998
16253,1217144,510.35767
16254,1217289,763.76544
16255,1217380,484.63254
16256,1217489,614.0506
16257,1217577,486.59653
16258,1217655,411.47458
16259,1217740,426.04926
16260,1217831,515.333
16261,1217913,449.74857
16262,1218021,601.10706
16263,1218093,402.578
16264,1218189,522.8809
16265,1218259,321.21204
16266,1218383,672.5873
16267,1218510,695.6687
16268,1218592,437.42712
16269,1218707,588.5282
16270,1218792,453.72952
16271,1218892,527.76996
16272,1218975,443.88327
16273,1219159,956.5743
16274,1219236,420.30713
16275,1219311,394.16522
16276,1219370,295.60324
16277,1219533,871.9872
16278,1219614,416.93948
16279,1219739,681.20667
16280,1219843,562.17725
16281,1219971,662.6806
16282,1220031,314.6471
16283,1220117,477.6935
16284,1220231,602.77026
16285,1220316,436.0911
16286,1220383,349.54617
16287,1220485,550.7178
16288,1220572,406.21295
16289,1220680,587.9467
16290,1220799,628.12634
16291,1220876,411.44098
16292,1220993,637.3821
16293,1221094,527.3345
16294,1221193,557.3303
16295,1221287,510.77835
16296,1221359,402.44363
16297,1221512,790.3395
16298,1221617,577.5419
16299,1221693,381.54922
16300,1221827,680.6312
16301,1221993,888.8119
16302,1222065,392.83698
16303,1222154,414.5067
16304,1222230,414.14664
16305,1222340,598.18115
16306,1222489,785.61554
16307,1222575,462.9329
16308,1222656,441.5108
16309,1222722,369.74182
16310,1222831,601.08795
16311,1222916,430.29044
16312,1223010,463.4947
16313,1223107,520.84625
16314,1223171,351.37698
16315,1223305,737.1394
16316,1223393,486.11578
16317,1223523,714.10565
16318,1223599,409.12152
16319,1223691,507.58255
16320,1223805,630.42004
16321,1223897,497.08243
16322,1223994,542.27496
16323,1224123,705.93506
16324,1224257,726.32263
16325,1224354,541.302
16326,1224541,960.49664
16327,1224625,435.225
16328,1224738,602.8257
16329,1224841,545.7566
16330,1224919,408.24963
16331,1225016,524.56903
16332,1225103,454.44873
16333,1225211,561.3466
16334,1225311,563.45844
16335,1225430,635.53784
16336,1225529,547.3926
16337,1225624,499.11057
16338,1225724,546.1988
16339,1225829,560.7741
16340,1225949,644.3966
16341,1226030,444.98935
16342,1226104,394.802
16343,1226212,606.13763
16344,1226318,553.0653
16345,1226404,458.1163
16346,1226488,456.92517
16347,1226581,460.93417
16348,1226644,347.36896
16349,1226728,469.16867
16350,1226802,394.57367
16351,1226882,447.47855
16352,1226957,407.22675
16353,1227070,621.9107
16354,1227150,427.4318
16355,1227222,401.7559
16356,1227322,555.12067
16357,1227422,532.4999
16358,1227505,452.39243
16359,1227613,598.7176
16360,1227675,320.8158
16361,1227787,521.35815
16362,1227871,456.1753
16363,1227966,494.24802
16364,1228056,461.06372
16365,1228130,395.09088
16366,1228228,532.6986
16367,1228316,487.69223
16368,1228385,338.50925
16369,1228473,484.27344
16370,1228584,563.7077
16371,1228663,436.16757
16372,1228727,354.67453
16373,1228827,520.0487
16374,1228946,629.12885
16375,1229057,588.36615
16376,1229137,395.3452
16377,1229227,455.24725
16378,1229292,357.12976
16379,1229378,457.3156
16380,1229464,462.09656
16381,1229554,456.34113
16382,1229635,396.6743
16383,1229734,520.01227
16384,1229853,612.7325
16385,1229925,394.4937
16386,1230011,474.3328
16387,1230110,557.12427
16388,1230214,568.25977
16389,1230285,360.35214
16390,1230412,668.5897
16391,1230523,609.87476
16392,1230603,422.0236
16393,1230674,373.34814
16394,1230755,441.365
16395,1230856,557.1837
16396,1230942,466.71475
16397,1231080,725.1357
16398,1231154,382.21133
16399,1231243,488.72253
16400,1231390,728.3517
16401,1231471,456.5167
16402,1231550,442.64322
16403,1231698,794.2173
16404,1231787,448.1833
16405,1231860,398.65964
16406,1231923,341.73468
16407,1232001,396.16647
16408,1232096,509.8057
16409,1232186,487.88757
16410,1232284,525.9705
16411,1232368,433.83792
16412,1232449,417.5774
16413,1232521,394.024
16414,1232634,594.3426
16415,1232734,554.0208
16416,1232825,484.77966
16417,1232912,441.51923
16418,1233006,529.36896
16419,1233088,397.87863
16420,1233166,390.29813
16421,1233273,562.0329
16422,1233418,742.64764
16423,1233499,444.22604
16424,1233593,532.96155
16425,1233656,308.34344
16426,1233737,450.1803
16427,1233843,565.9793
16428,1233934,421.48605
16429,1234028,518.8542
16430,1234119,501.9434
16431,1234247,696.57776
16432,1234328,448.33163
16433,1234421,517.55493
16434,1234507,480.90646
16435,1234585,432.61447
16436,1234679,473.4692
16437,1234764,434.8081
16438,1234851,448.62366
16439,1234944,472.8934
16440,1235050,567.4285
16441,1235160,584.84216
16442,1235261,534.56793
16443,1235396,674.7052
16444,1235494,469.19965
16445,1235577,444.5111
16446,1235651,375.86768
16447,1235755,520.75305
16448,1235853,502.15015
16449,1235971,636.93414
16450,1236056,462.4684
16451,1236134,429.63632
16452,1236225,512.7858
16453,1236316,505.83594
16454,1236427,607.2559
16455,1236536,583.3257
16456,1236637,551.8199
16457,1236705,355.4069
16458,1236785,419.3299
16459,1236873,471.73322
16460,1236950,412.71146
16461,1237020,364.3575
16462,1237139,601.8187
16463,1237259,661.81555
16464,1237327,354.83966
16465,1237418,503.54276
16466,1237504,470.6326
16467,1237615,586.48975
16468,1237732,601.0626
16469,1237813,423.72073
16470,1237944,714.8034
16471,1238045,520.70667
16472,1238177,659.7676
16473,1238369,921.20605
16474,1238462,491.75327
16475,1238583,649.58905
16476,1238701,618.8074
16477,1238774,399.9221
16478,1238844,375.46704
16479,1238943,493.31375
16480,1239025,413.5761
16481,1239087,324.6996
16482,1239206,601.3957
16483,1239288,403.46945
16484,1239476,937.9235
16485,1239555,433.16782
16486,1239624,362.4535
16487,1239720,518.11786
16488,1239800,392.872
16489,1239911,607.7681
16490,1240009,532.6003
16491,1240099,509.86618
16492,1240180,449.8765
16493,1240275,447.43732
16494,1240377,555.08014
16495,1240459,449.67087
16496,1240536,410.32477
16497,1240648,556.5733
16498,1240716,336.46487
16499,1240823,547.59186
16500,1240899,416.81546
16501,1240966,377.39566
16502,1241052,410.94315
16503,1241141,485.5826
16504,1241231,401.87897
16505,1241308,433.86478
16506,1241381,398.41263
16507,1241473,485.65436
16508,1241591,645.7361
16509,1241658,374.33228
16510,1241736,435.88693
16511,1241824,436.05298
16512,1241924,542.598
16513,1241995,394.81738
16514,1242072,413.56537
16515,1242165,518.3208
16516,1242263,529.0448
16517,1242349,480.30438
16518,1242488,760.8156
16519,1242543,250.13037
16520,1242621,430.96298
16521,1242736,624.3092
16522,1242837,535.48157
16523,1242936,543.43677
16524,1243045,595.9774
16525,1243172,665.5253
16526,1243280,584.56805
16527,1243347,361.54507
16528,1243443,490.62582
16529,1243524,410.77625
16530,1243591,358.01453
16531,1243694,483.9485
16532,1243781,434.91293
16533,1243845,349.58148
16534,1243944,551.393
16535,1244046,551.6972
16536,1244143,529.629
16537,1244233,478.8754
16538,1244337,541.5427
16539,1244456,643.7888
16540,1244547,498.94604
16541,1244630,440.3161
16542,1244705,403.06345
16543,1244796,497.5472
16544,1244873,403.52823
16545,1244974,541.07117
16546,1245067,490.34647
16547,1245165,514.34515
16548,1245276,558.9108
16549,1245346,379.96457
16550,1245449,564.0781
16551,1245555,588.42865
16552,1245651,538.9691
16553,1245712,302.2167
16554,1245773,317.1089
16555,1245891,640.03436
16556,1246022,652.7157
16557,1246133,621.094
16558,1246212,447.1778
16559,1246306,466.53418
16560,1246405,554.88153
16561,1246485,454.47757
16562,1246579,503.80112
16563,1246699,626.0683
16564,1246754,256.57214
16565,1246870,644.6146
16566,1246987,598.1436
16567,1247061,401.36838
16568,1247161,547.2796
16569,1247270,587.83105
16570,1247367,536.1216
16571,1247452,473.8611
16572,1247534,459.92957
16573,1247677,666.56335
16574,1247757,414.1929
16575,1247848,499.41418
16576,1247946,524.4305
16577,1248027,438.85147
16578,1248119,500.0641
16579,1248194,422.09415
16580,1248292,535.79126
16581,1248423,718.23895
16582,1248538,608.84717
16583,1248618,436.32236
16584,1248710,473.75244
16585,1248769,289.97278
16586,1248885,625.6267
16587,1248988,549.3762
16588,1249071,440.78207
16589,1249175,531.4472
16590,1249264,421.09393
16591,1249362,549.444
16592,1249470,594.2776
16593,1249551,441.66962
16594,1249675,656.1063
16595,1249754,418.07016
16596,1249839,477.57663
16597,1249987,721.2048
16598,1250068,414.7163
16599,1250170,507.4654
16600,1250277,574.32477
16601,1250390,603.8873
16602,1250464,369.84106
16603,1250539,408.1236
16604,1250666,685.818
16605,1250768,526.26013
16606,1250867,511.85742
16607,1250964,494.3384
16608,1251035,389.4415
16609,1251111,413.1442
16610,1251205,488.88217
16611,1251339,715.98584
16612,1251427,468.81186
16613,1251491,335.10025
16614,1251568,391.8192
16615,1251658,479.4087
16616,1251766,587.6742
16617,1251873,546.67285
16618,1251955,409.07788
16619,1252047,507.2145
16620,1252123,422.90857
16621,1252269,761.9506
16622,1252373,557.1555
16623,1252446,403.22372
16624,1252569,685.34863
16625,1252749,914.8348
16626,1252882,691.21326
16627,1252972,498.0246
16628,1253081,564.25287
16629,1253190,551.0906
16630,1253310,638.27106
16631,1253407,529.3564
16632,1253500,500.6682
16633,1253585,462.79373
16634,1253669,472.90012
16635,1253734,361.31357
16636,1253848,628.2347
16637,1253975,673.2952
16638,1254099,665.12976
16639,1254173,414.46048
16640,1254285,568.6311
16641,1254361,388.91663
16642,1254438,400.86063
16643,1254522,476.72757
16644,1254683,835.4296
16645,1254780,541.67755
16646,1254875,498.25815
16647,1254953,386.42926
16648,1255079,691.4433
16649,1255197,644.2527
16650,1255275,419.67596
16651,1255373,548.451
16652,1255459,485.4109
16653,1255514,276.49435
16654,1255592,420.52707
16655,1255649,264.47607
16656,1255731,431.25253
16657,1255818,475.2139
16658,1255894,423.9706
16659,1256013,635.10583
16660,1256102,488.38428
16661,1256211,557.1489
16662,1256333,645.2723
16663,1256425,503.09714
16664,1256511,459.7744
16665,1256675,818.6204
16666,1256758,459.83615
16667,1256876,624.7928
16668,1256974,481.36807
16669,1257079,592.46063
16670,1257156,344.23184
16671,1257241,451.982
16672,1257333,506.56332
16673,1257407,415.91962
16674,1257477,361.01532
16675,1257556,439.7908
16676,1257645,472.694
16677,1257759,620.3782
16678,1257829,395.93527
16679,1257908,439.21902
16680,1257990,460.2817
16681,1258100,574.3898
16682,1258203,565.68005
16683,1258344,774.88885
16684,1258438,505.70822
16685,1258507,368.3521
16686,1258609,567.81494
16687,1258732,663.08606
16688,1258803,381.4374
16689,1258881,390.56836
16690,1258966,443.91904
16691,1259048,456.09448
16692,1259140,510.26215
16693,1259225,462.93286
16694,1259358,754.002
16695,1259430,391.16565
16696,1259519,448.57205
16697,1259600,430.28275
16698,1259686,473.19577
16699,1259791,569.27325
16700,1259899,571.5852
16701,1259983,440.19742
16702,1260058,403.9481
16703,1260148,502.3911
16704,1260213,338.1728
16705,1260350,737.27234
16706,1260449,541.9049
16707,1260570,660.0449
16708,1260638,361.5547
16709,1260760,668.9433
16710,1260845,470.91754
16711,1260927,420.78165
16712,1261046,640.0906
16713,1261135,451.6601
16714,1261257,607.4433
16715,1261351,509.58286
16716,1261457,553.5327
16717,1261568,615.323
16718,1261653,439.41708
16719,1261756,552.35876
16720,1261830,410.68405
16721,1261904,400.97656
16722,1261986,466.91815
16723,1262072,447.47906
16724,1262160,470.06638
16725,1262267,575.4207
16726,1262320,257.13416
16727,1262403,445.96674
16728,1262467,360.57248
16729,1262598,636.7236
16730,1262711,612.94214
16731,1262844,703.91113
16732,1262921,406.68317
16733,1263039,604.2259
16734,1263138,556.1544
16735,1263231,528.4428
16736,1263335,556.4698
16737,1263471,719.68195
16738,1263544,380.2751
16739,1263636,507.5178
16740,1263742,588.2571
16741,1263832,490.66226
16742,1263993,844.4357
16743,1264091,540.51654
16744,1264200,560.5952
16745,1264302,567.6709
16746,1264374,403.62125
16747,1264505,710.9352
16748,1264584,356.56088
16749,1264681,495.98404
16750,1264766,476.27518
16751,1264880,623.4854
16752,1264977,530.32983
16753,1265085,571.7918
16754,1265171,421.3212
16755,1265295,671.5101
16756,1265379,462.7295
16757,1265463,462.2256
16758,1265577,637.07245
16759,1265652,407.78876
16760,1265727,403.33264
16761,1265809,457.05313
16762,1265883,399.75424
16763,1265975,495.08582
16764,1266047,392.06174
16765,1266110,327.8397
16766,1266247,738.513
16767,1266350,553.90137
16768,1266490,734.0147
16769,1266588,503.81226
16770,1266665,405.9197
16771,1266774,608.14496
16772,1266892,637.616
16773,1266978,468.00922
16774,1267054,408.7237
16775,1267126,400.51465
16776,1267199,402.18338
16777,1267330,708.4403
16778,1267434,544.41
16779,1267507,408.41367
16780,1267618,515.8059
16781,1267681,329.53012
16782,1267764,447.68762
16783,1267831,370.15085
16784,1267917,453.84573
16785,1268053,718.48816
16786,1268159,512.58624
16787,1268256,498.50323
16788,1268360,555.50073
16789,1268429,390.77936
16790,1268531,557.9539
16791,1268620,485.25986
16792,1268693,399.9227
16793,1268784,495.8852
16794,1268899,594.34296
16795,1268978,416.4684
16796,1269135,841.9519
16797,1269231,481.20535
16798,1269327,525.96826
16799,1269418,508.50912
16800,1269521,553.4915
16801,1269598,413.41733
16802,1269693,517.9611
16803,1269777,454.47098
16804,1269870,491.97076
16805,1269996,625.3427
16806,1270071,383.93207
16807,1270124,278.63937
16808,1270207,444.0683
16809,1270315,595.0115
16810,1270415,512.0675
16811,1270517,518.81494
16812,1270579,337.65842
16813,1270669,489.2778
16814,1270767,522.27985
16815,1270858,511.52087
16816,1270945,478.19162
16817,1271030,474.74615
16818,1271128,471.74237
16819,1271220,480.0611
16820,1271327,548.93774
16821,1271419,487.71463
16822,1271513,499.66098
16823,1271581,359.4998
16824,1271694,588.1407
16825,1271761,346.4445
16826,1271831,352.32764
16827,1271935,575.9563
16828,1272042,568.9844
16829,1272109,358.7007
16830,1272213,565.55945
16831,1272299,449.05133
16832,1272396,554.78656
16833,1272493,530.8391
16834,1272598,567.3952
16835,1272684,466.35196
16836,1272753,374.18323
16837,1272857,552.8653
16838,1272950,469.2294
16839,1273083,693.0223
16840,1273190,580.42834
16841,1273363,894.169
16842,1273461,513.01825
16843,1273568,561.9007
16844,1273655,466.83472
16845,1273757,542.61005
16846,1273853,506.23172
16847,1273965,621.1656
16848,1274053,483.8934
16849,1274134,409.5678
16850,1274219,445.06354
16851,1274295,408.16608
16852,1274378,467.91452
16853,1274463,476.7184
16854,1274580,616.8462
16855,1274659,445.29694
16856,1274746,472.7917
16857,1274826,439.95065
16858,1274930,575.201
16859,1275032,558.1258
16860,1275118,457.25656
16861,1275190,376.9313
16862,1275312,633.9632
16863,1275412,501.2061
16864,1275497,473.62247
16865,1275642,738.473
16866,1275721,422.30936
16867,1275843,650.5992
16868,1275932,452.84116
16869,1276042,586.3833
16870,1276119,414.40094
16871,1276214,519.3013
16872,1276300,463.6215
16873,1276388,478.974
16874,1276483,523.5232
16875,1276568,450.28772
16876,1276656,454.3457
16877,1276762,578.9153
16878,1276834,368.49265
16879,1276951,585.2915
16880,1277083,691.7242
16881,1277199,580.66595
16882,1277314,538.1461
16883,1277376,316.63596
16884,1277511,717.22845
16885,1277574,348.21103
16886,1277698,680.56805
16887,1277790,475.23734
16888,1277926,707.7963
16889,1278010,443.746
16890,1278096,469.35776
16891,1278199,524.0726
16892,1278299,537.66754
16893,1278420,653.63824
16894,1278525,581.66455
16895,1278665,764.596
16896,1278784,576.755
16897,1278928,774.2179
16898,1279020,468.05792
16899,1279118,506.6278
16900,1279202,441.18582
16901,1279302,534.19196
16902,1279381,406.17892
16903,1279487,555.81134
16904,1279593,545.7316
16905,1279700,585.99963
16906,1279777,412.35742
16907,1279897,610.6554
16908,1279990,489.89954
16909,1280077,479.23654
16910,1280165,494.65466
16911,1280281,653.9884
16912,1280365,446.38043
16913,1280487,672.9856
16914,1280585,539.8122
16915,1280704,657.54706
16916,1280873,878.2968
16917,1280955,399.02438
16918,1281073,648.3014
16919,1281182,584.18335
16920,1281258,421.56213
16921,1281379,665.37787
16922,1281475,527.4451
16923,1281539,328.03015
16924,1281640,562.16455
16925,1281750,596.1916
16926,1281857,538.6083
16927,1281940,432.9579
16928,1282052,593.9288
16929,1282133,402.18198
16930,1282240,583.9255
16931,1282313,325.868
16932,1282389,422.4973
16933,1282474,451.2677
16934,1282552,410.9904
16935,1282632,441.07474
16936,1282709,397.44406
16937,1282831,677.3007
16938,1282925,477.90115
16939,1283020,500.37555
16940,1283098,420.44336
16941,1283203,528.782
16942,1283304,511.2453
16943,1283389,460.23135
16944,1283473,437.60968
16945,1283582,594.09436
16946,1283651,372.7501
16947,1283744,456.88077
16948,1283818,393.94586
16949,1283936,622.8082
16950,1284009,407.25674
16951,1284093,454.72443
16952,1284188,505.82312
16953,1284290,543.2688
16954,1284365,391.9071
16955,1284466,531.68396
16956,1284575,589.01984
16957,1284684,575.6101
16958,1284795,604.92236
16959,1284877,458.6424
16960,1284951,411.18835
16961,1285036,473.79007
16962,1285115,441.0424
16963,1285216,551.8887
16964,1285302,477.34656
16965,1285399,509.1973
16966,1285496,494.86255
16967,1285578,433.93195
16968,1285683,577.22925
16969,1285767,433.05875
16970,1285865,481.49356
16971,1285966,559.7817
16972,1286043,409.87094
16973,1286150,565.5896
16974,1286236,413.84207
16975,1286310,357.2787
16976,1286386,421.793
16977,1286475,419.5081
16978,1286569,519.5043
16979,1286632,336.3211
16980,1286720,495.44968
16981,1286786,311.57138
16982,1286839,247.6731
16983,1286926,482.4317
16984,1286998,388.34158
16985,1287077,423.2053
16986,1287181,553.4422
16987,1287263,456.73502
16988,1287351,492.12173
16989,1287426,397.09348
16990,1287530,488.24094
16991,1287636,531.84454
16992,1287729,513.75305
16993,1287795,346.36523
16994,1287856,341.1762
16995,1287936,429.92072
16996,1288032,537.9511
16997,1288137,565.31586
16998,1288245,599.68256
16999,1288324,432.02228
17000,1288422,509.41586
17001,1288517,532.69684
17002,1288605,442.40353
17003,1288721,605.4549
17004,1288814,496.8324
17005,1288907,449.6692
17006,1289003,522.3738
17007,1289100,523.6084
17008,1289203,550.6429
17009,1289315,586.6658
17010,1289403,474.8438
17011,1289491,434.64188
17012,1289551,313.3021
17013,1289631,410.08743
17014,1289716,466.7061
17015,1289796,442.7088
17016,1289877,420.84164
17017,1289972,530.82275
17018,1290051,416.8291
17019,1290119,351.36194
17020,1290281,845.28406
17021,1290393,526.4646
17022,1290515,651.0066
17023,1290595,391.30792
17024,1290685,476.70245
17025,1290768,438.45764
17026,1290861,518.8236
17027,1290944,450.9563
17028,1291025,440.09833
17029,1291113,488.36465
17030,1291215,569.0106
17031,1291301,432.64035
17032,1291383,413.96384
17033,1291488,576.1485
17034,1291570,434.06796
17035,1291644,398.59836
17036,1291759,596.4767
17037,1291849,494.692
17038,1291944,488.97894
17039,1292039,516.0542
17040,1292137,544.68744
17041,1292226,472.90704
17042,1292300,390.3373
17043,1292403,566.74896
17044,1292516,627.8739
17045,1292607,464.1021
17046,1292706,538.59424
17047,1292795,462.45853
17048,1292911,558.83716
17049,1293005,534.7211
17050,1293148,770.33307
17051,1293251,547.0337
17052,1293338,459.12094
17053,1293434,500.2727
17054,1293527,514.51337
17055,1293617,448.31503
17056,1293739,627.9281
17057,1293801,326.3932
17058,1293902,553.5397
17059,1293968,313.90625
17060,1294053,479.1191
17061,1294133,397.44897
17062,1294210,385.65018
17063,1294311,548.2789
17064,1294373,331.15952
17065,1294468,507.3925
17066,1294531,316.89148
17067,1294634,559.83954
17068,1294710,395.66113
17069,1294870,860.2979
17070,1294955,467.40234
17071,1295058,546.95514
17072,1295179,645.81104
17073,1295265,457.31573
17074,1295369,496.55182
17075,1295468,538.6091
17076,1295557,493.55304
17077,1295658,550.8064
17078,1295747,483.00034
17079,1295842,512.1767
17080,1295919,410.66943
17081,1296063,760.2952
17082,1296140,413.61627
17083,1296217,416.0942
17084,1296292,421.9687
17085,1296367,387.04114
17086,1296472,564.78046
17087,1296563,479.05438
17088,1296660,509.0339
17089,1296778,622.49915
17090,1296886,500.25394
17091,1297046,789.9823
17092,1297116,380.7625
17093,1297204,427.68253
17094,1297290,469.10748
17095,1297427,733.9814
17096,1297544,635.6194
17097,1297622,421.89954
17098,1297705,467.20502
17099,1297782,403.8398
17100,1297911,599.93994
17101,1298040,652.1734
17102,1298124,461.26526
17103,1298201,417.6996
17104,1298286,434.04196
17105,1298361,406.94666
17106,1298492,709.73956
17107,1298593,542.3551
17108,1298657,342.16336
17109,1298764,581.0591
17110,1298848,463.10825
17111,1298914,341.67
17112,1298986,398.19186
17113,1299081,518.88257
17114,1299173,480.0031
17115,1299327,785.5927
17116,1299410,442.91553
17117,1299479,366.9411
17118,1299557,419.79276
17119,1299665,586.5088
17120,1299753,487.62338
17121,1299815,300.65863
17122,1299877,328.054
17123,1300056,856.6534
17124,1300164,592.0491
17125,1300287,606.8311
17126,1300366,425.16705
17127,1300432,355.88312
17128,1300513,444.16745
17129,1300629,622.44727
17130,1300730,466.0244
17131,1300795,354.1776
17132,1300853,301.13004
17133,1300967,622.24146
17134,1301050,415.35574
17135,1301139,484.35352
17136,1301239,518.07715
17137,1301311,392.13873
17138,1301392,380.78928
17139,1301480,463.45352
17140,1301562,434.80148
17141,1301641,427.2363
17142,1301734,510.71545
17143,1301810,422.30536
17144,1301901,506.61526
17145,1302042,775.8311
17146,1302134,506.31186
17147,1302218,441.89447
17148,1302312,479.48788
17149,1302382,366.28006
17150,1302455,414.41232
17151,1302602,787.2802
17152,1302695,511.65317
17153,1302787,505.19357
17154,1302872,441.13766
17155,1302958,490.79678
17156,1303044,446.16165
17157,1303134,496.56577
17158,1303237,567.10284
17159,1303314,415.2616
17160,1303413,544.42645
17161,1303527,624.8043
17162,1303634,504.97903
17163,1303726,507.92334
17164,1303827,558.5044
17165,1303909,446.64807
17166,1303995,484.10547
17167,1304081,452.05606
17168,1304179,543.68146
17169,1304269,426.12808
17170,1304364,536.51117
17171,1304441,383.82022
17172,1304547,596.4452
17173,1304647,563.0749
17174,1304719,377.33353
17175,1304792,388.0958
17176,1304910,610.491
17177,1305006,538.58
17178,1305124,643.5962
17179,1305206,436.22638
17180,1305299,437.94385
17181,1305414,624.185
17182,1305507,505.83325
17183,1305613,565.6323
17184,1305697,454.43
17185,1305766,364.90146
17186,1305849,446.32385
17187,1306008,846.96326
17188,1306097,499.9729
17189,1306180,442.0716
17190,1306250,362.87183
17191,1306337,446.24442
17192,1306445,577.40515
17193,1306530,449.22223
17194,1306676,772.4107
17195,1306759,440.37238
17196,1306864,555.7508
17197,1306950,472.4723
17198,1307034,434.22418
17199,1307117,437.66364
17200,1307220,563.0173
17201,1307308,439.42365
17202,1307412,586.62885
17203,1307524,605.03094
17204,1307618,462.56213
17205,1307707,438.17255
17206,1307824,600.8001
17207,1307941,633.9037
17208,1308037,494.05627
17209,1308127,459.09015
17210,1308220,522.9284
17211,1308290,352.7207
17212,1308380,454.03006
17213,1308490,580.29346
17214,1308598,573.7576
17215,1308659,310.04996
17216,1308737,405.24457
17217,1308808,396.7966
17218,1308864,296.8493
17219,1308967,573.1
17220,1309103,734.0275
17221,1309200,513.0756
17222,1309277,415.95584
17223,1309369,479.34818
17224,1309477,562.57794
17225,1309563,424.18747
17226,1309695,730.2047
17227,1309758,334.32452
17228,1309868,605.5128
17229,1310011,711.2866
17230,1310094,463.6745
17231,1310162,355.9101
17232,1310249,412.9867
17233,1310322,393.2523
17234,1310424,571.8628
17235,1310531,566.91925
17236,1310601,355.33325
17237,1310701,525.96576
17238,1310801,540.9074
17239,1310878,432.81754
17240,1310963,477.7611
17241,1311069,589.5172
17242,1311178,568.981
17243,1311271,490.92313
17244,1311364,504.96616
17245,1311469,587.0498
17246,1311592,662.4966
17247,1311678,475.11935
17248,1311765,481.75778
17249,1311882,611.21405
17250,1312000,642.2936
17251,1312097,513.17957
17252,1312253,815.88885
17253,1312370,641.5651
17254,1312451,448.03638
17255,1312561,568.49347
17256,1312640,426.76807
17257,1312741,563.46375
17258,1312899,767.6228
17259,1313050,719.23346
17260,1313156,579.12494
17261,1313259,578.8627
17262,1313343,439.5222
17263,1313432,502.16272
17264,1313502,364.2647
17265,1313584,426.0586
17266,1313686,568.12506
17267,1313772,481.0517
17268,1313896,694.5033
17269,1314003,546.37665
17270,1314109,594.78564
17271,1314200,509.27383
17272,1314291,456.8674
17273,1314361,389.26218
17274,1314460,523.7179
17275,1314569,533.2194
17276,1314664,492.90662
17277,1314770,517.8268
17278,1314887,651.2199
17279,1314981,504.46808
17280,1315116,701.1975
17281,1315243,681.42505
17282,1315353,510.59302
17283,1315453,517.0203
17284,1315580,680.7291
17285,1315665,455.93796
17286,1315757,504.74234
17287,1315903,783.5324
17288,1316046,759.64923
17289,1316126,414.24258
17290,1316237,607.6772
17291,1316343,572.0098
17292,1316411,372.36676
17293,1316509,521.9595
17294,1316631,654.42474
17295,1316763,707.06854
17296,1316841,397.68192
17297,1316947,565.0549
17298,1317028,401.4957
17299,1317124,527.67065
17300,1317198,411.80234
17301,1317294,525.04407
17302,1317363,373.30646
17303,1317444,415.6642
17304,1317534,492.42383
17305,1317631,469.00513
17306,1317719,479.0779
17307,1317828,593.04474
17308,1317928,554.42194
17309,1318044,588.69946
17310,1318180,730.4876
17311,1318281,516.9008
17312,1318371,506.19592
17313,1318441,331.02914
17314,1318528,480.02817
17315,1318606,440.54428
17316,1318703,531.00415
17317,1318786,463.8873
17318,1318912,684.2508
17319,1318983,345.67233
17320,1319084,487.17456
17321,1319147,318.2675
17322,1319249,535.98157
17323,1319328,429.18076
17324,1319429,536.22833
17325,1319547,634.8848
17326,1319625,412.29858
17327,1319728,572.44037
17328,1319820,515.5742
17329,1319880,324.26486
17330,1319982,572.4804
17331,1320054,315.25775
17332,1320144,479.7692
17333,1320255,616.93646
17334,1320332,409.47708
17335,1320436,554.508
17336,1320532,532.4741
17337,1320617,428.562
17338,1320689,389.09912
17339,1320816,675.06067
17340,1320944,703.31915
17341,1321027,439.1588
17342,1321116,447.56946
17343,1321219,562.5807
17344,1321332,592.55365
17345,1321404,383.47037
17346,1321519,605.9863
17347,1321596,398.3214
17348,1321686,483.13998
17349,1321765,423.70886
17350,1321861,508.12686
17351,1321989,687.4984
17352,1322111,671.7561
17353,1322240,694.70996
17354,1322337,515.8996
17355,1322401,356.9394
17356,1322478,421.4798
17357,1322564,428.05084
17358,1322670,577.876
17359,1322764,513.61975
17360,1322860,536.73627
17361,1322960,536.0041
17362,1323048,410.0583
17363,1323172,646.56024
17364,1323256,418.46286
17365,1323342,466.13028
17366,1323447,563.54
17367,1323569,654.6712
17368,1323676,591.43243
17369,1323801,685.9687
17370,1323918,638.74036
17371,1324010,523.44604
17372,1324067,302.36575
17373,1324201,681.8172
17374,1324275,389.5084
17375,1324353,412.9046
17376,1324482,700.71655
17377,1324565,454.91724
17378,1324668,530.298
17379,1324742,392.78287
17380,1324871,670.37
17381,1324950,444.85336
17382,1325024,405.19897
17383,1325098,408.57135
17384,1325165,373.07452
17385,1325248,464.6519
17386,1325335,454.43976
17387,1325448,561.5835
17388,1325540,472.929
17389,1325639,494.86542
17390,1325729,499.43048
17391,1325821,478.7277
17392,1325933,612.80725
17393,1326068,732.23975
17394,1326199,711.8494
17395,1326289,501.867
17396,1326384,465.87158
17397,1326485,535.04016
17398,1326592,601.5915
17399,1326709,613.4391
17400,1326799,490.5478
17401,1326875,372.9781
17402,1326970,467.59692
17403,1327100,662.4833
17404,1327164,343.41138
17405,1327257,489.74863
17406,1327355,551.17755
17407,1327447,492.46545
17408,1327548,565.1018
17409,1327645,487.4495
17410,1327800,841.95416
17411,1327888,460.76285
17412,1327974,388.1462
17413,1328063,496.14136
17414,1328351,1404.823
17415,1328415,340.399
17416,1328527,613.67883
17417,1328670,753.24634
17418,1328751,439.31116
17419,1328831,428.3908
17420,1328967,733.7505
17421,1329092,693.2564
17422,1329177,465.5705
17423,1329304,695.36804
17424,1329443,767.5597
17425,1329528,401.82672
17426,1329617,480.5259
17427,1329701,429.5035
17428,1329776,408.3328
17429,1329868,470.64804
17430,1329982,554.4041
17431,1330116,699.1601
17432,1330203,421.5129
17433,1330321,646.4244
17434,1330398,384.58798
17435,1330500,556.01825
17436,1330582,388.35
17437,1330675,505.34808
17438,1330752,415.46228
17439,1330830,407.00146
17440,1330919,500.2339
17441,1330996,409.35037
17442,1331077,425.82123
17443,1331143,319.32928
17444,1331275,695.5324
17445,1331351,400.55057
17446,1331467,644.54114
17447,1331549,455.2814
17448,1331652,556.4222
17449,1331750,507.96082
17450,1331845,505.4721
17451,1331961,648.3392
17452,1332023,322.55832
17453,1332102,405.40485
17454,1332171,387.16257
17455,1332242,378.89905
17456,1332363,675.7699
17457,1332457,517.35986
17458,1332549,467.16165
17459,1332634,465.58823
17460,1332750,613.6939
17461,1332829,364.13525
17462,1332970,723.78156
17463,1333039,376.03488
17464,1333121,458.50397
17465,1333229,586.07074
17466,1333326,526.3167
17467,1333409,445.62897
17468,1333506,483.03275
17469,1333581,363.25803
17470,1333672,480.57773
17471,1333739,353.9114
17472,1333818,384.66556
17473,1333902,469.5637
17474,1334035,677.56323
17475,1334128,510.2431
17476,1334246,638.2083
17477,1334369,685.6298
17478,1334460,479.02194
17479,1334539,417.47202
17480,1334641,572.9006
17481,1334694,298.4382
17482,1334782,441.95792
17483,1334857,415.7624
17484,1334931,327.2986
17485,1335023,515.1939
17486,1335199,925.77313
17487,1335308,575.8438
17488,1335440,727.92773
17489,1335524,425.31793
17490,1335635,607.698
17491,1335745,603.0149
17492,1335814,341.1349
17493,1335921,584.49567
17494,1336082,872.62994
17495,1336181,535.3943
17496,1336291,570.93774
17497,1336392,561.54346
17498,1336494,544.6803
17499,1336604,610.28143
17500,1336729,674.70123
17501,1336814,433.85388
17502,1336911,545.5664
17503,1336990,444.72827
17504,1337079,499.94873
17505,1337189,604.7454
17506,1337285,520.9274
17507,1337357,373.80563
17508,1337475,635.8636
17509,1337626,782.38104
17510,1337745,655.5456
17511,1337837,499.62216
17512,1337945,608.9712
17513,1338032,467.28064
17514,1338131,526.163
17515,1338213,464.51337
17516,1338300,480.2225
17517,1338396,515.65375
17518,1338491,511.34393
17519,1338559,369.5661
17520,1338639,419.20776
17521,1338734,489.5084
17522,1338792,312.2672
17523,1338950,772.80945
17524,1339030,434.64722
17525,1339126,475.22614
17526,1339236,607.1751
17527,1339324,481.37338
17528,1339406,446.85413
17529,1339486,440.34186
17530,1339572,432.96002
17531,1339655,421.01965
17532,1339735,442.31046
17533,1339810,414.7365
17534,1339948,748.59814
17535,1340014,326.39697
17536,1340121,583.7402
17537,1340215,500.35388
17538,1340302,430.63983
17539,1340409,523.51447
17540,1340551,705.4691
17541,1340628,415.08072
17542,1340710,431.2505
17543,1340804,504.2928
17544,1340865,299.22925
17545,1340940,407.42502
17546,1341031,500.40744
17547,1341135,573.5389
17548,1341245,609.03827
17549,1341329,446.56226
17550,1341404,417.17188
17551,1341523,614.444
17552,1341624,541.7241
17553,1341727,530.8748
17554,1341805,430.1024
17555,1341868,355.1145
17556,1341950,429.59302
17557,1342038,446.5269
17558,1342128,431.11368
17559,1342233,557.8581
17560,1342357,685.3999
17561,1342456,522.31195
17562,1342558,565.75073
17563,1342652,419.48965
17564,1342789,744.6914
17565,1342898,592.3049
17566,1343065,874.7469
17567,1343202,722.5813
17568,1343336,684.9497
17569,1343400,348.286
17570,1343517,633.73303
17571,1343611,503.14
17572,1343718,570.7821
17573,1343787,369.16656
17574,1343883,530.7271
17575,1343987,560.98016
17576,1344078,450.59598
17577,1344178,540.4226
17578,1344263,474.1479
17579,1344350,496.9528
17580,1344448,536.7672
17581,1344536,472.0498
17582,1344605,387.65088
17583,1344693,403.40912
17584,1344799,510.15674
17585,1344908,513.9488
17586,1345001,530.6197
17587,1345138,721.86566
17588,1345241,545.9781
17589,1345401,858.9165
17590,1345471,375.3293
17591,1345578,561.85803
17592,1345698,663.99225
17593,1345758,278.0188
17594,1345841,457.9624
17595,1345957,646.72406
17596,1346087,694.94855
17597,1346161,391.10962
17598,1346272,606.21295
17599,1346364,528.6447
17600,1346460,518.6267
17601,1346569,575.4549
17602,1346665,518.6659
17603,1346739,400.62378
17604,1346851,594.2341
17605,1346924,363.79092
17606,1347032,548.76135
17607,1347121,493.87024
17608,1347250,648.35156
17609,1347349,542.7198
17610,1347453,556.54706
17611,1347529,396.96884
17612,1347621,472.1961
17613,1347743,659.71893
17614,1347859,629.32806
17615,1347932,394.54745
17616,1348020,468.79913
17617,1348103,421.24976
17618,1348180,425.98422
17619,1348256,408.7125
17620,1348343,489.93167
17621,1348426,449.2201
17622,1348487,321.65808
17623,1348583,545.05414
17624,1348660,361.2415
17625,1348758,529.9018
17626,1348841,439.07144
17627,1348900,308.806
17628,1348984,454.57196
17629,1349047,328.35385
17630,1349170,603.1048
17631,1349245,369.48785
17632,1349354,581.83887
17633,1349411,271.80664
17634,1349484,384.11154
17635,1349605,620.6024
17636,1349708,577.6143
17637,1349791,456.53152
17638,1349959,844.92865
17639,1350047,487.66052
17640,1350112,349.6418
17641,1350213,528.0807
17642,1350295,453.75107
17643,1350376,431.62955
17644,1350435,338.00537
17645,1350529,507.02936
17646,1350623,530.99695
17647,1350698,387.47827
17648,1350805,588.59717
17649,1350900,495.27127
17650,1350992,504.67584
17651,1351052,315.06512
17652,1351134,447.59387
17653,1351250,623.70264
17654,1351366,618.1576
17655,1351448,420.7376
17656,1351526,425.80197
17657,1351640,615.5805
17658,1351734,524.3005
17659,1351824,466.86115
17660,1351882,320.2945
17661,1352012,692.6153
17662,1352088,427.7971
17663,1352174,442.17334
17664,1352278,569.04724
17665,1352366,486.49423
17666,1352498,648.5899
17667,1352590,443.18976
17668,1352674,398.24536
17669,1352783,566.86835
17670,1352868,457.4323
17671,1352962,501.63956
17672,1353036,409.4666
17673,1353105,318.174
17674,1353199,482.1684
17675,1353310,585.1248
17676,1353403,513.1367
17677,1353479,397.93582
17678,1353632,809.5924
17679,1353704,369.47943
17680,1353776,383.62662
17681,1353858,400.73596
17682,1353959,539.78876
17683,1354034,400.6931
17684,1354158,686.17224
17685,1354247,467.59177
17686,1354338,510.63812
17687,1354440,556.3245
17688,1354546,573.60175
17689,1354639,501.2265
17690,1354754,617.18585
17691,1354851,531.6408
17692,1354939,470.41968
17693,1355027,463.5418
17694,1355095,382.25882
17695,1355220,658.69867
17696,1355338,645.07965
17697,1355425,440.18076
17698,1355505,429.63617
17699,1355633,674.64325
17700,1355741,576.74713
17701,1355836,485.89368
17702,1356016,853.7928
17703,1356140,647.51733
17704,1356233,515.11456
17705,1356301,364.3626
17706,1356383,451.90637
17707,1356468,430.59235
17708,1356565,536.6067
17709,1356654,445.54538
17710,1356754,526.3053
17711,1356850,531.74274
17712,1356946,509.14978
17713,1357027,426.31805
17714,1357106,366.29648
17715,1357176,364.76715
17716,1357296,631.9172
17717,1357386,485.2828
17718,1357497,606.6854
17719,1357628,700.212
17720,1357704,428.4094
17721,1357821,634.7911
17722,1357924,522.3849
17723,1358005,428.73218
17724,1358088,387.2096
17725,1358180,497.92514
17726,1358283,566.7217
17727,1358395,571.75183
17728,1358530,656.6046
17729,1358639,578.183
17730,1358737,527.56934
17731,1358834,523.39014
17732,1358927,493.88733
17733,1359039,537.504
17734,1359101,319.76508
17735,1359190,468.92117
17736,1359298,551.38477
17737,1359371,391.9236
17738,1359486,616.9004
17739,1359573,489.3677
17740,1359695,669.2425
17741,1359799,548.45605
17742,1359914,585.837
17743,1360005,484.80124
17744,1360085,439.59488
17745,1360189,567.37616
17746,1360254,300.65076
17747,1360363,578.8624
17748,1360475,557.94464
17749,1360590,647.5329
17750,1360711,622.6149
17751,1360786,415.27798
17752,1360879,478.05685
17753,1360956,385.85202
17754,1361053,509.18027
17755,1361163,599.6485
17756,1361233,367.52847
17757,1361325,463.4847
17758,1361391,332.88217
17759,1361514,667.55963
17760,1361603,435.74203
17761,1361675,370.692
17762,1361802,682.05115
17763,1361898,532.81836
17764,1362003,530.61523
17765,1362070,375.6466
17766,1362161,516.90576
17767,1362250,484.82745
17768,1362330,428.2601
17769,1362453,674.39307
17770,1362536,456.91684
17771,1362622,479.2506
17772,1362698,399.02258
17773,1362787,450.3208
17774,1362870,454.3048
17775,1362949,388.0684
17776,1363023,361.4035
17777,1363119,518.9593
17778,1363218,558.1582
17779,1363303,470.44284
17780,1363370,333.7727
17781,1363433,296.2868
17782,1363516,457.6648
17783,1363576,314.96643
17784,1363670,499.7399
17785,1363776,536.7135
17786,1363870,470.69504
17787,1363958,457.32516
17788,1364069,571.3525
17789,1364173,580.1407
17790,1364292,574.4666
17791,1364383,476.23663
17792,1364471,471.3448
17793,1364555,459.33182
17794,1364698,767.5887
17795,1364832,739.81354
17796,1364932,537.74835
17797,1365021,462.42712
17798,1365127,566.1608
17799,1365205,397.57962
17800,1365275,360.72687
17801,1365343,313.38916
17802,1365418,425.93936
17803,1365495,404.3626
17804,1365651,728.6718
17805,1365734,468.12064
17806,1365820,465.78995
17807,1365910,490.5393
17808,1365998,489.25656
17809,1366104,615.7244
17810,1366206,537.81305
17811,1366275,349.24792
17812,1366361,472.03833
17813,1366457,510.19138
17814,1366517,327.0948
17815,1366676,821.6891
17816,1366805,703.9523
17817,1366907,547.5019
17818,1367004,532.31165
17819,1367099,520.64
17820,1367165,356.08746
17821,1367264,540.7904
17822,1367375,610.4827
17823,1367459,438.22595
17824,1367560,516.6466
17825,1367658,538.41864
17826,1367743,458.72952
17827,1367817,392.44608
17828,1367935,659.4353
17829,1368057,601.6346
17830,1368161,482.45688
17831,1368245,459.85703
17832,1368357,622.32587
17833,1368491,686.95825
17834,1368592,574.28625
17835,1368670,428.17462
17836,1368732,287.6943
17837,1368817,448.09393
17838,1368935,648.87317
17839,1369088,799.35095
17840,1369177,490.25006
17841,1369284,594.49255
17842,1369371,477.10333
17843,1369502,686.3489
17844,1369593,490.11523
17845,1369705,602.8901
17846,1369772,343.06473
17847,1369902,621.79803
17848,1369971,321.04202
17849,1370066,523.19183
17850,1370142,383.9199
17851,1370231,482.02487
17852,1370361,632.2356
17853,1370483,675.6104
17854,1370563,382.18393
17855,1370657,502.9679
17856,1370769,611.0332
17857,1370891,636.2434
17858,1370972,434.29413
17859,1371109,728.67017
17860,1371211,552.00214
17861,1371308,510.97717
17862,1371388,421.53745
17863,1371520,714.4404
17864,1371603,462.01526
17865,1371740,764.3343
17866,1371851,595.8552
17867,1371969,627.70795
17868,1372077,561.0835
17869,1372152,405.8385
17870,1372233,425.5206
17871,1372311,420.4857
17872,1372461,744.5403
17873,1372561,554.48615
17874,1372634,391.57507
17875,1372727,498.17163
17876,1372818,471.9099
17877,1372900,457.5886
17878,1372990,503.97525
17879,1373098,549.1015
17880,1373223,675.6329
17881,1373298,414.60196
17882,1373366,357.95654
17883,1373497,703.0808
17884,1373635,748.6178
17885,1373701,338.21448
17886,1373811,606.8032
17887,1373952,755.3379
17888,1374041,488.62723
17889,1374144,513.132
17890,1374250,541.5025
17891,1374346,509.24194
17892,1374436,476.4639
17893,1374557,654.19305
17894,1374639,448.19067
17895,1374722,427.7941
17896,1374788,324.82574
17897,1374922,718.9339
17898,1375032,612.14026
17899,1375101,368.23413
17900,1375188,446.61584
17901,1375259,383.23328
17902,1375342,437.1427
17903,1375436,484.92175
17904,1375518,463.0634
17905,1375639,650.705
17906,1375708,358.4715
17907,1375833,600.27
17908,1375914,449.7375
17909,1376010,532.71277
17910,1376099,472.0272
17911,1376176,381.69
17912,1376260,469.8518
17913,1376333,382.05225
17914,1376504,924.1854
17915,1376628,686.9748
17916,1376724,514.94666
17917,1376814,459.116
17918,1376920,580.985
17919,1376999,408.41574
17920,1377093,493.0549
17921,1377176,465.48364
17922,1377294,643.11487
17923,1377437,787.5751
17924,1377529,493.03586
17925,1377622,467.09653
17926,1377685,317.47906
17927,1377775,471.98883
17928,1377836,319.7636
17929,1377905,367.20123
17930,1377969,348.4652
17931,1378040,402.79608
17932,1378118,429.1073
17933,1378277,782.1782
17934,1378345,301.0303
17935,1378443,539.36346
17936,1378543,529.00464
17937,1378598,255.18582
17938,1378660,324.36212
17939,1378753,518.01074
17940,1378831,426.82062
17941,1378924,519.92316
17942,1379023,500.64145
17943,1379121,532.45154
17944,1379230,589.34705
17945,1379325,499.5085
17946,1379389,308.92035
17947,1379458,355.33206
17948,1379555,533.39276
17949,1379644,482.42267
17950,1379757,617.5688
17951,1379833,385.48935
17952,1379915,425.58743
17953,1380030,599.5784
17954,1380128,512.30927
17955,1380231,560.63696
17956,1380314,414.12662
17957,1380429,590.47705
17958,1380533,566.76245
17959,1380642,607.0972
17960,1380736,541.4394
17961,1380825,456.24133
17962,1380903,422.44522
17963,1381032,692.6582
17964,1381127,537.8636
17965,1381217,479.9533
17966,1381332,567.43787
17967,1381487,817.91547
17968,1381582,498.47522
17969,1381680,529.7377
17970,1381757,402.33905
17971,1381862,581.7747
17972,1381936,387.29922
17973,1382054,630.00726
17974,1382147,481.78503
17975,1382233,459.0918
17976,1382324,503.03195
17977,1382415,503.37723
17978,1382522,543.5634
17979,1382667,706.08374
17980,1382784,604.0749
17981,1382860,400.30032
17982,1382953,507.30048
17983,1383048,519.7611
17984,1383160,608.571
17985,1383260,555.01685
17986,1383349,468.63538
17987,1383411,344.44223
17988,1383581,951.48456
17989,1383681,512.51447
17990,1383766,475.9807
17991,1383846,432.21243
17992,1383950,577.3899
17993,1384026,376.05966
17994,1384116,485.93994
17995,1384202,458.70306
17996,1384273,378.83344
17997,1384371,546.4824
17998,1384509,748.8467
17999,1384582,381.42575
18000,1384656,402.1693
18001,1384749,524.171
18002,1384888,755.19965
18003,1385033,680.22955
18004,1385118,433.53024
18005,1385213,519.8954
18006,1385334,658.3336
18007,1385407,402.09024
18008,1385594,974.80597
18009,1385678,472.73602
18010,1385764,448.5942
18011,1385863,514.2479
18012,1385952,471.2183
18013,1386049,550.45154
18014,1386180,702.3205
18015,1386299,604.10913
18016,1386387,448.9708
18017,1386454,362.42566
18018,1386583,681.2313
18019,1386684,519.7681
18020,1386807,662.96063
18021,1386899,494.68704
18022,1386966,361.93097
18023,1387046,431.8078
18024,1387165,610.8379
18025,1387259,506.32846
18026,1387390,694.5037
18027,1387477,465.3707
18028,1387568,468.70834
18029,1387669,561.04376
18030,1387752,454.66565
18031,1387863,551.26495
18032,1387923,320.85602
18033,1388030,519.49866
18034,1388097,358.0901
18035,1388174,418.77377
18036,1388295,641.657
18037,1388390,472.13748
18038,1388535,770.134
18039,1388620,421.75333
18040,1388739,646.84576
18041,1388848,580.70844
18042,1388975,680.8618
18043,1389059,464.83707
18044,1389166,567.13214
18045,1389252,473.72577
18046,1389411,898.99335
18047,1389489,395.8491
18048,1389604,618.6483
18049,1389680,414.19284
18050,1389778,513.6712
18051,1389860,458.10913
18052,1389949,478.37363
18053,1390034,437.09506
18054,1390128,493.92886
18055,1390220,424.8768
18056,1390314,533.6416
18057,1390394,418.08966
18058,1390486,480.46445
18059,1390588,540.9593
18060,1390666,434.95425
18061,1390757,506.46866
18062,1390835,406.79135
18063,1390920,475.46432
18064,1391008,418.36615
18065,1391087,408.38068
18066,1391167,435.43173
18067,1391255,466.9294
18068,1391324,352.36237
18069,1391468,748.9497
18070,1391551,471.09085
18071,1391621,357.92706
18072,1391714,511.33975
18073,1391784,392.2068
18074,1391922,721.83777
18075,1391998,358.05756
18076,1392071,389.97577
18077,1392193,620.57007
18078,1392269,407.1069
18079,1392337,351.30106
18080,1392436,541.72516
18081,1392539,546.5342
18082,1392642,548.2635
18083,1392746,573.6166
18084,1392817,332.76346
18085,1392908,506.42355
18086,1392975,342.5908
18087,1393067,478.34442
18088,1393153,433.34573
18089,1393264,596.4699
18090,1393352,478.4735
18091,1393426,413.2469
18092,1393518,499.56033
18093,1393610,454.36102
18094,1393703,461.5861
18095,1393807,576.2247
18096,1393895,436.68143
18097,1393985,423.30447
18098,1394097,628.4556
18099,1394184,424.9335
18100,1394289,576.0063
18101,1394397,549.0873
18102,1394504,536.4668
18103,1394586,443.50348
18104,1394663,381.20273
18105,1394740,388.2845
18106,1394820,425.10266
18107,1394900,449.49698
18108,1394973,392.57983
18109,1395089,616.2425
18110,1395188,549.6655
18111,1395259,357.8342
18112,1395372,608.37244
18113,1395447,372.0587
18114,1395515,340.5018
18115,1395601,453.1426
18116,1395722,667.083
18117,1395792,395.14597
18118,1395868,418.26187
18119,1395950,441.20505
18120,1396058,540.4664
18121,1396126,343.7752
18122,1396272,803.8484
18123,1396394,674.4616
18124,1396509,621.57043
18125,1396631,653.764
18126,1396758,675.9265
18127,1396896,729.07764
18128,1396997,562.1601
18129,1397092,515.22235
18130,1397176,432.2623
18131,1397315,747.3239
18132,1397394,417.63287
18133,1397477,428.19687
18134,1397604,670.05865
18135,1397718,615.3709
18136,1397813,527.3054
18137,1397918,587.9232
18138,1398032,625.954
18139,1398121,471.77765
18140,1398198,356.67056
18141,1398285,468.9785
18142,1398357,363.55017
18143,1398433,404.67908
18144,1398568,723.01544
18145,1398665,534.3652
18146,1398775,613.9386
18147,1398906,734.7515
18148,1399012,562.57745
18149,1399131,620.65967
18150,1399270,744.9327
18151,1399381,617.1933
18152,1399450,319.762
18153,1399545,515.31995
18154,1399636,479.75433
18155,1399756,620.75494
18156,1399836,417.51788
18157,1399954,609.5113
18158,1400064,592.76
18159,1400139,347.84668
18160,1400251,592.99445
18161,1400322,368.9113
18162,1400424,545.65485
18163,1400498,394.87723
18164,1400603,587.9236
18165,1400683,400.21228
18166,1400793,618.6654
18167,1400864,378.23102
18168,1400955,505.38602
18169,1401029,377.38788
18170,1401100,381.97498
18171,1401213,592.20886
18172,1401300,453.57486
18173,1401415,645.462
18174,1401497,443.0371
18175,1401563,363.60562
18176,1401645,432.73074
18177,1401731,469.58707
18178,1401839,604.6148
18179,1401950,531.414
18180,1402049,534.89685
18181,1402131,433.04712
18182,1402204,328.37222
18183,1402277,386.35696
18184,1402370,507.0996
18185,1402453,453.72583
18186,1402545,473.07886
18187,1402642,547.06445
18188,1402729,482.25043
18189,1402827,518.84674
18190,1402952,635.5593
18191,1403053,564.8688
18192,1403162,617.558
18193,1403278,634.60425
18194,1403360,415.55554
18195,1403460,518.74207
18196,1403530,374.35452
18197,1403626,524.0596
18198,1403723,539.7265
18199,1403809,401.253
18200,1403937,648.1125
18201,1404005,364.30548
18202,1404079,380.65137
18203,1404147,339.0834
18204,1404238,503.18686
18205,1404308,366.98672
18206,1404384,381.9752
18207,1404491,599.892
18208,1404576,467.79187
18209,1404706,701.75555
18210,1404787,424.92944
18211,1404862,396.8497
18212,1404943,438.66772
18213,1405013,384.4778
18214,1405122,608.8723
18215,1405199,386.15967
18216,1405286,481.44568
18217,1405372,482.28348
18218,1405464,513.4802
18219,1405557,517.05707
18220,1405651,515.07623
18221,1405769,613.5955
18222,1405862,477.62
18223,1405954,457.8917
18224,1406059,555.3931
18225,1406147,458.37448
18226,1406231,463.6029
18227,1406303,381.2983
18228,1406405,560.81354
18229,1406502,499.18466
18230,1406594,480.04596
18231,1406666,344.47095
18232,1406764,534.53204
18233,1406841,407.2001
18234,1406950,556.20984
18235,1407034,438.3592
18236,1407186,815.0937
18237,1407279,517.0431
18238,1407366,443.0424
18239,1407467,525.3063
18240,1407543,405.9137
18241,1407649,579.6894
18242,1407765,597.9508
18243,1407837,389.7536
18244,1407951,575.7433
18245,1408045,473.07428
18246,1408139,500.36096
18247,1408289,821.29645
18248,1408440,794.02014
18249,1408537,491.71536
18250,1408609,376.66418
18251,1408678,339.561
18252,1408765,485.54736
18253,1408884,637.391
18254,1408960,415.90076
18255,1409040,432.18988
18256,1409108,317.81018
18257,1409219,583.55493
18258,1409325,592.1572
18259,1409404,403.1552
18260,1409485,457.7422
18261,1409592,563.9193
18262,1409678,462.67828
18263,1409778,511.16455
18264,1409887,559.6408
18265,1409957,382.2615
18266,1410026,365.60638
18267,1410100,405.2421
18268,1410192,467.83264
18269,1410281,453.3527
18270,1410380,528.30914
18271,1410459,417.609
18272,1410609,807.522
18273,1410693,438.10977
18274,1410777,468.90335
18275,1410870,482.75558
18276,1410957,456.24194
18277,1411066,521.02606
18278,1411167,560.9105
18279,1411249,401.2131
18280,1411340,435.83188
18281,1411424,415.96777
18282,1411539,641.2495
18283,1411631,470.76132
18284,1411701,370.15073
18285,1411808,587.4209
18286,1411892,409.9699
18287,1411991,549.88666
18288,1412064,410.56708
18289,1412179,601.5326
18290,1412305,666.3231
18291,1412431,617.79456
18292,1412502,389.53766
18293,1412603,552.8587
18294,1412682,424.29156
18295,1412799,662.1924
18296,1412903,568.34686
18297,1413040,709.3984
18298,1413120,435.6321
18299,1413230,602.8734
18300,1413325,517.7405
18301,1413403,413.1837
18302,1413486,460.25806
18303,1413558,393.73407
18304,1413688,723.5834
18305,1413783,521.5036
18306,1413878,534.8122
18307,1413981,561.9778
18308,1414075,497.86417
18309,1414163,447.98053
18310,1414286,678.72107
18311,1414354,303.5149
18312,1414442,488.6644
18313,1414541,545.6344
18314,1414642,553.4938
18315,1414741,514.12555
18316,1414823,440.1153
18317,1414900,400.5973
18318,1414979,425.44974
18319,1415090,595.1532
18320,1415206,603.2145
18321,1415286,416.06958
18322,1415380,512.8172
18323,1415480,549.9795
18324,1415594,622.7544
18325,1415688,531.2228
18326,1415797,603.5442
18327,1415905,559.45996
18328,1415968,333.9792
18329,1416123,843.2569
18330,1416222,546.1326
18331,1416336,553.29535
18332,1416415,390.44843
18333,1416507,488.82864
18334,1416609,519.48914
18335,1416696,489.41403
18336,1416762,367.2461
18337,1416840,397.16162
18338,1416912,403.31558
18339,1416986,420.52
18340,1417073,471.32773
18341,1417166,506.2874
18342,1417243,425.8017
18343,1417335,488.0089
18344,1417406,375.08685
18345,1417525,603.48206
18346,1417606,451.1543
18347,1417686,400.1531
18348,1417825,712.70605
18349,1417919,505.20285
18350,1418034,633.57324
18351,1418138,528.7793
18352,1418234,495.62332
18353,1418322,456.88818
18354,1418429,571.1213
18355,1418505,414.94116
18356,1418592,479.2023
18357,1418713,649.8627
18358,1418808,487.24692
18359,1418914,541.4879
18360,1419013,551.205
18361,1419087,377.21725
18362,1419169,427.20956
18363,1419284,618.7009
18364,1419401,623.2913
18365,1419478,403.57053
18366,1419577,493.93417
18367,1419644,343.2656
18368,1419727,460.70972
18369,1419808,420.55176
18370,1419878,380.97763
18371,1420018,747.8645
18372,1420102,460.40338
18373,1420222,660.1721
18374,1420346,597.1951
18375,1420478,635.7894
18376,1420563,467.97308
18377,1420709,775.74567
18378,1420794,459.7006
18379,1420873,392.7048
18380,1420992,642.3305
18381,1421109,652.0145
18382,1421203,504.42828
18383,1421296,513.9359
18384,1421391,493.31213
18385,1421483,473.67245
18386,1421580,506.6842
18387,1421678,497.51788
18388,1421779,564.4626
18389,1421885,574.24316
18390,1421983,506.01703
18391,1422068,449.1238
18392,1422142,371.78156
18393,1422269,691.0945
18394,1422354,449.35544
18395,1422428,411.19846
18396,1422552,654.37195
18397,1422638,450.52853
18398,1422750,585.8169
18399,1422826,382.70813
18400,1422918,516.39886
18401,1422999,458.15958
18402,1423091,502.68814
18403,1423161,379.67316
18404,1423238,415.14108
18405,1423346,617.66516
18406,1423421,411.08377
18407,1423520,555.66846
18408,1423631,609.7073
18409,1423734,579.6608
18410,1423824,470.8923
18411,1423903,365.88248
18412,1423994,461.11176
18413,1424101,589.9587
18414,1424209,580.4187
18415,1424292,449.13126
18416,1424376,437.9224
18417,1424504,709.4737
18418,1424590,488.07196
18419,1424681,414.86896
18420,1424767,461.79297
18421,1424840,362.1815
18422,1424902,314.08273
18423,1424996,520.5513
18424,1425126,681.417
18425,1425205,423.136
18426,1425304,536.69806
18427,1425395,487.285
18428,1425470,392.0035
18429,1425532,314.7175
18430,1425616,466.48038
18431,1425710,519.9259
18432,1425776,335.32422
18433,1425888,562.3639
18434,1425980,505.82617
18435,1426061,384.50717
18436,1426145,472.25513
18437,1426244,528.70654
18438,1426365,638.17426
18439,1426441,403.61212
18440,1426517,392.58667
18441,1426669,840.0858
18442,1426755,461.32477
18443,1426844,501.82626
18444,1426895,258.73026
18445,1426969,395.85425
18446,1427061,519.9588
18447,1427145,445.248
18448,1427226,433.3122
18449,1427334,585.1641
18450,1427399,353.96512
18451,1427465,362.85526
18452,1427597,694.57214
18453,1427684,481.8744
18454,1427773,442.76648
18455,1427857,419.35944
18456,1427959,536.67584
18457,1428037,404.18103
18458,1428160,650.1295
18459,1428281,671.6731
18460,1428350,365.0167
18461,1428441,519.53033
18462,1428517,408.04764
18463,1428639,656.987
18464,1428716,415.46695
18465,1428794,386.16425
18466,1428872,406.94775
18467,1428953,445.9453
18468,1429052,557.39935
18469,1429137,447.6793
18470,1429246,608.7397
18471,1429321,388.12454
18472,1429430,578.235
18473,1429501,386.462
18474,1429614,608.44275
18475,1429725,600.1241
18476,1429813,499.96503
18477,1429908,525.15955
18478,1430016,531.4964
18479,1430139,680.647
18480,1430270,713.76855
18481,1430381,583.7037
18482,1430463,456.95428
18483,1430562,549.71155
18484,1430699,720.5277
18485,1430779,393.6266
18486,1430845,340.1537
18487,1430945,538.2412
18488,1431076,645.76044
18489,1431166,502.4543
18490,1431250,457.44373
18491,1431353,554.78046
18492,1431463,583.4248
18493,1431550,459.89563
18494,1431626,402.3833
18495,1431760,639.1359
18496,1431844,460.78778
18497,1431954,607.9785
18498,1432034,427.5395
18499,1432120,468.28558
18500,1432252,651.18884
18501,1432328,396.43738
18502,1432431,511.6416
18503,1432526,505.46982
18504,1432598,397.98795
18505,1432700,547.736
18506,1432775,421.97253
18507,1432868,514.96625
18508,1432939,391.2345
18509,1433038,500.0539
18510,1433131,507.6581
18511,1433209,416.4581
18512,1433299,429.51685
18513,1433443,774.4551
18514,1433525,443.45035
18515,1433636,629.07556
18516,1433775,750.7364
18517,1433857,417.60843
18518,1433938,436.14673
18519,1434025,458.94724
18520,1434126,539.05054
18521,1434221,472.18475
18522,1434299,380.24817
18523,1434374,387.9271
18524,1434446,394.0515
18525,1434600,812.5075
18526,1434713,609.5232
18527,1434811,541.2506
18528,1434927,620.88293
18529,1435014,489.0079
18530,1435127,626.5277
18531,1435293,802.49884
18532,1435395,554.42096
18533,1435506,589.6567
18534,1435592,449.24396
18535,1435686,480.38727
18536,1435794,586.61566
18537,1435899,564.97925
18538,1435982,445.11475
18539,1436047,291.7106
18540,1436147,562.72076
18541,1436224,361.05435
18542,1436299,389.3156
18543,1436391,475.55844
18544,1436480,487.35358
18545,1436584,485.88403
18546,1436691,578.5102
18547,1436761,350.7605
18548,1436842,424.5517
18549,1436947,574.0378
18550,1437031,463.95627
18551,1437120,492.91547
18552,1437220,553.77313
18553,1437295,413.5848
18554,1437370,382.82846
18555,1437459,501.12616
18556,1437509,239.7667
18557,1437607,496.6973
18558,1437696,502.818
18559,1437798,555.7942
18560,1437865,344.8121
18561,1437940,378.9144
18562,1438044,558.07153
18563,1438155,611.9821
18564,1438246,525.03186
18565,1438338,507.61493
18566,1438420,432.82944
18567,1438517,521.4815
18568,1438644,700.72284
18569,1438724,424.6576
18570,1438820,481.47943
18571,1438935,634.14435
18572,1439036,555.43677
18573,1439140,514.28326
18574,1439227,436.09393
18575,1439323,470.1949
18576,1439431,566.695
18577,1439518,472.69254
18578,1439647,697.86957
18579,1439766,659.65295
18580,1439836,385.6609
18581,1439935,531.94617
18582,1440022,444.68372
18583,1440101,424.02658
18584,1440183,400.77475
18585,1440281,519.87885
18586,1440436,771.354
18587,1440522,456.59937
18588,1440602,440.53522
18589,1440709,578.3313
18590,1440778,347.52625
18591,1440857,420.74487
18592,1440951,498.81747
18593,1441017,366.1697
18594,1441094,415.31473
18595,1441174,425.20813
18596,1441333,834.19366
18597,1441404,324.64542
18598,1441495,512.7803
18599,1441566,382.6042
18600,1441656,470.16208
18601,1441736,424.75797
18602,1441844,521.2608
18603,1442001,796.0078
18604,1442073,392.2689
18605,1442161,467.23837
18606,1442245,476.96365
18607,1442376,699.56274
18608,1442478,578.0951
18609,1442591,633.3019
18610,1442707,638.9752
18611,1442803,510.2249
18612,1442889,462.10962
18613,1442999,604.65576
18614,1443088,483.58163
18615,1443171,440.01355
18616,1443276,570.4855
18617,1443374,563.0706
18618,1443488,636.15045
18619,1443581,460.72253
18620,1443665,460.63077
18621,1443786,673.67065
18622,1443889,555.96674
18623,1443968,430.3061
18624,1444066,500.69263
18625,1444184,651.25366
18626,1444302,638.906
18627,1444434,706.5268
18628,1444502,362.18536
18629,1444583,444.39307
18630,1444661,405.36926
18631,1444800,741.1888
18632,1444900,502.7969
18633,1444973,379.83456
18634,1445075,520.4886
18635,1445157,446.56747
18636,1445240,463.35205
18637,1445338,544.16736
18638,1445484,810.08
18639,1445557,394.9283
18640,1445651,513.11255
18641,1445738,468.504
18642,1445864,692.575
18643,1445953,499.20694
18644,1446078,693.88135
18645,1446144,334.31726
18646,1446233,457.6759
18647,1446346,576.1604
18648,1446497,739.5205
18649,1446589,419.76624
18650,1446668,396.83325
18651,1446748,418.73657
18652,1446829,407.01794
18653,1446910,415.4643
18654,1447010,541.09094
18655,1447154,742.1658
18656,1447244,492.43942
18657,1447328,442.92697
18658,1447460,719.4096
18659,1447579,652.11444
18660,1447640,319.49084
18661,1447747,558.6216
18662,1447877,696.5508
18663,1447994,568.7435
18664,1448121,610.9937
18665,1448214,461.55573
18666,1448297,440.2249
18667,1448392,438.96503
18668,1448477,463.0866
18669,1448569,509.7887
18670,1448655,442.06335
18671,1448777,677.1267
18672,1448848,383.49887
18673,1448980,715.3022
18674,1449047,375.8759
18675,1449184,698.5579
18676,1449277,480.49396
18677,1449358,442.28418
18678,1449424,338.34515
18679,1449518,461.08832
18680,1449601,456.58682
18681,1449665,334.29678
18682,1449756,507.17398
18683,1449857,550.7274
18684,1449937,454.24313
18685,1450052,553.59033
18686,1450145,474.8018
18687,1450268,652.8506
18688,1450363,519.94147
18689,1450477,642.8214
18690,1450571,525.8732
18691,1450670,540.7106
18692,1450772,495.6981
18693,1450853,450.64844
18694,1450947,448.35498
18695,1451024,397.59296
18696,1451111,458.80524
18697,1451216,565.09186
18698,1451324,598.1912
18699,1451390,352.9568
18700,1451471,437.93814
18701,1451575,576.4312
18702,1451668,493.94952
18703,1451723,280.75415
18704,1451803,399.9199
18705,1451945,720.366
18706,1452035,507.0202
18707,1452131,523.2785
18708,1452244,602.6416
18709,1452333,463.53345
18710,1452447,601.7324
18711,1452534,444.00925
18712,1452641,588.5221
18713,1452731,454.1541
18714,1452812,435.46396
18715,1452910,544.422
18716,1453059,813.769
18717,1453162,479.71918
18718,1453281,575.3775
18719,1453354,400.46973
18720,1453442,472.24103
18721,1453537,451.37808
18722,1453621,462.4619
18723,1453737,592.52936
18724,1453814,431.20834
18725,1453898,472.79068
18726,1453970,380.7014
18727,1454067,518.82666
18728,1454175,587.4975
18729,1454285,592.0434
18730,1454381,556.85956
18731,1454477,463.45062
18732,1454581,554.17236
18733,1454676,498.5958
18734,1454777,571.665
18735,1454861,427.88293
18736,1454974,607.0502
18737,1455038,357.2245
18738,1455122,461.25107
18739,1455212,492.7364
18740,1455286,415.4744
18741,1455395,609.42957
18742,1455481,487.80252
18743,1455570,471.07263
18744,1455675,582.7887
18745,1455782,574.5279
18746,1455873,462.4462
18747,1455999,681.52014
18748,1456107,597.6376
18749,1456224,608.6277
18750,1456338,600.0762
18751,1456441,572.8529
18752,1456547,563.3565
18753,1456619,395.49802
18754,1456708,438.37732
18755,1456851,779.1328
18756,1456920,394.42624
18757,1457020,557.69806
18758,1457101,425.82846
18759,1457190,477.03305
18760,1457289,524.0528
18761,1457387,541.59
18762,1457472,456.77127
18763,1457618,774.10297
18764,1457709,516.4226
18765,1457827,614.15356
18766,1457919,511.99417
18767,1458017,541.00134
18768,1458166,763.6258
18769,1458272,591.3655
18770,1458378,582.2665
18771,1458454,424.68417
18772,1458571,562.7141
18773,1458665,518.30286
18774,1458752,476.16592
18775,1458876,662.5794
18776,1458969,517.21985
18777,1459110,684.63916
18778,1459178,357.8366
18779,1459237,296.70712
18780,1459320,440.55212
18781,1459433,632.4652
18782,1459533,524.6654
18783,1459603,375.67645
18784,1459674,380.43185
18785,1459813,754.3537
18786,1459916,577.95386
18787,1460013,540.21576
18788,1460111,545.05853
18789,1460209,536.4454
18790,1460285,375.51825
18791,1460355,394.44498
18792,1460429,406.2337
18793,1460519,471.27142
18794,1460639,654.5797
18795,1460712,405.63162
18796,1460798,474.46457
18797,1460860,315.2065
18798,1460973,544.1888
18799,1461105,664.1879
18800,1461212,583.19073
18801,1461306,521.7455
18802,1461390,450.0554
18803,1461474,438.79282
18804,1461567,507.66998
18805,1461676,536.2036
18806,1461768,506.93066
18807,1461872,506.81512
18808,1462000,692.9138
18809,1462104,573.5967
18810,1462190,471.18692
18811,1462347,864.3585
18812,1462443,549.4364
18813,1462527,461.2944
18814,1462632,578.6104
18815,1462722,460.50967
18816,1462794,374.23648
18817,1462891,516.9839
18818,1462993,548.8576
18819,1463072,431.71405
18820,1463181,611.89044
18821,1463271,419.60968
18822,1463353,441.98834
18823,1463416,332.15906
18824,1463493,403.83356
18825,1463561,353.09872
18826,1463638,407.01874
18827,1463757,594.46985
18828,1463880,667.1469
18829,1463961,465.8137
18830,1464076,631.69867
18831,1464198,641.13916
18832,1464278,423.38223
18833,1464374,510.464
18834,1464493,667.0671
18835,1464596,539.9783
18836,1464701,566.58826
18837,1464810,598.4204
18838,1464946,734.6789
18839,1465020,366.115
18840,1465128,564.22235
18841,1465202,399.46265
18842,1465303,543.228
18843,1465415,597.15063
18844,1465535,673.4943
18845,1465643,592.1784
18846,1465745,580.71783
18847,1465850,584.1268
18848,1465947,537.7515
18849,1466030,450.5037
18850,1466117,434.25824
18851,1466225,566.12054
18852,1466321,519.6625
18853,1466409,481.54153
18854,1466512,551.3571
18855,1466614,557.5622
18856,1466686,396.48193
18857,1466801,618.3148
18858,1466901,556.65967
18859,1466990,502.84592
18860,1467119,719.55896
18861,1467218,552.03357
18862,1467316,535.0818
18863,1467406,500.18823
18864,1467489,428.82928
18865,1467615,582.6003
18866,1467705,472.26712
18867,1467835,678.281
18868,1467920,480.2437
18869,1468009,464.5331
18870,1468112,573.2426
18871,1468215,531.016
18872,1468298,434.52606
18873,1468373,416.8447
18874,1468480,590.13293
18875,1468540,307.7195
18876,1468625,431.29
18877,1468698,397.96127
18878,1468809,575.59106
18879,1468903,448.67764
18880,1469080,929.2363
18881,1469176,520.69904
18882,1469278,492.39716
18883,1469391,541.5036
18884,1469520,681.28064
18885,1469607,445.9399
18886,1469701,469.18094
18887,1469787,491.43454
18888,1469866,405.43103
18889,1469953,490.52194
18890,1470081,653.73895
18891,1470187,598.7373
18892,1470267,417.74774
18893,1470365,517.25104
18894,1470477,616.77155
18895,1470572,516.7817
18896,1470668,479.35077
18897,1470757,482.2971
18898,1470914,807.876
18899,1471030,643.4228
18900,1471139,547.62726
18901,1471214,377.20816
18902,1471314,531.17163
18903,1471402,432.7702
18904,1471504,546.82117
18905,1471628,708.82495
18906,1471727,523.98975
18907,1471851,685.54517
18908,1471945,483.66928
18909,1472089,772.1544
18910,1472173,458.0189
18911,1472248,421.6493
18912,1472355,571.4777
18913,1472466,580.5899
18914,1472567,556.2286
18915,1472699,721.03845
18916,1472782,453.5933
18917,1472877,513.98706
18918,1472952,381.45935
18919,1473038,463.2106
18920,1473134,523.7992
18921,1473228,514.15186
18922,1473332,568.2464
18923,1473460,675.5384
18924,1473540,433.31653
18925,1473630,492.68954
18926,1473714,448.76413
18927,1473819,575.5528
18928,1473927,583.1256
18929,1474028,573.2134
18930,1474130,554.1995
18931,1474267,766.90924
18932,1474354,461.20334
18933,1474436,447.9085
18934,1474521,469.1085
18935,1474630,598.8646
18936,1474739,618.14636
18937,1474840,572.8193
18938,1474981,705.0243
18939,1475131,814.5996
18940,1475226,506.12094
18941,1475300,409.72015
18942,1475388,471.21985
18943,1475511,656.9704
18944,1475610,551.6561
18945,1475709,527.4585
18946,1475772,337.81894
18947,1475858,456.0035
18948,1475964,588.65027
18949,1476052,401.0204
18950,1476138,467.45447
18951,1476236,527.33075
18952,1476361,689.69653
18953,1476459,471.10745
18954,1476538,441.48727
18955,1476678,740.4436
18956,1476774,519.94086
18957,1476913,771.749
18958,1477047,684.45245
18959,1477155,587.50586
18960,1477231,412.9214
18961,1477308,400.03882
18962,1477385,410.66632
18963,1477462,435.28268
18964,1477540,443.93918
18965,1477626,480.56973
18966,1477721,525.95374
18967,1477830,590.00464
18968,1477902,374.07053
18969,1477981,427.2993
18970,1478107,664.8665
18971,1478223,605.53375
18972,1478345,678.5098
18973,1478431,466.5121
18974,1478509,430.2783
18975,1478583,399.56244
18976,1478665,424.81528
18977,1478764,548.0694
18978,1478904,753.9019
18979,1479013,591.3494
18980,1479089,415.1891
18981,1479172,462.45105
18982,1479257,401.43594
18983,1479355,514.61163
18984,1479414,288.32822
18985,1479516,543.4088
18986,1479632,608.589
18987,1479725,508.63977
18988,1479823,518.87
18989,1479918,518.7436
18990,1480018,538.86414
18991,1480097,434.0017
18992,1480173,397.14896
18993,1480262,450.81003
18994,1480364,552.42053
18995,1480457,494.68915
18996,1480562,587.2485
18997,1480649,455.25458
18998,1480734,483.76218
18999,1480886,809.4155
19000,1480971,406.52206
19001,1481065,522.74414
19002,1481173,573.7527
19003,1481265,516.6992
19004,1481348,429.3986
19005,1481425,398.09933
19006,1481528,504.2344
19007,1481622,528.96027
19008,1481736,609.36554
19009,1481821,470.0336
19010,1481946,653.99133
19011,1482073,666.1729
19012,1482189,631.9792
19013,1482256,359.8438
19014,1482360,569.8697
19015,1482452,481.84644
19016,1482519,348.17657
19017,1482618,534.0417
19018,1482686,362.46368
19019,1482759,400.12842
19020,1482857,545.2385
19021,1482932,415.95242
19022,1483039,563.20807
19023,1483122,459.84662
19024,1483230,616.34
19025,1483341,540.7616
19026,1483442,470.35168
19027,1483524,436.21112
19028,1483593,370.7884
19029,1483685,511.18594
19030,1483807,613.08435
19031,1483921,569.42126
19032,1484016,518.6607
19033,1484138,604.8168
19034,1484239,568.603
19035,1484364,651.9619
19036,1484434,376.52905
19037,1484518,438.92627
19038,1484625,536.99524
19039,1484704,402.89102
19040,1484810,567.24115
19041,1484947,747.1593
19042,1485041,531.04877
19043,1485137,535.7054
19044,1485211,403.65802
19045,1485303,520.0821
19046,1485382,426.2144
19047,1485506,665.68494
19048,1485596,480.12875
19049,1485700,542.0267
19050,1485792,516.5495
19051,1485889,518.71954
19052,1485967,433.61142
19053,1486032,341.54202
19054,1486110,416.63007
19055,1486255,698.4855
19056,1486328,350.7984
19057,1486417,482.48447
19058,1486570,825.8585
19059,1486649,409.93173
19060,1486738,482.0787
19061,1486815,409.44772
19062,1486916,531.597
19063,1486986,397.9241
19064,1487088,552.39355
19065,1487170,450.27423
19066,1487247,426.73593
19067,1487327,422.6818
19068,1487420,481.31693
19069,1487523,495.46518
19070,1487612,464.76147
19071,1487681,362.08478
19072,1487778,519.81903
19073,1487871,453.55774
19074,1487961,483.6484
19075,1488045,456.2263
19076,1488143,489.26648
19077,1488243,527.7879
19078,1488341,496.62845
19079,1488432,504.86456
19080,1488541,613.8314
19081,1488647,581.2633
19082,1488717,361.9138
19083,1488804,462.53616
19084,1488902,537.48206
19085,1489023,676.93134
19086,1489099,402.3727
19087,1489192,481.73663
19088,1489266,399.0147
19089,1489358,470.39255
19090,1489445,421.53903
19091,1489522,374.45032
19092,1489631,586.5374
19093,1489734,519.4955
19094,1489823,490.12915
19095,1489917,502.2593
19096,1489985,327.2466
19097,1490085,561.70746
19098,1490198,590.54816
19099,1490291,487.7908
19100,1490419,655.08856
19101,1490511,486.43192
19102,1490630,679.75323
19103,1490698,329.70233
19104,1490770,338.45935
19105,1490868,552.1794
19106,1490940,369.43698
19107,1491044,578.1873
19108,1491187,794.0359
19109,1491293,597.58514
19110,1491388,527.1869
19111,1491452,322.8835
19112,1491563,535.5271
19113,1491652,504.84482
19114,1491727,384.38275
19115,1491802,417.6245
19116,1491919,630.72815
19117,1491990,361.95532
19118,1492112,629.08673
19119,1492214,545.9575
19120,1492316,562.0622
19121,1492431,646.1969
19122,1492538,601.0179
19123,1492640,555.9949
19124,1492715,396.3917
19125,1492802,478.6864
19126,1492897,516.0155
19127,1492962,324.3729
19128,1493046,457.05988
19129,1493137,497.4474
19130,1493234,517.5756
19131,1493307,368.8686
19132,1493405,542.4754
19133,1493481,423.251
19134,1493569,443.40964
19135,1493637,359.69952
19136,1493722,471.8287
19137,1493825,540.1964
19138,1493903,415.4359
19139,1493993,483.78436
19140,1494135,724.8822
19141,1494250,635.5472
19142,1494342,480.13416
19143,1494439,522.63635
19144,1494548,584.9332
19145,1494673,697.046
19146,1494731,304.51776
19147,1494804,395.51672
19148,1494881,429.55658
19149,1494972,515.38904
19150,1495093,658.90533
19151,1495173,443.9568
19152,1495267,500.76877
19153,1495381,642.79114
19154,1495510,729.29126
19155,1495591,402.7628
19156,1495687,525.47723
19157,1495777,475.1393
19158,1495891,630.8631
19159,1495999,572.1157
19160,1496094,494.59998
19161,1496180,432.0972
19162,1496244,328.1046
19163,1496343,529.5106
19164,1496449,570.7532
19165,1496544,533.3163
19166,1496647,563.76166
19167,1496751,575.8288
19168,1496857,534.8898
19169,1496947,506.20078
19170,1497059,595.4354
19171,1497155,456.0565
19172,1497258,562.5009
19173,1497359,541.0886
19174,1497440,443.17325
19175,1497527,429.82178
19176,1497616,488.29794
19177,1497734,639.08044
19178,1497830,523.4628
19179,1497919,507.44418
19180,1498029,611.3526
19181,1498116,487.4609
19182,1498225,600.0772
19183,1498394,796.50836
19184,1498496,564.56604
19185,1498612,556.0861
19186,1498697,467.6465
19187,1498769,385.94608
19188,1498844,392.1921
19189,1498906,333.25412
19190,1499012,549.6686
19191,1499143,735.50494
19192,1499238,512.2956
19193,1499396,815.0488
19194,1499480,458.82574
19195,1499593,599.36084
19196,1499670,429.6563
19197,1499776,561.9195
19198,1499846,391.6633
19199,1499969,688.53973
19200,1500061,515.6715
19201,1500146,464.86447
19202,1500256,594.6706
19203,1500346,462.81354
19204,1500459,644.23694
19205,1500521,328.82318
19206,1500611,465.70828
19207,1500679,365.49896
19208,1500781,532.11304
19209,1500875,509.49765
19210,1501015,770.24866
19211,1501103,457.3036
19212,1501188,393.48508
19213,1501297,618.64197
19214,1501410,592.058
19215,1501504,502.78067
19216,1501606,483.60236
19217,1501725,667.8114
19218,1501830,580.73706
19219,1501932,475.23895
19220,1502039,552.22235
19221,1502121,431.54074
19222,1502243,670.4659
19223,1502318,422.49384
19224,1502408,488.04227
19225,1502502,514.6885
19226,1502599,546.9935
19227,1502683,409.1144
19228,1502760,420.53983
19229,1502830,381.11365
19230,1502915,428.3208
19231,1503006,503.34494
19232,1503107,542.7664
19233,1503235,679.3098
19234,1503365,707.0158
19235,1503481,634.44293
19236,1503598,640.7326
19237,1503691,495.57245
19238,1503780,437.578
19239,1503892,603.1682
19240,1504018,659.2759
19241,1504096,428.004
19242,1504173,416.76794
19243,1504255,424.0897
19244,1504362,586.8089
19245,1504477,613.1446
19246,1504547,381.11908
19247,1504646,552.3613
19248,1504738,498.1281
19249,1504855,630.18896
19250,1504959,521.9326
19251,1505051,501.50894
19252,1505130,397.87427
19253,1505206,431.3208
19254,1505268,306.56277
19255,1505371,552.2981
19256,1505461,497.4793
19257,1505588,637.5448
19258,1505690,476.32315
19259,1505813,659.8208
19260,1505877,341.9045
19261,1506015,685.8033
19262,1506126,549.60754
19263,1506223,522.86005
19264,1506300,418.58533
19265,1506397,515.7896
19266,1506464,372.88092
19267,1506545,457.02725
19268,1506643,458.54276
19269,1506743,536.8653
19270,1506859,632.1233
19271,1506962,542.25195
19272,1507075,607.81445
19273,1507158,450.01202
19274,1507269,614.6909
19275,1507385,650.7487
19276,1507476,497.5829
19277,1507541,359.49164
19278,1507686,746.1902
19279,1507805,656.80334
19280,1507916,611.5866
19281,1508034,650.7545
19282,1508113,410.03107
19283,1508214,573.2845
19284,1508320,580.1546
19285,1508431,616.31055
19286,1508548,651.8001
19287,1508624,381.64072
19288,1508698,419.98434
19289,1508777,436.85733
19290,1508876,542.3038
19291,1509008,707.7918
19292,1509099,484.959
19293,1509212,582.7309
19294,1509322,581.687
19295,1509424,550.08154
19296,1509486,306.65967
19297,1509570,462.05396
19298,1509649,428.45325
19299,1509754,547.3029
19300,1509845,502.62527
19301,1509959,648.4562
19302,1510043,465.2323
19303,1510145,577.7626
19304,1510228,396.0924
19305,1510319,518.4324
19306,1510398,440.51898
19307,1510492,472.36356
19308,1510585,510.11282
19309,1510674,487.89322
19310,1510761,457.59097
19311,1510908,768.8294
19312,1510971,358.98386
19313,1511054,437.7035
19314,1511151,518.1425
19315,1511246,521.0497
19316,1511356,593.8338
19317,1511453,539.04987
19318,1511525,384.34787
19319,1511608,418.95947
19320,1511702,472.41843
19321,1511794,501.56824
19322,1511864,378.84613
19323,1511964,554.19006
19324,1512046,430.7777
19325,1512153,563.9031
19326,1512280,687.61884
19327,1512376,535.8153
19328,1512441,303.66116
19329,1512545,544.6467
19330,1512682,704.3621
19331,1512776,503.43515
19332,1512888,620.06104
19333,1512956,358.4577
19334,1513042,462.06223
19335,1513216,953.1461
19336,1513278,314.51758
19337,1513389,574.8141
19338,1513483,509.2023
19339,1513580,537.74316
19340,1513672,472.7756
19341,1513742,343.1178
19342,1513828,468.5134
19343,1513919,497.99658
19344,1514013,463.83405
19345,1514129,652.0706
19346,1514235,580.3357
19347,1514370,730.4843
19348,1514478,502.95755
19349,1514541,345.89075
19350,1514648,566.1203
19351,1514756,538.3549
19352,1514842,477.63635
19353,1514957,650.56555
19354,1515048,481.19824
19355,1515158,616.6618
19356,1515257,529.46735
19357,1515377,636.8725
19358,1515440,316.63068
19359,1515540,546.9903
19360,1515651,589.0512
19361,1515753,550.2046
19362,1515826,398.68787
19363,1515940,567.5971
19364,1516028,483.85147
19365,1516132,551.9835
19366,1516249,604.5524
19367,1516321,392.87244
19368,1516415,479.21234
19369,1516498,424.5958
19370,1516586,462.77048
19371,1516676,477.43362
19372,1516777,585.5491
19373,1516863,459.49088
19374,1516941,418.90436
19375,1517032,501.6655
19376,1517107,411.1737
19377,1517211,566.7782
19378,1517300,474.30627
19379,1517433,730.6122
19380,1517573,751.80316
19381,1517635,316.94662
19382,1517710,381.76248
19383,1517789,408.6406
19384,1517889,528.4442
19385,1517988,545.0411
19386,1518053,343.7188
19387,1518176,627.8531
19388,1518278,556.28125
19389,1518390,615.99164
19390,1518467,404.93018
19391,1518562,468.03656
19392,1518631,361.22205
19393,1518714,433.0252
19394,1518824,565.0779
19395,1518911,473.1679
19396,1519037,618.1365
19397,1519139,549.874
19398,1519258,668.67676
19399,1519329,364.9667
19400,1519416,468.4364
19401,1519537,636.12067
19402,1519631,456.97394
19403,1519721,489.0768
19404,1519807,470.06366
19405,1519967,814.46844
19406,1520085,583.0003
19407,1520179,473.48883
19408,1520280,539.0743
19409,1520393,626.67163
19410,1520556,859.6324
19411,1520645,476.76205
19412,1520738,526.8634
19413,1520829,509.65582
19414,1520927,541.1361
19415,1521026,498.49582
19416,1521123,499.78088
19417,1521237,621.13855
19418,1521357,647.07184
19419,1521487,703.77527
19420,1521591,585.9843
19421,1521696,592.9984
19422,1521780,458.98486
19423,1521875,445.9526
19424,1521942,372.1122
19425,1522040,547.6491
19426,1522118,437.34464
19427,1522238,645.752
19428,1522350,587.21204
19429,1522467,629.28107
19430,1522552,433.6205
19431,1522628,428.65833
19432,1522739,587.63434
19433,1522867,707.8894
19434,1522993,691.8182
19435,1523117,672.30786
19436,1523201,419.56744
19437,1523275,398.63715
19438,1523378,571.8069
19439,1523460,461.99106
19440,1523557,532.51605
19441,1523652,511.56952
19442,1523768,583.3854
19443,1523855,476.72125
19444,1523949,470.53094
19445,1524059,590.7002
19446,1524171,607.4816
19447,1524248,435.24814
19448,1524378,629.8446
19449,1524468,507.58102
19450,1524539,374.08676
19451,1524618,431.07697
19452,1524695,430.7035
19453,1524797,515.6831
19454,1524893,478.7254
19455,1524977,394.34637
19456,1525051,412.01352
19457,1525146,526.7698
19458,1525248,554.99445
19459,1525358,540.8014
19460,1525421,347.80542
19461,1525483,320.05154
19462,1525573,506.48407
19463,1525661,447.7865
19464,1525758,530.3209
19465,1525859,568.6412
19466,1525949,495.0339
19467,1526063,611.2094
19468,1526180,649.90765
19469,1526311,713.01575
19470,1526430,661.08014
19471,1526553,639.16296
19472,1526634,415.35623
19473,1526727,525.34235
19474,1526837,604.0634
19475,1527004,874.4542
19476,1527072,383.74835
19477,1527192,668.9659
19478,1527307,628.3933
19479,1527418,613.5043
19480,1527547,664.27515
19481,1527630,443.87656
19482,1527738,503.56802
19483,1527814,409.51804
19484,1527896,429.8133
19485,1528030,732.3329
19486,1528179,735.9503
19487,1528297,655.9671
19488,1528398,543.5212
19489,1528517,656.1602
19490,1528629,583.5206
19491,1528702,381.08398
19492,1528789,472.48294
19493,1528878,481.29474
19494,1528958,449.2426
19495,1529041,436.0166
19496,1529135,498.43753
19497,1529256,636.5126
19498,1529330,409.73462
19499,1529451,666.45306
19500,1529526,403.22556
19501,1529631,582.5602
19502,1529745,583.8579
19503,1529850,562.5195
19504,1529930,444.49454
19505,1530017,453.81915
19506,1530128,571.97076
19507,1530237,599.7909
19508,1530330,506.5602
19509,1530457,714.58875
19510,1530567,604.6522
19511,1530634,346.83698
19512,1530748,625.7999
19513,1530851,532.78796
19514,1530961,589.0575
19515,1531034,379.8393
19516,1531119,465.1161
19517,1531208,490.91403
19518,1531288,419.12262
19519,1531366,387.295
19520,1531488,598.08136
19521,1531600,620.53766
19522,1531687,438.3552
19523,1531770,446.0819
19524,1531847,425.48148
19525,1531954,564.50903
19526,1532083,690.9303
19527,1532199,592.2717
19528,1532261,306.98648
19529,1532364,568.4607
19530,1532446,452.37735
19531,1532546,521.9758
19532,1532630,476.6264
19533,1532736,552.65796
19534,1532849,625.95276
19535,1532963,607.46545
19536,1533054,461.7563
19537,1533128,382.34186
19538,1533265,706.1061
19539,1533354,492.52264
19540,1533485,736.6613
19541,1533589,555.9879
19542,1533662,403.45334
19543,1533774,634.8596
19544,1533917,749.2222
19545,1534002,453.7023
19546,1534108,537.71484
19547,1534204,534.0807
19548,1534277,391.5749
19549,1534376,538.0714
19550,1534440,324.5392
19551,1534562,674.4475
19552,1534664,580.5607
19553,1534784,647.14703
19554,1534891,586.72986
19555,1535006,624.8894
19556,1535122,635.9252
19557,1535243,668.79474
19558,1535339,541.692
19559,1535432,498.85837
19560,1535511,414.91867
19561,1535574,336.74344
19562,1535713,727.59125
19563,1535788,408.48615
19564,1535876,481.32098
19565,1535987,616.7588
19566,1536083,540.7095
19567,1536184,517.7454
19568,1536310,650.43604
19569,1536390,445.91553
19570,1536494,486.94492
19571,1536573,376.46005
19572,1536665,507.17746
19573,1536809,740.58484
19574,1536873,329.3005
19575,1536989,620.7783
19576,1537087,508.40564
19577,1537178,504.6455
19578,1537240,327.27707
19579,1537370,723.0896
19580,1537458,494.0984
19581,1537550,459.07153
19582,1537626,412.09955
19583,1537753,661.87537
19584,1537883,703.1918
19585,1537957,371.61154
19586,1538028,369.64572
19587,1538118,479.62845
19588,1538189,386.44937
19589,1538287,525.9386
19590,1538365,430.3405
19591,1538508,802.38916
19592,1538640,624.5158
19593,1538802,850.0278
19594,1538887,478.6608
19595,1539031,716.01306
19596,1539155,662.90063
19597,1539214,302.78088
19598,1539321,588.3957
19599,1539430,615.10376
19600,1539532,543.4063
19601,1539611,420.0493
19602,1539728,655.1129
19603,1539816,493.18262
19604,1539920,575.53796
19605,1540007,440.37234
19606,1540145,722.1808
19607,1540238,502.08606
19608,1540330,510.67084
19609,1540449,647.02765
19610,1540553,588.9559
19611,1540635,449.4952
19612,1540738,532.6638
19613,1540872,713.491
19614,1540949,428.18597
19615,1541030,428.88272
19616,1541132,557.97296
19617,1541200,360.65466
19618,1541289,494.49225
19619,1541370,441.77402
19620,1541450,435.4311
19621,1541542,516.2037
19622,1541643,564.785
19623,1541733,456.86472
19624,1541815,434.17932
19625,1541922,526.2771
19626,1542027,573.5562
19627,1542138,593.4457
19628,1542219,359.77258
19629,1542296,385.5337
19630,1542370,410.19028
19631,1542453,461.08682
19632,1542543,459.651
19633,1542646,547.2212
19634,1542734,401.38928
19635,1542834,520.1225
19636,1542951,651.6866
19637,1543040,459.78607
19638,1543161,611.51465
19639,1543255,502.04956
19640,1543359,582.1614
19641,1543492,699.4693
19642,1543589,535.10315
19643,1543685,524.978
19644,1543801,656.0328
19645,1543883,450.74265
19646,1544009,643.5605
19647,1544081,383.95587
19648,1544298,1160.2749
19649,1544377,426.7584
19650,1544501,689.32336
19651,1544612,556.20447
19652,1544741,703.3925
19653,1544832,497.6115
19654,1544925,522.08813
19655,1545031,557.6243
19656,1545124,509.3992
19657,1545203,444.67038
19658,1545276,354.7806
19659,1545369,517.47174
19660,1545534,906.7572
19661,1545618,449.3167
19662,1545758,713.4302
19663,1545870,609.4221
19664,1545962,486.84326
19665,1546032,356.78372
19666,1546114,454.12888
19667,1546194,452.505
19668,1546307,605.63055
19669,1546415,582.1266
19670,1546504,500.48654
19671,1546597,502.8944
19672,1546700,546.1894
19673,1546768,368.7613
19674,1546844,419.35995
19675,1546950,549.35583
19676,1547059,605.3904
19677,1547153,494.78726
19678,1547247,499.17926
19679,1547348,530.4989
19680,1547418,341.76663
19681,1547505,485.83957
19682,1547578,379.31216
19683,1547638,308.14667
19684,1547721,461.52402
19685,1547806,408.76068
19686,1547889,394.64114
19687,1548047,833.21246
19688,1548118,399.43658
19689,1548194,391.19092
19690,1548310,657.8039
19691,1548403,526.0557
19692,1548484,430.66608
19693,1548559,395.05682
19694,1548630,348.55084
19695,1548724,506.5271
19696,1548840,605.0471
19697,1548928,451.50632
19698,1549017,470.24875
19699,1549143,674.45593
19700,1549272,666.3164
19701,1549375,566.9689
19702,1549460,476.23553
19703,1549536,400.00598
19704,1549661,631.7774
19705,1549738,409.09503
19706,1549820,425.21356
19707,1549915,491.93616
19708,1550006,488.5614
19709,1550105,542.01465
19710,1550193,471.16516
19711,1550268,422.94772
19712,1550365,531.10785
19713,1550436,396.0968
19714,1550527,504.8078
19715,1550646,544.0367
19716,1550722,398.3794
19717,1550828,601.22284
19718,1550900,378.69717
19719,1550966,334.09998
19720,1551051,473.12042
19721,1551130,380.35422
19722,1551257,691.419
19723,1551336,419.1623
19724,1551485,762.85767
19725,1551558,406.011
19726,1551681,595.1354
19727,1551810,661.22327
19728,1551902,522.292
19729,1551956,261.5204
19730,1552066,563.3995
19731,1552168,531.57806
19732,1552245,417.61313
19733,1552325,460.46603
19734,1552421,535.68713
19735,1552499,401.67026
19736,1552588,474.8459
19737,1552703,604.0438
19738,1552768,360.88583
19739,1552866,527.68524
19740,1552956,470.31204
19741,1553061,582.062
19742,1553165,563.04626
19743,1553298,735.95966
19744,1553410,578.06757
19745,1553502,500.10098
19746,1553595,491.0645
19747,1553691,523.22327
19748,1553783,468.39224
19749,1553848,331.76825
19750,1554005,776.0365
19751,1554116,602.2681
19752,1554191,378.12277
19753,1554305,599.8667
19754,1554421,672.7793
19755,1554483,324.4262
19756,1554579,526.763
19757,1554658,426.83804
19758,1554777,616.62103
19759,1554863,483.79773
19760,1554948,461.41885
19761,1555056,593.4022
19762,1555135,423.6206
19763,1555256,658.6616
19764,1555353,541.77484
19765,1555448,506.66556
19766,1555569,652.30237
19767,1555704,740.0497
19768,1555795,495.53638
19769,1555897,520.5165
19770,1556009,612.2317
19771,1556093,440.62793
19772,1556189,517.386
19773,1556288,509.79523
19774,1556375,470.5619
19775,1556449,373.29755
19776,1556535,480.65433
19777,1556631,533.6816
19778,1556706,397.85046
19779,1556797,445.93536
19780,1556926,676.1596
19781,1557040,638.2774
19782,1557143,554.2597
19783,1557261,625.2681
19784,1557363,576.46564
19785,1557470,584.67926
19786,1557579,613.7493
19787,1557674,532.05597
19788,1557782,554.8702
19789,1557848,369.10464
19790,1557966,648.4877
19791,1558058,492.31213
19792,1558138,438.7692
19793,1558260,664.56866
19794,1558341,388.16867
19795,1558403,312.31677
19796,1558476,376.607
19797,1558563,479.9676
19798,1558657,494.7163
19799,1558760,576.689
19800,1558843,395.47192
19801,1559019,915.1833
19802,1559094,356.49426
19803,1559217,681.37134
19804,1559331,618.3745
19805,1559416,466.77994
19806,1559493,399.11423
19807,1559631,719.3237
19808,1559728,536.66034
19809,1559806,419.97403
19810,1559891,463.2425
19811,1559992,577.5672
19812,1560064,390.2518
19813,1560158,486.4788
19814,1560271,585.3428
19815,1560347,388.77625
19816,1560446,521.76825
19817,1560543,498.73224
19818,1560641,514.3029
19819,1560734,520.40454
19820,1560839,565.0938
19821,1560913,391.65582
19822,1560993,430.97134
19823,1561108,616.3185
19824,1561174,340.78775
19825,1561249,414.9183
19826,1561382,670.92633
19827,1561499,643.2292
19828,1561653,799.38635
19829,1561744,494.9836
19830,1561806,337.99982
19831,1561886,433.9144
19832,1561976,497.71155
19833,1562064,491.3938
19834,1562155,494.4682
19835,1562299,779.2342
19836,1562359,313.3541
19837,1562442,454.90872
19838,1562540,525.8213
19839,1562694,859.2629
19840,1562780,466.70554
19841,1562863,468.07416
19842,1562958,517.18
19843,1563040,441.1015
19844,1563140,512.18463
19845,1563232,516.01013
19846,1563363,721.8177
19847,1563459,497.14563
19848,1563528,358.69818
19849,1563630,553.45984
19850,1563739,576.8794
19851,1563826,477.26614
19852,1563898,366.80838
19853,1563998,555.30084
19854,1564090,510.42087
19855,1564186,497.88956
19856,1564253,350.59918
19857,1564344,461.65585
19858,1564429,464.45767
19859,1564523,525.4081
19860,1564648,666.01636
19861,1564733,462.13675
19862,1564878,735.09863
19863,1565007,696.82916
19864,1565095,472.30386
19865,1565158,316.77426
19866,1565238,432.3322
19867,1565321,455.97324
19868,1565417,505.45718
19869,1565508,497.6349
19870,1565610,561.05005
19871,1565735,686.14636
19872,1565843,583.15045
19873,1565960,591.39734
19874,1566039,411.07117
19875,1566148,596.11414
19876,1566220,340.1734
19877,1566348,695.0557
19878,1566447,554.502
19879,1566575,667.11414
19880,1566674,481.3229
19881,1566832,840.0013
19882,1566920,450.38416
19883,1567040,661.0899
19884,1567147,585.77576
19885,1567261,638.2899
19886,1567382,639.74945
19887,1567464,439.78622
19888,1567558,535.7164
19889,1567643,483.44226
19890,1567701,315.82806
19891,1567837,756.52185
19892,1567990,864.818
19893,1568096,545.29254
19894,1568208,580.41833
19895,1568344,701.7397
19896,1568433,495.39136
19897,1568530,511.45993
19898,1568579,264.80405
19899,1568684,583.6565
19900,1568831,725.8373
19901,1568933,576.18024
19902,1569047,616.8361
19903,1569117,357.6139
19904,1569206,394.6959
19905,1569299,525.4284
19906,1569389,493.63998
19907,1569458,374.6206
19908,1569544,472.98218
19909,1569652,581.4687
19910,1569720,310.73425
19911,1569789,343.8393
19912,1569865,406.09003
19913,1569982,627.11975
19914,1570079,511.18018
19915,1570171,467.27908
19916,1570255,467.7138
19917,1570343,480.5861
19918,1570416,366.54495
19919,1570509,526.7065
19920,1570605,506.32913
19921,1570707,541.5284
19922,1570813,604.33057
19923,1570916,494.5185
19924,1571020,560.34247
19925,1571100,453.1998
19926,1571195,497.94168
19927,1571268,385.9193
19928,1571394,709.4154
19929,1571481,451.8087
19930,1571614,718.0061
19931,1571688,397.4561
19932,1571760,396.39218
19933,1571836,373.49704
19934,1571924,492.2032
19935,1571991,354.35065
19936,1572068,406.22983
19937,1572147,419.9959
19938,1572245,479.03354
19939,1572334,495.6056
19940,1572425,494.26517
19941,1572533,593.0465
19942,1572622,487.0728
19943,1572728,595.33594
19944,1572837,617.3371
19945,1572913,407.95154
19946,1573005,480.9302
19947,1573093,494.03253
19948,1573191,490.038
19949,1573279,463.59964
19950,1573347,375.05896
19951,1573444,540.98157
19952,1573542,533.7026
19953,1573693,805.8336
19954,1573799,552.43475
19955,1573904,556.5528
19956,1574027,666.94946
19957,1574140,588.1068
19958,1574258,633.6602
19959,1574341,414.9694
19960,1574432,478.6658
19961,1574499,331.09235
19962,1574584,453.196
19963,1574690,564.4887
19964,1574781,490.84616
19965,1574886,547.00146
19966,1574986,555.0274
19967,1575065,428.96387
19968,1575155,417.36813
19969,1575260,547.9188
19970,1575368,575.3634
19971,1575503,698.2697
19972,1575600,489.98572
19973,1575716,622.559
19974,1575779,313.72046
19975,1575878,530.20776
19976,1576009,629.4506
19977,1576082,391.67935
19978,1576198,601.41797
19979,1576290,501.55548
19980,1576402,609.28613
19981,1576515,623.8223
19982,1576596,438.587
19983,1576682,456.9035
19984,1576805,648.1894
19985,1576956,818.0547
19986,1577064,588.94604
19987,1577137,393.2648
19988,1577250,626.2868
19989,1577328,429.68872
19990,1577411,459.1266
19991,1577518,571.99634
19992,1577669,816.3418
19993,1577796,693.8905
19994,1577902,543.34607
19995,1577990,496.13437
19996,1578091,535.1992
19997,1578207,645.30927
19998,1578338,722.46094
19999,1578429,502.5045
20000,1578532,539.20715
20001,1578638,543.8534
20002,1578721,444.78534
20003,1578813,472.25198
20004,1578923,610.5171
20005,1579001,424.7117
20006,1579081,434.1239
20007,1579158,391.78586
20008,1579264,601.85156
20009,1579331,338.0717
20010,1579433,553.4469
20011,1579509,425.70218
20012,1579589,441.2569
20013,1579677,486.98813
20014,1579772,518.60345
20015,1579844,407.97968
20016,1579967,686.3735
20017,1580054,436.37015
20018,1580146,490.2973
20019,1580227,427.03354
20020,1580322,448.07037
20021,1580446,640.54944
20022,1580540,524.2082
20023,1580630,448.97086
20024,1580711,428.5344
20025,1580794,462.18985
20026,1580891,531.9021
20027,1581003,544.95294
20028,1581102,519.7009
20029,1581211,597.5375
20030,1581298,489.6
20031,1581369,393.38498
20032,1581467,503.4015
20033,1581602,737.937
20034,1581732,715.5726
20035,1581804,387.79797
20036,1581919,656.90045
20037,1582013,496.77982
20038,1582116,556.73505
20039,1582208,487.11185
20040,1582297,508.39304
20041,1582381,478.77744
20042,1582467,422.2143
20043,1582580,546.1582
20044,1582685,582.6685
20045,1582761,388.26694
20046,1582857,500.99475
20047,1582981,698.62274
20048,1583104,679.31323
20049,1583207,564.9763
20050,1583294,460.302
20051,1583383,470.55637
20052,1583480,546.80457
20053,1583565,428.34885
20054,1583668,570.63873
20055,1583782,601.4659
20056,1583918,769.83246
20057,1584031,632.6824
20058,1584133,516.28674
20059,1584210,439.5511
20060,1584289,420.10104
20061,1584362,395.33185
20062,1584448,448.65836
20063,1584559,594.8226
20064,1584678,640.8438
20065,1584792,614.26886
20066,1584860,362.2847
20067,1584951,464.72424
20068,1585023,371.5103
20069,1585148,691.9149
20070,1585244,512.60693
20071,1585330,438.76907
20072,1585436,582.18945
20073,1585543,572.3712
20074,1585696,829.98
20075,1585787,468.81378
20076,1585871,431.82965
20077,1585939,332.81125
20078,1586041,563.7897
20079,1586120,444.90015
20080,1586210,501.19437
20081,1586271,320.65558
20082,1586340,377.89694
20083,1586448,588.07104
20084,1586542,533.46484
20085,1586651,565.0434
20086,1586729,435.09442
20087,1586827,535.30896
20088,1586913,424.2881
20089,1587051,729.0138
20090,1587123,396.01715
20091,1587211,485.9244
20092,1587350,692.69696
20093,1587462,608.4061
20094,1587595,736.73926
20095,1587683,488.3718
20096,1587775,495.16232
20097,1587894,656.0814
20098,1588012,672.314
20099,1588125,625.98615
20100,1588211,483.07425
20101,1588316,567.724
20102,1588450,742.97565
20103,1588550,549.7661
20104,1588650,556.2917
20105,1588750,508.4885
20106,1588882,729.8578
20107,1588979,520.70355
20108,1589095,639.31213
20109,1589199,537.6089
20110,1589261,304.66608
20111,1589365,585.16907
20112,1589428,289.55
20113,1589502,394.63885
20114,1589597,515.68134
20115,1589691,529.91486
20116,1589767,411.18585
20117,1589839,381.04477
20118,1589927,479.38412
20119,1590058,686.6395
20120,1590189,726.6562
20121,1590295,575.3375
20122,1590375,439.15027
20123,1590470,498.09653
20124,1590551,420.20163
20125,1590683,722.11334
20126,1590806,685.25507
20127,1590893,448.95673
20128,1591061,899.17365
20129,1591182,670.6906
20130,1591277,533.7673
20131,1591363,481.75217
20132,1591468,574.81335
20133,1591598,734.68396
20134,1591698,533.41675
20135,1591790,490.78925
20136,1591881,512.50745
20137,1591982,534.456
20138,1592036,262.37094
20139,1592125,502.23642
20140,1592239,594.14166
20141,1592364,701.8101
20142,1592450,455.3074
20143,1592531,442.78534
20144,1592671,753.8155
20145,1592780,571.93097
20146,1592878,539.9916
20147,1592955,390.87985
20148,1593034,430.82733
20149,1593103,380.6907
20150,1593202,519.3744
20151,1593291,500.2476
20152,1593365,417.09274
20153,1593475,603.1375
20154,1593559,450.46478
20155,1593685,660.9439
20156,1593784,506.65088
20157,1593877,485.70392
20158,1593958,449.3271
20159,1594070,596.8631
20160,1594185,617.26996
20161,1594258,392.91043
20162,1594344,427.7798
20163,1594418,403.70062
20164,1594528,587.60114
20165,1594619,506.35275
20166,1594702,446.85938
20167,1594810,576.44366
20168,1594927,568.7835
20169,1595023,502.31253
20170,1595142,612.3468
20171,1595256,527.30524
20172,1595391,711.3644
20173,1595534,699.9673
20174,1595649,639.29987
20175,1595736,448.6901
20176,1595850,606.9925
20177,1595959,607.32697
20178,1596109,754.09564
20179,1596206,530.7501
20180,1596296,486.3182
20181,1596403,574.987
20182,1596495,498.60437
20183,1596584,475.86453
20184,1596689,562.9121
20185,1596794,546.2544
20186,1596896,564.2326
20187,1597034,730.6429
20188,1597132,535.25684
20189,1597212,425.52634
20190,1597428,1096.331
20191,1597501,359.7478
20192,1597608,533.68933
20193,1597739,705.8887
20194,1597816,363.15714
20195,1597910,518.70294
20196,1597992,443.32986
20197,1598124,702.04395
20198,1598271,830.2192
20199,1598353,426.78232
20200,1598442,489.3711
20201,1598550,548.49567
20202,1598621,390.66754
20203,1598721,509.1462
20204,1598792,360.23547
20205,1598947,836.69653
20206,1599020,380.23413
20207,1599129,577.7815
20208,1599255,666.89307
20209,1599343,441.96738
20210,1599414,380.56064
20211,1599498,458.36993
20212,1599583,440.12875
20213,1599720,685.2786
20214,1599808,482.36624
20215,1599951,768.663
20216,1600033,426.66544
20217,1600115,456.5685
20218,1600208,518.4691
20219,1600288,435.49548
20220,1600383,539.3622
20221,1600484,545.6303
20222,1600599,613.30664
20223,1600698,549.56146
20224,1600772,396.8642
20225,1600840,384.3753
20226,1600952,607.7058
20227,1601105,842.1161
20228,1601219,600.249
20229,1601388,904.49854
20230,1601456,348.8801
20231,1601536,369.9109
20232,1601661,698.9633
20233,1601743,428.05185
20234,1601854,607.1769
20235,1601950,504.8042
20236,1602022,369.93173
20237,1602082,310.2044
20238,1602205,655.33124
20239,1602304,538.54956
20240,1602413,564.1117
20241,1602499,448.84366
20242,1602587,485.56982
20243,1602723,729.7918
20244,1602800,427.4206
20245,1602887,458.36667
20246,1602997,592.21545
20247,1603100,580.7328
20248,1603206,596.2539
20249,1603311,589.3202
20250,1603402,505.83627
20251,1603504,530.6754
20252,1603631,699.1129
20253,1603741,605.64453
20254,1603892,763.12866
20255,1603974,430.75998
20256,1604074,549.45087
20257,1604154,446.4184
20258,1604231,430.25845
20259,1604307,412.04236
20260,1604398,476.595
20261,1604518,653.4964
20262,1604609,477.89407
20263,1604723,598.70044
20264,1604804,394.81772
20265,1604923,651.1254
20266,1605031,594.7572
20267,1605149,560.5552
20268,1605230,449.71048
20269,1605373,797.79456
20270,1605454,428.83545
20271,1605548,524.3749
20272,1605625,429.35648
20273,1605721,514.9398
20274,1605873,743.0005
20275,1605952,434.57452
20276,1606050,545.88446
20277,1606150,543.20245
20278,1606248,534.7004
20279,1606345,514.45605
20280,1606453,608.74
20281,1606520,364.83655
20282,1606622,545.1417
20283,1606703,413.346
20284,1606777,370.8719
20285,1606888,593.7065
20286,1606981,512.89996
20287,1607113,691.09406
20288,1607203,484.49307
20289,1607293,472.34708
20290,1607399,600.1022
20291,1607493,535.8058
20292,1607576,454.5204
20293,1607667,510.56778
20294,1607791,633.61786
20295,1607855,358.12238
20296,1607948,485.18048
20297,1608063,647.207
20298,1608198,743.9177
20299,1608275,421.22614
20300,1608395,635.7572
20301,1608472,421.64795
20302,1608601,677.38605
20303,1608710,558.4223
20304,1608827,611.45526
20305,1608903,402.516
20306,1608993,492.90204
20307,1609084,511.87735
20308,1609162,377.45166
20309,1609297,740.17444
20310,1609407,595.8817
20311,1609507,498.33817
20312,1609593,453.05627
20313,1609680,483.81146
20314,1609747,321.51767
20315,1609863,646.3675
20316,1609943,439.27057
20317,1610040,520.8137
20318,1610147,604.1109
20319,1610235,485.2719
20320,1610303,357.22693
20321,1610423,661.9858
20322,1610517,500.42334
20323,1610627,588.496
20324,1610747,614.8731
20325,1610871,665.5504
20326,1610995,679.87146
20327,1611080,440.06143
20328,1611169,490.28745
20329,1611273,563.9286
20330,1611353,443.9417
20331,1611461,590.47754
20332,1611553,511.0199
20333,1611661,586.39453
20334,1611747,457.84848
20335,1611852,584.2366
20336,1611933,441.4659
20337,1612009,422.3749
20338,1612110,569.8553
20339,1612192,430.9104
20340,1612312,671.16705
20341,1612395,449.69144
20342,1612493,536.9977
20343,1612602,571.68036
20344,1612725,665.7256
20345,1612803,392.36768
20346,1612890,452.23563
20347,1612986,510.98056
20348,1613123,728.6226
20349,1613240,645.07745
20350,1613316,381.6893
20351,1613414,550.5291
20352,1613535,666.92554
20353,1613662,708.43756
20354,1613742,430.92142
20355,1613845,574.10095
20356,1613986,730.8839
20357,1614063,401.65588
20358,1614129,357.04492
20359,1614233,558.87366
20360,1614309,397.49182
20361,1614438,704.2911
20362,1614537,457.89008
20363,1614651,629.968
20364,1614735,469.75778
20365,1614833,532.2266
20366,1614917,467.116
20367,1614989,406.17517
20368,1615077,467.36554
20369,1615214,726.7425
20370,1615281,365.41107
20371,1615366,456.008
20372,1615457,512.3143
20373,1615532,400.9824
20374,1615600,384.23993
20375,1615676,407.63916
20376,1615760,446.8408
20377,1615841,419.54422
20378,1615914,374.3788
20379,1616067,773.314
20380,1616161,521.3104
20381,1616252,499.4282
20382,1616350,464.00565
20383,1616439,487.84845
20384,1616525,480.85355
20385,1616615,489.2484
20386,1616712,546.8982
20387,1616804,513.96564
20388,1616892,472.74414
20389,1616957,323.73706
20390,1617072,633.98627
20391,1617170,538.6271
20392,1617250,447.31622
20393,1617332,465.94992
20394,1617415,420.2107
20395,1617498,431.06326
20396,1617592,479.97156
20397,1617692,513.68964
20398,1617762,356.03436
20399,1617900,711.45013
20400,1618001,548.3599
20401,1618103,518.70374
20402,1618198,497.6477
20403,1618278,413.7337
20404,1618378,556.6455
20405,1618470,477.58618
20406,1618545,417.51047
20407,1618625,441.17386
20408,1618707,390.99326
20409,1618804,539.33356
20410,1618918,576.22217
20411,1619090,917.4471
20412,1619164,392.12695
20413,1619251,491.91104
20414,1619346,527.20215
20415,1619438,477.24072
20416,1619500,331.817
20417,1619574,378.31647
20418,1619692,673.7412
20419,1619821,721.42566
20420,1619923,549.8164
20421,1620027,583.5703
20422,1620123,546.5783
20423,1620200,406.47232
20424,1620286,435.23727
20425,1620458,915.1407
20426,1620589,679.02313
20427,1620659,358.0964
20428,1620730,387.93777
20429,1620809,426.846
20430,1620887,425.2619
20431,1620974,453.33203
20432,1621077,558.909
20433,1621191,578.6863
20434,1621301,614.11206
20435,1621399,514.1842
20436,1621486,425.09055
20437,1621583,518.1789
20438,1621687,581.49365
20439,1621817,667.64276
20440,1621919,554.59644
20441,1621994,373.28574
20442,1622089,508.77167
20443,1622206,621.5298
20444,1622318,600.5893
20445,1622442,692.34143
20446,1622532,492.20578
20447,1622646,640.2625
20448,1622713,359.95886
20449,1622784,361.635
20450,1622884,554.42554
20451,1622950,300.3632
20452,1623048,471.5554
20453,1623134,459.40417
20454,1623221,469.64188
20455,1623311,497.3676
20456,1623374,338.58252
20457,1623470,538.22876
20458,1623571,544.9542
20459,1623662,464.32507
20460,1623759,551.84875
20461,1623841,428.165
20462,1623928,480.13727
20463,1623995,346.80298
20464,1624102,598.1329
20465,1624193,479.91788
20466,1624309,627.073
20467,1624443,716.4859
20468,1624529,439.92117
20469,1624650,682.07184
20470,1624722,366.6539
20471,1624814,451.91498
20472,1624925,523.7844
20473,1625008,448.6154
20474,1625119,609.23566
20475,1625212,494.50497
20476,1625341,718.21533
20477,1625435,526.159
20478,1625530,444.59628
20479,1625647,646.17554
20480,1625753,605.00586
20481,1625824,386.7438
20482,1625923,543.8377
20483,1626002,406.05573
20484,1626076,407.01642
20485,1626195,618.3614
20486,1626258,341.50143
20487,1626352,434.8653
20488,1626450,535.4798
20489,1626563,630.8464
20490,1626651,437.3138
20491,1626770,650.3251
20492,1626863,466.2699
20493,1626970,549.1332
20494,1627048,432.82425
20495,1627157,602.07074
20496,1627261,561.2084
20497,1627374,642.7137
20498,1627471,490.81723
20499,1627552,386.4945
20500,1627620,353.00223
20501,1627693,398.7551
20502,1627773,450.72586
20503,1627892,617.7684
20504,1628024,727.59467
20505,1628115,503.60553
20506,1628201,455.6672
20507,1628295,504.3207
20508,1628385,472.80884
20509,1628467,460.6255
20510,1628529,343.05597
20511,1628654,650.5262
20512,1628739,471.48233
20513,1628800,320.9731
20514,1628894,516.1582
20515,1628987,511.8821
20516,1629099,637.1712
20517,1629180,459.73425
20518,1629282,505.1029
20519,1629449,912.8228
20520,1629546,520.96484
20521,1629624,430.4626
20522,1629723,503.22192
20523,1629830,572.67303
20524,1629936,568.77124
20525,1630029,513.4226
20526,1630116,458.0069
20527,1630214,544.18176
20528,1630313,543.2087
20529,1630463,801.2056
20530,1630543,438.25836
20531,1630643,547.051
20532,1630727,427.80954
20533,1630806,417.88657
20534,1630904,505.01212
20535,1630981,422.2671
20536,1631077,515.0365
20537,1631160,440.3559
20538,1631262,570.08527
20539,1631346,453.42392
20540,1631518,889.9358
20541,1631630,611.1197
20542,1631735,574.1698
20543,1631868,718.077
20544,1632009,776.4177
20545,1632086,436.2345
20546,1632166,442.74557
20547,1632256,487.47223
20548,1632345,443.6745
20549,1632448,584.6999
20550,1632526,413.3077
20551,1632611,471.48856
20552,1632719,536.39325
20553,1632836,634.0455
20554,1632968,728.9576
20555,1633057,491.13547
20556,1633176,648.2764
20557,1633264,472.66553
20558,1633376,615.97174
20559,1633488,599.8104
20560,1633567,408.98813
20561,1633854,1502.2338
20562,1633981,676.03625
20563,1634114,709.0633
20564,1634203,477.66037
20565,1634291,441.97565
20566,1634406,601.8866
20567,1634483,412.24023
20568,1634560,418.14017
20569,1634670,601.0216
20570,1634777,593.6371
20571,1634863,465.18127
20572,1635003,782.52325
20573,1635090,479.83035
20574,1635183,494.46732
20575,1635255,354.8862
20576,1635365,554.3588
20577,1635479,627.1065
20578,1635582,545.5934
20579,1635713,730.29803
20580,1635790,411.43942
20581,1635863,381.02582
20582,1635936,387.81256
20583,1636034,513.90936
20584,1636118,445.60022
20585,1636214,511.2197
20586,1636288,406.29294
20587,1636378,485.63925
20588,1636503,678.4695
20589,1636599,506.06064
20590,1636710,617.80194
20591,1636811,564.7062
20592,1636882,387.76904
20593,1636975,466.32166
20594,1637093,652.30457
20595,1637191,513.2607
20596,1637313,664.4567
20597,1637384,388.01312
20598,1637537,818.2116
20599,1637630,518.3254
20600,1637759,667.0898
20601,1637855,543.05457
20602,1637944,499.9635
20603,1638038,498.13638
20604,1638146,580.9738
20605,1638215,356.90567
20606,1638293,436.72525
20607,1638392,519.81647
20608,1638499,593.44666
20609,1638592,511.05518
20610,1638663,394.334
20611,1638770,555.0004
20612,1638879,562.7235
20613,1638958,411.91992
20614,1639084,663.69025
20615,1639159,395.0308
20616,1639256,525.4069
20617,1639396,778.5125
20618,1639501,574.2117
20619,1639598,519.80096
20620,1639682,471.98132
20621,1639786,540.0838
20622,1639889,508.67062
20623,1639959,387.66116
20624,1640086,645.0181
20625,1640193,541.2827
20626,1640285,473.23828
20627,1640385,533.16907
20628,1640485,518.2442
20629,1640633,828.8907
20630,1640750,622.53516
20631,1640848,559.8228
20632,1640941,490.50928
20633,1641033,500.6595
20634,1641109,407.54648
20635,1641191,409.57184
20636,1641281,502.38828
20637,1641328,227.2936
20638,1641451,659.64844
20639,1641575,684.93005
20640,1641665,462.6633
20641,1641794,695.48376
20642,1641878,421.11975
20643,1641991,616.7897
20644,1642107,617.744
20645,1642207,555.3751
20646,1642286,435.8425
20647,1642394,591.6329
20648,1642475,447.63376
20649,1642590,660.2465
20650,1642705,627.84753
20651,1642792,465.7076
20652,1642881,479.15216
20653,1642996,642.4581
20654,1643095,534.67255
20655,1643184,471.8679
20656,1643317,685.4053
20657,1643408,405.50644
20658,1643543,667.5588
20659,1643659,591.9644
20660,1643759,538.7629
20661,1643872,638.13605
20662,1643985,573.7767
20663,1644119,737.7389
20664,1644195,402.18765
20665,1644316,656.55493
20666,1644394,426.9068
20667,1644509,553.16534
20668,1644619,578.5436
20669,1644719,530.36554
20670,1644797,414.80927
20671,1644944,711.6607
20672,1645029,476.39813
20673,1645134,591.91626
20674,1645255,640.259
20675,1645344,506.0049
20676,1645425,409.5488
20677,1645553,711.7608
20678,1645676,636.14465
20679,1645745,381.52316
20680,1645862,636.96045
20681,1645985,602.3873
20682,1646080,508.24643
20683,1646167,465.06824
20684,1646347,898.4345
20685,1646439,501.86856
20686,1646525,448.38364
20687,1646649,636.0117
20688,1646777,683.2171
20689,1646859,454.21304
20690,1646977,649.4811
20691,1647075,545.8453
20692,1647196,646.7533
20693,1647294,550.20825
20694,1647355,345.4715
20695,1647454,506.4583
20696,1647538,422.13315
20697,1647648,604.1875
20698,1647732,460.82034
20699,1647821,495.13458
20700,1647910,492.48022
20701,1648011,559.8498
20702,1648088,433.67386
20703,1648172,462.2202
20704,1648268,525.311
20705,1648382,624.8762
20706,1648504,661.22784
20707,1648570,344.356
20708,1648675,582.4145
20709,1648773,505.36118
20710,1648898,693.5493
20711,1649001,520.46674
20712,1649094,499.719
20713,1649209,629.74426
20714,1649296,483.44055
20715,1649391,533.73645
20716,1649516,687.76263
20717,1649637,670.30475
20718,1649708,358.28033
20719,1649803,512.84985
20720,1649905,539.3363
20721,1649991,444.60873
20722,1650094,543.5643
20723,1650218,683.9814
20724,1650323,582.6899
20725,1650425,526.7481
20726,1650515,501.31003
20727,1650682,834.8837
20728,1650786,544.8598
20729,1650878,510.40802
20730,1650992,638.1659
20731,1651086,524.7076
20732,1651179,485.4114
20733,1651275,483.2197
20734,1651371,528.3717
20735,1651429,322.51434
20736,1651533,559.4332
20737,1651606,382.1879
20738,1651711,591.7637
20739,1651815,576.2189
20740,1651915,561.89856
20741,1651978,316.9158
20742,1652094,658.5809
20743,1652179,449.93906
20744,1652284,542.2666
20745,1652376,513.702
20746,1652461,464.8428
20747,1652535,404.9224
20748,1652658,668.5055
20749,1652735,431.7666
20750,1652803,338.9708
20751,1652899,533.7299
20752,1652975,397.43582
20753,1653087,629.57227
20754,1653181,488.85
20755,1653254,377.43826
20756,1653406,803.4624
20757,1653515,580.0365
20758,1653604,449.7822
20759,1653702,557.9659
20760,1653826,676.45605
20761,1653909,465.68524
20762,1654015,550.7477
20763,1654080,324.30984
20764,1654168,472.80496
20765,1654275,570.9531
20766,1654346,390.2195
20767,1654430,448.6272
20768,1654531,549.6732
20769,1654630,539.01843
20770,1654693,352.51334
20771,1654824,701.32806
20772,1654914,469.10413
20773,1655013,547.97595
20774,1655114,537.3124
20775,1655247,733.01056
20776,1655347,556.55634
20777,1655482,713.0158
20778,1655585,551.70056
20779,1655694,576.6818
20780,1655767,360.89825
20781,1655845,393.73038
20782,1655925,418.83383
20783,1656027,563.545
20784,1656124,500.17407
20785,1656187,335.35193
20786,1656270,460.324
20787,1656353,413.9544
20788,1656470,617.0514
20789,1656549,427.95178
20790,1656668,640.88196
20791,1656839,933.4348
20792,1656956,644.388
20793,1657037,452.65137
20794,1657141,579.1625
20795,1657259,664.2204
20796,1657340,421.60248
20797,1657435,541.07074
20798,1657535,544.68884
20799,1657636,541.14404
20800,1657733,509.05176
20801,1657798,334.897
20802,1657909,608.6988
20803,1657988,399.47318
20804,1658071,467.2256
20805,1658169,526.1748
20806,1658287,574.2929
20807,1658512,1176.872
20808,1658605,501.2625
20809,1658700,506.85867
20810,1658803,534.4831
20811,1658904,538.1798
20812,1658982,426.15356
20813,1659081,533.15985
20814,1659165,468.8869
20815,1659301,749.4021
20816,1659394,517.50415
20817,1659482,471.56564
20818,1659600,639.3748
20819,1659691,501.26163
20820,1659801,563.06946
20821,1659920,652.9522
20822,1659995,424.10443
20823,1660075,429.87555
20824,1660199,671.6189
20825,1660271,311.85547
20826,1660363,480.41467
20827,1660472,560.84033
20828,1660564,494.75424
20829,1660644,413.7931
20830,1660753,611.9991
20831,1660882,705.27014
20832,1661002,638.928
20833,1661110,618.7514
20834,1661222,638.5186
20835,1661315,475.73965
20836,1661436,650.14966
20837,1661543,556.882
20838,1661641,527.5778
20839,1661729,490.45795
20840,1661874,763.8028
20841,1661964,435.63
20842,1662082,639.9175
20843,1662176,510.66302
20844,1662296,668.57294
20845,1662367,368.59967
20846,1662468,546.0918
20847,1662542,383.21423
20848,1662633,442.38446
20849,1662706,348.78207
20850,1662780,389.007
20851,1662911,726.0732
20852,1663001,474.47595
20853,1663102,549.74896
20854,1663192,487.26227
20855,1663262,386.6596
20856,1663338,424.25357
20857,1663447,595.2042
20858,1663519,390.8704
20859,1663639,672.30426
20860,1663718,453.23975
20861,1663795,384.26163
20862,1663935,678.2355
20863,1664028,479.84152
20864,1664120,507.44528
20865,1664243,643.4667
20866,1664358,593.9255
20867,1664432,359.4234
20868,1664549,597.0724
20869,1664677,683.8771
20870,1664753,396.39935
20871,1664837,468.29944
20872,1664909,364.0111
20873,1665006,531.99493
20874,1665114,603.79486
20875,1665206,467.97614
20876,1665314,555.71796
20877,1665453,740.39087
20878,1665529,435.75195
20879,1665647,623.9091
20880,1665729,441.70126
20881,1665830,558.55164
20882,1665912,434.5922
20883,1666004,481.87396
20884,1666118,571.05334
20885,1666240,667.6746
20886,1666350,606.1205
20887,1666452,566.3079
20888,1666527,411.21295
20889,1666650,619.78937
20890,1666744,522.5646
20891,1666806,346.3807
20892,1666875,343.8044
20893,1667007,692.1641
20894,1667108,485.9795
20895,1667185,421.74768
20896,1667271,446.99332
20897,1667391,671.9391
20898,1667505,639.5908
20899,1667591,472.5304
20900,1667675,459.97736
20901,1667740,341.24893
20902,1667859,639.311
20903,1667958,554.99945
20904,1668033,375.59558
20905,1668114,408.67706
20906,1668201,466.75375
20907,1668296,516.143
20908,1668419,689.88477
20909,1668488,360.83975
20910,1668596,605.3654
20911,1668751,792.4819
20912,1668845,527.085
20913,1668947,550.63025
20914,1669100,818.16547
20915,1669248,763.746
20916,1669336,454.61734
20917,1669443,585.1825
20918,1669538,503.77954
20919,1669632,458.8729
20920,1669725,522.3028
20921,1669831,584.98334
20922,1669955,704.42645
20923,1670052,545.7614
20924,1670140,467.70126
20925,1670260,656.08435
20926,1670389,702.70874
20927,1670456,357.63043
20928,1670540,475.14963
20929,1670622,444.02216
20930,1670694,381.93588
20931,1670779,471.21646
20932,1670851,378.39774
20933,1670942,487.8111
20934,1671022,456.3155
20935,1671098,409.3803
20936,1671174,410.4121
20937,1671259,460.36893
20938,1671365,564.1476
20939,1671452,450.886
20940,1671548,527.65576
20941,1671640,482.588
20942,1671717,410.7746
20943,1671783,369.97778
20944,1671881,547.1569
20945,1671997,625.3855
20946,1672097,557.35223
20947,1672189,472.2941
20948,1672296,575.4598
20949,1672392,525.9625
20950,1672488,519.0495
20951,1672582,514.37756
20952,1672708,693.70746
20953,1672795,454.42703
20954,1672870,416.76392
20955,1672961,502.95428
20956,1673064,549.4756
20957,1673153,493.94977
20958,1673252,514.9787
20959,1673350,540.42236
20960,1673451,539.8212
20961,1673536,472.7524
20962,1673618,442.7105
20963,1673693,410.84097
20964,1673779,471.6082
20965,1673875,529.8636
20966,1674008,715.4475
20967,1674081,387.0413
20968,1674198,614.5018
20969,1674291,504.20642
20970,1674384,514.67377
20971,1674437,287.08725
20972,1674566,713.6756
20973,1674649,454.86676
20974,1674737,477.34344
20975,1674837,561.24536
20976,1674914,400.21515
20977,1675009,525.7728
20978,1675122,558.7573
20979,1675208,457.72452
20980,1675302,485.36182
20981,1675430,697.74664
20982,1675517,493.42285
20983,1675597,410.45917
20984,1675707,602.071
20985,1675769,326.6987
20986,1675843,389.625
20987,1675961,655.87494
20988,1676052,494.47537
20989,1676178,703.14545
20990,1676256,429.19058
20991,1676380,660.59515
20992,1676468,414.82877
20993,1676579,609.85455
20994,1676652,404.8592
20995,1676730,409.8366
20996,1676815,481.8447
20997,1676905,487.53717
20998,1676987,425.7374
20999,1677105,663.7625
21000,1677197,472.38623
21001,1677265,368.8494
21002,1677399,705.0684
21003,1677484,455.1568
21004,1677544,296.19424
21005,1677647,575.39484
21006,1677728,432.7562
21007,1677841,616.2848
21008,1677951,594.99054
21009,1678043,498.50424
21010,1678157,552.8008
21011,1678218,317.09586
21012,1678341,661.7364
21013,1678451,596.16943
21014,1678542,478.7941
21015,1678628,470.0914
21016,1678747,619.1017
21017,1678811,341.77875
21018,1678919,563.5321
21019,1679003,425.19324
21020,1679077,405.58713
21021,1679208,694.9569
21022,1679332,688.36053
21023,1679399,339.33856
21024,1679479,428.67032
21025,1679584,593.1964
21026,1679678,511.81097
21027,1679791,604.56067
21028,1679873,459.21133
21029,1679970,533.5334
21030,1680079,574.27216
21031,1680167,484.31332
21032,1680271,552.11554
21033,1680370,550.1182
21034,1680489,626.7583
21035,1680573,442.21048
21036,1680641,362.13797
21037,1680770,615.7404
21038,1680850,441.71628
21039,1680949,531.6792
21040,1681059,605.3479
21041,1681147,491.61453
21042,1681273,699.6125
21043,1681344,385.02835
21044,1681462,655.86755
21045,1681573,603.96136
21046,1681688,625.56885
21047,1681773,458.1408
21048,1681891,661.05707
21049,1682014,609.75024
21050,1682110,513.83246
21051,1682196,445.11295
21052,1682303,596.08636
21053,1682372,376.57608
21054,1682472,496.07367
21055,1682561,472.33224
21056,1682650,498.88657
21057,1682779,665.5949
21058,1682856,398.32166
21059,1682948,490.7425
21060,1683042,528.9817
21061,1683120,428.11322
21062,1683217,522.1901
21063,1683333,610.18585
21064,1683401,378.8353
21065,1683507,591.1016
21066,1683616,576.4825
21067,1683718,550.23236
21068,1683807,476.75906
21069,1683883,424.48608
21070,1683996,598.7021
21071,1684065,365.13153
21072,1684176,597.96875
21073,1684259,455.91232
21074,1684364,595.3717
21075,1684439,417.75864
21076,1684529,476.4791
21077,1684602,396.81406
21078,1684704,582.3235
21079,1684824,653.6029
21080,1684914,486.9897
21081,1685017,562.2872
21082,1685151,703.2217
21083,1685230,422.75748
21084,1685298,342.1275
21085,1685532,1264.7573
21086,1685655,682.7612
21087,1685735,426.34
21088,1685807,381.47784
21089,1685892,468.75613
21090,1686008,599.57635
21091,1686107,532.8689
21092,1686200,498.02713
21093,1686280,422.84204
21094,1686365,468.56915
21095,1686475,508.4244
21096,1686571,483.84955
21097,1686654,440.74213
21098,1686744,499.4106
21099,1686844,529.6379
21100,1686935,499.46118
21101,1687006,388.54388
21102,1687098,519.944
21103,1687198,542.6701
21104,1687314,661.04254
21105,1687469,815.4811
21106,1687580,544.35046
21107,1687693,598.1932
21108,1687790,545.41693
21109,1687921,692.4076
21110,1688107,1003.44916
21111,1688200,505.75644
21112,1688290,523.27435
21113,1688359,352.908
21114,1688551,1041.9899
21115,1688636,453.5942
21116,1688728,479.70178
21117,1688840,607.0371
21118,1688910,382.4289
21119,1688978,381.11023
21120,1689056,408.5483
21121,1689146,491.9022
21122,1689262,611.3418
21123,1689379,651.9283
21124,1689497,614.47815
21125,1689598,552.07074
21126,1689696,548.7099
21127,1689771,397.54562
21128,1689840,369.44638
21129,1689970,693.38605
21130,1690033,317.2901
21131,1690154,648.3982
21132,1690225,398.02072
21133,1690351,689.8328
21134,1690413,340.66925
21135,1690514,515.6608
21136,1690629,592.9883
21137,1690729,561.9904
21138,1690855,688.17267
21139,1690966,616.3737
21140,1691055,489.92285
21141,1691203,820.25793
21142,1691310,554.4173
21143,1691395,474.52902
21144,1691482,436.91446
21145,1691599,585.692
21146,1691710,564.4723
21147,1691806,544.9629
21148,1691965,879.9311
21149,1692087,681.17505
21150,1692162,416.90967
21151,1692243,382.85947
21152,1692320,429.4246
21153,1692460,732.87286
21154,1692582,667.09064
21155,1692684,548.0613
21156,1692807,650.7551
21157,1692921,601.7423
21158,1693002,462.46387
21159,1693101,535.08966
21160,1693181,439.356
21161,1693283,567.39636
21162,1693379,504.6665
21163,1693518,795.3516
21164,1693656,726.4278
21165,1693751,522.74677
21166,1693887,704.66595
21167,1693978,500.93787
21168,1694095,631.7742
21169,1694195,555.24506
21170,1694290,461.76978
21171,1694360,349.01083
21172,1694476,605.15295
21173,1694592,585.4759
21174,1694695,553.60406
21175,1694811,643.45465
21176,1694885,401.58505
21177,1694987,557.5954
21178,1695075,491.00674
21179,1695214,781.45483
21180,1695299,463.30405
21181,1695388,486.05817
21182,1695456,354.11984
21183,1695545,468.69327
21184,1695660,630.0054
21185,1695728,381.6833
21186,1695800,405.70407
21187,1695883,445.3717
21188,1695992,604.73083
21189,1696083,486.7538
21190,1696195,572.78107
21191,1696349,788.60266
21192,1696479,708.41864
21193,1696585,565.96875
21194,1696691,578.23193
21195,1696787,535.39606
21196,1696886,559.0534
21197,1696973,429.844
21198,1697081,591.68536
21199,1697171,510.7972
21200,1697250,422.20618
21201,1697350,506.98996
21202,1697464,610.1957
21203,1697552,499.18225
21204,1697659,562.70764
21205,1697777,662.2957
21206,1697863,471.173
21207,1697978,625.2954
21208,1698061,455.65158
21209,1698156,474.04355
21210,1698266,598.57294
21211,1698336,376.26917
21212,1698419,434.96
21213,1698491,409.47925
21214,1698590,487.0989
21215,1698692,542.3753
21216,1698786,524.888
21217,1698868,429.74307
21218,1698978,572.5584
21219,1699093,607.00977
21220,1699164,355.30414
21221,1699255,498.45822
21222,1699392,706.22705
21223,1699485,510.11166
21224,1699557,389.59186
21225,1699702,732.6723
21226,1699787,386.73914
21227,1699853,365.19138
21228,1699909,316.73578
21229,1699980,375.7838
21230,1700094,546.03064
21231,1700185,503.68478
21232,1700278,509.526
21233,1700381,537.40515
21234,1700485,542.52893
21235,1700553,325.0573
21236,1700658,577.5596
21237,1700733,400.4539
21238,1700818,401.7029
21239,1700946,658.02313
21240,1701060,621.92163
21241,1701149,474.46866
21242,1701239,498.30276
21243,1701324,472.66028
21244,1701392,364.56247
21245,1701487,535.74054
21246,1701600,583.74854
21247,1701687,452.04144
21248,1701794,556.4026
21249,1701887,517.5612
21250,1701976,501.37546
21251,1702058,404.04596
21252,1702134,391.99612
21253,1702227,521.81903
21254,1702304,407.4476
21255,1702443,740.8098
21256,1702561,645.5077
21257,1702661,525.8933
21258,1702769,587.8577
21259,1702882,648.2908
21260,1702967,455.52115
21261,1703040,378.09897
21262,1703112,398.4885
21263,1703216,572.63196
21264,1703330,580.6764
21265,1703389,288.00955
21266,1703486,535.0425
21267,1703563,431.12213
21268,1703656,522.5303
21269,1703771,582.03033
21270,1703858,395.9508
21271,1703930,383.41864
21272,1704023,522.55554
21273,1704121,523.24286
21274,1704207,470.70374
21275,1704317,585.04443
21276,1704407,467.89078
21277,1704527,667.355
21278,1704625,543.46405
21279,1704703,423.33893
21280,1704796,493.46075
21281,1704890,501.5138
21282,1704961,386.14783
21283,1705049,477.7907
21284,1705142,457.86472
21285,1705242,540.2217
21286,1705365,667.02203
21287,1705444,445.78586
21288,1705516,390.74072
21289,1705620,582.90796
21290,1705703,470.36014
21291,1705785,458.69397
21292,1705891,591.2054
21293,1705981,503.89575
21294,1706068,447.00183
21295,1706168,572.4122
21296,1706274,592.01514
21297,1706370,518.16547
21298,1706475,542.4162
21299,1706536,314.78125
21300,1706666,737.5588
21301,1706753,436.90845
21302,1706867,633.1941
21303,1706979,574.57385
21304,1707066,489.07895
21305,1707143,384.95132
21306,1707261,620.0099
21307,1707345,435.8973
21308,1707445,552.0323
21309,1707572,684.0053
21310,1707669,508.90494
21311,1707793,678.86316
21312,1707876,460.79636
21313,1707949,397.03714
21314,1708042,498.59146
21315,1708149,573.77277
21316,1708265,626.3327
21317,1708375,611.0073
21318,1708473,519.2369
21319,1708557,395.9108
21320,1708674,629.4584
21321,1708758,448.69827
21322,1708850,499.04892
21323,1708954,587.11957
21324,1709029,423.89832
21325,1709128,560.46063
21326,1709230,558.04486
21327,1709296,365.1231
21328,1709370,413.68408
21329,1709449,379.72018
21330,1709565,657.7968
21331,1709646,423.0234
21332,1709718,387.33102
21333,1709792,399.4751
21334,1709925,711.91846
21335,1710018,531.4257
21336,1710099,407.89047
21337,1710182,440.53452
21338,1710313,617.5824
21339,1710395,431.7742
21340,1710509,651.4385
21341,1710602,518.62555
21342,1710705,549.90686
21343,1710798,522.20496
21344,1710882,463.66843
21345,1710992,609.38055
21346,1711081,485.08884
21347,1711165,469.96786
21348,1711317,821.8125
21349,1711429,616.13336
21350,1711499,351.53925
21351,1711577,432.9093
21352,1711669,511.56778
21353,1711757,488.94168
21354,1711852,518.9732
21355,1711945,495.56088
21356,1712039,510.3474
21357,1712121,455.05334
21358,1712186,347.66144
21359,1712296,614.0998
21360,1712397,520.2745
21361,1712495,547.5574
21362,1712617,654.2355
21363,1712729,624.5501
21364,1712809,408.97723
21365,1712895,452.75815
21366,1712967,387.7858
21367,1713059,477.94873
21368,1713200,719.4174
21369,1713313,568.6073
21370,1713382,338.98495
21371,1713463,416.58282
21372,1713542,424.51614
21373,1713607,336.57037
21374,1713717,617.1189
21375,1713816,500.94617
21376,1713909,522.0612
21377,1713979,368.9715
21378,1714055,407.61575
21379,1714146,443.60397
21380,1714244,552.9018
21381,1714375,615.44196
21382,1714474,482.34872
21383,1714616,771.124
21384,1714712,500.6973
21385,1714829,564.07
21386,1714913,465.45453
21387,1715036,660.8075
21388,1715139,586.42365
21389,1715234,530.89374
21390,1715385,794.5466
21391,1715491,602.16376
21392,1715561,389.59857
21393,1715644,444.3387
21394,1715745,534.66437
21395,1715823,434.246
21396,1715929,589.3966
21397,1716022,522.40796
21398,1716160,756.1712
21399,1716268,545.3098
21400,1716375,586.0876
21401,1716506,719.0093
21402,1716592,471.5119
21403,1716668,413.69363
21404,1716758,497.13864
21405,1716856,544.7254
21406,1716943,462.15076
21407,1717012,391.75803
21408,1717128,636.67554
21409,1717190,317.64685
21410,1717287,541.7461
21411,1717394,588.415
21412,1717477,413.0419
21413,1717599,678.4583
21414,1717697,530.30646
21415,1717776,439.9114
21416,1717856,455.57388
21417,1717934,391.00803
21418,1718023,497.22305
21419,1718124,567.5828
21420,1718189,352.68994
21421,1718310,591.0503
21422,1718416,576.79987
21423,1718548,740.5677
21424,1718633,461.22833
21425,1718715,460.8029
21426,1718806,466.96606
21427,1718927,641.929
21428,1719015,474.95602
21429,1719108,536.4628
21430,1719213,610.6943
21431,1719300,500.23248
21432,1719424,689.0278
21433,1719522,495.88837
21434,1719637,639.8286
21435,1719741,548.9849
21436,1719850,525.91406
21437,1720003,860.5411
21438,1720096,479.36432
21439,1720203,603.13336
21440,1720334,745.39636
21441,1720433,545.6882
21442,1720504,385.49222
21443,1720588,476.1029
21444,1720675,481.2717
21445,1720773,523.1361
21446,1720896,645.5633
21447,1721019,659.4613
21448,1721100,418.36057
21449,1721237,742.38214
21450,1721321,459.18558
21451,1721397,419.80258
21452,1721525,703.0481
21453,1721608,458.63177
21454,1721698,518.7008
21455,1721775,437.07532
21456,1721896,617.54846
21457,1721970,395.91937
21458,1722124,810.9237
21459,1722214,499.02393
21460,1722277,348.75076
21461,1722364,444.13953
21462,1722493,679.85803
21463,1722564,392.06644
21464,1722650,465.4842
21465,1722806,838.0821
21466,1722927,630.9518
21467,1723083,859.4829
21468,1723169,482.83728
21469,1723317,784.0322
21470,1723407,497.06747
21471,1723520,632.77106
21472,1723599,437.74716
21473,1723711,625.87427
21474,1723802,504.1587
21475,1723899,514.6315
21476,1724003,555.932
21477,1724119,611.70557
21478,1724205,465.07678
21479,1724281,420.86713
21480,1724382,553.2556
21481,1724470,457.8705
21482,1724580,592.7168
21483,1724675,534.05414
21484,1724822,814.8084
21485,1724917,498.5895
21486,1724999,446.75266
21487,1725086,475.60013
21488,1725157,371.11993
21489,1725252,529.8504
21490,1725331,449.56723
21491,1725464,726.9435
21492,1725553,483.59482
21493,1725642,464.19116
21494,1725754,634.6013
21495,1725855,533.02277
21496,1725939,463.71524
21497,1726041,529.01685
21498,1726139,519.5758
21499,1726220,457.42783
21500,1726342,683.76917
21501,1726451,594.8848
21502,1726548,534.16626
21503,1726620,396.91626
21504,1726750,687.3338
21505,1726840,471.111
21506,1726933,449.021
21507,1727043,552.5813
21508,1727128,441.79514
21509,1727218,459.13113
21510,1727279,330.84677
21511,1727363,447.11008
21512,1727433,393.0165
21513,1727518,466.02
21514,1727638,670.00824
21515,1727711,370.7386
21516,1727799,465.3895
21517,1727921,637.0466
21518,1728027,591.21234
21519,1728115,476.65057
21520,1728209,525.2504
21521,1728277,334.2895
21522,1728385,576.1483
21523,1728487,561.0622
21524,1728608,637.07135
21525,1728754,794.8092
21526,1728817,286.44818
21527,1728889,367.86942
21528,1729032,785.98065
21529,1729165,734.6452
21530,1729293,676.6129
21531,1729417,682.0781
21532,1729505,448.67255
21533,1729637,650.294
21534,1729732,476.65265
21535,1729862,691.44226
21536,1729972,618.743
21537,1730054,454.347
21538,1730173,624.3809
21539,1730299,669.96356
21540,1730414,634.466
21541,1730494,429.00305
21542,1730557,302.6201
21543,1730664,567.7069
21544,1730770,506.86014
21545,1730880,611.5325
21546,1731038,848.03705
21547,1731148,605.8836
21548,1731274,679.3986
21549,1731364,494.5402
21550,1731477,551.5606
21551,1731573,505.55328
21552,1731678,590.71454
21553,1731784,550.5519
21554,1731865,441.659
21555,1731945,433.34848
21556,1732021,401.20312
21557,1732091,347.70297
21558,1732205,640.9368
21559,1732330,722.022
21560,1732425,496.3595
21561,1732558,713.1764
21562,1732631,389.74185
21563,1732756,685.333
21564,1732840,431.70206
21565,1732925,474.09433
21566,1733002,397.9076
21567,1733095,462.1912
21568,1733197,552.2841
21569,1733263,356.81226
21570,1733353,474.71167
21571,1733466,610.431
21572,1733576,616.63354
21573,1733710,700.09985
21574,1733787,378.3643
21575,1733915,634.18646
21576,1734026,628.8249
21577,1734114,459.09622
21578,1734201,462.8303
21579,1734276,386.8563
21580,1734364,479.90585
21581,1734454,474.491
21582,1734534,379.1344
21583,1734614,437.07547
21584,1734707,518.81946
21585,1734825,612.2353
21586,1734910,466.9057
21587,1735050,740.2218
21588,1735164,600.1537
21589,1735275,561.8391
21590,1735343,369.99487
21591,1735409,337.60434
21592,1735491,456.91516
21593,1735593,536.4042
21594,1735681,462.854
21595,1735813,728.57587
21596,1735926,611.67505
21597,1735995,395.10046
21598,1736084,490.38107
21599,1736194,628.52075
21600,1736311,662.7201
21601,1736381,361.2403
21602,1736468,475.61682
21603,1736580,601.88464
21604,1736661,405.6701
21605,1736739,416.30737
21606,1736846,596.00446
21607,1736931,458.5635
21608,1737003,362.7602
21609,1737125,658.6776
21610,1737245,612.5478
21611,1737329,468.29727
21612,1737406,397.39935
21613,1737496,456.8985
21614,1737630,765.4805
21615,1737733,582.0757
21616,1737845,614.07367
21617,1737953,552.9656
21618,1738052,534.3104
21619,1738154,569.89636
21620,1738214,336.7935
21621,1738308,486.94553
21622,1738385,383.07553
21623,1738450,323.7911
21624,1738544,495.47302
21625,1738644,563.80145
21626,1738720,400.12292
21627,1738781,290.31366
21628,1738884,553.5305
21629,1738996,608.73895
21630,1739090,499.95016
21631,1739163,382.1513
21632,1739252,476.7799
21633,1739339,480.70062
21634,1739429,468.97952
21635,1739503,393.8411
21636,1739584,435.24097
21637,1739703,664.6131
21638,1739828,710.4062
21639,1739928,539.7852
21640,1740022,505.54767
21641,1740098,416.2832
21642,1740186,496.92636
21643,1740287,545.90125
21644,1740437,827.47894
21645,1740512,407.16788
21646,1740606,520.95197
21647,1740727,651.3892
21648,1740816,479.08908
21649,1740929,626.25073
21650,1741052,684.18536
21651,1741156,563.32855
21652,1741248,486.14597
21653,1741322,404.1103
21654,1741455,711.5275
21655,1741540,454.02103
21656,1741651,596.7572
21657,1741804,809.7054
21658,1741910,552.3328
21659,1742029,563.06775
21660,1742138,595.2889
21661,1742267,630.8871
21662,1742391,670.19934
21663,1742489,554.091
21664,1742586,500.50333
21665,1742678,520.31366
21666,1742773,527.7476
21667,1742912,754.4555
21668,1743075,897.319
21669,1743205,735.171
21670,1743271,352.70895
21671,1743380,588.87305
21672,1743454,419.63437
21673,1743556,561.6812
21674,1743649,501.47897
21675,1743747,548.0121
21676,1743820,385.2142
21677,1743940,623.0182
21678,1744042,553.06177
21679,1744108,351.4263
21680,1744208,559.863
21681,1744320,596.7748
21682,1744406,454.18018
21683,1744496,504.15067
21684,1744576,435.67157
21685,1744679,543.8874
21686,1744759,415.02197
21687,1744852,511.26022
21688,1744996,816.6597
21689,1745113,655.54584
21690,1745206,511.8692
21691,1745277,373.40216
21692,1745447,939.57684
21693,1745532,461.5711
21694,1745619,461.4813
21695,1745726,593.15826
21696,1745800,389.10294
21697,1745931,726.71594
21698,1746007,422.74646
21699,1746138,732.0838
21700,1746234,511.94162
21701,1746353,655.00964
21702,1746434,404.0496
21703,1746548,639.0995
21704,1746670,684.2143
21705,1746772,561.531
21706,1746858,465.26065
21707,1746971,570.56366
21708,1747036,311.59912
21709,1747163,667.4083
21710,1747248,447.10944
21711,1747316,362.61017
21712,1747390,400.4026
21713,1747478,477.22998
21714,1747557,438.38638
21715,1747638,457.1478
21716,1747736,524.652
21717,1747842,584.6765
21718,1747954,606.6122
21719,1748044,474.77942
21720,1748140,520.8679
21721,1748238,505.30408
21722,1748354,630.325
21723,1748447,516.8961
21724,1748516,375.51624
21725,1748609,531.0621
21726,1748687,445.62027
21727,1748768,414.49234
21728,1748893,681.27704
21729,1748967,376.94058
21730,1749124,772.86523
21731,1749191,310.65872
21732,1749300,560.6039
21733,1749406,546.81885
21734,1749524,653.0725
21735,1749621,534.97064
21736,1749700,433.55304
21737,1749795,498.0603
21738,1749879,470.66754
21739,1749941,326.8221
21740,1750010,356.3193
21741,1750158,781.958
21742,1750268,549.8262
21743,1750367,518.3433
21744,1750457,466.16464
21745,1750543,488.8719
21746,1750616,402.9749
21747,1750699,446.8757
21748,1750830,700.2537
21749,1750925,502.77518
21750,1751015,507.66736
21751,1751093,391.81738
21752,1751153,279.46478
21753,1751237,472.4447
21754,1751351,610.6859
21755,1751435,460.77658
21756,1751502,358.93588
21757,1751601,551.74713
21758,1751710,587.13995
21759,1751811,554.2089
21760,1751895,475.42154
21761,1752006,592.71466
21762,1752116,538.5422
21763,1752258,749.9609
21764,1752353,524.31415
21765,1752425,414.79337
21766,1752500,408.16043
21767,1752627,678.01117
21768,1752708,411.41214
21769,1752809,564.38586
21770,1752943,763.23364
21771,1753014,366.81363
21772,1753114,524.19653
21773,1753193,436.95618
21774,1753280,472.49973
21775,1753348,364.41867
21776,1753472,655.1814
21777,1753578,594.8603
21778,1753682,538.7565
21779,1753750,377.14066
21780,1753841,495.99893
21781,1753940,550.5682
21782,1754011,399.45206
21783,1754092,431.2278
21784,1754167,418.79584
21785,1754246,411.2511
21786,1754351,576.71423
21787,1754474,683.1428
21788,1754579,563.96906
21789,1754657,419.774
21790,1754861,1017.1031
21791,1754952,481.87317
21792,1755039,465.43152
21793,1755104,347.12683
21794,1755181,376.42654
21795,1755264,433.00317
21796,1755344,451.17313
21797,1755434,505.1555
21798,1755522,397.08508
21799,1755627,583.055
21800,1755741,625.802
21801,1755822,440.42236
21802,1755886,343.49393
21803,1756003,659.6392
21804,1756076,398.73328
21805,1756169,501.07074
21806,1756277,572.68066
21807,1756371,510.05118
21808,1756454,444.8352
21809,1756541,495.02838
21810,1756676,714.91974
21811,1756807,714.72064
21812,1756962,811.05865
21813,1757077,652.3063
21814,1757169,504.69293
21815,1757288,662.1091
21816,1757403,640.07635
21817,1757503,542.2886
21818,1757633,708.5587
21819,1757774,743.0691
21820,1757863,461.41684
21821,1757925,344.27774
21822,1758023,537.9156
21823,1758098,405.65875
21824,1758205,565.93225
21825,1758323,649.9219
21826,1758430,591.88965
21827,1758494,347.9501
21828,1758594,548.60675
21829,1758677,429.2515
21830,1758755,427.33295
21831,1758857,534.85156
21832,1758924,362.5873
21833,1759018,525.46735
21834,1759119,531.2365
21835,1759201,455.78842
21836,1759290,448.75626
21837,1759389,552.2514
21838,1759478,496.38092
21839,1759550,407.0393
21840,1759645,503.73972
21841,1759737,514.83405
21842,1759806,365.4641
21843,1759908,577.70874
21844,1759992,443.05624
21845,1760077,475.00015
21846,1760165,491.27603
21847,1760285,593.61487
21848,1760366,396.14966
21849,1760459,509.28485
21850,1760546,492.8241
21851,1760671,618.727
21852,1760749,424.5503
21853,1760891,714.8685
21854,1760998,549.4212
21855,1761091,501.90344
21856,1761187,513.83716
21857,1761278,464.04822
21858,1761389,605.4051
21859,1761543,809.3258
21860,1761671,663.0851
21861,1761795,704.33136
21862,1761901,605.05597
21863,1761968,345.77606
21864,1762039,380.5232
21865,1762110,360.9771
21866,1762205,477.4006
21867,1762288,469.4498
21868,1762395,601.41144
21869,1762495,475.17303
21870,1762581,462.19278
21871,1762675,512.9105
21872,1762819,763.9951
21873,1762916,555.0861
21874,1763051,729.44257
21875,1763131,426.64127
21876,1763219,457.4476
21877,1763285,316.30185
21878,1763370,456.9271
21879,1763445,418.87402
21880,1763547,561.9127
21881,1763652,560.6929
21882,1763755,566.75604
21883,1763872,601.37994
21884,1763983,605.4504
21885,1764079,509.07608
21886,1764183,534.5835
21887,1764283,559.04675
21888,1764362,429.94534
21889,1764451,510.2444
21890,1764514,352.7196
21891,1764634,659.85315
21892,1764727,515.0284
21893,1764837,592.6632
21894,1765012,857.1486
21895,1765112,518.6289
21896,1765192,447.5826
21897,1765271,432.78043
21898,1765384,628.3961
21899,1765477,522.07275
21900,1765592,629.9311
21901,1765675,464.94586
21902,1765753,435.60822
21903,1765834,406.15338
21904,1765909,373.49332
21905,1765994,446.48886
21906,1766093,566.5235
21907,1766214,611.2172
21908,1766302,498.01694
21909,1766378,368.95746
21910,1766470,464.1771
21911,1766582,592.62854
21912,1766661,432.50836
21913,1766756,501.9004
21914,1766851,521.1695
21915,1766935,473.9351
21916,1767018,452.47308
21917,1767114,525.525
21918,1767206,452.79053
21919,1767315,611.0768
21920,1767419,548.225
21921,1767497,406.4408
21922,1767592,496.03857
21923,1767689,446.694
21924,1767779,452.21082
21925,1767871,519.305
21926,1767995,658.61865
21927,1768104,571.352
21928,1768174,382.37912
21929,1768253,411.89752
21930,1768377,666.00745
21931,1768469,512.16833
21932,1768559,503.4519
21933,1768642,403.69794
21934,1768714,409.44424
21935,1768797,467.7958
21936,1768879,427.4936
21937,1768963,454.1726
21938,1769047,432.18054
21939,1769139,462.59644
21940,1769270,716.0325
21941,1769341,391.8326
21942,1769444,567.6662
21943,1769529,458.6829
21944,1769639,591.3648
21945,1769723,437.26376
21946,1769788,358.6039
21947,1769865,363.39758
21948,1769944,397.84872
21949,1770038,496.57883
21950,1770123,459.2617
21951,1770207,462.25858
21952,1770321,630.005
21953,1770442,674.1917
21954,1770529,487.59814
21955,1770599,335.67355
21956,1770698,515.924
21957,1770792,490.23282
21958,1770885,478.85666
21959,1770963,431.4086
21960,1771152,961.1573
21961,1771232,455.9574
21962,1771334,535.24805
21963,1771425,519.01526
21964,1771528,581.70734
21965,1771671,810.8006
21966,1771788,648.0528
21967,1771872,485.29764
21968,1771981,584.9757
21969,1772074,502.49063
21970,1772164,459.53397
21971,1772245,438.80292
21972,1772336,486.5229
21973,1772469,704.7421
21974,1772579,624.4639
21975,1772710,676.6587
21976,1772795,435.18433
21977,1772882,486.98047
21978,1773023,788.8107
21979,1773108,473.56885
21980,1773183,406.9724
21981,1773293,618.91455
21982,1773383,464.38565
21983,1773517,730.1163
21984,1773604,494.16724
21985,1773721,572.136
21986,1773830,605.5615
21987,1773915,479.30066
21988,1774048,621.3516
21989,1774120,379.32193
21990,1774262,748.3162
21991,1774348,483.3627
21992,1774465,610.245
21993,1774599,647.42365
21994,1774742,767.0621
21995,1774865,658.77954
21996,1774948,475.58878
21997,1775090,711.2941
21998,1775195,567.6108
21999,1775303,569.0326
22000,1775437,710.5448
22001,1775515,413.30646
22002,1775610,530.34436
22003,1775734,695.23553
22004,1775970,1165.3275
22005,1776079,587.3855
22006,1776155,407.6847
22007,1776282,709.8013
22008,1776365,457.5291
22009,1776483,630.1501
22010,1776597,630.5101
22011,1776698,528.00037
22012,1776799,463.59125
22013,1776877,424.3546
22014,1776963,480.92365
22015,1777070,604.72894
22016,1777210,722.5818
22017,1777306,532.9601
22018,1777439,731.25525
22019,1777511,391.6322
22020,1777606,508.42883
22021,1777699,482.58957
22022,1777797,530.43475
22023,1777881,476.90964
22024,1778006,626.22345
22025,1778111,576.8164
22026,1778192,417.2803
22027,1778291,559.69147
22028,1778396,594.6747
22029,1778479,456.95718
22030,1778570,469.30405
22031,1778674,566.6435
22032,1778782,577.4543
22033,1778907,661.1716
22034,1779003,484.00568
22035,1779082,439.79236
22036,1779189,590.30194
22037,1779281,489.02475
22038,1779366,436.34988
22039,1779468,555.61957
22040,1779562,524.3476
22041,1779702,736.6351
22042,1779802,521.6413
22043,1779919,627.4083
22044,1779989,380.15152
22045,1780080,469.21185
22046,1780201,651.7478
22047,1780281,441.24072
22048,1780392,578.21155
22049,1780531,758.6331
22050,1780604,378.4619
22051,1780673,374.64908
22052,1780784,491.7816
22053,1780892,558.98444
22054,1780965,391.2337
22055,1781052,456.79266
22056,1781137,479.64282
22057,1781237,539.04486
22058,1781308,382.3075
22059,1781384,360.34518
22060,1781473,489.33463
22061,1781577,594.11395
22062,1781678,560.3713
22063,1781804,647.3808
22064,1781900,539.26013
22065,1781982,427.4817
22066,1782058,409.87808
22067,1782140,457.14117
22068,1782216,425.43402
22069,1782275,321.4084
22070,1782382,582.503
22071,1782484,551.3094
22072,1782606,646.95874
22073,1782719,584.2835
22074,1782806,481.48325
22075,1782910,590.78235
22076,1783001,489.20044
22077,1783111,615.51746
22078,1783226,604.7501
22079,1783304,392.1901
22080,1783387,439.41998
22081,1783482,521.80145
22082,1783582,551.8819
22083,1783699,625.2622
22084,1783849,787.85626
22085,1783962,620.94684
22086,1784059,555.7199
22087,1784155,538.4576
22088,1784262,584.78827
22089,1784354,518.19604
22090,1784448,520.5975
22091,1784614,815.3542
22092,1784731,629.4454
22093,1784806,406.15918
22094,1784912,544.3338
22095,1785030,663.9599
22096,1785128,518.54736
22097,1785208,423.43747
22098,1785286,415.47424
22099,1785358,379.5364
22100,1785467,562.4073
22101,1785538,370.21326
22102,1785629,494.3945
22103,1785759,719.12506
22104,1785849,413.23694
22105,1785962,591.431
22106,1786036,396.3259
22107,1786143,566.81665
22108,1786215,405.5421
22109,1786305,478.28363
22110,1786434,629.43317
22111,1786553,639.6498
22112,1786663,593.9235
22113,1786746,449.3008
22114,1786852,579.81635
22115,1786911,307.9692
22116,1787010,541.8981
22117,1787114,563.2684
22118,1787211,512.25757
22119,1787360,781.8652
22120,1787459,559.9798
22121,1787570,613.6705
22122,1787710,715.5454
22123,1787838,717.6064
22124,1787955,613.3049
22125,1788025,355.96902
22126,1788116,513.3558
22127,1788202,478.83875
22128,1788301,503.06757
22129,1788387,472.27338
22130,1788523,714.6557
22131,1788602,437.18167
22132,1788688,443.25815
22133,1788846,822.2099
22134,1788936,487.08197
22135,1789006,356.6774
22136,1789104,536.5095
22137,1789234,689.4591
22138,1789316,448.1241
22139,1789388,394.89185
22140,1789452,348.20718
22141,1789570,656.6515
22142,1789717,731.6936
22143,1789805,504.115
22144,1789902,538.2216
22145,1789981,404.00302
22146,1790086,526.3732
22147,1790152,356.2144
22148,1790242,481.3523
22149,1790313,385.62024
22150,1790443,674.1872
22151,1790564,616.5519
22152,1790669,582.6438
22153,1790748,439.04443
22154,1790840,490.16248
22155,1790934,515.9638
22156,1791051,623.23553
22157,1791114,330.15247
22158,1791196,442.0345
22159,1791292,533.9703
22160,1791408,633.6887
22161,1791490,459.30386
22162,1791583,504.5922
22163,1791661,431.7227
22164,1791769,565.9023
22165,1791852,464.18808
22166,1791969,638.5774
22167,1792053,457.22403
22168,1792151,542.81744
22169,1792312,831.6994
22170,1792394,453.60114
22171,1792511,597.374
22172,1792647,665.04395
22173,1792725,390.4718
22174,1792823,526.8057
22175,1792906,449.5015
22176,1792997,492.17386
22177,1793116,637.9679
22178,1793200,448.84842
22179,1793327,679.8844
22180,1793476,793.2604
22181,1793581,590.8607
22182,1793668,434.23233
22183,1793835,920.78766
22184,1793966,677.454
22185,1794079,587.60986
22186,1794166,485.053
22187,1794241,382.95123
22188,1794305,302.09937
22189,1794391,476.3169
22190,1794514,607.9719
22191,1794598,466.299
22192,1794727,689.6031
22193,1794850,691.8573
22194,1794930,414.15112
22195,1795014,479.965
22196,1795082,359.94867
22197,1795163,402.87946
22198,1795325,880.5765
22199,1795411,447.4751
22200,1795471,314.5647
22201,1795549,429.37732
22202,1795645,482.8362
22203,1795764,634.4875
22204,1795850,456.13486
22205,1795966,652.9109
22206,1796047,430.736
22207,1796156,542.8172
22208,1796260,587.8363
22209,1796338,444.86246
22210,1796408,376.70187
22211,1796510,548.7333
22212,1796605,525.4636
22213,1796726,640.56445
22214,1796815,477.20508
22215,1796906,505.81268
22216,1796989,454.13934
22217,1797078,499.73172
22218,1797184,579.65497
22219,1797277,523.06995
22220,1797363,441.10156
22221,1797461,501.6218
22222,1797548,472.17752
22223,1797632,451.4055
22224,1797710,437.66223
22225,1797794,412.23087
22226,1797887,500.0073
22227,1797969,441.65906
22228,1798064,525.36847
22229,1798188,678.61066
22230,1798308,600.5453
22231,1798382,408.86575
22232,1798479,540.11615
22233,1798572,475.62204
22234,1798672,552.1858
22235,1798757,472.8034
22236,1798872,642.9963
22237,1798942,379.7972
22238,1799046,574.17755
22239,1799126,424.2901
22240,1799221,503.0481
22241,1799319,543.5358
22242,1799449,643.8983
22243,1799539,504.70956
22244,1799638,499.62573
22245,1799713,423.3238
22246,1799786,400.04282
22247,1799904,662.3744
22248,1799961,273.3708
22249,1800036,408.27863
22250,1800150,588.80835
22251,1800244,529.8667
22252,1800340,497.88647
22253,1800429,462.83728
22254,1800536,539.08136
22255,1800622,458.2181
22256,1800696,358.0588
22257,1800786,488.11743
22258,1800892,591.2532
22259,1800967,417.02634
22260,1801073,581.4156
22261,1801148,418.28082
22262,1801229,455.377
22263,1801297,365.83444
22264,1801370,405.77133
22265,1801476,553.3057
22266,1801612,769.166
22267,1801703,503.15076
22268,1801771,348.39566
22269,1801913,743.982
22270,1801998,440.51392
22271,1802138,743.2471
22272,1802247,545.51373
22273,1802341,531.90393
22274,1802452,610.5666
22275,1802563,556.29865
22276,1802660,534.8158
22277,1802753,477.6378
22278,1802869,638.6675
22279,1802981,606.9498
22280,1803048,377.56223
22281,1803119,392.15167
22282,1803233,643.5871
22283,1803328,515.5978
22284,1803418,480.6801
22285,1803491,380.16135
22286,1803579,479.4423
22287,1803687,597.87317
22288,1803817,703.4085
22289,1803921,549.77966
22290,1804015,497.8151
22291,1804135,661.1102
22292,1804290,844.70654
22293,1804375,454.88977
22294,1804482,561.6338
22295,1804577,505.0387
22296,1804674,552.2376
22297,1804740,358.1082
22298,1804816,417.4191
22299,1804917,541.8852
22300,1805003,477.19012
22301,1805060,259.10367
22302,1805170,580.21826
22303,1805287,589.0204
22304,1805384,544.3471
22305,1805464,452.65692
22306,1805540,402.8232
22307,1805639,539.29987
22308,1805762,593.66064
22309,1805833,401.1336
22310,1805920,481.06448
22311,1805987,321.9241
22312,1806068,460.49002
22313,1806156,488.6191
22314,1806258,563.94995
22315,1806313,283.46762
22316,1806413,557.8553
22317,1806499,472.14935
22318,1806576,404.39725
22319,1806669,519.3463
22320,1806787,637.8002
22321,1806877,501.92517
22322,1806958,440.44778
22323,1807065,595.7645
22324,1807161,548.237
22325,1807252,479.10672
22326,1807349,539.4752
22327,1807448,545.67896
22328,1807539,513.3077
22329,1807655,664.727
22330,1807792,740.78235
22331,1807867,421.5119
22332,1807954,481.62915
22333,1808060,593.2716
22334,1808161,501.76892
22335,1808267,588.7371
22336,1808366,541.13635
22337,1808479,615.7716
22338,1808574,505.4697
22339,1808689,643.80304
22340,1808774,468.0207
22341,1808854,428.70963
22342,1808961,537.7649
22343,1809053,485.80838
22344,1809150,538.459
22345,1809222,386.52402
22346,1809313,510.8866
22347,1809435,643.58777
22348,1809504,377.06818
22349,1809599,504.6623
22350,1809716,628.89655
22351,1809833,616.2288
22352,1809978,753.01605
22353,1810059,456.22458
22354,1810167,608.3843
22355,1810258,502.6863
22356,1810334,420.2661
22357,1810422,486.7655
22358,1810496,421.89438
22359,1810647,795.30206
22360,1810741,516.92377
22361,1810820,446.74188
22362,1810951,630.76904
22363,1811049,546.23865
22364,1811145,520.427
22365,1811238,519.8152
22366,1811362,687.67883
22367,1811446,453.56403
22368,1811540,443.8889
22369,1811639,538.44244
22370,1811718,426.05814
22371,1811820,569.9768
22372,1811938,593.4122
22373,1812029,489.6353
22374,1812102,402.5985
22375,1812188,454.69678
22376,1812283,538.4657
22377,1812368,479.60098
22378,1812470,558.0715
22379,1812556,480.18954
22380,1812666,596.1618
22381,1812754,485.29248
22382,1812827,373.67053
22383,1812919,473.102
22384,1813027,592.71356
22385,1813107,431.67828
22386,1813239,704.78906
22387,1813320,446.18887
22388,1813452,720.0762
22389,1813526,340.21234
22390,1813623,509.46893
22391,1813697,384.14963
22392,1813779,440.07538
22393,1813888,569.9277
22394,1813974,455.46988
22395,1814068,496.88034
22396,1814141,363.95236
22397,1814246,549.17566
22398,1814373,717.6945
22399,1814443,375.148
22400,1814523,448.77856
22401,1814603,397.5755
22402,1814677,397.9743
22403,1814815,709.38055
22404,1814904,472.29816
22405,1815017,626.49384
22406,1815081,320.20636
22407,1815165,413.88745
22408,1815281,633.477
22409,1815371,513.7963
22410,1815475,522.72876
22411,1815558,426.53503
22412,1815670,585.579
22413,1815761,500.63693
22414,1815877,594.27435
22415,1815974,561.0481
22416,1816103,720.69696
22417,1816206,551.8006
22418,1816299,442.38086
22419,1816381,436.46814
22420,1816452,401.32135
22421,1816538,468.38632
22422,1816649,620.5885
22423,1816722,352.6494
22424,1816877,761.2866
22425,1816959,450.94067
22426,1817066,596.5322
22427,1817172,597.6432
22428,1817322,776.267
22429,1817402,434.6432
22430,1817536,764.0869
22431,1817633,537.4872
22432,1817722,502.22342
22433,1817832,585.219
22434,1817934,569.8934
22435,1818036,569.0045
22436,1818126,501.55786
22437,1818231,594.71027
22438,1818326,442.64868
22439,1818442,580.0778
22440,1818514,405.49545
22441,1818618,598.65576
22442,1818683,330.2363
22443,1818806,687.1015
22444,1818875,383.6324
22445,1818967,520.8478
22446,1819085,614.25214
22447,1819187,541.82874
22448,1819267,444.50098
22449,1819343,393.67743
22450,1819435,525.696
22451,1819514,418.05627
22452,1819621,608.4775
22453,1819725,548.0582
22454,1819859,745.4467
22455,1819978,665.32404
22456,1820111,721.5948
22457,1820220,601.4145
22458,1820300,445.3078
22459,1820454,859.9524
22460,1820539,469.47986
22461,1820632,516.44946
22462,1820731,487.86258
22463,1820832,526.7375
22464,1820914,464.69812
22465,1820995,452.58252
22466,1821104,590.0163
22467,1821229,698.4609
22468,1821314,486.77524
22469,1821390,415.87155
22470,1821466,428.21658
22471,1821562,537.87537
22472,1821639,421.28912
22473,1821720,453.2529
22474,1821786,371.62265
22475,1821877,495.81146
22476,1821957,441.62363
22477,1822070,549.3444
22478,1822178,618.6112
22479,1822294,638.4585
22480,1822395,497.39615
22481,1822497,541.1053
22482,1822595,534.5795
22483,1822725,714.33014
22484,1822845,591.1834
22485,1822945,529.69006
22486,1823070,702.577
22487,1823171,569.1827
22488,1823280,608.11145
22489,1823363,473.70206
22490,1823471,607.5188
22491,1823581,591.89655
22492,1823680,506.01294
22493,1823765,467.28842
22494,1823843,405.00906
22495,1823919,417.85086
22496,1824023,505.97897
22497,1824098,427.72177
22498,1824187,502.72916
22499,1824280,518.21515
22500,1824384,558.3098
22501,1824484,524.5104
22502,1824552,377.51086
22503,1824655,557.1044
22504,1824773,680.4435
22505,1824853,443.38562
22506,1824927,417.38428
22507,1825029,560.0379
22508,1825136,614.62256
22509,1825214,444.16925
22510,1825344,722.8323
22511,1825423,451.84634
22512,1825497,411.62674
22513,1825597,551.33673
22514,1825679,465.0784
22515,1825820,761.61096
22516,1825936,613.2073
22517,1826035,522.9771
22518,1826120,477.9498
22519,1826242,655.762
22520,1826323,411.84314
22521,1826395,377.83032
22522,1826504,606.9578
22523,1826575,379.84787
22524,1826677,528.47144
22525,1826766,494.79944
22526,1826904,736.70026
22527,1827003,535.01697
22528,1827080,415.77545
22529,1827212,704.6935
22530,1827300,497.45743
22531,1827380,455.92133
22532,1827485,549.3146
22533,1827592,594.98425
22534,1827691,504.57095
22535,1827774,473.3163
22536,1827871,538.8495
22537,1827942,385.71106
22538,1828024,443.2563
22539,1828103,398.2379
22540,1828231,711.14465
22541,1828349,600.03937
22542,1828450,523.9655
22543,1828552,494.51968
22544,1828646,488.48834
22545,1828730,438.41702
22546,1828805,407.57358
22547,1828885,429.9803
22548,1828957,405.84955
22549,1829076,659.9095
22550,1829163,446.80133
22551,1829241,419.03693
22552,1829295,278.9692
22553,1829399,550.2298
22554,1829498,558.1864
22555,1829574,407.35385
22556,1829659,460.475
22557,1829742,442.06305
22558,1829831,471.68924
22559,1829914,450.1302
22560,1830018,581.1333
22561,1830118,530.34875
22562,1830217,454.97437
22563,1830305,491.99338
22564,1830394,495.21567
22565,1830467,403.94443
22566,1830547,430.4326
22567,1830622,377.3146
22568,1830703,462.1659
22569,1830847,816.5042
22570,1830938,488.33948
22571,1831016,440.71426
22572,1831102,470.87476
22573,1831168,342.0251
22574,1831245,420.1355
22575,1831342,554.5162
22576,1831436,487.00043
22577,1831547,591.42316
22578,1831611,330.68958
22579,1831700,469.5521
22580,1831830,736.0057
22581,1831904,411.93326
22582,1832005,561.0647
22583,1832080,414.0848
22584,1832239,826.21265
22585,1832338,532.6458
22586,1832440,543.1059
22587,1832531,505.4934
22588,1832624,522.5773
22589,1832721,529.83673
22590,1832836,644.2427
22591,1832903,377.42517
22592,1833027,614.0446
22593,1833124,534.2785
22594,1833225,569.3625
22595,1833339,605.2114
22596,1833424,468.64575
22597,1833499,409.5337
22598,1833620,611.7721
22599,1833733,628.4132
22600,1833814,424.961
22601,1833891,439.65268
22602,1834026,723.1324
22603,1834154,692.6898
22604,1834236,444.2708
22605,1834310,410.47598
22606,1834422,617.1507
22607,1834532,595.1991
22608,1834631,533.0511
22609,1834733,578.67236
22610,1834804,369.00922
22611,1834888,480.43396
22612,1834963,419.20953
22613,1835050,463.37225
22614,1835136,471.28683
22615,1835211,423.6498
22616,1835299,474.9056
22617,1835393,534.16895
22618,1835481,499.17514
22619,1835575,479.41208
22620,1835648,404.25742
22621,1835734,461.11322
22622,1835809,407.6978
22623,1835934,658.25165
22624,1836010,343.0279
22625,1836110,511.72665
22626,1836221,602.0011
22627,1836304,447.55652
22628,1836378,421.07874
22629,1836447,322.94357
22630,1836531,473.76334
22631,1836630,542.4287
22632,1836723,508.75504
22633,1836804,403.46133
22634,1836883,430.39255
22635,1836991,558.129
22636,1837051,278.80524
22637,1837157,493.29013
22638,1837224,381.56323
22639,1837291,368.98715
22640,1837378,472.0419
22641,1837499,666.2939
22642,1837557,319.77603
22643,1837663,547.5134
22644,1837780,639.89514
22645,1837927,819.13525
22646,1838050,686.14716
22647,1838147,542.5387
22648,1838258,585.6827
22649,1838379,655.33215
22650,1838450,375.10944
22651,1838554,579.5089
22652,1838685,648.27954
22653,1838776,520.04724
22654,1838861,460.3904
22655,1838936,397.77438
22656,1839022,493.4376
22657,1839105,450.08298
22658,1839239,727.0059
22659,1839346,551.1998
22660,1839431,473.86557
22661,1839514,443.27213
22662,1839634,684.1808
22663,1839717,461.11218
22664,1839801,468.15698
22665,1839897,491.07507
22666,1839992,530.54767
22667,1840106,604.5701
22668,1840176,380.8403
22669,1840261,399.47473
22670,1840349,484.56686
22671,1840468,631.1882
22672,1840553,488.34042
22673,1840637,443.02988
22674,1840712,381.49518
22675,1840814,534.1373
22676,1840908,512.4901
22677,1840978,368.22452
22678,1841065,439.97635
22679,1841176,626.0751
22680,1841256,443.03568
22681,1841360,558.21234
22682,1841465,596.3118
22683,1841567,535.17
22684,1841668,559.48956
22685,1841767,550.8894
22686,1841860,467.4986
22687,1841968,594.208
22688,1842042,351.7356
22689,1842151,611.4807
22690,1842226,404.85953
22691,1842322,520.8362
22692,1842421,529.0247
22693,1842515,499.98688
22694,1842601,491.65088
22695,1842701,542.1379
22696,1842791,508.32074
22697,1842897,605.054
22698,1842978,442.3126
22699,1843079,579.6008
22700,1843160,438.9433
22701,1843239,441.01038
22702,1843357,639.45856
22703,1843454,529.4486
22704,1843586,680.0268
22705,1843671,466.76013
22706,1843753,441.76617
22707,1843824,396.6834
22708,1843904,438.85077
22709,1843967,304.13654
22710,1844078,617.95306
22711,1844178,559.13226
22712,1844290,623.17706
22713,1844395,561.4198
22714,1844476,436.45517
22715,1844554,425.01944
22716,1844614,306.81937
22717,1844719,573.375
22718,1844843,669.86945
22719,1844930,459.81848
22720,1845034,496.93484
22721,1845166,731.0023
22722,1845296,720.78076
22723,1845378,464.18912
22724,1845464,482.5595
22725,1845555,479.92755
22726,1845643,503.85837
22727,1845696,272.52072
22728,1845801,557.5692
22729,1845895,508.90042
22730,1845992,534.32635
22731,1846060,365.22913
22732,1846156,512.459
22733,1846239,469.11774
22734,1846349,613.83093
22735,1846431,447.57175
22736,1846549,596.71436
22737,1846618,373.72928
22738,1846734,673.7056
22739,1846812,427.92322
22740,1846885,404.27493
22741,1846961,374.2439
22742,1847066,566.8028
22743,1847154,482.86337
22744,1847261,608.5014
22745,1847374,642.4642
22746,1847474,547.286
22747,1847573,490.51486
22748,1847696,676.28577
22749,1847780,443.26477
22750,1847904,683.304
22751,1847987,441.6183
22752,1848093,596.573
22753,1848167,411.59933
22754,1848232,347.8964
22755,1848329,503.07214
22756,1848409,436.32248
22757,1848537,666.00244
22758,1848657,676.2556
22759,1848776,615.9647
22760,1848853,412.7392
22761,1848974,663.5577
22762,1849068,509.77512
22763,1849169,565.0068
22764,1849289,629.7223
22765,1849390,548.3471
22766,1849471,417.46597
22767,1849543,354.22498
22768,1849661,610.34753
22769,1849748,457.90897
22770,1849847,534.5001
22771,1849977,692.8506
22772,1850071,528.938
22773,1850156,433.45996
22774,1850248,526.7316
22775,1850330,418.6592
22776,1850442,610.43933
22777,1850533,505.39005
22778,1850637,593.45807
22779,1850784,831.105
22780,1850868,457.13885
22781,1850944,420.7601
22782,1851020,431.8909
22783,1851141,674.2545
22784,1851216,426.67917
22785,1851305,458.44373
22786,1851455,853.9203
22787,1851588,741.8616
22788,1851678,504.0176
22789,1851808,715.63214
22790,1851897,503.07574
22791,1851971,426.63474
22792,1852047,424.7604
22793,1852159,611.77264
22794,1852242,463.1432
22795,1852345,534.447
22796,1852443,553.44934
22797,1852527,473.49408
22798,1852613,488.43942
22799,1852701,494.83823
22800,1852800,548.528
22801,1852898,544.03534
22802,1853002,568.89294
22803,1853134,703.0637
22804,1853246,616.5614
22805,1853370,631.9479
22806,1853464,501.86032
22807,1853552,492.03445
22808,1853632,434.80267
22809,1853710,416.8231
22810,1853784,404.37576
22811,1853895,606.88135
22812,1854037,713.6978
22813,1854135,535.774
22814,1854257,674.9946
22815,1854385,645.9607
22816,1854478,508.03934
22817,1854596,641.472
22818,1854726,722.1499
22819,1854812,477.02136
22820,1854927,662.0905
22821,1855012,478.81274
22822,1855087,423.07193
22823,1855204,640.0698
22824,1855324,637.2942
22825,1855413,463.22614
22826,1855527,618.2498
22827,1855634,593.7011
22828,1855745,631.4924
22829,1855858,640.7186
22830,1855960,555.04675
22831,1856049,466.59802
22832,1856156,588.09766
22833,1856267,585.4307
22834,1856381,592.2556
22835,1856471,494.98026
22836,1856571,563.6029
22837,1856661,504.0697
22838,1856792,726.778
22839,1856891,563.90686
22840,1856968,428.62247
22841,1857054,473.1153
22842,1857151,544.88715
22843,1857241,484.9322
22844,1857341,560.4489
22845,1857422,389.76813
22846,1857515,459.5242
22847,1857597,459.12057
22848,1857679,447.13815
22849,1857787,589.5088
22850,1857870,446.15845
22851,1858006,767.9394
22852,1858080,364.8062
22853,1858191,612.2635
22854,1858265,421.579
22855,1858356,488.8981
22856,1858461,547.22205
22857,1858564,559.4928
22858,1858643,422.09616
22859,1858785,772.9691
22860,1858872,445.8838
22861,1858962,476.67227
22862,1859057,513.08527
22863,1859194,701.63745
22864,1859280,451.05457
22865,1859393,634.8158
22866,1859526,698.12146
22867,1859625,533.3442
22868,1859707,434.08124
22869,1859829,643.3438
22870,1859915,455.81113
22871,1859977,306.25717
22872,1860074,458.77347
22873,1860158,403.90103
22874,1860233,403.63412
22875,1860305,391.17145
22876,1860378,397.43668
22877,1860461,471.06873
22878,1860545,475.35648
22879,1860637,478.58112
22880,1860744,581.70715
22881,1860824,417.727
22882,1860909,463.29688
22883,1861012,589.2163
22884,1861124,616.387
22885,1861218,516.8474
22886,1861325,615.9374
22887,1861434,613.1735
22888,1861566,732.9777
22889,1861693,690.27234
22890,1861761,373.68942
22891,1861868,608.9595
22892,1861944,411.96146
22893,1862011,372.07758
22894,1862092,446.67883
22895,1862188,497.36823
22896,1862259,368.622
22897,1862348,497.5975
22898,1862430,448.1054
22899,1862518,474.96033
22900,1862606,489.75525
22901,1862694,495.42645
22902,1862770,415.3343
22903,1862849,444.85086
22904,1862944,485.50052
22905,1863038,535.1276
22906,1863116,392.8669
22907,1863195,455.6287
22908,1863282,479.83386
22909,1863364,437.75284
22910,1863516,803.12646
22911,1863612,527.8874
22912,1863697,473.50275
22913,1863806,589.9042
22914,1863914,580.19
22915,1863987,388.844
22916,1864077,511.422
22917,1864169,524.9497
22918,1864285,631.18567
22919,1864434,859.7033
22920,1864493,297.48355
22921,1864566,394.14532
22922,1864664,537.93835
22923,1864757,465.9532
22924,1864910,858.7082
22925,1865043,744.45404
22926,1865129,470.2905
22927,1865206,385.02814
22928,1865295,499.2827
22929,1865390,544.93176
22930,1865461,378.97797
22931,1865521,294.28845
22932,1865597,410.84464
22933,1865695,519.35474
22934,1865760,360.97748
22935,1865898,728.4114
22936,1865992,526.03766
22937,1866059,350.5459
22938,1866118,326.3829
22939,1866213,511.78293
22940,1866388,976.7654
22941,1866488,511.18716
22942,1866593,589.3906
22943,1866725,750.04047
22944,1866819,505.78073
22945,1866914,534.6881
22946,1867011,521.67346
22947,1867137,697.27313
22948,1867227,486.75803
22949,1867333,556.3411
22950,1867437,567.65436
22951,1867574,761.07214
22952,1867696,618.43713
22953,1867772,422.9779
22954,1867845,396.72592
22955,1867941,534.9632
22956,1868058,671.2103
22957,1868194,766.506
22958,1868310,654.3278
22959,1868377,338.42694
22960,1868460,463.39844
22961,1868557,523.9645
22962,1868677,693.19073
22963,1868779,521.93304
22964,1868895,612.5399
22965,1868972,393.91467
22966,1869051,401.5428
22967,1869189,765.4515
22968,1869286,483.14572
22969,1869416,739.9804
22970,1869500,469.87054
22971,1869604,593.1203
22972,1869726,680.4819
22973,1869804,426.24033
22974,1869878,358.71362
22975,1869988,593.71423
22976,1870060,400.73486
22977,1870165,538.2409
22978,1870281,656.3159
22979,1870364,412.70132
22980,1870478,623.5
22981,1870584,583.47906
22982,1870698,610.4663
22983,1870779,446.96442
22984,1870873,537.2874
22985,1870957,474.01962
22986,1871059,567.6153
22987,1871140,423.59106
22988,1871234,519.75726
22989,1871314,452.8788
22990,1871413,557.48083
22991,1871505,485.22592
22992,1871625,652.1903
22993,1871743,655.30707
22994,1871861,627.0374
22995,1871941,414.75323
22996,1872030,458.43048
22997,1872121,488.60742
22998,1872205,394.09647
22999,1872320,612.4006
23000,1872396,425.2823
23001,1872478,421.40363
23002,1872560,464.08444
23003,1872661,560.9329
23004,1872755,500.82263
23005,1872843,470.3772
23006,1872955,621.4189
23007,1873058,543.9031
23008,1873174,640.6648
23009,1873246,401.8463
23010,1873327,451.20044
23011,1873441,621.0864
23012,1873523,449.3164
23013,1873649,693.6717
23014,1873754,549.7831
23015,1873844,459.0144
23016,1873927,464.8334
23017,1873990,342.63083
23018,1874081,480.20242
23019,1874197,552.4736
23020,1874330,662.0142
23021,1874449,660.63635
23022,1874533,471.7351
23023,1874622,461.82037
23024,1874759,692.8295
23025,1874871,592.6177
23026,1874975,581.00037
23027,1875097,699.4868
23028,1875185,484.329
23029,1875268,428.30072
23030,1875355,485.57858
23031,1875439,447.4583
23032,1875554,619.7516
23033,1875658,571.5927
23034,1875783,633.85
23035,1875901,607.5769
23036,1875979,433.011
23037,1876080,539.7548
23038,1876143,324.12997
23039,1876244,566.3604
23040,1876327,435.6108
23041,1876427,538.4225
23042,1876507,437.13553
23043,1876593,472.891
23044,1876697,562.4237
23045,1876787,503.28503
23046,1876889,583.8664
23047,1877003,626.1952
23048,1877095,517.30347
23049,1877210,622.6032
23050,1877327,652.0097
23051,1877431,572.1085
23052,1877538,584.3064
23053,1877637,547.66644
23054,1877728,514.1331
23055,1877860,702.7675
23056,1877983,648.50854
23057,1878090,573.89435
23058,1878164,400.09845
23059,1878246,452.87097
23060,1878329,440.9946
23061,1878443,657.2604
23062,1878512,385.60382
23063,1878576,361.1744
23064,1878677,573.99
23065,1878753,430.12796
23066,1878866,608.5562
23067,1878979,605.4198
23068,1879105,638.38153
23069,1879178,393.58588
23070,1879315,690.39
23071,1879415,513.81836
23072,1879535,667.4309
23073,1879608,419.85464
23074,1879769,804.6643
23075,1879836,371.2403
23076,1879933,519.40533
23077,1880020,463.4656
23078,1880134,639.32916
23079,1880226,492.10123
23080,1880338,625.3844
23081,1880419,438.89282
23082,1880526,583.6184
23083,1880617,518.607
23084,1880722,593.38586
23085,1880803,448.39102
23086,1880865,299.2729
23087,1880958,500.85602
23088,1881040,450.9191
23089,1881128,497.3529
23090,1881205,429.3026
23091,1881337,722.0207
23092,1881488,799.9977
23093,1881601,614.8417
23094,1881696,493.59744
23095,1881787,494.15497
23096,1881869,435.91327
23097,1881956,469.12344
23098,1882061,566.8829
23099,1882168,508.71875
23100,1882266,547.0205
23101,1882361,503.21826
23102,1882431,349.5673
23103,1882507,406.7669
23104,1882588,428.44043
23105,1882706,617.1838
23106,1882788,443.0596
23107,1882864,409.05038
23108,1882962,559.2963
23109,1883042,463.7437
23110,1883113,341.869
23111,1883193,449.93674
23112,1883271,428.18848
23113,1883403,707.19366
23114,1883470,359.77167
23115,1883557,471.34406
23116,1883640,470.16928
23117,1883724,446.63943
23118,1883819,526.45807
23119,1883886,376.98898
23120,1883954,362.55634
23121,1884067,650.5321
23122,1884192,687.86206
23123,1884310,670.832
23124,1884402,459.91653
23125,1884475,372.77216
23126,1884561,451.06122
23127,1884666,550.93634
23128,1884765,514.50116
23129,1884849,469.79745
23130,1884951,549.8501
23131,1885033,437.15088
23132,1885133,557.8852
23133,1885208,411.1092
23134,1885310,573.3604
23135,1885396,487.22852
23136,1885466,379.83893
23137,1885540,407.1265
23138,1885624,413.86322
23139,1885706,453.69125
23140,1885782,401.85394
23141,1885892,588.51074
23142,1885960,372.08783
23143,1886048,490.5731
23144,1886137,477.0625
23145,1886276,750.27203
23146,1886354,395.99124
23147,1886493,769.36835
23148,1886600,518.58514
23149,1886681,438.54694
23150,1886798,650.1659
23151,1886865,363.2937
23152,1886973,567.8359
23153,1887060,475.4685
23154,1887149,471.66266
23155,1887242,497.35052
23156,1887369,693.64417
23157,1887487,599.9557
23158,1887571,428.36145
23159,1887642,371.45248
23160,1887744,580.3979
23161,1887841,524.2905
23162,1887937,536.7024
23163,1888026,474.71777
23164,1888103,436.36984
23165,1888183,448.0661
23166,1888274,517.8368
23167,1888370,508.23773
23168,1888458,427.53412
23169,1888603,798.9884
23170,1888707,499.69534
23171,1888818,564.7668
23172,1888907,502.31763
23173,1889035,716.71704
23174,1889102,373.61206
23175,1889184,405.17734
23176,1889252,352.46625
23177,1889351,540.1821
23178,1889469,591.59485
23179,1889609,765.03784
23180,1889700,484.4467
23181,1889776,425.9784
23182,1889877,580.54767
23183,1889980,476.02216
23184,1890119,761.66925
23185,1890231,613.01154
23186,1890344,613.73914
23187,1890448,543.4913
23188,1890553,577.1198
23189,1890641,480.16376
23190,1890709,378.06735
23191,1890780,390.91327
23192,1890873,466.2961
23193,1890980,603.426
23194,1891060,404.57654
23195,1891136,411.96967
23196,1891235,549.902
23197,1891353,672.436
23198,1891435,440.49802
23199,1891514,428.80414
23200,1891663,709.71515
23201,1891753,483.92926
23202,1891833,458.08438
23203,1891941,570.4379
23204,1892035,521.17474
23205,1892110,420.2145
23206,1892194,467.5534
23207,1892278,446.3339
23208,1892368,497.16965
23209,1892461,523.2783
23210,1892556,477.06003
23211,1892644,491.82138
23212,1892733,491.36673
23213,1892834,568.63257
23214,1892954,632.4269
23215,1893085,717.6587
23216,1893199,625.1303
23217,1893310,617.683
23218,1893397,469.74728
23219,1893562,915.82855
23220,1893657,544.62585
23221,1893778,635.2425
23222,1893852,416.9385
23223,1893969,637.9895
23224,1894046,414.87595
23225,1894131,445.18008
23226,1894226,503.78522
23227,1894309,444.44794
23228,1894426,636.40265
23229,1894549,659.8996
23230,1894627,421.3695
23231,1894730,547.23334
23232,1894822,474.36023
23233,1894929,599.014
23234,1895007,424.097
23235,1895105,520.7354
23236,1895223,626.8333
23237,1895314,469.877
23238,1895403,483.9551
23239,1895514,585.107
23240,1895666,860.26904
23241,1895724,319.11777
23242,1895798,389.95395
23243,1895878,432.8817
23244,1895980,601.88306
23245,1896114,694.5113
23246,1896219,590.30945
23247,1896314,530.3155
23248,1896418,578.45593
23249,1896501,456.1014
23250,1896631,715.8889
23251,1896749,628.17426
23252,1896859,624.37103
23253,1896933,377.49048
23254,1897036,524.3278
23255,1897116,429.68167
23256,1897237,667.8327
23257,1897335,530.3333
23258,1897448,614.8674
23259,1897537,477.68146
23260,1897629,469.393
23261,1897743,635.4441
23262,1897855,582.8406
23263,1897988,711.758
23264,1898104,604.19714
23265,1898210,603.0064
23266,1898279,362.67032
23267,1898387,576.31226
23268,1898465,406.73584
23269,1898595,695.98706
23270,1898659,338.20947
23271,1898761,573.08746
23272,1898890,728.965
23273,1898995,578.9157
23274,1899093,533.6882
23275,1899214,628.9906
23276,1899301,478.10135
23277,1899405,560.5596
23278,1899497,515.15247
23279,1899595,562.7848
23280,1899665,389.59332
23281,1899731,352.10403
23282,1899842,603.2468
23283,1899935,488.09567
23284,1900035,534.3906
23285,1900161,676.8117
23286,1900290,683.0709
23287,1900376,481.58896
23288,1900486,599.59064
23289,1900582,534.4488
23290,1900669,471.9248
23291,1900746,430.87097
23292,1900834,496.35803
23293,1900899,357.3769
23294,1900987,492.9565
23295,1901104,610.0348
23296,1901190,491.30978
23297,1901246,313.3265
23298,1901327,440.2437
23299,1901419,509.8359
23300,1901523,581.7866
23301,1901616,537.59357
23302,1901725,556.4523
23303,1901835,596.6544
23304,1901930,525.0169
23305,1902051,653.9971
23306,1902168,593.85004
23307,1902252,465.27728
23308,1902334,416.1909
23309,1902453,664.1601
23310,1902542,475.03156
23311,1902686,759.176
23312,1902806,611.9156
23313,1902913,581.74524
23314,1903014,531.9408
23315,1903104,512.3532
23316,1903208,521.8376
23317,1903304,512.896
23318,1903405,567.9043
23319,1903511,547.51544
23320,1903640,704.0248
23321,1903732,491.10495
23322,1903857,633.48303
23323,1903959,543.7309
23324,1904041,450.28696
23325,1904193,799.7485
23326,1904273,445.57053
23327,1904421,813.8312
23328,1904496,398.64468
23329,1904612,618.2218
23330,1904724,630.60345
23331,1904832,604.10693
23332,1904912,445.5788
23333,1905033,673.2177
23334,1905127,520.848
23335,1905229,579.2845
23336,1905322,496.6715
23337,1905422,530.0809
23338,1905531,565.43207
23339,1905622,511.47784
23340,1905708,483.42563
23341,1905786,436.0557
23342,1905913,668.3112
23343,1906014,553.0992
23344,1906139,713.3786
23345,1906271,735.6067
23346,1906368,537.9158
23347,1906447,409.798
23348,1906529,457.19034
23349,1906651,693.1074
23350,1906730,433.39597
23351,1906847,577.86456
23352,1906967,606.6731
23353,1907083,646.9955
23354,1907172,442.18042
23355,1907268,497.6705
23356,1907359,506.67822
23357,1907435,386.346
23358,1907546,592.89716
23359,1907623,401.39667
23360,1907717,523.1743
23361,1907832,609.4941
23362,1907903,363.18042
23363,1908005,525.9173
23364,1908094,450.02972
23365,1908211,640.71027
23366,1908342,686.5013
23367,1908419,406.96597
23368,1908519,535.5717
23369,1908609,494.09842
23370,1908709,503.1259
23371,1908790,439.13486
23372,1908877,484.26093
23373,1908963,471.72726
23374,1909029,355.3818
23375,1909097,382.38647
23376,1909188,497.795
23377,1909296,609.8559
23378,1909376,424.4433
23379,1909489,619.57837
23380,1909577,496.48517
23381,1909686,614.7493
23382,1909796,587.3173
23383,1909938,775.358
23384,1910020,416.07867
23385,1910125,586.4394
23386,1910219,532.8642
23387,1910308,503.5622
23388,1910439,738.869
23389,1910561,676.5523
23390,1910642,411.32413
23391,1910720,443.8733
23392,1910796,363.86288
23393,1910851,305.894
23394,1910946,529.80994
23395,1911015,393.77612
23396,1911101,477.959
23397,1911189,500.38397
23398,1911259,368.93707
23399,1911377,614.476
23400,1911471,507.0635
23401,1911593,656.16907
23402,1911728,715.7453
23403,1911851,625.7876
23404,1911951,545.94543
23405,1912046,532.778
23406,1912165,636.90546
23407,1912245,423.4702
23408,1912357,628.13934
23409,1912430,379.06284
23410,1912541,641.11084
23411,1912604,336.79733
23412,1912700,499.83813
23413,1912804,586.278
23414,1912953,810.7899
23415,1913026,404.3237
23416,1913107,409.57422
23417,1913179,372.25955
23418,1913349,938.00214
23419,1913468,620.50214
23420,1913553,465.59106
23421,1913621,373.28256
23422,1913722,555.2661
23423,1913830,601.135
23424,1913924,509.79547
23425,1914036,632.08923
23426,1914105,365.6454
23427,1914208,558.44196
23428,1914304,522.6703
23429,1914374,390.34247
23430,1914455,437.09985
23431,1914570,588.9021
23432,1914684,590.02905
23433,1914776,496.5861
23434,1914859,436.84216
23435,1914921,344.4813
23436,1915029,584.6057
23437,1915101,389.61542
23438,1915189,469.4275
23439,1915337,813.5199
23440,1915420,409.34268
23441,1915511,498.84192
23442,1915680,937.7052
23443,1915765,482.36407
23444,1915867,558.9074
23445,1915997,725.405
23446,1916078,449.90155
23447,1916178,542.01086
23448,1916263,493.48267
23449,1916377,637.4291
23450,1916469,500.15723
23451,1916581,622.1748
23452,1916667,465.47025
23453,1916740,405.3436
23454,1916817,419.86365
23455,1916906,474.91626
23456,1917010,576.7964
23457,1917112,583.5839
23458,1917280,859.40137
23459,1917368,464.05618
23460,1917482,637.9278
23461,1917636,793.897
23462,1917706,380.91302
23463,1917813,578.2109
23464,1917921,601.1528
23465,1918044,705.6519
23466,1918135,487.15475
23467,1918222,478.4373
23468,1918318,505.05106
23469,1918419,539.34454
23470,1918509,499.85822
23471,1918595,478.76257
23472,1918658,327.4388
23473,1918740,425.48825
23474,1918844,565.7393
23475,1918914,384.17776
23476,1919033,656.4659
23477,1919136,542.819
23478,1919225,495.40527
23479,1919334,533.1037
23480,1919393,322.84775
23481,1919494,564.7728
23482,1919595,548.19904
23483,1919667,386.17792
23484,1919757,479.34164
23485,1919846,510.90765
23486,1919914,373.13892
23487,1920003,489.29068
23488,1920132,717.2153
23489,1920255,654.2463
23490,1920359,525.7604
23491,1920452,519.5316
23492,1920546,507.93326
23493,1920658,641.3735
23494,1920767,609.06433
23495,1920866,520.021
23496,1920957,513.731
23497,1921045,412.93497
23498,1921154,617.717
23499,1921291,754.63464
23500,1921387,554.8383
23501,1921496,566.30365
23502,1921590,510.66132
23503,1921654,343.90863
23504,1921761,598.9196
23505,1921858,495.5281
23506,1921971,614.46313
23507,1922092,585.45667
23508,1922206,635.68555
23509,1922296,500.23807
23510,1922412,602.9961
23511,1922499,451.96973
23512,1922587,487.85962
23513,1922696,604.9083
23514,1922816,670.68085
23515,1922892,409.526
23516,1923010,616.90735
23517,1923129,642.54736
23518,1923222,533.6061
23519,1923331,557.7274
23520,1923423,481.33972
23521,1923532,588.7704
23522,1923604,386.93842
23523,1923695,491.85153
23524,1923817,649.187
23525,1923881,339.12045
23526,1923954,391.26782
23527,1924061,566.7752
23528,1924177,612.7261
23529,1924270,511.97583
23530,1924372,518.0833
23531,1924453,432.30133
23532,1924541,482.33624
23533,1924624,456.04947
23534,1924700,435.55005
23535,1924801,575.67084
23536,1924943,775.1701
23537,1925048,568.0677
23538,1925121,392.91995
23539,1925217,513.69135
23540,1925385,886.9003
23541,1925463,422.62048
23542,1925553,478.11768
23543,1925645,506.25848
23544,1925734,480.5185
23545,1925814,443.4941
23546,1925886,400.0588
23547,1926002,578.8392
23548,1926073,365.69495
23549,1926138,342.68503
23550,1926223,467.65735
23551,1926340,637.5913
23552,1926428,478.06982
23553,1926520,491.32614
23554,1926645,686.48413
23555,1926733,457.8363
23556,1926812,429.6551
23557,1926901,494.1697
23558,1927007,525.9765
23559,1927100,519.4913
23560,1927232,710.276
23561,1927348,651.4527
23562,1927459,605.0886
23563,1927565,569.8235
23564,1927649,460.39377
23565,1927727,413.41702
23566,1927813,479.6447
23567,1927900,446.3944
23568,1928015,632.3371
23569,1928099,460.1557
23570,1928185,471.495
23571,1928268,444.75735
23572,1928375,598.5298
23573,1928493,613.33514
23574,1928588,504.8501
23575,1928703,621.26355
23576,1928807,575.6549
23577,1928903,510.88776
23578,1929019,633.2653
23579,1929137,655.6609
23580,1929247,605.8469
23581,1929370,667.9154
23582,1929466,521.67834
23583,1929565,555.12415
23584,1929642,414.525
23585,1929739,533.9512
23586,1929829,513.9624
23587,1929926,522.7594
23588,1930012,452.28085
23589,1930096,482.4136
23590,1930204,558.30194
23591,1930312,587.50726
23592,1930383,369.7592
23593,1930542,844.7192
23594,1930621,420.42865
23595,1930741,632.96875
23596,1930814,391.70523
23597,1930914,524.39056
23598,1930989,407.5926
23599,1931078,495.52094
23600,1931164,412.94635
23601,1931239,402.18314
23602,1931300,317.36972
23603,1931394,524.4961
23604,1931493,531.703
23605,1931589,537.10297
23606,1931667,411.5292
23607,1931744,405.3241
23608,1931837,525.68964
23609,1931907,372.40128
23610,1931994,493.41138
23611,1932070,420.22717
23612,1932171,533.2568
23613,1932246,421.9621
23614,1932357,611.23456
23615,1932469,629.7558
23616,1932571,564.18585
23617,1932660,504.32303
23618,1932773,604.7392
23619,1932838,364.9017
23620,1932926,491.82343
23621,1933010,451.83252
23622,1933107,498.0891
23623,1933222,612.9599
23624,1933308,463.88403
23625,1933410,551.46796
23626,1933554,757.3297
23627,1933638,456.1225
23628,1933725,475.9466
23629,1933839,638.2663
23630,1933936,494.7283
23631,1934010,396.99277
23632,1934109,571.0572
23633,1934264,856.821
23634,1934339,406.60785
23635,1934417,441.85196
23636,1934490,378.70792
23637,1934576,446.13657
23638,1934719,732.44745
23639,1934812,499.03043
23640,1934898,476.93503
23641,1934972,370.00076
23642,1935073,556.3914
23643,1935202,733.2556
23644,1935286,438.92224
23645,1935428,765.66876
23646,1935523,498.26178
23647,1935590,317.68228
23648,1935686,545.8857
23649,1935758,379.53113
23650,1935904,722.3313
23651,1936001,514.1416
23652,1936123,661.53186
23653,1936217,495.5128
23654,1936315,505.2343
23655,1936425,596.16284
23656,1936526,581.4316
23657,1936623,517.729
23658,1936748,696.17975
23659,1936846,467.5924
23660,1936960,652.19104
23661,1937045,455.88278
23662,1937126,434.08545
23663,1937227,532.90857
23664,1937375,777.94965
23665,1937452,423.3384
23666,1937542,504.8787
23667,1937651,567.83875
23668,1937780,693.22705
23669,1937887,556.45807
23670,1937987,532.0687
23671,1938064,422.37372
23672,1938162,551.05133
23673,1938262,556.91766
23674,1938345,448.1986
23675,1938442,534.0946
23676,1938544,567.5138
23677,1938629,450.96878
23678,1938710,447.97934
23679,1938840,672.0045
23680,1938913,372.60046
23681,1938978,347.60034
23682,1939082,562.5609
23683,1939193,624.5553
23684,1939269,387.60312
23685,1939362,496.91705
23686,1939471,579.2474
23687,1939574,562.28314
23688,1939647,388.86865
23689,1939721,397.93607
23690,1939789,375.71985
23691,1939854,343.67178
23692,1939940,438.44855
23693,1940022,445.8246
23694,1940108,439.16098
23695,1940234,620.5354
23696,1940314,431.25516
23697,1940433,624.5793
23698,1940556,666.16394
23699,1940642,473.83023
23700,1940787,767.67944
23701,1940863,358.06396
23702,1940938,429.84015
23703,1941043,580.47705
23704,1941162,606.5305
23705,1941262,533.9937
23706,1941342,418.72186
23707,1941461,650.69135
23708,1941546,444.5855
23709,1941646,514.56726
23710,1941729,422.71915
23711,1941819,483.70642
23712,1941914,516.7613
23713,1941989,390.12158
23714,1942064,387.3854
23715,1942129,338.8591
23716,1942212,438.67816
23717,1942338,627.94604
23718,1942431,504.84482
23719,1942536,519.35736
23720,1942617,413.4555
23721,1942746,688.4384
23722,1942829,420.33292
23723,1942902,390.0215
23724,1942995,506.41635
23725,1943083,491.9198
23726,1943192,631.1627
23727,1943299,596.57947
23728,1943386,493.49673
23729,1943508,576.3388
23730,1943593,471.68857
23731,1943699,614.50073
23732,1943796,528.8815
23733,1943886,498.8769
23734,1943972,462.07336
23735,1944033,303.99353
23736,1944104,392.97882
23737,1944210,585.6662
23738,1944308,546.73065
23739,1944424,657.70374
23740,1944527,544.6991
23741,1944619,492.85553
23742,1944737,621.965
23743,1944853,629.46686
23744,1944958,535.85876
23745,1945045,455.6147
23746,1945138,503.4471
23747,1945223,470.60913
23748,1945301,407.1952
23749,1945367,344.14285
23750,1945446,428.34457
23751,1945570,682.3364
23752,1945759,980.1263
23753,1945854,483.8411
23754,1945992,731.5038
23755,1946135,794.74097
23756,1946221,479.7389
23757,1946314,504.70276
23758,1946385,371.539
23759,1946475,488.88593
23760,1946544,365.10944
23761,1946620,415.6631
23762,1946705,461.1146
23763,1946779,351.12683
23764,1946878,562.98566
23765,1947019,799.4933
23766,1947114,496.11008
23767,1947179,368.2578
23768,1947264,452.55005
23769,1947366,570.9965
23770,1947467,522.3492
23771,1947554,438.5814
23772,1947654,536.9593
23773,1947756,567.442
23774,1947852,533.38525
23775,1947927,411.4946
23776,1947993,356.51315
23777,1948095,478.1002
23778,1948204,580.08136
23779,1948310,590.4416
23780,1948459,796.88794
23781,1948529,377.67648
23782,1948634,563.671
23783,1948776,777.4258
23784,1948860,452.74966
23785,1948954,527.8899
23786,1949067,630.6507
23787,1949157,490.57584
23788,1949241,470.71176
23789,1949316,412.71582
23790,1949409,486.53714
23791,1949526,656.26416
23792,1949605,401.2646
23793,1949682,399.82816
23794,1949762,440.76016
23795,1949846,454.48502
23796,1949931,471.23694
23797,1950003,390.1068
23798,1950078,427.10297
23799,1950181,545.1533
23800,1950264,443.07028
23801,1950357,534.20294
23802,1950465,571.99097
23803,1950622,801.68835
23804,1950722,559.5111
23805,1950833,578.602
23806,1950919,482.9298
23807,1951016,549.4115
23808,1951122,565.56024
23809,1951223,546.1778
23810,1951343,636.0345
23811,1951429,468.39108
23812,1951505,403.83466
23813,1951588,441.70895
23814,1951691,577.63007
23815,1951777,426.24948
23816,1951874,527.805
23817,1951994,639.56036
23818,1952072,395.0126
23819,1952158,447.238
23820,1952245,459.71542
23821,1952358,583.12506
23822,1952477,607.2537
23823,1952556,398.80576
23824,1952645,479.14633
23825,1952782,732.0252
23826,1952905,662.9377
23827,1953021,656.37964
23828,1953120,523.07776
23829,1953222,566.3808
23830,1953322,518.90247
23831,1953420,517.6638
23832,1953502,441.64615
23833,1953579,426.89056
23834,1953671,489.2112
23835,1953753,439.8921
23836,1953855,546.6395
23837,1953947,503.79562
23838,1954038,495.59314
23839,1954131,505.72043
23840,1954211,416.3906
23841,1954292,445.0859
23842,1954396,530.42847
23843,1954495,548.5469
23844,1954628,695.5997
23845,1954714,472.46405
23846,1954807,492.0953
23847,1954897,476.91318
23848,1954994,510.62958
23849,1955066,375.77686
23850,1955175,606.73303
23851,1955280,574.2321
23852,1955378,526.1635
23853,1955446,378.8901
23854,1955549,581.0172
23855,1955624,402.20975
23856,1955696,391.5683
23857,1955776,415.89536
23858,1955860,458.6807
23859,1955932,378.4233
23860,1956025,515.8153
23861,1956112,484.14398
23862,1956199,457.6839
23863,1956265,343.9229
23864,1956364,542.1395
23865,1956454,464.31384
23866,1956568,580.71814
23867,1956651,439.46515
23868,1956736,450.336
23869,1956832,524.2573
23870,1956907,404.1414
23871,1956991,454.2555
23872,1957088,563.076
23873,1957190,590.46893
23874,1957327,761.066
23875,1957414,468.1601
23876,1957502,440.30725
23877,1957589,469.506
23878,1957708,652.00287
23879,1957804,513.9668
23880,1957925,646.2954
23881,1958019,494.1558
23882,1958111,497.70242
23883,1958186,424.29962
23884,1958265,407.42426
23885,1958360,485.1394
23886,1958431,372.95367
23887,1958511,422.0723
23888,1958608,531.0116
23889,1958708,532.29034
23890,1958798,503.2142
23891,1958927,712.3694
23892,1959013,458.72754
23893,1959163,830.8501
23894,1959257,500.80856
23895,1959356,557.87384
23896,1959430,412.37338
23897,1959523,513.2563
23898,1959625,535.4377
23899,1959723,506.87918
23900,1959838,637.71136
23901,1959919,440.58832
23902,1959994,405.13867
23903,1960068,396.86053
23904,1960189,667.65564
23905,1960277,490.33667
23906,1960440,891.025
23907,1960557,611.4613
23908,1960615,315.3215
23909,1960739,673.07477
23910,1960856,620.11115
23911,1960956,567.0566
23912,1961081,684.0763
23913,1961181,541.3349
23914,1961236,280.41107
23915,1961328,446.66397
23916,1961424,527.17926
23917,1961510,430.79633
23918,1961632,619.63544
23919,1961708,375.34875
23920,1961813,531.80707
23921,1961889,421.4913
23922,1961968,422.97256
23923,1962057,507.0286
23924,1962203,782.1029
23925,1962272,375.16132
23926,1962358,441.5303
23927,1962438,439.6958
23928,1962542,570.59094
23929,1962639,498.0193
23930,1962719,424.33304
23931,1962821,584.92847
23932,1962906,473.5856
23933,1963001,464.9656
23934,1963072,375.1673
23935,1963150,432.62256
23936,1963267,656.6695
23937,1963352,476.38626
23938,1963468,631.9832
23939,1963562,518.112
23940,1963654,458.85037
23941,1963726,362.39017
23942,1963847,670.1637
23943,1963950,582.69904
23944,1964030,449.72012
23945,1964106,403.04013
23946,1964223,623.2351
23947,1964291,385.1368
23948,1964382,495.48413
23949,1964468,451.44052
23950,1964559,501.17874
23951,1964687,686.17914
23952,1964781,506.54474
23953,1964921,786.2221
23954,1965011,454.8502
23955,1965112,541.643
23956,1965246,662.87646
23957,1965339,515.14935
23958,1965421,448.01288
23959,1965567,729.0067
23960,1965658,498.1554
23961,1965777,637.9241
23962,1965870,515.2045
23963,1965964,504.6423
23964,1966050,450.978
23965,1966133,419.15387
23966,1966216,422.39032
23967,1966284,353.6798
23968,1966363,420.5337
23969,1966453,481.78082
23970,1966525,398.4774
23971,1966613,489.1214
23972,1966704,456.98798
23973,1966817,613.5283
23974,1966891,399.12744
23975,1966961,389.0637
23976,1967055,504.81686
23977,1967148,519.83966
23978,1967236,471.85464
23979,1967351,632.8816
23980,1967458,592.0629
23981,1967544,472.7156
23982,1967665,608.0539
23983,1967762,538.55444
23984,1967858,536.7627
23985,1968000,764.913
23986,1968080,435.0784
23987,1968213,672.93427
23988,1968292,414.78723
23989,1968379,448.87576
23990,1968523,798.7388
23991,1968598,414.1147
23992,1968704,611.5833
23993,1968773,371.9799
23994,1968852,387.0094
23995,1968969,661.2993
23996,1969062,514.2663
23997,1969161,531.42975
23998,1969264,575.69495
23999,1969373,595.8978
24000,1969465,509.9595
24001,1969573,544.15924
24002,1969630,287.49945
24003,1969732,546.7824
24004,1969814,433.1579
24005,1969887,384.8274
24006,1969964,384.5817
24007,1970063,476.29593
24008,1970156,511.84982
24009,1970228,358.17444
24010,1970375,799.3329
24011,1970455,407.07507
24012,1970528,385.74573
24013,1970607,413.84598
24014,1970715,579.13684
24015,1970800,459.82135
24016,1970874,407.7399
24017,1970967,505.9923
24018,1971081,640.2776
24019,1971178,497.0523
24020,1971274,532.6666
24021,1971380,574.4738
24022,1971481,558.08453
24023,1971565,461.99924
24024,1971669,539.07684
24025,1971752,434.46875
24026,1971834,446.2328
24027,1971902,365.49677
24028,1971983,430.56546
24029,1972067,434.62137
24030,1972150,443.19037
24031,1972221,375.85916
24032,1972314,525.5161
24033,1972431,629.12604
24034,1972523,507.4449
24035,1972587,337.90958
24036,1972665,413.97052
24037,1972779,618.02026
24038,1972876,499.5053
24039,1972962,467.7203
24040,1973082,593.9622
24041,1973186,591.5133
24042,1973276,476.36255
24043,1973385,553.27655
24044,1973494,593.7491
24045,1973593,528.4623
24046,1973723,705.40814
24047,1973807,431.42715
24048,1973898,519.85065
24049,1973993,538.05505
24050,1974096,569.2043
24051,1974185,447.41342
24052,1974308,625.656
24053,1974448,776.3095
24054,1974555,593.1264
24055,1974659,545.63226
24056,1974735,387.38803
24057,1974831,536.2968
24058,1974926,503.78177
24059,1975046,632.4918
24060,1975140,516.8435
24061,1975249,547.7032
24062,1975320,396.08188
24063,1975408,455.25626
24064,1975504,507.326
24065,1975643,711.8904
24066,1975709,334.38882
24067,1975821,610.04486
24068,1975896,415.81543
24069,1975999,541.0023
24070,1976070,371.0129
24071,1976168,550.98584
24072,1976251,468.43015
24073,1976353,571.1671
24074,1976437,468.64545
24075,1976530,462.84943
24076,1976629,524.25494
24077,1976714,439.5676
24078,1976820,574.8945
24079,1976920,503.70587
24080,1977010,507.37518
24081,1977096,450.916
24082,1977197,579.9675
24083,1977298,560.2624
24084,1977391,502.65372
24085,1977497,565.5982
24086,1977600,574.8432
24087,1977688,491.46875
24088,1977776,455.7526
24089,1977855,423.64563
24090,1977964,610.5943
24091,1978051,461.8249
24092,1978149,532.91473
24093,1978239,500.97067
24094,1978314,410.48294
24095,1978434,648.44434
24096,1978516,429.19604
24097,1978598,452.16177
24098,1978706,600.23474
24099,1978795,492.92117
24100,1978919,693.84845
24101,1979009,513.1652
24102,1979097,489.71063
24103,1979169,380.6999
24104,1979274,593.0716
24105,1979398,684.132
24106,1979505,528.4666
24107,1979617,607.17017
24108,1979732,617.62415
24109,1979840,555.61255
24110,1979933,522.76587
24111,1980034,571.83826
24112,1980147,613.63696
24113,1980242,510.97955
24114,1980332,483.67044
24115,1980428,526.468
24116,1980501,407.75134
24117,1980615,639.5907
24118,1980716,576.62933
24119,1980778,348.58533
24120,1980906,705.5869
24121,1980999,494.43658
24122,1981089,483.1866
24123,1981161,405.0417
24124,1981286,649.7781
24125,1981368,459.8903
24126,1981465,529.9075
24127,1981553,485.43454
24128,1981615,322.1784
24129,1981729,598.9563
24130,1981840,629.8348
24131,1981943,556.0061
24132,1982061,606.8978
24133,1982171,614.5326
24134,1982271,535.1688
24135,1982418,823.24194
24136,1982531,638.98553
24137,1982606,423.7482
24138,1982721,601.4101
24139,1982829,594.313
24140,1982889,317.2756
24141,1982976,490.10007
24142,1983121,799.94604
24143,1983226,581.1419
24144,1983376,820.43353
24145,1983507,674.77734
24146,1983580,387.76736
24147,1983677,550.4976
24148,1983758,448.30502
24149,1983829,399.37604
24150,1983929,547.7024
24151,1984011,425.73706
24152,1984087,390.77908
24153,1984181,523.97876
24154,1984301,652.2617
24155,1984364,357.26505
24156,1984460,495.09946
24157,1984583,684.97943
24158,1984658,420.89914
24159,1984737,430.33127
24160,1984850,627.69275
24161,1984943,517.5506
24162,1985045,544.27496
24163,1985168,690.5748
24164,1985279,602.7129
24165,1985365,460.75146
24166,1985463,512.1959
24167,1985566,535.05743
24168,1985696,695.7422
24169,1985795,543.9019
24170,1985871,402.5959
24171,1985963,493.34604
24172,1986106,742.40955
24173,1986171,337.82718
24174,1986291,657.42126
24175,1986387,500.69708
24176,1986467,423.3887
24177,1986543,405.84366
24178,1986702,866.84625
24179,1986778,414.6116
24180,1986889,626.6941
24181,1986986,506.27924
24182,1987069,442.91064
24183,1987251,1005.27747
24184,1987320,365.83282
24185,1987404,451.17786
24186,1987530,688.9125
24187,1987640,601.94214
24188,1987736,501.7873
24189,1987861,682.27374
24190,1987959,540.94946
24191,1988051,494.50143
24192,1988133,402.8941
24193,1988243,621.6175
24194,1988351,573.81866
24195,1988446,517.0374
24196,1988549,574.54297
24197,1988662,583.4821
24198,1988739,427.3842
24199,1988829,474.165
24200,1988958,653.71173
24201,1989048,446.18585
24202,1989174,701.44635
24203,1989325,790.8104
24204,1989405,430.31934
24205,1989509,604.79016
24206,1989596,479.77628
24207,1989732,761.7491
24208,1989843,611.03564
24209,1989921,416.6267
24210,1989993,378.38373
24211,1990077,467.12534
24212,1990161,440.65604
24213,1990263,565.8753
24214,1990356,498.36435
24215,1990436,440.5188
24216,1990519,438.1753
24217,1990677,790.94006
24218,1990801,704.7083
24219,1990910,547.24915
24220,1991019,560.01245
24221,1991086,360.19495
24222,1991183,528.7201
24223,1991313,700.9795
24224,1991400,480.26984
24225,1991473,394.23962
24226,1991558,468.7544
24227,1991630,348.25024
24228,1991715,471.28754
24229,1991834,634.61035
24230,1991956,681.19916
24231,1992063,561.7823
24232,1992127,296.99976
24233,1992226,510.3805
24234,1992311,468.52475
24235,1992406,509.23297
24236,1992500,473.0704
24237,1992629,668.5512
24238,1992709,424.4874
24239,1992786,406.83566
24240,1992889,592.8205
24241,1992987,562.1982
24242,1993074,493.54236
24243,1993162,466.97714
24244,1993261,528.01984
24245,1993347,472.77112
24246,1993445,516.5969
24247,1993524,439.18842
24248,1993619,507.4876
24249,1993676,285.38358
24250,1993765,457.82187
24251,1993877,622.1261
24252,1993957,444.19714
24253,1994056,543.36115
24254,1994169,594.9495
24255,1994265,522.64655
24256,1994439,989.38184
24257,1994571,725.17053
24258,1994643,332.9861
24259,1994733,457.07355
24260,1994832,535.12054
24261,1994896,329.86905
24262,1994981,473.22263
24263,1995080,563.08704
24264,1995157,432.30118
24265,1995256,516.66705
24266,1995354,530.32666
24267,1995445,496.4208
24268,1995538,443.26886
24269,1995668,594.1201
24270,1995753,471.8605
24271,1995838,466.40503
24272,1995949,586.4068
24273,1996041,480.30682
24274,1996138,499.2762
24275,1996257,635.08875
24276,1996389,724.6861
24277,1996488,539.62775
24278,1996566,416.9604
24279,1996672,496.66055
24280,1996796,667.31433
24281,1996877,437.147
24282,1996996,676.1178
24283,1997117,671.7307
24284,1997220,564.129
24285,1997307,468.39075
24286,1997385,408.52933
24287,1997469,397.04456
24288,1997566,509.93
24289,1997634,382.77945
24290,1997703,350.47495
24291,1997883,1030.4181
24292,1997993,596.2028
24293,1998097,493.35565
24294,1998183,432.4817
24295,1998273,504.50623
24296,1998400,700.2692
24297,1998504,598.528
24298,1998585,456.58783
24299,1998705,669.88727
24300,1998771,371.91364
24301,1998889,585.44385
24302,1999035,789.9261
24303,1999182,814.3645
24304,1999257,401.466
24305,1999319,316.39523
24306,1999461,746.0912
24307,1999608,804.2467
24308,1999711,579.1512
24309,1999766,278.59354
24310,1999885,679.8451
24311,1999963,416.5015
24312,2000035,381.13492
24313,2000138,585.16003
24314,2000236,540.59216
24315,2000368,716.5139
24316,2000483,636.9927
24317,2000548,360.38806
24318,2000680,658.20233
24319,2000750,379.5802
24320,2000832,458.94897
