episodio,pasos,recompensa
1,18,87.242386
2,39,100.04917
3,69,151.74661
4,105,175.23749
5,133,133.43181
6,169,181.40912
7,187,86.42714
8,209,109.660385
9,226,81.34937
10,245,92.39389
11,265,99.73402
12,285,98.45746
13,319,172.61699
14,347,139.96939
15,368,103.27094
16,387,94.940544
17,405,86.492004
18,424,91.240036
19,443,93.67058
20,461,85.979095
21,487,127.70657
22,517,155.75531
23,534,81.420135
24,554,99.24471
25,570,76.5755
26,587,81.40563
27,604,80.984886
28,626,108.00982
29,654,131.56482
30,684,139.57883
31,715,143.45815
32,737,107.04812
33,761,113.366684
34,787,127.18716
35,806,94.01498
36,826,96.1256
37,850,119.41864
38,888,190.20863
39,905,81.413185
40,922,81.31167
41,939,81.32421
42,955,76.797356
43,974,88.50094
44,991,81.81897
45,1024,155.57283
46,1061,177.15273
47,1096,175.55829
48,1120,119.87382
49,1137,81.39282
50,1154,80.330475
51,1176,105.34706
52,1194,87.70209
53,1212,86.2148
54,1238,117.51146
55,1255,81.26743
56,1281,127.4986
57,1302,104.10471
58,1320,88.04877
59,1337,81.80376
60,1353,76.636536
61,1375,112.43411
62,1395,97.11389
63,1426,147.7565
64,1443,82.20305
65,1466,108.84672
66,1492,124.39715
67,1510,86.80351
68,1548,175.63734
69,1565,81.26738
70,1582,81.51073
71,1601,91.990654
72,1629,143.36395
73,1652,112.000824
74,1670,86.26358
75,1687,81.4589
76,1707,100.007935
77,1730,115.09881
78,1747,81.30926
79,1777,152.73354
80,1797,98.40396
81,1820,114.50523
82,1840,99.6638
83,1857,81.17069
84,1876,91.67857
85,1905,139.84717
86,1924,90.8056
87,1940,76.74305
88,1963,111.9052
89,1982,94.4034
90,2018,184.23457
91,2040,103.459694
92,2058,86.43188
93,2079,104.09585
94,2095,76.57945
95,2116,105.08602
96,2134,87.31199
97,2156,109.77048
98,2177,104.91131
99,2196,91.584984
100,2223,130.08998
101,2240,81.32513
102,2257,81.69256
103,2279,103.70751
104,2295,76.54231
105,2319,121.23028
106,2335,76.31098
107,2362,133.78065
108,2399,182.61801
109,2416,81.60431
110,2437,104.56758
111,2461,113.86261
112,2507,229.47975
113,2538,153.71106
114,2555,81.142815
115,2575,98.01763
116,2594,92.7151
117,2613,92.939674
118,2633,96.888756
119,2653,97.05794
120,2670,81.49628
121,2699,141.89153
122,2716,81.44903
123,2758,216.59026
124,2775,81.42999
125,2817,203.087
126,2834,82.09711
127,2854,102.83101
128,2871,81.101555
129,2887,76.71124
130,2904,81.103165
131,2921,81.284325
132,2939,87.41427
133,2955,76.53798
134,2972,81.26842
135,2990,86.24664
136,3011,95.859215
137,3039,137.33255
138,3056,81.35306
139,3073,81.093
140,3095,110.88814
141,3121,128.19028
142,3138,81.406525
143,3159,100.09155
144,3185,125.22123
145,3213,137.55305
146,3236,110.12389
147,3253,81.39641
148,3271,87.24771
149,3300,139.9555
150,3319,92.09005
151,3338,92.84323
152,3362,114.33213
153,3394,154.7739
154,3418,118.29778
155,3438,95.90714
156,3471,167.64023
157,3489,86.25138
158,3509,99.042366
159,3537,129.74512
160,3554,81.605644
161,3571,81.52772
162,3597,127.47568
163,3618,103.815186
164,3636,88.109276
165,3660,116.849365
166,3679,91.81443
167,3704,114.00986
168,3723,91.48346
169,3740,81.588806
170,3763,111.00717
171,3793,151.37279
172,3814,101.190414
173,3831,81.399605
174,3852,101.562325
175,3869,81.60167
176,3887,86.92214
177,3906,93.49221
178,3922,76.41918
179,3955,162.19046
180,3974,91.85623
181,3992,86.8739
182,4016,113.19111
183,4034,85.21524
184,4066,155.0879
185,4085,92.56723
186,4102,81.39039
187,4119,81.22291
188,4138,90.17018
189,4168,152.4231
190,4197,132.82822
191,4220,113.730354
192,4236,76.92691
193,4263,118.13688
194,4298,172.24333
195,4314,76.65962
196,4343,146.37045
197,4376,163.33069
198,4404,134.88376
199,4420,76.21187
200,4439,93.211
201,4463,119.11298
202,4482,93.048744
203,4501,90.72534
204,4523,105.526115
205,4548,122.72944
206,4578,147.53552
207,4595,81.33334
208,4612,82.868385
209,4630,86.811134
210,4655,121.23072
211,4672,81.54754
212,4699,133.27097
213,4726,121.36017
214,4749,114.160866
215,4767,86.28111
216,4795,133.63222
217,4813,86.506935
218,4835,108.5597
219,4852,81.28076
220,4883,156.7642
221,4905,107.30441
222,4930,129.2911
223,4949,91.81336
224,4965,76.798325
225,4982,81.52448
226,5004,106.00893
227,5021,81.253525
228,5050,132.8533
229,5067,81.36002
230,5089,108.64812
231,5105,76.37742
232,5134,148.8822
233,5163,135.43668
234,5186,111.67767
235,5206,96.84805
236,5222,76.42571
237,5246,117.717636
238,5263,81.183136
239,5305,217.27017
240,5322,81.54159
241,5339,81.84397
242,5381,205.47067
243,5398,81.01997
244,5431,162.23145
245,5467,175.49043
246,5487,97.725296
247,5521,157.47308
248,5553,155.33078
249,5572,92.10647
250,5589,81.4931
251,5606,81.422325
252,5632,115.73667
253,5661,146.20439
254,5695,172.0156
255,5714,92.268845
256,5730,76.387024
257,5750,95.263626
258,5765,71.782295
259,5782,81.66163
260,5806,120.95301
261,5822,76.45093
262,5839,81.22459
263,5867,136.37624
264,5897,131.03568
265,5934,177.48845
266,5956,106.270546
267,5982,131.02892
268,6007,127.11519
269,6030,110.64256
270,6046,76.496994
271,6069,108.88022
272,6090,100.21469
273,6117,128.1992
274,6137,96.7168
275,6155,88.32177
276,6174,93.11528
277,6192,86.596695
278,6219,130.06757
279,6237,86.52858
280,6258,104.17374
281,6290,158.01392
282,6308,87.47641
283,6328,96.78328
284,6359,147.6119
285,6388,141.75749
286,6405,81.46465
287,6422,81.28759
288,6455,167.63913
289,6477,108.21634
290,6505,133.23572
291,6532,134.11266
292,6549,81.426926
293,6568,88.62428
294,6584,76.57207
295,6607,117.28848
296,6639,142.99884
297,6669,149.35667
298,6688,92.598114
299,6705,81.08405
300,6722,81.37114
301,6761,186.26727
302,6779,88.017845
303,6818,181.72722
304,6860,209.91315
305,6885,123.074684
306,6909,118.4722
307,6942,164.71803
308,6969,135.93466
309,7010,201.67328
310,7041,150.1926
311,7075,166.01979
312,7102,131.94385
313,7120,86.2463
314,7138,89.190895
315,7155,81.52269
316,7173,88.21363
317,7191,86.244965
318,7209,85.79843
319,7228,94.14514
320,7262,166.21005
321,7286,119.80247
322,7303,81.515755
323,7319,76.53875
324,7338,91.56907
325,7363,115.13808
326,7384,104.94223
327,7409,118.18422
328,7434,112.180176
329,7455,103.45499
330,7472,81.580826
331,7489,81.143135
332,7506,81.08829
333,7528,102.46676
334,7557,149.86107
335,7578,100.89496
336,7601,115.51417
337,7618,81.344734
338,7642,119.43293
339,7662,99.28119
340,7680,86.53153
341,7703,108.66399
342,7735,161.82744
343,7752,81.47499
344,7780,130.9542
345,7800,99.145
346,7827,132.80205
347,7853,135.14166
348,7870,81.31262
349,7889,88.0934
350,7906,81.48724
351,7922,76.93878
352,7939,81.49346
353,7973,169.47849
354,7996,118.92458
355,8017,103.93735
356,8035,86.34551
357,8075,202.59584
358,8092,81.339355
359,8113,105.25359
360,8151,179.18675
361,8179,138.76466
362,8202,116.105385
363,8222,99.182434
364,8240,86.375465
365,8275,178.27408
366,8300,117.75898
367,8332,158.8722
368,8361,142.3391
369,8394,163.25562
370,8413,92.0581
371,8430,81.37225
372,8449,94.411026
373,8470,104.781425
374,8503,162.55785
375,8531,140.42798
376,8555,119.348946
377,8589,172.43991
378,8607,87.96399
379,8630,108.11606
380,8647,81.49708
381,8666,93.388275
382,8696,149.05293
383,8714,89.07065
384,8742,135.51349
385,8762,97.57225
386,8797,176.04544
387,8819,109.925865
388,8837,86.41133
389,8854,81.15083
390,8873,92.09978
391,8888,71.64725
392,8906,86.65384
393,8923,81.654015
394,8987,332.18753
395,9014,132.56277
396,9031,81.35236
397,9050,92.871796
398,9087,178.7137
399,9124,176.3933
400,9143,92.83777
401,9184,191.7847
402,9203,91.19504
403,9228,123.97148
404,9245,81.26811
405,9264,92.518715
406,9291,125.75562
407,9308,81.1582
408,9327,92.76453
409,9352,119.654335
410,9373,101.94293
411,9401,140.77794
412,9439,169.41591
413,9456,81.54711
414,9478,108.035545
415,9506,145.77803
416,9545,194.22987
417,9575,146.94598
418,9597,106.28127
419,9617,100.72439
420,9647,138.20561
421,9672,125.60904
422,9695,112.82124
423,9712,82.45139
424,9730,86.43617
425,9759,134.42987
426,9777,86.84257
427,9809,160.39642
428,9826,81.34808
429,9855,140.88412
430,9876,103.50646
431,9897,104.75431
432,9914,81.29556
433,9951,177.91623
434,9980,144.15692
435,10000,98.667946
436,10025,125.74045
437,10042,81.34288
438,10060,86.26581
439,10082,106.97336
440,10103,106.836235
441,10121,88.904396
442,10149,128.56947
443,10173,119.396164
444,10204,154.5295
445,10221,81.42882
446,10238,81.511826
447,10256,87.73105
448,10275,94.07178
449,10293,86.86159
450,10313,97.08961
451,10358,230.15105
452,10378,97.182205
453,10395,81.23725
454,10421,134.28339
455,10439,85.70298
456,10459,99.0919
457,10495,188.39183
458,10514,91.26473
459,10541,136.99986
460,10559,86.70603
461,10585,132.15184
462,10606,105.1723
463,10634,135.74478
464,10672,183.48085
465,10702,150.13092
466,10736,161.84805
467,10766,153.28484
468,10795,146.1238
469,10817,107.566315
470,10845,142.11044
471,10866,105.33431
472,10891,124.423775
473,10908,82.44516
474,10927,93.347984
475,10953,120.316086
476,10973,95.00277
477,10996,112.854774
478,11013,81.50495
479,11053,204.61252
480,11087,178.18028
481,11113,129.85643
482,11137,119.996864
483,11154,80.993286
484,11193,188.82156
485,11212,93.88755
486,11243,145.52635
487,11267,115.888275
488,11309,212.63914
489,11346,187.15099
490,11374,139.21844
491,11393,91.80411
492,11412,93.23764
493,11452,186.01765
494,11491,198.56282
495,11537,240.23184
496,11556,92.69092
497,11578,105.39098
498,11599,101.49589
499,11626,134.78429
500,11642,76.36865
501,11665,112.668106
502,11683,85.82771
503,11706,107.84715
504,11726,99.34878
505,11748,105.587585
506,11771,112.68768
507,11793,98.616646
508,11817,120.56045
509,11845,136.29839
510,11876,160.58348
511,11893,81.21964
512,11915,112.560974
513,11935,97.773125
514,11961,123.45851
515,11985,110.22513
516,12002,81.26411
517,12019,81.21205
518,12037,86.08654
519,12063,132.87686
520,12091,131.53094
521,12126,175.57065
522,12151,123.49768
523,12177,134.99695
524,12199,108.59685
525,12217,85.963264
526,12236,94.018074
527,12265,141.32936
528,12289,119.28656
529,12338,237.11949
530,12354,76.55809
531,12371,81.09563
532,12387,76.44586
533,12403,76.503136
534,12421,86.39891
535,12441,97.5333
536,12482,208.77179
537,12508,122.956406
538,12532,120.19324
539,12568,171.37576
540,12589,100.82948
541,12617,135.00095
542,12648,144.95583
543,12678,141.55156
544,12696,87.13529
545,12713,81.23559
546,12740,124.74711
547,12767,134.16371
548,12785,87.83291
549,12819,177.05771
550,12839,97.39044
551,12857,86.00968
552,12887,148.75458
553,12916,141.11734
554,12936,100.55402
555,12975,198.28728
556,12999,117.40619
557,13027,138.71945
558,13044,81.65585
559,13062,86.317154
560,13107,211.39941
561,13132,118.98303
562,13149,82.28224
563,13173,118.23149
564,13189,76.33739
565,13209,97.60148
566,13235,122.8805
567,13257,102.97004
568,13292,167.26085
569,13311,91.91085
570,13329,86.52548
571,13357,144.78229
572,13374,81.19765
573,13409,172.03572
574,13443,161.98624
575,13487,217.12039
576,13504,81.44943
577,13546,195.83556
578,13564,85.97016
579,13585,98.02352
580,13602,81.519875
581,13636,173.77118
582,13669,150.28864
583,13686,81.44403
584,13704,86.19096
585,13723,93.08142
586,13744,100.76252
587,13769,126.402985
588,13789,97.36528
589,13818,138.55533
590,13843,122.59953
591,13895,257.21887
592,13915,96.40332
593,13933,87.05979
594,13950,81.25107
595,13985,174.74791
596,14003,86.24217
597,14021,86.33604
598,14040,92.25825
599,14076,180.97113
600,14102,130.58662
601,14126,117.80154
602,14144,86.0883
603,14160,76.58476
604,14203,217.35918
605,14245,213.16888
606,14267,107.97238
607,14295,142.77214
608,14313,86.88985
609,14339,130.95775
610,14372,163.38535
611,14389,81.47391
612,14407,86.17046
613,14426,92.644066
614,14453,136.83255
615,14475,107.84326
616,14505,150.01004
617,14535,153.05783
618,14557,107.334206
619,14582,118.538246
620,14602,96.174835
621,14642,203.946
622,14665,116.185646
623,14684,92.879326
624,14713,146.50426
625,14733,97.95779
626,14750,81.62633
627,14766,76.700905
628,14786,98.12844
629,14812,133.92639
630,14831,92.25084
631,14853,100.53546
632,14872,93.07379
633,14894,107.79754
634,14913,92.55241
635,14933,98.62692
636,14957,123.11098
637,14983,118.086624
638,15000,81.553154
639,15018,87.0494
640,15036,86.84009
641,15084,257.89536
642,15109,122.45813
643,15149,178.77094
644,15186,182.47122
645,15205,92.65329
646,15249,206.4755
647,15281,165.21039
648,15299,86.97752
649,15318,91.73534
650,15334,76.39764
651,15373,176.87181
652,15397,122.564896
653,15450,254.15569
654,15491,197.39957
655,15546,256.89093
656,15577,151.5326
657,15594,81.12598
658,15640,243.93765
659,15658,87.24682
660,15703,204.90169
661,15723,99.49
662,15741,85.97466
663,15779,203.18903
664,15815,182.40295
665,15844,144.9517
666,15875,157.12425
667,15899,117.981705
668,15944,224.6156
669,15967,113.75125
670,15986,93.13049
671,16015,148.36499
672,16048,161.96126
673,16064,76.78348
674,16101,176.60593
675,16138,176.0049
676,16171,160.85799
677,16193,106.390495
678,16224,155.125
679,16242,86.01186
680,16271,148.71602
681,16292,106.87615
682,16315,108.71809
683,16335,95.07202
684,16353,86.06783
685,16389,171.12492
686,16423,157.04427
687,16440,81.02491
688,16471,153.67162
689,16493,106.96517
690,16510,81.141235
691,16538,140.99892
692,16574,178.77408
693,16599,124.890686
694,16642,192.19916
695,16667,128.17612
696,16685,86.53566
697,16703,87.104416
698,16722,92.1741
699,16742,95.58928
700,16760,87.51535
701,16777,81.36765
702,16815,187.91151
703,16832,81.02156
704,16851,94.40022
705,16868,81.33339
706,16893,119.04727
707,16912,91.60988
708,16933,101.85937
709,16964,154.75609
710,16988,105.44325
711,17012,120.36818
712,17029,81.698715
713,17052,116.00056
714,17084,163.32727
715,17115,159.8089
716,17151,188.22638
717,17190,187.71498
718,17208,86.21194
719,17225,81.48775
720,17242,81.629715
721,17282,197.2792
722,17304,109.295425
723,17324,98.18022
724,17361,172.27847
725,17390,147.80125
726,17411,103.95929
727,17434,110.74986
728,17454,98.54493
729,17471,81.53147
730,17503,154.38829
731,17520,82.21603
732,17540,99.62225
733,17570,154.30377
734,17592,99.07313
735,17610,86.778046
736,17637,133.5173
737,17655,85.888855
738,17685,148.85442
739,17713,142.54253
740,17731,87.387886
741,17769,181.03992
742,17811,216.85167
743,17849,173.91132
744,17867,87.472885
745,17898,148.73584
746,17915,81.603806
747,17947,149.95251
748,17965,84.686554
749,17990,113.79774
750,18036,239.90868
751,18055,92.83365
752,18089,174.51309
753,18148,288.327
754,18178,149.43709
755,18196,86.79996
756,18232,181.77171
757,18267,167.29115
758,18303,181.26279
759,18325,101.97626
760,18347,109.25527
761,18397,254.92145
762,18443,235.72226
763,18465,109.54332
764,18494,147.07059
765,18530,167.8625
766,18547,81.08275
767,18564,81.215
768,18591,138.49767
769,18658,305.36084
770,18677,93.37248
771,18705,141.49773
772,18722,81.30776
773,18740,86.471436
774,18790,275.8822
775,18808,86.78271
776,18834,129.98547
777,18869,168.39107
778,18893,109.54734
779,18912,91.967995
780,18944,169.40436
781,18963,92.78863
782,19009,222.33252
783,19043,164.30649
784,19082,207.4404
785,19099,81.22836
786,19136,195.14862
787,19180,223.2715
788,19215,177.0315
789,19233,86.4807
790,19251,88.74363
791,19277,133.47658
792,19303,118.20698
793,19332,146.76297
794,19359,124.78044
795,19392,170.706
796,19466,356.95453
797,19513,225.34918
798,19542,143.61195
799,19561,93.26311
800,19600,182.75534
801,19622,108.17304
802,19652,143.69522
803,19688,178.42293
804,19723,180.03702
805,19776,269.08447
806,19804,139.8223
807,19831,130.95201
808,19856,115.90525
809,19887,159.65605
810,19918,156.26385
811,19937,91.61134
812,19966,142.2045
813,19986,98.566154
814,20016,151.61046
815,20034,87.059204
816,20060,131.01468
817,20093,158.70345
818,20129,175.44482
819,20153,114.0078
820,20170,81.392265
821,20204,175.97911
822,20228,123.505066
823,20246,86.39328
824,20280,169.27275
825,20321,207.71167
826,20372,258.24585
827,20390,85.8851
828,20407,81.48165
829,20424,81.58185
830,20466,219.43011
831,20498,165.26857
832,20519,102.05228
833,20537,87.7158
834,20560,114.552345
835,20581,102.51887
836,20633,255.37387
837,20656,103.39281
838,20675,93.52113
839,20704,142.21364
840,20726,106.311775
841,20745,93.93967
842,20766,101.047485
843,20800,171.31369
844,20839,189.57895
845,20860,103.72789
846,20904,208.82727
847,20923,92.58017
848,20952,142.89183
849,20990,190.61884
850,21042,277.64026
851,21066,107.894394
852,21082,76.79047
853,21113,154.90344
854,21156,214.19814
855,21173,81.78199
856,21190,80.44543
857,21212,111.07731
858,21252,198.07365
859,21295,221.88693
860,21323,133.38953
861,21341,88.56182
862,21360,92.0105
863,21381,100.68254
864,21398,81.10482
865,21430,154.42651
866,21466,177.9329
867,21484,86.38811
868,21500,76.65621
869,21519,93.25283
870,21538,91.82973
871,21562,121.55047
872,21578,76.30986
873,21622,221.27718
874,21640,85.93568
875,21662,97.60889
876,21710,230.98471
877,21750,199.88673
878,21770,89.86502
879,21791,105.035225
880,21815,118.14459
881,21835,97.03774
882,21873,191.59239
883,21934,297.69095
884,21986,263.8008
885,22003,81.452934
886,22031,143.47534
887,22065,156.33487
888,22087,109.39423
889,22104,81.59219
890,22121,81.3676
891,22142,102.27514
892,22159,80.86628
893,22184,125.3109
894,22211,136.46059
895,22231,98.60562
896,22254,113.26783
897,22290,181.34323
898,22312,103.4962
899,22329,81.42705
900,22353,110.93422
901,22377,121.053215
902,22401,113.09147
903,22426,120.24676
904,22453,133.42853
905,22478,129.0087
906,22496,85.95452
907,22527,148.31462
908,22553,132.98984
909,22576,113.80046
910,22594,86.940865
911,22613,92.166855
912,22650,190.12212
913,22675,123.69774
914,22701,123.56699
915,22719,86.422104
916,22754,174.08011
917,22776,105.30423
918,22794,86.76403
919,22824,154.46338
920,22859,174.58919
921,22880,100.533325
922,22901,107.28696
923,22921,97.47517
924,22939,88.51624
925,22990,246.24301
926,23015,125.721756
927,23032,81.49219
928,23056,119.52668
929,23074,87.06787
930,23127,264.9994
931,23143,76.296425
932,23163,96.30117
933,23195,157.15987
934,23213,86.360504
935,23242,136.16783
936,23264,109.687805
937,23289,124.7793
938,23325,180.24681
939,23347,107.66392
940,23369,102.21403
941,23387,87.6003
942,23412,126.94283
943,23444,147.44287
944,23463,93.42868
945,23483,95.54993
946,23502,89.74141
947,23546,225.35219
948,23597,242.13957
949,23614,81.37123
950,23646,156.47003
951,23679,161.98654
952,23698,92.81008
953,23725,131.70122
954,23755,150.86272
955,23792,182.87979
956,23817,129.22116
957,23837,99.06219
958,23865,137.02539
959,23910,220.85326
960,23935,125.77513
961,23956,95.07554
962,23978,110.04013
963,24003,127.54662
964,24023,99.21488
965,24062,199.66927
966,24085,112.52959
967,24106,102.79493
968,24136,153.0034
969,24155,90.028854
970,24172,81.13604
971,24215,225.86214
972,24236,103.555916
973,24258,108.566864
974,24278,97.96995
975,24294,76.41574
976,24328,171.63083
977,24353,120.85275
978,24417,324.42578
979,24469,250.70007
980,24490,103.52218
981,24520,153.82182
982,24561,212.96695
983,24597,165.77107
984,24653,253.15063
985,24680,131.30496
986,24702,108.47394
987,24753,267.58698
988,24772,93.14814
989,24805,155.97649
990,24825,99.132904
991,24846,104.71114
992,24894,219.07077
993,24925,161.23141
994,24946,102.67329
995,24964,86.64768
996,24984,97.31065
997,25007,117.54189
998,25024,81.48971
999,25046,105.16214
1000,25070,118.85873
1001,25110,212.69676
1002,25136,127.24494
1003,25168,166.83566
1004,25185,81.54624
1005,25209,120.962654
1006,25227,87.51433
1007,25257,129.55313
1008,25282,123.37587
1009,25327,221.43614
1010,25350,116.39607
1011,25372,109.85078
1012,25392,96.594215
1013,25415,116.47221
1014,25432,81.21156
1015,25452,97.414764
1016,25472,95.672226
1017,25493,101.49735
1018,25543,264.52277
1019,25568,124.6883
1020,25593,114.26482
1021,25621,130.41594
1022,25640,93.5201
1023,25677,185.98355
1024,25718,189.89444
1025,25736,86.294266
1026,25756,97.15762
1027,25799,207.53903
1028,25821,108.67379
1029,25865,225.25305
1030,25906,197.15103
1031,25952,235.53354
1032,25976,120.96154
1033,26016,193.70932
1034,26068,257.65552
1035,26097,142.83795
1036,26163,336.73303
1037,26226,318.07864
1038,26253,135.09015
1039,26286,159.97461
1040,26341,255.30693
1041,26374,158.40602
1042,26390,76.519226
1043,26430,205.61293
1044,26449,93.55248
1045,26473,123.25344
1046,26496,116.344894
1047,26514,85.909645
1048,26551,189.42355
1049,26598,246.26382
1050,26633,182.31564
1051,26655,108.18243
1052,26686,156.67056
1053,26717,147.14122
1054,26759,198.10402
1055,26779,95.38087
1056,26796,81.172455
1057,26826,141.4217
1058,26849,115.42539
1059,26876,121.93549
1060,26894,86.52871
1061,26915,104.299355
1062,26957,196.34804
1063,26990,165.63757
1064,27010,94.819
1065,27065,265.62494
1066,27095,146.95882
1067,27121,128.26414
1068,27139,85.89492
1069,27205,345.2927
1070,27234,137.29755
1071,27269,177.01677
1072,27307,181.75542
1073,27335,134.61479
1074,27374,206.60149
1075,27399,122.892044
1076,27436,177.90794
1077,27455,92.52569
1078,27483,125.593254
1079,27521,179.91841
1080,27543,107.42474
1081,27587,227.58069
1082,27621,170.07565
1083,27649,146.98106
1084,27688,180.83037
1085,27724,173.1145
1086,27747,112.48117
1087,27770,108.24982
1088,27798,139.68657
1089,27825,132.51343
1090,27845,98.06344
1091,27882,173.29875
1092,27902,97.94887
1093,27924,109.869896
1094,27954,140.04802
1095,27997,216.62285
1096,28014,81.60993
1097,28062,248.3834
1098,28100,196.8435
1099,28127,128.304
1100,28153,130.4315
1101,28183,153.23749
1102,28220,179.60266
1103,28264,226.87465
1104,28291,124.79465
1105,28324,158.41325
1106,28346,102.61375
1107,28392,237.58907
1108,28425,162.4215
1109,28469,216.25868
1110,28495,129.43756
1111,28540,224.05623
1112,28566,132.30591
1113,28604,190.2145
1114,28630,130.52652
1115,28647,81.33663
1116,28663,76.68027
1117,28692,153.53848
1118,28728,170.89786
1119,28745,81.908295
1120,28769,113.131386
1121,28819,263.6396
1122,28858,202.23819
1123,28879,103.388374
1124,28920,189.98311
1125,28959,187.80988
1126,28978,94.46295
1127,29000,105.11778
1128,29029,145.83861
1129,29048,88.079765
1130,29085,192.99602
1131,29132,211.19376
1132,29177,227.46172
1133,29201,114.97764
1134,29218,81.114746
1135,29235,81.499344
1136,29261,131.03287
1137,29310,230.44797
1138,29349,175.83038
1139,29369,97.513855
1140,29386,81.215454
1141,29403,81.63926
1142,29427,123.361725
1143,29454,132.34871
1144,29471,81.15549
1145,29494,114.99561
1146,29515,106.127365
1147,29539,124.26563
1148,29569,153.88559
1149,29604,182.16743
1150,29625,98.2124
1151,29659,150.71939
1152,29676,81.22025
1153,29715,184.0188
1154,29752,189.93326
1155,29779,130.4108
1156,29804,122.82376
1157,29862,286.476
1158,29906,233.68355
1159,29942,169.42888
1160,29983,196.17596
1161,30006,116.681
1162,30028,105.94678
1163,30065,178.48695
1164,30084,92.43448
1165,30117,152.84995
1166,30135,86.58569
1167,30176,214.17548
1168,30198,113.44728
1169,30237,181.53033
1170,30257,96.80766
1171,30302,228.70906
1172,30339,188.07747
1173,30362,114.06588
1174,30385,110.63185
1175,30416,160.8734
1176,30443,121.88102
1177,30498,291.09628
1178,30542,249.81918
1179,30573,147.82162
1180,30612,187.02232
1181,30651,196.52402
1182,30690,194.8172
1183,30714,119.25279
1184,30748,170.93692
1185,30801,261.89276
1186,30834,170.30186
1187,30883,247.92334
1188,30901,86.30569
1189,30938,177.03687
1190,30958,99.47293
1191,30987,138.07712
1192,31011,119.269775
1193,31030,93.52424
1194,31062,160.93254
1195,31126,329.47943
1196,31171,225.64262
1197,31198,127.84703
1198,31221,118.05995
1199,31279,268.97012
1200,31296,82.069176
1201,31322,125.574066
1202,31386,291.28128
1203,31416,150.2423
1204,31437,103.54386
1205,31490,294.6934
1206,31526,166.84503
1207,31558,161.59625
1208,31594,180.53308
1209,31635,205.2826
1210,31688,260.62323
1211,31718,149.47408
1212,31748,150.86406
1213,31784,171.9232
1214,31813,141.59761
1215,31848,176.40259
1216,31870,110.62395
1217,31908,194.13441
1218,31963,291.33203
1219,31987,118.07636
1220,32004,81.452515
1221,32053,251.96127
1222,32078,116.82869
1223,32110,165.2176
1224,32153,226.80846
1225,32197,219.99428
1226,32225,138.97636
1227,32252,138.62859
1228,32307,279.65158
1229,32331,124.15584
1230,32377,226.72412
1231,32415,193.47299
1232,32440,127.93657
1233,32456,76.457565
1234,32473,81.40447
1235,32493,92.05504
1236,32511,86.02073
1237,32552,196.11487
1238,32581,142.8937
1239,32615,154.17664
1240,32645,144.75284
1241,32674,134.83173
1242,32703,145.93355
1243,32746,211.25201
1244,32766,95.028275
1245,32801,171.44138
1246,32853,279.7016
1247,32896,208.2831
1248,32921,127.544014
1249,32941,90.64327
1250,32989,253.49602
1251,33018,135.73361
1252,33036,87.093796
1253,33056,99.709114
1254,33082,132.51755
1255,33144,286.66788
1256,33173,141.78189
1257,33226,241.35304
1258,33255,148.99223
1259,33291,185.3524
1260,33336,224.94945
1261,33383,234.4617
1262,33407,111.29064
1263,33442,172.28622
1264,33462,97.783356
1265,33484,102.9061
1266,33530,243.40382
1267,33561,154.0332
1268,33620,279.76276
1269,33651,149.92632
1270,33671,97.89516
1271,33697,131.44019
1272,33720,115.24564
1273,33746,132.97838
1274,33765,93.297554
1275,33786,104.54036
1276,33806,98.29125
1277,33874,331.65714
1278,33912,186.01207
1279,33933,103.60678
1280,33986,262.01608
1281,34005,90.965996
1282,34034,136.81929
1283,34052,86.74717
1284,34096,225.07011
1285,34118,108.80823
1286,34135,81.43155
1287,34156,102.973885
1288,34174,83.935646
1289,34213,195.68155
1290,34256,199.48697
1291,34277,103.80059
1292,34310,157.13292
1293,34329,92.60951
1294,34366,185.6047
1295,34405,193.93292
1296,34474,322.81464
1297,34491,81.40504
1298,34533,214.49117
1299,34563,151.42162
1300,34595,163.84933
1301,34622,122.55517
1302,34654,160.43452
1303,34694,191.05148
1304,34724,135.45079
1305,34768,223.93365
1306,34787,93.278275
1307,34811,122.54238
1308,34830,91.852264
1309,34852,108.99774
1310,34890,187.88814
1311,34943,254.91489
1312,34977,155.01534
1313,35025,237.26584
1314,35094,364.61536
1315,35112,87.20855
1316,35144,146.73285
1317,35171,137.0685
1318,35192,98.94488
1319,35216,120.0535
1320,35261,227.2258
1321,35313,237.57265
1322,35339,121.26557
1323,35362,115.46096
1324,35452,460.30942
1325,35489,191.99576
1326,35520,154.06273
1327,35559,192.57358
1328,35578,88.581474
1329,35610,171.65977
1330,35629,91.48309
1331,35670,203.48816
1332,35695,125.57395
1333,35747,286.20416
1334,35796,241.02814
1335,35862,327.29004
1336,35903,203.47119
1337,35963,296.3796
1338,36002,183.90472
1339,36031,141.66629
1340,36069,199.72887
1341,36088,91.16558
1342,36125,178.94775
1343,36150,123.215744
1344,36181,152.73431
1345,36232,253.53133
1346,36256,117.56402
1347,36289,161.75854
1348,36319,156.80452
1349,36379,293.68976
1350,36432,278.51837
1351,36449,81.59131
1352,36485,174.99098
1353,36525,200.81473
1354,36559,172.53125
1355,36616,286.39984
1356,36664,232.73268
1357,36701,191.55597
1358,36724,109.206406
1359,36753,127.25235
1360,36845,419.36908
1361,36891,220.34854
1362,36962,351.40884
1363,37019,282.7486
1364,37060,207.49997
1365,37095,178.64943
1366,37133,197.96309
1367,37168,162.97333
1368,37186,83.57368
1369,37209,111.931946
1370,37255,218.00475
1371,37288,158.57622
1372,37337,244.18683
1373,37381,211.32034
1374,37417,181.08441
1375,37435,87.96728
1376,37454,89.52455
1377,37476,108.32501
1378,37497,100.91759
1379,37541,231.07095
1380,37567,132.80267
1381,37602,170.3241
1382,37632,147.63573
1383,37661,148.5824
1384,37712,245.9105
1385,37761,242.30835
1386,37791,155.16925
1387,37817,131.73273
1388,37869,271.34097
1389,37906,190.56578
1390,37934,139.20807
1391,37974,195.50005
1392,37991,81.292274
1393,38024,161.9627
1394,38044,97.942726
1395,38070,120.18007
1396,38128,306.79
1397,38146,86.40965
1398,38211,325.81195
1399,38238,134.86748
1400,38269,153.09608
1401,38333,304.56116
1402,38351,86.65916
1403,38378,136.44589
1404,38396,86.50346
1405,38420,121.34407
1406,38456,180.60901
1407,38492,168.51685
1408,38558,295.6671
1409,38597,197.0754
1410,38644,236.77902
1411,38665,101.931465
1412,38691,130.92905
1413,38718,122.81037
1414,38758,187.00595
1415,38792,164.70695
1416,38813,103.046
1417,38863,213.74583
1418,38905,217.28622
1419,38956,252.37009
1420,38998,228.80942
1421,39048,236.05103
1422,39089,192.27292
1423,39118,142.82184
1424,39160,216.91899
1425,39179,91.83269
1426,39228,261.6694
1427,39251,115.2183
1428,39278,136.7149
1429,39298,91.03416
1430,39322,121.15238
1431,39358,189.40173
1432,39389,148.82565
1433,39407,86.2084
1434,39443,183.01216
1435,39471,137.54625
1436,39489,87.20302
1437,39530,203.50418
1438,39578,206.53667
1439,39625,241.7286
1440,39680,302.51797
1441,39735,265.57626
1442,39756,105.46489
1443,39796,198.18382
1444,39815,92.05753
1445,39851,168.59074
1446,39881,147.11185
1447,39899,88.39297
1448,39920,103.46989
1449,39975,299.8222
1450,40009,161.79506
1451,40038,137.05151
1452,40076,190.81485
1453,40136,271.58875
1454,40153,81.565865
1455,40180,137.4437
1456,40197,81.32139
1457,40229,160.383
1458,40282,276.32504
1459,40338,282.52554
1460,40378,199.32957
1461,40412,175.84418
1462,40443,160.51146
1463,40463,99.63185
1464,40505,197.48074
1465,40544,188.17238
1466,40565,104.21322
1467,40594,147.14714
1468,40620,122.20901
1469,40660,180.85645
1470,40692,160.6014
1471,40715,114.568275
1472,40770,279.24936
1473,40814,215.22275
1474,40851,188.73708
1475,40902,251.64238
1476,40940,198.756
1477,40981,213.1054
1478,41016,183.74301
1479,41038,113.27465
1480,41110,351.42267
1481,41145,181.47157
1482,41176,151.23602
1483,41236,276.22723
1484,41283,233.65553
1485,41327,211.70145
1486,41366,187.52588
1487,41383,81.13439
1488,41427,227.59573
1489,41480,252.23962
1490,41521,190.16087
1491,41554,172.2628
1492,41573,91.65722
1493,41630,278.22318
1494,41674,226.36693
1495,41776,507.8167
1496,41818,202.59464
1497,41864,227.34767
1498,41903,181.48938
1499,41976,389.59235
1500,42010,178.40279
1501,42043,169.33577
1502,42096,260.94296
1503,42136,193.22127
1504,42189,274.71884
1505,42232,217.28925
1506,42287,255.90233
1507,42326,191.74934
1508,42374,244.49901
1509,42402,123.81315
1510,42451,259.35507
1511,42495,209.89566
1512,42523,131.53688
1513,42566,226.70734
1514,42603,190.5707
1515,42621,88.43596
1516,42653,157.77002
1517,42685,153.54813
1518,42737,256.72247
1519,42757,98.07721
1520,42815,314.24017
1521,42837,108.62947
1522,42880,215.9591
1523,42902,104.20131
1524,42944,192.60379
1525,42961,81.472244
1526,43027,341.70935
1527,43068,192.80809
1528,43086,87.028366
1529,43103,81.68532
1530,43141,173.98477
1531,43174,157.80656
1532,43192,87.790855
1533,43210,85.81431
1534,43264,271.2305
1535,43306,203.58888
1536,43346,210.26933
1537,43400,282.70184
1538,43417,81.515434
1539,43459,200.35056
1540,43477,86.02051
1541,43503,127.269264
1542,43559,250.7194
1543,43603,235.9315
1544,43622,91.358734
1545,43640,87.649796
1546,43679,189.21097
1547,43711,171.52866
1548,43737,131.43376
1549,43772,181.86946
1550,43813,197.15703
1551,43832,92.15667
1552,43853,101.00009
1553,43891,202.74867
1554,43909,87.84264
1555,43930,103.402435
1556,43986,268.27426
1557,44032,239.02458
1558,44082,244.07265
1559,44140,304.8139
1560,44176,174.38632
1561,44204,136.3588
1562,44260,268.88376
1563,44316,294.01276
1564,44344,140.165
1565,44368,117.020966
1566,44416,232.56836
1567,44439,114.735725
1568,44472,147.65656
1569,44544,383.00012
1570,44610,353.20773
1571,44654,214.44902
1572,44697,219.14894
1573,44756,318.3264
1574,44786,153.79543
1575,44811,126.641
1576,44833,109.843445
1577,44861,134.39279
1578,44892,139.23456
1579,44910,86.95488
1580,44968,266.74478
1581,45040,359.62897
1582,45082,202.12605
1583,45105,114.76528
1584,45123,85.41871
1585,45180,278.86465
1586,45263,419.9346
1587,45304,196.47351
1588,45346,193.08115
1589,45364,86.077705
1590,45386,107.69294
1591,45442,288.9799
1592,45486,221.11432
1593,45539,265.59918
1594,45583,212.38089
1595,45645,296.93997
1596,45692,241.09315
1597,45717,119.480576
1598,45757,204.19452
1599,45790,165.09642
1600,45844,269.41754
1601,45877,161.91779
1602,45894,81.59426
1603,45950,267.48788
1604,45985,174.61618
1605,46004,92.19851
1606,46045,213.63313
1607,46098,264.63995
1608,46140,207.75526
1609,46182,219.22084
1610,46233,270.30515
1611,46271,199.62697
1612,46289,86.32452
1613,46359,368.41556
1614,46407,245.54768
1615,46456,264.4114
1616,46489,173.22081
1617,46524,179.11426
1618,46547,113.8274
1619,46591,212.26776
1620,46642,244.7166
1621,46705,334.08862
1622,46731,127.42987
1623,46797,329.5422
1624,46861,300.75635
1625,46898,175.90971
1626,46949,245.43852
1627,46982,171.0956
1628,47002,97.68697
1629,47021,89.75125
1630,47049,140.68112
1631,47085,174.09479
1632,47118,167.41603
1633,47162,221.50502
1634,47212,239.23134
1635,47277,313.5114
1636,47313,171.80585
1637,47384,304.4113
1638,47415,161.34526
1639,47450,154.8166
1640,47506,275.68137
1641,47550,217.8511
1642,47581,155.69948
1643,47653,344.2113
1644,47721,327.9015
1645,47757,176.19612
1646,47804,248.42014
1647,47826,110.94026
1648,47888,321.45636
1649,47928,204.17868
1650,47968,213.5828
1651,48024,274.1881
1652,48096,375.6812
1653,48130,162.26515
1654,48186,291.83472
1655,48237,256.01663
1656,48291,254.96062
1657,48343,253.32353
1658,48382,184.58209
1659,48414,157.42702
1660,48457,215.16866
1661,48478,103.7618
1662,48533,280.9522
1663,48584,253.63484
1664,48638,272.84918
1665,48707,332.6134
1666,48752,218.07198
1667,48781,143.2779
1668,48862,379.50903
1669,48904,211.93173
1670,48946,203.8569
1671,48970,119.57245
1672,49008,200.88377
1673,49049,204.32635
1674,49091,207.1589
1675,49113,108.9526
1676,49174,321.39368
1677,49248,379.4906
1678,49307,317.90118
1679,49342,160.79977
1680,49385,221.2767
1681,49415,154.55284
1682,49466,268.7858
1683,49513,245.09822
1684,49615,545.4018
1685,49696,419.7489
1686,49739,215.31747
1687,49801,310.6659
1688,49823,108.61994
1689,49860,198.9634
1690,49928,324.46216
1691,49975,252.89986
1692,50028,261.59097
1693,50075,233.8399
1694,50094,93.05701
1695,50123,148.26636
1696,50182,298.38553
1697,50218,180.643
1698,50257,180.6602
1699,50304,225.33427
1700,50349,219.11646
1701,50377,142.298
1702,50441,297.59598
1703,50491,242.11911
1704,50575,425.86166
1705,50614,182.71606
1706,50667,279.82272
1707,50696,154.53026
1708,50738,215.2909
1709,50786,256.74985
1710,50826,202.31355
1711,50890,303.00345
1712,50940,243.72824
1713,50970,154.59027
1714,51027,289.40012
1715,51092,310.15604
1716,51139,252.50642
1717,51162,111.42228
1718,51258,466.09546
1719,51300,212.39314
1720,51360,298.5301
1721,51395,183.13115
1722,51418,115.78735
1723,51447,133.86536
1724,51486,197.07722
1725,51555,385.1872
1726,51593,183.77536
1727,51642,241.48932
1728,51705,338.95218
1729,51765,275.87244
1730,51801,184.93187
1731,51864,328.6402
1732,51923,302.933
1733,51973,233.35768
1734,51992,92.494995
1735,52040,235.14842
1736,52125,394.22275
1737,52160,166.93211
1738,52217,285.77856
1739,52258,190.29367
1740,52333,350.22168
1741,52365,161.96094
1742,52441,383.15933
1743,52487,241.06737
1744,52538,265.3569
1745,52578,197.64626
1746,52624,237.52332
1747,52675,263.47296
1748,52702,133.73111
1749,52784,427.0306
1750,52816,155.41109
1751,52853,170.72617
1752,52876,108.08782
1753,52893,81.25736
1754,52926,155.7095
1755,52975,254.11017
1756,53017,221.10954
1757,53070,286.09448
1758,53133,320.25165
1759,53205,326.30582
1760,53277,343.00577
1761,53341,337.68567
1762,53361,94.786766
1763,53414,279.99847
1764,53437,111.12976
1765,53486,264.24423
1766,53516,134.22673
1767,53546,154.66739
1768,53590,202.21889
1769,53612,107.605156
1770,53660,241.61343
1771,53696,184.3236
1772,53773,416.92114
1773,53790,81.31882
1774,53828,181.4198
1775,53863,165.33456
1776,53909,237.12717
1777,53957,217.35533
1778,54034,426.57996
1779,54080,226.42975
1780,54200,599.56854
1781,54220,97.27461
1782,54286,345.89044
1783,54341,273.81183
1784,54386,206.60777
1785,54418,149.37573
1786,54442,107.330246
1787,54464,103.413925
1788,54540,332.95627
1789,54622,419.1497
1790,54676,293.46777
1791,54696,98.6198
1792,54752,245.37569
1793,54835,406.81995
1794,54891,268.71506
1795,54922,160.03058
1796,54954,161.6824
1797,54991,173.17522
1798,55034,209.02005
1799,55089,282.22052
1800,55146,309.49445
1801,55228,429.63245
1802,55279,243.82324
1803,55304,125.35421
1804,55372,357.72034
1805,55454,432.96707
1806,55507,272.22586
1807,55552,230.95317
1808,55574,110.698105
1809,55615,199.61824
1810,55650,163.5839
1811,55672,111.5334
1812,55721,241.1751
1813,55788,345.03156
1814,55814,130.21251
1815,55879,325.48956
1816,55943,351.12885
1817,55986,201.39471
1818,56041,292.98746
1819,56107,325.9224
1820,56168,334.15094
1821,56206,182.15419
1822,56238,163.8294
1823,56295,261.38467
1824,56335,201.76718
1825,56367,157.96837
1826,56405,197.25229
1827,56457,274.8536
1828,56516,284.47467
1829,56552,190.9669
1830,56571,91.833336
1831,56637,347.77127
1832,56684,255.53716
1833,56745,318.8163
1834,56766,104.37676
1835,56819,263.76755
1836,56872,292.37277
1837,56928,275.27258
1838,56976,233.20583
1839,57001,124.681694
1840,57044,239.23868
1841,57079,161.02446
1842,57124,225.89214
1843,57180,293.09955
1844,57241,293.09445
1845,57315,394.4181
1846,57385,314.2085
1847,57431,220.38675
1848,57500,374.44418
1849,57567,328.1552
1850,57634,333.50974
1851,57667,174.77234
1852,57747,387.11444
1853,57813,335.34067
1854,57854,215.5653
1855,57896,208.56476
1856,57967,318.63538
1857,58011,230.7057
1858,58062,250.07146
1859,58114,277.26917
1860,58157,215.7116
1861,58211,281.43246
1862,58269,300.42856
1863,58353,448.63467
1864,58421,385.36212
1865,58468,223.92278
1866,58507,198.65193
1867,58575,341.13333
1868,58618,219.3821
1869,58662,222.76048
1870,58719,308.33112
1871,58782,358.75778
1872,58841,269.48016
1873,58927,450.31277
1874,58975,242.21873
1875,59038,304.31277
1876,59103,325.32178
1877,59154,253.923
1878,59176,102.03876
1879,59244,359.05685
1880,59281,186.87088
1881,59327,205.32681
1882,59349,109.98408
1883,59402,263.5323
1884,59427,128.13908
1885,59472,239.3892
1886,59538,283.69986
1887,59607,369.13818
1888,59641,161.4762
1889,59672,158.74397
1890,59719,249.77542
1891,59783,327.14923
1892,59841,315.8781
1893,59892,254.5484
1894,59943,245.2329
1895,59975,160.69574
1896,59993,84.541855
1897,60040,236.57516
1898,60096,290.75226
1899,60120,123.67619
1900,60189,327.20166
1901,60212,113.517105
1902,60288,333.47092
1903,60361,381.9366
1904,60389,130.40727
1905,60407,85.904884
1906,60453,220.08438
1907,60497,223.28537
1908,60587,466.51425
1909,60653,310.16483
1910,60702,236.21675
1911,60729,138.03877
1912,60797,355.13306
1913,60867,375.32703
1914,60899,158.62244
1915,60917,86.15867
1916,60961,215.16241
1917,61049,388.00024
1918,61079,136.99599
1919,61116,186.18535
1920,61149,163.29863
1921,61200,259.85043
1922,61248,259.05414
1923,61288,189.60681
1924,61346,283.08545
1925,61391,237.6896
1926,61432,209.85915
1927,61479,217.46217
1928,61515,179.22206
1929,61562,227.8728
1930,61644,383.49524
1931,61691,227.90443
1932,61738,244.53343
1933,61791,277.73843
1934,61830,203.36522
1935,61881,247.08699
1936,61943,340.17374
1937,62000,305.7634
1938,62068,320.02985
1939,62125,297.3359
1940,62173,251.90683
1941,62207,157.60617
1942,62260,261.1489
1943,62309,230.30943
1944,62336,125.674225
1945,62382,238.14339
1946,62442,329.7828
1947,62486,217.85376
1948,62529,220.24988
1949,62601,332.4399
1950,62641,196.88799
1951,62687,239.97652
1952,62731,212.94305
1953,62787,300.16306
1954,62845,297.22302
1955,62885,204.05879
1956,62923,185.07623
1957,62987,289.18448
1958,63030,220.69458
1959,63088,290.73444
1960,63126,179.56206
1961,63189,340.26038
1962,63237,258.30756
1963,63288,218.82799
1964,63340,265.8161
1965,63395,276.6312
1966,63431,166.13876
1967,63493,288.90012
1968,63580,432.96866
1969,63705,609.9566
1970,63724,92.96583
1971,63768,218.409
1972,63807,180.43076
1973,63859,264.22586
1974,63915,295.236
1975,63968,266.8226
1976,63989,103.35129
1977,64048,258.35315
1978,64079,154.22978
1979,64142,346.73187
1980,64221,430.87103
1981,64260,191.78012
1982,64294,159.07068
1983,64343,241.1699
1984,64384,212.84543
1985,64484,468.67282
1986,64535,257.05673
1987,64621,443.23233
1988,64662,201.74318
1989,64708,243.08182
1990,64756,248.8949
1991,64807,254.73257
1992,64850,223.87653
1993,64900,259.19373
1994,64965,327.88998
1995,65005,192.29065
1996,65029,118.53066
1997,65062,170.78261
1998,65136,348.222
1999,65165,132.95609
2000,65214,258.2811
2001,65275,333.44482
2002,65372,516.86865
2003,65470,495.77234
2004,65528,307.01846
2005,65625,503.08832
2006,65677,262.9564
2007,65734,291.78897
2008,65783,267.55426
2009,65816,149.74767
2010,65884,333.72314
2011,65903,91.998505
2012,65938,175.60652
2013,66012,381.10635
2014,66055,211.42633
2015,66084,135.87906
2016,66122,203.68256
2017,66183,325.86624
2018,66248,353.5419
2019,66302,287.30084
2020,66355,269.05862
2021,66414,318.5441
2022,66476,312.60422
2023,66513,177.93307
2024,66559,244.27411
2025,66581,109.720726
2026,66646,347.5663
2027,66693,222.79767
2028,66762,322.68588
2029,66804,207.6073
2030,66850,221.37047
2031,66901,262.38214
2032,66970,338.69473
2033,67042,345.54202
2034,67084,213.46402
2035,67134,253.7578
2036,67202,355.01974
2037,67250,254.22145
2038,67285,176.32626
2039,67326,192.76224
2040,67399,390.34485
2041,67444,209.02313
2042,67493,260.2674
2043,67553,320.75558
2044,67611,285.10956
2045,67665,258.952
2046,67716,242.1425
2047,67788,355.84622
2048,67817,130.45166
2049,67884,365.5401
2050,67950,342.91348
2051,67999,245.17348
2052,68035,178.86534
2053,68089,288.93604
2054,68148,280.87308
2055,68209,325.08496
2056,68268,298.83258
2057,68306,195.21362
2058,68365,321.91083
2059,68425,296.6011
2060,68474,245.41829
2061,68516,202.71468
2062,68572,296.12143
2063,68599,136.02435
2064,68659,308.75018
2065,68769,562.1843
2066,68848,408.82
2067,68899,261.73544
2068,68949,253.15144
2069,69028,388.10626
2070,69088,302.39813
2071,69148,267.8003
2072,69171,105.64657
2073,69222,258.10645
2074,69249,126.59217
2075,69309,328.83282
2076,69388,417.58633
2077,69429,188.7906
2078,69451,112.021835
2079,69508,275.45514
2080,69567,316.01514
2081,69623,287.62036
2082,69690,340.2821
2083,69753,332.8136
2084,69806,283.05215
2085,69866,303.5086
2086,69915,258.45544
2087,69968,265.9004
2088,70001,157.91982
2089,70066,344.31085
2090,70108,217.23859
2091,70144,185.16235
2092,70193,236.75664
2093,70228,163.19958
2094,70291,328.05582
2095,70343,264.9658
2096,70417,408.6241
2097,70500,450.43588
2098,70566,323.40594
2099,70639,386.79984
2100,70709,396.30142
2101,70742,161.57509
2102,70780,193.44347
2103,70837,294.72278
2104,70935,477.47592
2105,70964,150.1597
2106,71015,270.48462
2107,71088,348.83792
2108,71176,445.1081
2109,71221,235.31558
2110,71270,240.65941
2111,71324,266.50446
2112,71379,260.35617
2113,71460,365.1304
2114,71523,315.88226
2115,71570,246.9527
2116,71592,111.03637
2117,71681,471.96658
2118,71722,199.12698
2119,71745,114.19108
2120,71763,85.9944
2121,71816,280.98352
2122,71911,408.242
2123,71994,424.65433
2124,72031,188.41357
2125,72134,479.35638
2126,72202,296.2125
2127,72254,243.13347
2128,72326,350.17487
2129,72354,125.69575
2130,72413,330.44238
2131,72440,133.60632
2132,72496,288.43466
2133,72556,311.1873
2134,72659,460.6962
2135,72685,127.56122
2136,72733,244.77016
2137,72793,327.5642
2138,72850,294.94046
2139,72926,341.08646
2140,72954,143.4436
2141,73010,304.94
2142,73048,187.34084
2143,73093,225.95755
2144,73155,312.9171
2145,73197,208.0206
2146,73224,136.47893
2147,73270,248.23863
2148,73347,408.16733
2149,73407,294.85944
2150,73457,231.31691
2151,73517,284.34616
2152,73535,86.34717
2153,73592,285.29224
2154,73626,160.08975
2155,73680,274.4902
2156,73756,397.70627
2157,73777,104.38856
2158,73838,314.6027
2159,73891,283.92874
2160,73934,228.7883
2161,73973,191.12294
2162,74062,474.8595
2163,74124,338.23535
2164,74161,173.42952
2165,74213,266.5802
2166,74258,216.91177
2167,74332,343.10834
2168,74377,223.30171
2169,74445,330.40182
2170,74506,310.266
2171,74569,282.73166
2172,74615,237.92036
2173,74675,279.63647
2174,74722,244.28069
2175,74806,462.9256
2176,74916,508.46558
2177,74957,200.22267
2178,75003,230.32384
2179,75064,316.1998
2180,75103,184.38812
2181,75137,176.52156
2182,75177,187.58861
2183,75219,214.44498
2184,75296,357.44458
2185,75356,327.4703
2186,75425,361.2865
2187,75514,488.4779
2188,75557,230.2478
2189,75626,323.53485
2190,75675,225.63605
2191,75726,261.07764
2192,75786,308.59003
2193,75860,401.21048
2194,75918,299.99142
2195,75976,268.44064
2196,76029,288.1201
2197,76102,389.72894
2198,76157,292.92377
2199,76201,208.02274
2200,76267,303.23666
2201,76311,208.39746
2202,76355,229.86168
2203,76384,143.60286
2204,76450,355.84894
2205,76501,258.66562
2206,76544,230.00647
2207,76600,287.27737
2208,76643,209.79926
2209,76698,282.85608
2210,76760,324.4465
2211,76807,237.7417
2212,76874,295.2774
2213,76960,455.42847
2214,77055,419.34723
2215,77098,221.11853
2216,77142,223.05157
2217,77251,576.5978
2218,77296,234.8287
2219,77351,287.84512
2220,77403,280.71854
2221,77442,187.8199
2222,77501,273.82056
2223,77551,272.5712
2224,77595,227.33582
2225,77632,198.86479
2226,77692,258.46625
2227,77765,364.5812
2228,77807,228.86855
2229,77850,207.73788
2230,77912,298.9634
2231,77966,270.22552
2232,78052,392.27292
2233,78107,292.63242
2234,78152,221.85794
2235,78215,315.24222
2236,78260,228.87259
2237,78316,311.55212
2238,78363,244.0214
2239,78409,229.97018
2240,78490,391.52277
2241,78569,412.45593
2242,78610,191.39078
2243,78705,444.40677
2244,78773,312.1117
2245,78813,202.98358
2246,78869,308.70868
2247,78913,207.36552
2248,78984,364.41885
2249,79030,197.50996
2250,79060,146.38022
2251,79128,364.49945
2252,79240,495.2489
2253,79300,320.36417
2254,79329,137.32133
2255,79365,166.78134
2256,79415,260.71722
2257,79476,268.88724
2258,79527,264.93134
2259,79597,387.17334
2260,79665,344.06284
2261,79696,150.49779
2262,79762,344.60876
2263,79806,224.07773
2264,79851,231.03494
2265,79869,86.72826
2266,79918,259.37015
2267,79998,402.07413
2268,80044,253.73318
2269,80114,366.73557
2270,80165,223.94948
2271,80203,189.15285
2272,80257,279.33673
2273,80323,345.50308
2274,80375,239.27264
2275,80417,217.99431
2276,80477,304.54498
2277,80512,176.10585
2278,80565,287.22357
2279,80617,286.15057
2280,80677,317.9952
2281,80723,237.19998
2282,80782,320.26462
2283,80857,376.18262
2284,80911,271.251
2285,80960,241.18811
2286,81028,298.32443
2287,81090,322.6126
2288,81168,342.04935
2289,81237,357.9529
2290,81266,145.57108
2291,81305,200.67384
2292,81336,154.04889
2293,81394,300.64462
2294,81435,210.31094
2295,81479,227.87535
2296,81540,283.112
2297,81598,318.09418
2298,81652,289.45886
2299,81718,350.07785
2300,81782,336.93317
2301,81844,310.39203
2302,81911,326.21146
2303,81972,290.0343
2304,82024,275.98343
2305,82089,347.65378
2306,82161,336.7587
2307,82210,260.0813
2308,82271,290.3008
2309,82336,357.77255
2310,82375,194.8642
2311,82428,294.89194
2312,82486,292.56857
2313,82568,428.21478
2314,82629,325.78952
2315,82674,232.47282
2316,82723,239.26817
2317,82777,278.9275
2318,82855,399.83337
2319,82919,354.7536
2320,82969,273.257
2321,83009,192.92307
2322,83060,255.30865
2323,83135,373.4914
2324,83203,354.89075
2325,83270,351.45087
2326,83327,280.24414
2327,83427,530.0425
2328,83482,291.52963
2329,83536,281.9816
2330,83556,99.034134
2331,83653,422.01517
2332,83696,229.29524
2333,83763,298.2111
2334,83852,435.76822
2335,83907,297.05695
2336,83982,390.00302
2337,84043,328.9433
2338,84105,336.3276
2339,84153,250.8911
2340,84211,267.0179
2341,84269,295.3492
2342,84335,335.26117
2343,84382,239.6966
2344,84422,196.16345
2345,84470,258.8749
2346,84526,297.86343
2347,84590,338.30084
2348,84647,279.0598
2349,84690,222.97643
2350,84749,317.02054
2351,84796,229.48706
2352,84859,339.6952
2353,84906,244.82925
2354,84969,339.34818
2355,85029,319.297
2356,85081,284.29626
2357,85128,233.20682
2358,85174,250.85353
2359,85229,277.67694
2360,85260,157.34486
2361,85328,343.2088
2362,85388,324.3223
2363,85428,206.41881
2364,85498,372.78488
2365,85548,273.74677
2366,85600,258.4274
2367,85660,308.20477
2368,85712,274.9921
2369,85800,473.96268
2370,85854,280.27005
2371,85926,347.2256
2372,85970,230.37827
2373,86044,375.00592
2374,86112,365.4743
2375,86160,227.5297
2376,86216,282.5424
2377,86260,233.05338
2378,86312,286.52054
2379,86371,309.36166
2380,86449,383.28976
2381,86545,427.13257
2382,86603,298.58078
2383,86686,392.49637
2384,86729,220.21997
2385,86798,374.34995
2386,86848,266.56485
2387,86897,265.31644
2388,86962,337.2744
2389,87013,261.3689
2390,87068,281.97818
2391,87123,257.90738
2392,87180,313.3824
2393,87262,427.3134
2394,87347,455.18085
2395,87395,257.29984
2396,87455,325.80487
2397,87514,305.4388
2398,87587,383.64023
2399,87635,227.89241
2400,87685,262.94125
2401,87788,533.1376
2402,87847,300.9826
2403,87901,274.36465
2404,87995,479.455
2405,88023,137.36894
2406,88079,298.95917
2407,88155,344.50003
2408,88232,401.7323
2409,88325,449.68674
2410,88389,322.10495
2411,88466,407.13733
2412,88515,248.07896
2413,88605,430.7428
2414,88661,305.24176
2415,88701,208.02873
2416,88741,201.25203
2417,88760,94.34816
2418,88817,305.657
2419,88865,241.09003
2420,88926,317.14963
2421,88949,114.9966
2422,89010,312.66266
2423,89087,338.4151
2424,89138,275.17743
2425,89156,86.23268
2426,89220,328.46024
2427,89288,338.98352
2428,89337,255.68921
2429,89427,411.42282
2430,89483,296.49695
2431,89534,244.7417
2432,89611,368.88318
2433,89656,231.01965
2434,89702,233.26376
2435,89772,335.62518
2436,89824,270.46347
2437,89882,312.0244
2438,89933,247.55919
2439,89981,248.95479
2440,90030,265.12698
2441,90093,311.92795
2442,90161,337.61862
2443,90239,394.236
2444,90283,223.56683
2445,90335,267.91397
2446,90396,328.7211
2447,90435,198.96056
2448,90491,300.02304
2449,90533,216.07524
2450,90581,249.42729
2451,90636,292.58426
2452,90703,356.0807
2453,90762,298.16748
2454,90834,394.62338
2455,90921,405.28503
2456,90961,190.31749
2457,91041,442.62256
2458,91140,537.30084
2459,91188,252.72253
2460,91272,431.89734
2461,91356,451.1944
2462,91416,305.4601
2463,91477,320.54105
2464,91566,455.96396
2465,91610,226.04013
2466,91688,414.5707
2467,91770,439.09113
2468,91825,300.5066
2469,91902,364.20114
2470,91956,274.44806
2471,92016,298.61505
2472,92102,464.32904
2473,92171,346.52664
2474,92242,361.83624
2475,92297,285.13718
2476,92340,218.459
2477,92431,469.2112
2478,92481,250.55942
2479,92547,345.9511
2480,92639,428.74475
2481,92681,207.60721
2482,92752,361.57968
2483,92826,392.99088
2484,92867,215.77927
2485,92911,234.28487
2486,92976,359.2135
2487,93051,399.23468
2488,93103,277.1437
2489,93166,338.9087
2490,93227,328.04007
2491,93279,271.4462
2492,93326,241.7438
2493,93389,304.06046
2494,93440,280.02588
2495,93497,308.13943
2496,93561,325.88614
2497,93608,229.66968
2498,93671,298.3405
2499,93717,248.01747
2500,93781,306.25082
2501,93815,170.26128
2502,93912,437.15884
2503,93979,318.2716
2504,94030,279.33316
2505,94083,253.66005
2506,94169,457.14224
2507,94247,395.33572
2508,94316,380.2539
2509,94366,263.94952
2510,94416,258.7025
2511,94494,404.85086
2512,94544,250.71321
2513,94597,257.61057
2514,94648,266.91183
2515,94737,455.9354
2516,94811,344.28546
2517,94869,270.35904
2518,94929,326.30618
2519,94984,260.3309
2520,95008,122.32483
2521,95063,255.38824
2522,95120,307.022
2523,95195,374.93246
2524,95276,397.48544
2525,95348,344.2206
2526,95388,208.06229
2527,95450,328.45743
2528,95513,295.94717
2529,95570,304.96893
2530,95624,300.92862
2531,95685,331.3015
2532,95753,321.27188
2533,95806,284.32635
2534,95874,366.65848
2535,95895,104.58632
2536,95940,225.09976
2537,96020,416.3214
2538,96061,209.35165
2539,96135,368.12973
2540,96240,486.17075
2541,96317,396.71017
2542,96371,287.10583
2543,96459,460.97098
2544,96535,405.12433
2545,96568,164.58417
2546,96627,307.27612
2547,96672,205.60669
2548,96714,212.701
2549,96815,477.7267
2550,96887,356.7107
2551,96942,296.32043
2552,96990,244.44548
2553,97049,294.56784
2554,97116,374.23615
2555,97162,242.43102
2556,97221,313.67047
2557,97285,339.00784
2558,97352,360.9126
2559,97412,293.9701
2560,97471,322.97705
2561,97533,315.72888
2562,97614,378.74222
2563,97680,342.88312
2564,97765,383.35147
2565,97874,554.4161
2566,97928,274.23148
2567,97981,283.16327
2568,98041,321.69104
2569,98097,271.9384
2570,98161,333.42032
2571,98240,383.2789
2572,98315,355.33054
2573,98388,383.44077
2574,98451,292.02762
2575,98543,503.76273
2576,98646,548.1362
2577,98751,517.54407
2578,98827,406.50012
2579,98921,436.41492
2580,98971,252.5331
2581,99039,360.98572
2582,99089,250.18655
2583,99131,210.8657
2584,99184,268.03925
2585,99205,101.94381
2586,99258,255.51028
2587,99316,296.03995
2588,99397,406.80917
2589,99488,445.72437
2590,99571,388.57797
2591,99636,346.89474
2592,99721,372.94144
2593,99779,305.74893
2594,99856,425.28436
2595,99904,239.07866
2596,99952,252.49733
2597,100023,390.74796
2598,100068,214.85817
2599,100152,443.47488
2600,100231,370.1571
2601,100299,341.25336
2602,100334,177.6683
2603,100425,452.49863
2604,100487,338.0719
2605,100524,187.98567
2606,100602,399.5616
2607,100667,328.4599
2608,100714,245.42773
2609,100755,213.1295
2610,100805,257.57166
2611,100854,234.2725
2612,100908,293.62952
2613,100952,231.54152
2614,100999,244.21678
2615,101070,363.18854
2616,101159,424.6851
2617,101214,290.17795
2618,101300,468.42892
2619,101338,176.87103
2620,101436,439.17075
2621,101501,321.32315
2622,101565,328.98923
2623,101625,327.51395
2624,101723,520.3445
2625,101809,439.9767
2626,101889,419.65796
2627,101954,304.4803
2628,102019,353.2052
2629,102080,309.18692
2630,102137,271.8654
2631,102195,305.5967
2632,102233,199.99622
2633,102281,261.00772
2634,102343,335.92526
2635,102423,366.8538
2636,102480,301.5695
2637,102525,219.5023
2638,102588,315.8883
2639,102650,277.39194
2640,102737,408.02322
2641,102800,309.94797
2642,102847,241.16534
2643,102899,278.95703
2644,102970,382.53906
2645,103030,326.139
2646,103087,301.85107
2647,103143,283.31232
2648,103210,358.83505
2649,103281,389.00882
2650,103339,307.71814
2651,103432,449.23996
2652,103490,292.80304
2653,103542,272.51025
2654,103605,328.59467
2655,103654,249.80496
2656,103708,252.74136
2657,103761,292.8479
2658,103786,112.98603
2659,103842,298.92487
2660,103904,341.97415
2661,103984,423.64438
2662,104020,170.73807
2663,104098,345.19022
2664,104169,401.1846
2665,104243,379.90875
2666,104295,274.00635
2667,104315,98.96033
2668,104377,335.17853
2669,104418,191.00774
2670,104500,426.22214
2671,104552,242.53374
2672,104618,348.3913
2673,104679,318.47897
2674,104719,190.12958
2675,104787,347.48502
2676,104876,403.44574
2677,104933,296.05862
2678,104971,179.8688
2679,105040,372.621
2680,105092,280.79
2681,105182,423.1059
2682,105245,316.34637
2683,105300,294.54105
2684,105324,123.55055
2685,105427,550.0257
2686,105511,430.64856
2687,105565,272.8256
2688,105637,392.00058
2689,105705,361.6474
2690,105764,276.7017
2691,105841,385.0506
2692,105898,292.05606
2693,105971,347.77866
2694,106007,167.85884
2695,106083,358.73013
2696,106146,339.41846
2697,106189,219.27316
2698,106250,330.67462
2699,106302,279.36783
2700,106370,352.21857
2701,106439,364.47488
2702,106460,104.38739
2703,106530,362.4744
2704,106581,238.93507
2705,106635,277.44815
2706,106694,310.5813
2707,106747,283.12927
2708,106809,324.67978
2709,106885,399.97623
2710,106946,335.24597
2711,107048,515.46356
2712,107110,324.08408
2713,107168,313.6162
2714,107227,314.04007
2715,107277,266.52606
2716,107329,234.28908
2717,107407,359.00992
2718,107476,342.81955
2719,107537,324.13727
2720,107590,281.97998
2721,107610,95.352
2722,107662,275.8422
2723,107740,356.5846
2724,107785,236.54521
2725,107841,282.27975
2726,107904,333.07568
2727,107958,278.8068
2728,108035,375.18628
2729,108097,336.40323
2730,108143,249.87708
2731,108227,402.6098
2732,108269,208.83667
2733,108330,306.09473
2734,108388,329.74164
2735,108430,205.19678
2736,108505,390.85446
2737,108571,343.73438
2738,108622,231.05222
2739,108703,437.52164
2740,108773,364.06924
2741,108849,400.99265
2742,108918,325.4961
2743,108985,365.3357
2744,109052,338.2112
2745,109106,274.87256
2746,109189,436.24512
2747,109236,233.63887
2748,109284,256.86475
2749,109341,300.00256
2750,109391,249.88474
2751,109454,293.37607
2752,109496,210.9524
2753,109598,499.74603
2754,109665,341.21094
2755,109766,489.1441
2756,109839,377.892
2757,109895,304.95596
2758,109961,341.46423
2759,110017,306.28687
2760,110082,334.15778
2761,110145,344.70227
2762,110213,353.8653
2763,110281,297.36093
2764,110422,667.42035
2765,110479,309.9503
2766,110530,247.33922
2767,110607,401.38184
2768,110694,376.07346
2769,110782,430.31207
2770,110843,298.18967
2771,110906,343.07825
2772,110967,322.65137
2773,111041,396.60065
2774,111112,364.0039
2775,111176,333.86145
2776,111220,232.65694
2777,111267,243.4796
2778,111335,368.82657
2779,111388,271.40424
2780,111471,453.45178
2781,111532,316.55313
2782,111599,357.18405
2783,111650,254.38245
2784,111733,444.54782
2785,111795,329.8863
2786,111856,320.14178
2787,111912,292.61844
2788,111994,448.96674
2789,112046,276.52936
2790,112123,326.81384
2791,112176,270.92023
2792,112206,151.86452
2793,112381,864.42175
2794,112484,567.53424
2795,112531,225.30513
2796,112578,249.61903
2797,112635,299.3466
2798,112692,257.6154
2799,112754,311.6932
2800,112832,398.93848
2801,112854,112.039314
2802,112935,385.75177
2803,113005,370.24454
2804,113071,362.70093
2805,113132,326.81866
2806,113232,538.20935
2807,113318,439.26392
2808,113382,311.02805
2809,113432,249.80852
2810,113475,218.48906
2811,113554,341.45624
2812,113612,308.10297
2813,113694,363.4605
2814,113739,231.17317
2815,113803,308.6801
2816,113865,332.7836
2817,113908,216.29506
2818,114007,516.3294
2819,114070,298.39612
2820,114133,349.0454
2821,114188,277.46167
2822,114250,289.0128
2823,114317,321.36172
2824,114396,421.12613
2825,114464,350.52493
2826,114520,278.3119
2827,114582,335.31213
2828,114632,271.30066
2829,114713,432.63794
2830,114770,305.69867
2831,114818,253.59695
2832,114875,305.7672
2833,114948,377.4578
2834,115005,303.72705
2835,115069,350.68057
2836,115197,662.5084
2837,115260,340.6389
2838,115307,243.59842
2839,115359,283.92575
2840,115448,441.7793
2841,115533,455.06717
2842,115590,308.61386
2843,115636,244.13286
2844,115684,247.26637
2845,115751,365.9876
2846,115808,304.73102
2847,115856,239.41525
2848,115942,463.6429
2849,116006,320.08246
2850,116076,366.80673
2851,116210,663.98206
2852,116273,303.5057
2853,116325,274.20847
2854,116391,296.5193
2855,116496,549.0807
2856,116545,260.18588
2857,116597,282.67203
2858,116663,354.7118
2859,116732,328.16626
2860,116788,297.50507
2861,116839,266.39935
2862,116883,222.43434
2863,116947,330.41306
2864,116989,195.84079
2865,117048,309.91495
2866,117082,160.03757
2867,117141,317.92114
2868,117187,225.96642
2869,117251,330.2513
2870,117295,238.5928
2871,117378,412.33688
2872,117455,350.52298
2873,117507,243.54767
2874,117603,473.17773
2875,117663,301.29135
2876,117752,458.0614
2877,117808,293.52588
2878,117872,334.00177
2879,117910,194.9063
2880,117966,302.931
2881,118047,433.00952
2882,118107,288.69357
2883,118170,290.92297
2884,118252,444.54587
2885,118316,323.61996
2886,118451,608.6809
2887,118505,284.80838
2888,118561,304.45322
2889,118626,338.7258
2890,118674,256.13824
2891,118722,251.05783
2892,118805,447.96054
2893,118877,384.72946
2894,118936,325.02173
2895,119004,316.2528
2896,119061,296.12094
2897,119126,285.34866
2898,119205,391.7945
2899,119247,197.51068
2900,119329,401.3445
2901,119392,332.11288
2902,119443,242.49106
2903,119488,231.18906
2904,119530,215.02158
2905,119583,272.3849
2906,119633,246.18076
2907,119693,296.70316
2908,119750,302.46387
2909,119818,338.516
2910,119875,264.5701
2911,119922,234.55174
2912,119991,370.30264
2913,120063,335.82327
2914,120123,271.9437
2915,120165,221.50769
2916,120202,176.33652
2917,120314,530.06744
2918,120378,352.9502
2919,120450,335.5174
2920,120515,315.93024
2921,120569,296.6005
2922,120640,335.24622
2923,120693,275.47394
2924,120762,377.1842
2925,120822,325.75473
2926,120884,340.0697
2927,120939,288.57922
2928,121004,314.52966
2929,121054,267.4012
2930,121103,250.23097
2931,121190,459.36966
2932,121255,353.38766
2933,121327,384.39914
2934,121420,415.04257
2935,121534,599.7011
2936,121605,374.21677
2937,121666,340.29214
2938,121707,211.21474
2939,121761,289.89328
2940,121848,395.01746
2941,121917,307.4631
2942,121979,337.07288
2943,122056,326.45786
2944,122111,236.24625
2945,122132,101.07502
2946,122195,330.9416
2947,122259,321.48813
2948,122346,417.8285
2949,122412,355.63242
2950,122461,261.5304
2951,122517,300.89264
2952,122570,248.73828
2953,122646,417.0701
2954,122716,374.48877
2955,122777,330.4336
2956,122870,430.69562
2957,122918,254.28662
2958,122979,301.68613
2959,123029,269.51096
2960,123091,343.1721
2961,123145,267.9426
2962,123210,320.7599
2963,123271,321.89636
2964,123343,377.3857
2965,123413,347.6101
2966,123470,305.43896
2967,123560,429.56125
2968,123605,233.96745
2969,123670,303.5359
2970,123735,349.81332
2971,123790,287.55045
2972,123860,372.90884
2973,123931,397.62308
2974,124007,375.34058
2975,124073,361.1981
2976,124170,472.31702
2977,124223,280.26978
2978,124278,260.3879
2979,124351,374.3906
2980,124401,251.60237
2981,124473,360.47012
2982,124549,386.42947
2983,124596,259.2625
2984,124660,342.11728
2985,124714,288.5831
2986,124774,310.7344
2987,124831,292.49405
2988,124903,376.79428
2989,124970,331.80658
2990,125087,590.9434
2991,125149,319.0601
2992,125215,344.62854
2993,125273,314.34045
2994,125332,291.5537
2995,125405,376.829
2996,125491,477.66553
2997,125559,349.7955
2998,125612,265.54657
2999,125668,292.05887
3000,125718,265.5035
3001,125783,340.0853
3002,125851,367.77368
3003,125915,292.64587
3004,125975,323.22546
3005,126049,385.90326
3006,126119,390.651
3007,126180,325.73697
3008,126233,257.02173
3009,126285,277.86746
3010,126406,575.54315
3011,126475,378.24304
3012,126529,288.68243
3013,126570,209.57649
3014,126643,378.62177
3015,126701,307.46817
3016,126775,405.09836
3017,126827,285.88773
3018,126872,235.51096
3019,126951,414.28546
3020,127027,411.83206
3021,127086,266.69324
3022,127146,281.91547
3023,127206,325.75208
3024,127280,345.98654
3025,127331,252.82915
3026,127397,345.1884
3027,127484,450.4802
3028,127538,265.3926
3029,127602,330.8355
3030,127682,426.93787
3031,127740,297.02066
3032,127813,339.76956
3033,127892,355.3544
3034,127947,257.94965
3035,127997,259.50308
3036,128068,318.28793
3037,128165,518.6472
3038,128234,370.67746
3039,128287,283.65564
3040,128354,353.60873
3041,128397,220.11427
3042,128444,237.97049
3043,128529,382.52805
3044,128606,358.6765
3045,128664,299.62073
3046,128721,306.9012
3047,128774,264.10678
3048,128822,230.93445
3049,128890,305.68646
3050,128959,371.59573
3051,129037,371.0136
3052,129118,410.92313
3053,129188,376.54166
3054,129248,323.46646
3055,129301,278.24277
3056,129361,295.34952
3057,129424,301.38742
3058,129459,162.40102
3059,129520,330.5627
3060,129585,344.81604
3061,129634,243.43292
3062,129688,286.65204
3063,129724,165.50304
3064,129791,349.18567
3065,129833,221.76492
3066,129893,321.81125
3067,129954,325.594
3068,130006,274.5879
3069,130074,364.27948
3070,130130,287.8202
3071,130214,408.45163
3072,130312,475.77
3073,130372,294.64194
3074,130456,421.77972
3075,130516,325.7772
3076,130569,245.91289
3077,130627,304.55243
3078,130671,217.12965
3079,130779,508.88266
3080,130869,424.9274
3081,130901,148.53488
3082,130954,276.77158
3083,131024,312.48984
3084,131108,374.6389
3085,131199,480.51703
3086,131250,265.7579
3087,131297,250.90752
3088,131350,276.2638
3089,131417,361.86234
3090,131485,351.5599
3091,131572,437.18433
3092,131630,300.6737
3093,131696,350.65173
3094,131773,371.98758
3095,131846,400.23495
3096,131890,226.31711
3097,131939,232.08528
3098,132025,381.23334
3099,132119,498.86545
3100,132161,204.81705
3101,132227,347.5423
3102,132289,336.1908
3103,132364,397.32672
3104,132460,428.9996
3105,132560,520.4205
3106,132603,222.46806
3107,132649,203.89352
3108,132697,254.30421
3109,132742,234.55545
3110,132806,336.1045
3111,132961,773.08044
3112,133003,218.45686
3113,133092,466.57837
3114,133176,414.1756
3115,133245,357.46912
3116,133286,194.66617
3117,133385,519.3398
3118,133444,276.38168
3119,133504,280.64975
3120,133581,321.93866
3121,133686,516.15564
3122,133758,375.02615
3123,133809,278.91605
3124,133876,319.37442
3125,133928,253.67241
3126,134003,370.68323
3127,134055,264.52393
3128,134135,402.21573
3129,134218,439.63242
3130,134269,271.67383
3131,134322,274.63965
3132,134384,312.21518
3133,134450,350.21674
3134,134502,277.04947
3135,134560,308.6095
3136,134637,376.39868
3137,134690,277.9282
3138,134765,386.74805
3139,134826,299.6522
3140,134878,283.48605
3141,134944,330.6488
3142,135012,315.18658
3143,135050,180.07785
3144,135095,223.81506
3145,135152,300.51083
3146,135211,316.11542
3147,135256,236.67628
3148,135326,313.57874
3149,135399,382.73685
3150,135505,513.1192
3151,135576,389.43948
3152,135633,254.70547
3153,135699,339.13626
3154,135759,285.7759
3155,135825,355.66437
3156,135884,320.82196
3157,135978,479.66013
3158,136038,315.9434
3159,136086,234.51254
3160,136180,443.5795
3161,136246,362.96796
3162,136296,266.39746
3163,136368,379.70786
3164,136430,329.85446
3165,136508,401.5945
3166,136548,198.27043
3167,136608,310.1407
3168,136669,318.55417
3169,136727,320.23883
3170,136832,559.81995
3171,136887,292.60156
3172,136955,341.08917
3173,137011,289.3268
3174,137080,321.01456
3175,137137,313.6319
3176,137195,308.72235
3177,137249,289.71475
3178,137293,238.08128
3179,137368,361.7749
3180,137399,151.71065
3181,137477,363.54272
3182,137526,216.588
3183,137588,336.52576
3184,137642,286.09247
3185,137704,259.518
3186,137843,663.1077
3187,137930,444.60352
3188,138028,455.79062
3189,138094,328.75668
3190,138150,307.77744
3191,138213,334.7779
3192,138291,383.79318
3193,138370,419.21948
3194,138431,316.5265
3195,138481,267.54245
3196,138535,297.82947
3197,138610,340.70212
3198,138651,214.34433
3199,138704,289.77866
3200,138755,270.11536
3201,138799,242.4072
3202,138876,410.384
3203,138922,236.0966
3204,138987,324.24362
3205,139045,314.27078
3206,139142,471.6174
3207,139233,492.68405
3208,139320,466.0248
3209,139381,320.53293
3210,139456,381.4238
3211,139507,253.67705
3212,139543,169.96382
3213,139612,365.8747
3214,139682,336.64874
3215,139742,298.2735
3216,139802,327.31265
3217,139892,482.02057
3218,139948,301.46857
3219,140002,251.9291
3220,140065,335.82782
3221,140132,349.9845
3222,140218,469.23056
3223,140277,284.02997
3224,140343,355.1194
3225,140449,551.4353
3226,140534,408.25296
3227,140602,363.93253
3228,140652,266.60504
3229,140725,396.60843
3230,140776,274.57294
3231,140854,420.71167
3232,140912,310.78183
3233,140958,234.22026
3234,141027,359.06204
3235,141097,348.02823
3236,141175,431.0849
3237,141272,450.5995
3238,141329,301.12115
3239,141378,248.7679
3240,141433,287.74786
3241,141488,293.34406
3242,141557,359.87262
3243,141610,290.48947
3244,141652,208.35112
3245,141738,425.26077
3246,141853,534.6794
3247,141915,337.5945
3248,141993,363.5833
3249,142054,326.89853
3250,142124,338.08023
3251,142200,400.90607
3252,142263,341.4751
3253,142339,409.5526
3254,142416,410.47693
3255,142478,326.28757
3256,142531,288.50604
3257,142609,406.23807
3258,142681,376.9973
3259,142772,463.67526
3260,142890,606.28375
3261,142941,276.5566
3262,142992,239.34964
3263,143068,351.1132
3264,143132,349.4016
3265,143190,307.42853
3266,143280,470.13632
3267,143344,329.72458
3268,143404,328.291
3269,143486,450.77136
3270,143548,325.50232
3271,143599,270.64484
3272,143641,218.9192
3273,143707,339.66678
3274,143769,332.50494
3275,143789,99.611015
3276,143850,326.79654
3277,143911,314.17288
3278,143970,280.92725
3279,144033,333.65646
3280,144097,316.06564
3281,144156,294.24973
3282,144219,343.92545
3283,144277,309.69116
3284,144349,376.73035
3285,144409,322.47968
3286,144476,336.66943
3287,144561,441.12463
3288,144609,246.74834
3289,144696,464.75287
3290,144796,537.30005
3291,144872,360.932
3292,144934,324.6027
3293,145003,367.9368
3294,145054,270.5063
3295,145121,379.93466
3296,145176,305.1114
3297,145239,294.39337
3298,145306,316.44394
3299,145384,389.2158
3300,145428,226.71185
3301,145475,258.63873
3302,145541,336.02444
3303,145604,286.8163
3304,145675,362.34488
3305,145752,416.8699
3306,145848,490.68457
3307,145897,256.76697
3308,145959,325.79883
3309,146019,319.66345
3310,146075,292.15338
3311,146120,237.06898
3312,146174,288.66245
3313,146266,474.5421
3314,146369,538.2973
3315,146419,257.0266
3316,146485,360.2692
3317,146536,266.36725
3318,146579,223.14812
3319,146668,455.4975
3320,146729,330.30283
3321,146819,409.62003
3322,146838,93.99227
3323,146882,232.90213
3324,146951,368.32498
3325,147033,378.2881
3326,147088,296.69604
3327,147138,267.79205
3328,147210,382.0127
3329,147259,256.12653
3330,147340,368.32837
3331,147452,568.90607
3332,147510,315.19138
3333,147575,343.93808
3334,147656,435.68796
3335,147741,461.69037
3336,147809,369.8962
3337,147915,528.7132
3338,147981,327.2591
3339,148057,401.74976
3340,148124,361.81635
3341,148172,243.9697
3342,148274,503.8283
3343,148350,341.42917
3344,148437,458.61914
3345,148494,306.92102
3346,148601,568.8548
3347,148651,254.71393
3348,148703,259.57404
3349,148783,375.69342
3350,148830,237.0185
3351,148903,377.8373
3352,148974,354.31003
3353,149030,301.9168
3354,149102,381.04932
3355,149176,388.40134
3356,149228,271.62213
3357,149289,335.31433
3358,149393,531.29364
3359,149457,353.97754
3360,149509,278.19394
3361,149564,293.49994
3362,149662,478.1069
3363,149748,437.15665
3364,149812,323.96893
3365,149861,261.12744
3366,149908,228.87881
3367,149953,227.44064
3368,150025,380.0885
3369,150094,324.2074
3370,150167,390.77475
3371,150258,463.38452
3372,150317,301.10938
3373,150379,318.1803
3374,150444,305.23065
3375,150492,248.63757
3376,150542,267.0577
3377,150600,315.94446
3378,150654,285.0814
3379,150715,331.4623
3380,150778,337.2669
3381,150830,277.268
3382,150928,445.9713
3383,150973,208.97154
3384,151086,572.13855
3385,151158,355.5371
3386,151214,293.5026
3387,151311,487.94495
3388,151382,372.2263
3389,151437,270.24048
3390,151569,632.5191
3391,151644,338.31226
3392,151730,368.04025
3393,151817,436.80847
3394,151874,313.31754
3395,151924,262.0704
3396,151975,257.85126
3397,152029,258.585
3398,152083,286.41122
3399,152134,242.90176
3400,152193,304.24054
3401,152270,410.85443
3402,152337,305.95477
3403,152409,381.06796
3404,152486,410.37332
3405,152558,350.90347
3406,152633,350.22375
3407,152697,312.71106
3408,152796,518.75397
3409,152842,219.47179
3410,152951,476.0676
3411,153005,260.858
3412,153095,489.11807
3413,153148,283.0787
3414,153209,332.02756
3415,153287,409.80698
3416,153356,315.5006
3417,153449,501.28156
3418,153497,253.57884
3419,153583,427.44824
3420,153647,274.8159
3421,153733,446.14792
3422,153781,229.55338
3423,153851,362.3083
3424,153912,319.86282
3425,154000,461.07785
3426,154050,271.7284
3427,154101,272.14215
3428,154148,239.88129
3429,154202,281.4044
3430,154257,286.95245
3431,154325,357.71884
3432,154420,435.84692
3433,154481,329.495
3434,154554,376.46738
3435,154626,393.67398
3436,154721,425.24573
3437,154793,328.328
3438,154888,491.43405
3439,154954,352.01056
3440,155002,257.08798
3441,155059,301.9726
3442,155166,572.0762
3443,155231,356.86688
3444,155283,260.1843
3445,155348,332.49295
3446,155400,281.00943
3447,155447,218.8622
3448,155521,374.4136
3449,155621,502.28928
3450,155685,340.96857
3451,155763,401.4534
3452,155831,376.06107
3453,155886,288.79504
3454,155939,273.37546
3455,156033,487.74063
3456,156093,324.00473
3457,156179,468.3208
3458,156262,453.162
3459,156343,425.5808
3460,156383,195.77888
3461,156453,380.86508
3462,156525,359.51813
3463,156573,220.84076
3464,156712,654.2828
3465,156749,193.55392
3466,156816,358.42618
3467,156935,566.91254
3468,157023,448.87796
3469,157098,403.01785
3470,157149,262.74713
3471,157225,403.44586
3472,157274,261.7162
3473,157342,354.46725
3474,157420,372.73975
3475,157487,320.2763
3476,157558,351.03827
3477,157625,367.1899
3478,157740,601.5882
3479,157812,368.23883
3480,157914,496.05106
3481,157988,393.46204
3482,158102,531.6193
3483,158154,258.21054
3484,158206,279.43533
3485,158261,298.04025
3486,158308,228.90562
3487,158371,328.3152
3488,158426,291.39905
3489,158509,400.81744
3490,158559,229.55203
3491,158618,325.31668
3492,158713,491.715
3493,158802,466.20056
3494,158862,327.88446
3495,158906,231.26033
3496,158960,279.61603
3497,159034,384.7098
3498,159121,439.84418
3499,159189,303.46417
3500,159268,358.16495
3501,159344,408.03018
3502,159400,294.8544
3503,159448,223.04521
3504,159524,349.60242
3505,159613,487.18076
3506,159667,274.62903
3507,159715,247.57289
3508,159784,341.90546
3509,159837,248.60545
3510,159918,408.0053
3511,160032,589.8046
3512,160108,406.53165
3513,160166,312.4017
3514,160218,279.70898
3515,160260,223.83278
3516,160365,487.21295
3517,160434,362.54068
3518,160503,324.1808
3519,160591,437.89352
3520,160671,383.63748
3521,160741,346.89774
3522,160853,596.77966
3523,160934,424.72992
3524,161002,355.94308
3525,161083,372.10727
3526,161137,280.4706
3527,161235,429.4858
3528,161319,411.819
3529,161378,322.4393
3530,161447,370.508
3531,161511,290.9482
3532,161577,326.11838
3533,161640,321.3688
3534,161702,328.09222
3535,161757,297.57413
3536,161824,310.53812
3537,161880,303.44632
3538,161944,302.72232
3539,162022,401.37738
3540,162085,338.2281
3541,162139,277.6349
3542,162178,176.20493
3543,162243,288.44836
3544,162304,333.09766
3545,162367,330.71432
3546,162447,382.30515
3547,162517,346.5497
3548,162555,181.48924
3549,162630,360.93845
3550,162729,451.0288
3551,162791,327.9694
3552,162855,330.6227
3553,162930,404.72116
3554,162978,219.78535
3555,163036,293.8784
3556,163117,419.96994
3557,163189,359.02457
3558,163252,332.50574
3559,163312,323.8968
3560,163389,402.99777
3561,163450,321.9749
3562,163493,204.59323
3563,163549,298.04404
3564,163637,471.24344
3565,163732,510.0531
3566,163786,271.8436
3567,163869,435.48874
3568,163936,337.01874
3569,163993,293.36288
3570,164076,402.82513
3571,164144,330.7035
3572,164241,518.7129
3573,164306,347.81842
3574,164352,243.93059
3575,164404,273.6154
3576,164470,298.80603
3577,164539,301.1517
3578,164596,281.8365
3579,164668,388.57187
3580,164729,324.7506
3581,164813,443.0082
3582,164855,203.15402
3583,164914,277.79083
3584,164961,245.26028
3585,165041,415.93237
3586,165122,429.714
3587,165179,244.67249
3588,165226,233.49979
3589,165286,309.91263
3590,165409,628.2995
3591,165544,704.2073
3592,165635,481.3174
3593,165707,379.715
3594,165830,615.8955
3595,165867,169.05653
3596,165938,353.71228
3597,166052,548.66077
3598,166100,255.93233
3599,166179,379.7172
3600,166221,222.26248
3601,166276,259.37018
3602,166339,327.51202
3603,166390,265.95395
3604,166481,398.25882
3605,166539,307.5687
3606,166629,424.6923
3607,166720,431.0168
3608,166777,254.88043
3609,166838,317.79236
3610,166906,329.28665
3611,166975,374.54837
3612,167018,207.05328
3613,167067,233.47954
3614,167131,326.2798
3615,167198,306.76996
3616,167286,466.83124
3617,167370,436.50662
3618,167434,316.53238
3619,167490,304.90958
3620,167564,346.84875
3621,167624,313.55267
3622,167693,342.4323
3623,167742,263.4661
3624,167790,246.08276
3625,167851,277.33426
3626,167908,296.9569
3627,167980,377.69244
3628,168046,338.30414
3629,168121,402.55734
3630,168200,428.55887
3631,168279,432.04343
3632,168349,368.38535
3633,168408,322.3446
3634,168482,389.88376
3635,168554,333.37146
3636,168623,376.96964
3637,168698,346.60477
3638,168753,271.92697
3639,168825,353.25964
3640,168878,267.87445
3641,168929,271.6406
3642,168992,312.4119
3643,169052,332.8819
3644,169117,340.79733
3645,169178,326.86252
3646,169274,493.0512
3647,169338,344.9394
3648,169400,331.14957
3649,169447,228.99174
3650,169521,395.91974
3651,169588,305.03098
3652,169617,135.54277
3653,169666,243.78024
3654,169730,345.72363
3655,169782,263.58575
3656,169877,420.0427
3657,169935,295.0973
3658,169970,163.70082
3659,170023,282.36108
3660,170108,473.27878
3661,170163,301.90158
3662,170226,332.2676
3663,170308,431.51962
3664,170391,434.98624
3665,170456,330.93903
3666,170504,226.56027
3667,170587,413.64795
3668,170636,266.5729
3669,170682,245.9869
3670,170750,345.14633
3671,170861,514.417
3672,170920,303.19623
3673,170986,343.49744
3674,171053,360.01053
3675,171161,511.91687
3676,171211,271.57767
3677,171290,425.44147
3678,171370,417.19818
3679,171417,252.62506
3680,171504,454.7499
3681,171590,431.10034
3682,171643,282.86923
3683,171707,303.78717
3684,171754,238.39392
3685,171812,291.62262
3686,171876,342.59802
3687,171969,476.49237
3688,172024,287.95996
3689,172089,312.9158
3690,172147,313.16797
3691,172216,367.60522
3692,172298,374.43622
3693,172344,238.15466
3694,172411,344.40085
3695,172473,313.2475
3696,172530,281.46005
3697,172590,320.1644
3698,172638,252.78496
3699,172717,425.60986
3700,172772,276.88287
3701,172851,396.19266
3702,172957,491.732
3703,173011,287.11447
3704,173096,453.57867
3705,173138,215.87503
3706,173226,460.094
3707,173276,250.67404
3708,173332,289.7543
3709,173392,283.98633
3710,173480,470.2495
3711,173542,270.82184
3712,173599,290.8998
3713,173675,407.00183
3714,173739,348.6804
3715,173909,839.5386
3716,174026,601.22797
3717,174085,299.23752
3718,174135,258.8931
3719,174230,473.63458
3720,174348,600.79474
3721,174409,285.04257
3722,174482,408.25635
3723,174573,479.66016
3724,174660,409.7611
3725,174701,199.82181
3726,174756,249.93056
3727,174856,491.0504
3728,174919,332.06516
3729,175068,752.10266
3730,175130,341.43954
3731,175248,591.6575
3732,175290,222.15088
3733,175336,247.35925
3734,175436,520.436
3735,175495,318.92194
3736,175567,373.15152
3737,175632,337.01846
3738,175710,387.39975
3739,175779,361.76672
3740,175832,281.65225
3741,175913,387.09106
3742,175974,321.6606
3743,176028,282.9808
3744,176083,293.76236
3745,176139,306.67496
3746,176199,313.4227
3747,176262,346.09454
3748,176315,285.88718
3749,176371,249.11586
3750,176439,367.46808
3751,176516,403.86694
3752,176596,365.96283
3753,176649,289.7931
3754,176691,210.32254
3755,176756,338.2867
3756,176835,392.11246
3757,176899,337.8629
3758,176945,218.19864
3759,177006,331.11386
3760,177058,253.82225
3761,177146,460.3815
3762,177201,295.27594
3763,177310,550.6988
3764,177383,349.49402
3765,177440,269.84702
3766,177541,548.9757
3767,177609,353.3672
3768,177687,357.7673
3769,177765,423.90222
3770,177837,388.64917
3771,177887,272.23083
3772,177937,239.64198
3773,177985,236.4254
3774,178043,298.59332
3775,178099,277.12262
3776,178170,367.44257
3777,178229,312.02295
3778,178263,165.758
3779,178327,345.6667
3780,178429,535.7615
3781,178508,415.69376
3782,178550,221.99094
3783,178612,329.8665
3784,178675,341.4784
3785,178756,426.82385
3786,178820,336.62134
3787,178880,329.8493
3788,178932,277.27167
3789,179008,366.56396
3790,179075,353.8819
3791,179153,398.18842
3792,179219,284.0238
3793,179300,431.6348
3794,179369,379.82956
3795,179441,379.43018
3796,179526,448.1738
3797,179627,497.31717
3798,179702,391.88953
3799,179751,255.16917
3800,179816,341.34302
3801,179886,321.92374
3802,179945,267.29904
3803,179995,217.34651
3804,180081,461.513
3805,180188,577.42737
3806,180238,274.05
3807,180298,318.1317
3808,180367,376.92038
3809,180482,605.4939
3810,180560,424.5552
3811,180615,287.70297
3812,180732,616.10077
3813,180816,439.9464
3814,180921,568.7031
3815,180974,280.11905
3816,181034,321.68307
3817,181108,350.04462
3818,181174,364.3428
3819,181322,685.5127
3820,181377,296.84406
3821,181440,331.6638
3822,181502,295.5172
3823,181575,382.3934
3824,181664,446.81342
3825,181701,188.79276
3826,181767,358.52878
3827,181880,592.6097
3828,181965,462.83963
3829,182033,352.7364
3830,182099,353.7393
3831,182161,315.0228
3832,182247,438.12573
3833,182315,357.5254
3834,182399,455.8341
3835,182449,268.2696
3836,182488,195.2573
3837,182553,336.21338
3838,182627,374.3609
3839,182678,252.41351
3840,182753,400.60898
3841,182822,368.7936
3842,182875,276.18
3843,182934,309.4619
3844,183023,412.93454
3845,183093,365.79663
3846,183135,207.16588
3847,183234,505.91147
3848,183287,275.6093
3849,183353,324.99316
3850,183427,367.87732
3851,183500,372.005
3852,183593,481.52643
3853,183661,358.79852
3854,183738,394.45718
3855,183804,358.60632
3856,183879,408.4665
3857,183965,457.88043
3858,184047,401.63882
3859,184103,305.3279
3860,184168,312.97406
3861,184231,347.34418
3862,184311,415.50864
3863,184378,302.81567
3864,184432,288.87692
3865,184519,406.39304
3866,184579,322.3608
3867,184664,452.55576
3868,184730,339.2742
3869,184811,394.7319
3870,184843,164.41673
3871,184902,315.04166
3872,184957,302.24396
3873,185032,399.44418
3874,185093,329.8379
3875,185163,365.92365
3876,185226,349.3594
3877,185277,274.56537
3878,185361,391.19803
3879,185421,288.07855
3880,185512,472.42697
3881,185568,302.93024
3882,185644,396.10696
3883,185693,246.37228
3884,185761,362.30402
3885,185885,594.1581
3886,185996,531.1376
3887,186059,337.88293
3888,186133,403.6644
3889,186230,470.36096
3890,186281,254.74805
3891,186342,315.1932
3892,186412,376.49194
3893,186499,428.6003
3894,186566,320.5657
3895,186632,352.44547
3896,186696,304.34366
3897,186750,285.7743
3898,186803,244.04575
3899,186858,282.7723
3900,186946,451.51083
3901,187014,319.79437
3902,187065,269.68546
3903,187115,257.4754
3904,187174,319.04028
3905,187235,330.5088
3906,187258,115.19719
3907,187315,296.07956
3908,187412,513.4308
3909,187498,450.06958
3910,187577,429.96515
3911,187637,322.4057
3912,187699,312.35956
3913,187751,280.4398
3914,187806,292.0552
3915,187861,292.6211
3916,187914,281.57224
3917,187987,381.7439
3918,188054,358.80154
3919,188127,376.04358
3920,188180,269.09464
3921,188249,369.10382
3922,188352,551.2701
3923,188423,373.4109
3924,188519,497.17554
3925,188586,358.073
3926,188658,332.20636
3927,188795,703.576
3928,188859,316.03473
3929,188919,285.62393
3930,188979,326.36325
3931,189047,359.1042
3932,189090,233.38492
3933,189159,374.6271
3934,189253,507.49268
3935,189330,402.4862
3936,189402,385.50116
3937,189486,444.25357
3938,189575,462.72662
3939,189648,354.71304
3940,189705,312.18723
3941,189807,437.5848
3942,189920,590.74506
3943,189976,300.6107
3944,190047,323.1411
3945,190119,384.7681
3946,190189,348.07724
3947,190264,390.79193
3948,190330,367.55725
3949,190409,415.0676
3950,190482,392.0695
3951,190537,284.003
3952,190615,378.6123
3953,190678,327.3086
3954,190768,480.27414
3955,190833,352.21555
3956,190862,148.71925
3957,190896,167.45308
3958,190961,350.79413
3959,191013,278.29886
3960,191061,261.01624
3961,191127,335.51398
3962,191200,393.64804
3963,191258,312.7925
3964,191335,407.71875
3965,191388,277.43704
3966,191459,372.92096
3967,191521,321.73148
3968,191588,369.76395
3969,191659,333.00497
3970,191714,297.12405
3971,191772,277.03217
3972,191832,308.16046
3973,191896,339.46133
3974,192010,528.90735
3975,192105,482.97772
3976,192159,290.71616
3977,192257,480.22217
3978,192319,320.2181
3979,192404,461.3779
3980,192490,438.08716
3981,192582,490.687
3982,192662,406.21588
3983,192717,255.9954
3984,192784,307.81863
3985,192884,520.2273
3986,192966,368.68646
3987,193040,388.4997
3988,193077,188.81726
3989,193125,223.82562
3990,193225,525.56396
3991,193273,242.3632
3992,193334,331.19635
3993,193402,316.1183
3994,193444,217.81804
3995,193498,282.0711
3996,193564,352.67935
3997,193621,308.4629
3998,193687,357.2875
3999,193752,329.91846
4000,193809,271.92664
4001,193875,359.5225
4002,193978,546.26245
4003,194087,501.0802
4004,194219,678.4377
4005,194282,342.0658
4006,194373,476.94574
4007,194452,409.35162
4008,194541,487.50223
4009,194613,324.57846
4010,194699,402.12503
4011,194774,391.1433
4012,194846,390.96274
4013,194906,325.16315
4014,194983,402.8451
4015,195042,320.21774
4016,195095,283.53348
4017,195130,162.92313
4018,195228,480.11484
4019,195274,242.79999
4020,195333,315.30557
4021,195380,237.04277
4022,195459,367.30353
4023,195506,251.71396
4024,195591,430.9118
4025,195657,355.3729
4026,195734,407.83563
4027,195797,341.08826
4028,195855,298.92874
4029,195921,352.25244
4030,195977,303.99698
4031,196034,257.99084
4032,196116,405.6001
4033,196209,477.1995
4034,196294,437.84192
4035,196340,229.1402
4036,196386,243.4957
4037,196484,514.7946
4038,196555,361.99893
4039,196621,355.01544
4040,196690,294.81754
4041,196744,261.78104
4042,196852,576.46765
4043,196945,482.17453
4044,197016,384.96573
4045,197098,421.3712
4046,197155,272.8167
4047,197210,294.5501
4048,197271,318.8346
4049,197375,527.22284
4050,197419,202.39833
4051,197498,380.58942
4052,197517,93.77677
4053,197583,317.02472
4054,197641,309.22272
4055,197701,323.47757
4056,197758,304.84372
4057,197798,189.31944
4058,197836,176.92818
4059,197880,222.15987
4060,197931,273.80426
4061,197991,319.26312
4062,198068,394.53494
4063,198184,536.3079
4064,198231,224.48212
4065,198275,212.75395
4066,198359,437.67554
4067,198441,424.70065
4068,198496,243.89291
4069,198591,432.34067
4070,198655,312.6744
4071,198713,312.7394
4072,198779,358.29916
4073,198829,272.3483
4074,198905,384.59326
4075,198994,470.05804
4076,199053,297.03098
4077,199120,360.59988
4078,199174,291.28232
4079,199229,307.46088
4080,199292,343.50836
4081,199345,286.52774
4082,199445,439.7543
4083,199526,381.8163
4084,199601,333.75146
4085,199659,317.79694
4086,199791,636.9755
4087,199848,303.1437
4088,199937,484.95105
4089,200002,352.9267
4090,200086,424.82016
4091,200154,370.99683
4092,200223,369.83337
4093,200288,325.23132
4094,200346,323.3885
4095,200464,567.4109
4096,200520,300.9958
4097,200585,357.16745
4098,200639,275.11578
4099,200710,368.87424
4100,200765,293.1211
4101,200825,309.51736
4102,200896,372.38077
4103,200965,368.79694
4104,201050,439.53714
4105,201144,478.3021
4106,201205,274.973
4107,201265,294.16718
4108,201332,361.40585
4109,201438,540.70593
4110,201510,385.0816
4111,201592,429.58517
4112,201649,301.29745
4113,201753,522.50354
4114,201826,381.44455
4115,201889,305.10254
4116,201976,441.19543
4117,202048,312.9255
4118,202134,440.73196
4119,202211,344.37836
4120,202268,313.91644
4121,202339,350.82074
4122,202396,314.95844
4123,202512,566.0817
4124,202570,314.05954
4125,202630,303.90808
4126,202687,310.72495
4127,202783,500.61273
4128,202827,204.82619
4129,202920,413.64743
4130,202989,332.70236
4131,203069,422.85803
4132,203122,233.47379
4133,203207,438.84067
4134,203254,235.13773
4135,203325,386.42325
4136,203391,355.03442
4137,203471,437.50372
4138,203576,468.12457
4139,203706,587.5968
4140,203751,239.90756
4141,203820,352.00595
4142,203866,248.59001
4143,203947,369.0595
4144,204018,351.72
4145,204114,502.67972
4146,204176,320.4649
4147,204234,302.49103
4148,204304,371.83414
4149,204371,357.9082
4150,204461,473.82214
4151,204515,291.16254
4152,204570,297.78973
4153,204616,251.76312
4154,204707,487.21298
4155,204789,378.35797
4156,204838,258.9978
4157,204922,410.197
4158,204976,294.21414
4159,205032,297.80365
4160,205085,246.60345
4161,205155,370.5737
4162,205216,323.1399
4163,205279,285.67624
4164,205346,365.21756
4165,205413,370.18393
4166,205473,316.62027
4167,205525,263.03787
4168,205612,466.01666
4169,205701,470.13632
4170,205779,421.77045
4171,205860,385.37646
4172,205924,346.41818
4173,205958,165.78093
4174,206016,300.49774
4175,206072,299.92432
4176,206120,257.29053
4177,206198,407.0687
4178,206252,291.1366
4179,206391,632.49817
4180,206456,351.15234
4181,206539,381.23706
4182,206613,369.9586
4183,206682,367.44272
4184,206766,470.62057
4185,206844,411.44623
4186,206902,308.74762
4187,206973,361.98373
4188,207031,312.55133
4189,207107,342.27777
4190,207167,323.8579
4191,207248,380.30542
4192,207320,331.88962
4193,207408,403.36505
4194,207487,417.07877
4195,207552,293.84012
4196,207630,383.8064
4197,207708,345.91095
4198,207792,415.6895
4199,207857,336.10193
4200,207922,320.7559
4201,207995,394.882
4202,208067,393.2002
4203,208111,230.25655
4204,208187,403.13107
4205,208247,315.38962
4206,208355,525.68256
4207,208403,255.45451
4208,208511,546.58185
4209,208589,394.4675
4210,208647,312.53015
4211,208725,398.31436
4212,208800,410.95172
4213,208879,408.9783
4214,208961,434.40775
4215,209059,480.2501
4216,209146,463.01947
4217,209222,399.7788
4218,209287,340.0417
4219,209344,306.63354
4220,209417,327.09842
4221,209481,303.3837
4222,209567,469.14276
4223,209635,316.50842
4224,209720,450.3883
4225,209807,452.6702
4226,209876,375.2236
4227,209952,413.82474
4228,210013,323.26764
4229,210114,480.86447
4230,210185,343.47116
4231,210244,317.48303
4232,210311,363.41782
4233,210377,352.935
4234,210477,527.3432
4235,210561,417.7385
4236,210622,324.4097
4237,210675,285.99945
4238,210759,424.29214
4239,210826,365.35257
4240,210890,331.7989
4241,210973,452.0597
4242,211071,478.45523
4243,211179,568.7299
4244,211283,537.4238
4245,211353,308.6939
4246,211434,439.28635
4247,211513,362.86682
4248,211571,306.92752
4249,211634,334.3456
4250,211716,380.9906
4251,211780,349.5924
4252,211837,305.4572
4253,211907,330.16455
4254,211986,430.48676
4255,212061,402.17825
4256,212121,324.91617
4257,212185,340.61978
4258,212253,367.93567
4259,212310,303.22092
4260,212390,427.82977
4261,212457,356.70895
4262,212531,384.73245
4263,212593,325.6769
4264,212645,279.1328
4265,212696,262.41565
4266,212762,361.79617
4267,212859,500.54626
4268,212934,383.1971
4269,213010,378.84164
4270,213059,254.73175
4271,213109,264.9688
4272,213179,362.1307
4273,213314,613.86993
4274,213367,283.77762
4275,213426,284.65387
4276,213494,321.54318
4277,213549,288.3361
4278,213663,540.13196
4279,213755,481.4652
4280,213817,326.68918
4281,213877,289.70682
4282,213943,336.32162
4283,214003,321.1688
4284,214077,400.51202
4285,214145,366.2567
4286,214232,421.77423
4287,214313,431.1832
4288,214392,404.27338
4289,214456,326.49258
4290,214516,273.8599
4291,214588,357.83588
4292,214642,287.12842
4293,214712,319.26303
4294,214805,475.97153
4295,214885,426.1772
4296,214955,380.32303
4297,215055,499.6705
4298,215136,446.71558
4299,215208,374.14474
4300,215258,225.13943
4301,215317,300.37933
4302,215397,406.15048
4303,215510,551.9406
4304,215606,512.94183
4305,215666,311.04373
4306,215759,481.53955
4307,215848,464.01205
4308,215913,336.1058
4309,216008,477.37704
4310,216063,285.7074
4311,216124,326.62088
4312,216165,213.08557
4313,216215,267.24588
4314,216297,434.9573
4315,216395,507.16974
4316,216457,338.00555
4317,216519,342.94995
4318,216606,388.35245
4319,216669,317.8079
4320,216732,283.25488
4321,216792,325.36343
4322,216857,327.58838
4323,216911,294.33408
4324,216991,358.32004
4325,217064,402.43787
4326,217211,773.0407
4327,217253,226.34055
4328,217330,409.5129
4329,217420,470.7133
4330,217477,304.66202
4331,217560,433.49646
4332,217661,529.90356
4333,217718,307.72656
4334,217766,222.34848
4335,217830,363.7743
4336,217917,454.9314
4337,217987,376.69458
4338,218077,460.03622
4339,218155,384.2697
4340,218259,515.7007
4341,218348,456.7499
4342,218463,577.47125
4343,218531,364.1796
4344,218595,287.19174
4345,218646,259.38828
4346,218718,332.38794
4347,218799,414.05032
4348,218863,297.98535
4349,218962,536.8681
4350,219034,393.93143
4351,219104,379.0958
4352,219171,358.28857
4353,219222,272.75665
4354,219304,430.33224
4355,219368,332.14645
4356,219422,279.66852
4357,219514,474.96152
4358,219581,364.19235
4359,219672,481.50543
4360,219804,672.14844
4361,219880,354.71643
4362,219999,591.44244
4363,220065,353.1921
4364,220137,323.94202
4365,220193,254.2631
4366,220256,335.91986
4367,220348,444.0767
4368,220414,316.96198
4369,220493,426.4356
4370,220580,446.11172
4371,220655,399.04492
4372,220711,287.58243
4373,220760,246.60559
4374,220822,338.82587
4375,220906,389.7446
4376,220969,337.6226
4377,221047,399.8519
4378,221101,283.88272
4379,221172,376.45575
4380,221284,554.2081
4381,221370,411.38007
4382,221436,353.52792
4383,221496,325.8045
4384,221577,440.06912
4385,221672,446.6602
4386,221747,398.6344
4387,221820,390.2257
4388,221880,273.80563
4389,221943,314.342
4390,221993,267.6411
4391,222044,273.22144
4392,222115,353.25665
4393,222183,342.60748
4394,222290,550.34015
4395,222361,374.68823
4396,222428,308.58783
4397,222511,409.3968
4398,222586,406.11548
4399,222665,393.62164
4400,222745,427.49423
4401,222809,312.1758
4402,222880,347.03763
4403,222929,209.83104
4404,222991,329.6486
4405,223048,304.01154
4406,223122,394.73346
4407,223169,243.59248
4408,223222,272.40536
4409,223286,343.51263
4410,223375,473.72433
4411,223480,549.3367
4412,223547,357.87427
4413,223637,477.81992
4414,223707,382.89325
4415,223786,437.69507
4416,223834,243.46591
4417,223910,416.90704
4418,223978,354.87445
4419,224061,432.94727
4420,224127,300.78162
4421,224228,506.54407
4422,224294,343.10043
4423,224360,337.8448
4424,224435,370.9781
4425,224517,413.04974
4426,224562,207.04886
4427,224642,391.6525
4428,224736,488.27725
4429,224817,431.2577
4430,224888,375.3792
4431,224957,365.43448
4432,225036,345.02322
4433,225098,287.9103
4434,225132,171.6969
4435,225175,219.1803
4436,225240,339.13443
4437,225299,293.8752
4438,225386,469.69946
4439,225466,405.44772
4440,225519,281.5978
4441,225585,299.20383
4442,225642,306.15228
4443,225698,297.19943
4444,225758,325.7759
4445,225826,368.51984
4446,225880,259.52518
4447,225959,398.84717
4448,226037,391.39426
4449,226096,316.54974
4450,226163,351.8725
4451,226229,350.11166
4452,226295,317.23395
4453,226349,296.0262
4454,226429,373.88934
4455,226500,336.18228
4456,226593,448.54846
4457,226677,460.6565
4458,226725,245.62851
4459,226836,531.6191
4460,226899,316.24442
4461,226966,317.6199
4462,227103,662.38416
4463,227199,514.74207
4464,227279,389.48404
4465,227330,264.16293
4466,227398,356.7341
4467,227470,382.58014
4468,227538,299.67273
4469,227619,415.09232
4470,227681,310.6743
4471,227760,418.88116
4472,227843,419.60596
4473,227905,335.96844
4474,227957,283.3081
4475,228051,530.4037
4476,228116,356.55273
4477,228176,323.49042
4478,228254,410.75812
4479,228314,319.00568
4480,228381,351.85498
4481,228429,249.67188
4482,228489,310.89764
4483,228549,325.17703
4484,228637,432.95206
4485,228699,337.23547
4486,228778,412.2151
4487,228840,333.7045
4488,228920,376.082
4489,229058,653.836
4490,229128,334.32733
4491,229220,440.38348
4492,229318,509.85104
4493,229381,337.5256
4494,229441,280.2966
4495,229522,384.5239
4496,229611,418.48447
4497,229680,377.32028
4498,229756,379.2911
4499,229814,316.412
4500,229870,258.64362
4501,229940,372.62906
4502,230019,427.72415
4503,230087,364.44757
4504,230143,302.2143
4505,230206,308.62335
4506,230299,478.0652
4507,230353,288.42444
4508,230414,322.97623
4509,230467,279.9171
4510,230562,495.0045
4511,230621,303.24713
4512,230685,348.31174
4513,230766,363.52002
4514,230831,351.03076
4515,230903,392.71432
4516,230976,320.43167
4517,231036,294.88846
4518,231115,410.7837
4519,231178,342.51385
4520,231229,273.19662
4521,231285,289.4203
4522,231345,306.97717
4523,231421,348.44647
4524,231483,332.3871
4525,231550,352.8163
4526,231621,385.05124
4527,231685,329.0025
4528,231766,439.8907
4529,231840,357.43005
4530,231907,333.5545
4531,231981,345.3056
4532,232040,316.77374
4533,232093,289.71646
4534,232145,264.0892
4535,232203,302.79175
4536,232284,384.54416
4537,232338,281.18787
4538,232426,452.43228
4539,232492,302.88748
4540,232563,367.79953
4541,232631,374.4597
4542,232700,315.275
4543,232757,310.46158
4544,232815,270.4451
4545,232915,475.6064
4546,233005,485.29346
4547,233079,398.58707
4548,233157,419.4186
4549,233228,325.03418
4550,233287,289.762
4551,233351,346.8187
4552,233433,376.20087
4553,233509,370.4721
4554,233578,370.99075
4555,233683,525.92847
4556,233753,336.96808
4557,233821,364.53204
4558,233899,400.57672
4559,233958,258.41086
4560,234035,339.59485
4561,234088,245.70218
4562,234150,338.83453
4563,234225,361.32513
4564,234287,324.23065
4565,234386,529.74805
4566,234449,343.5838
4567,234517,368.25806
4568,234607,476.36047
4569,234677,382.0134
4570,234760,431.95892
4571,234819,319.1037
4572,234886,343.167
4573,234978,458.03082
4574,235039,324.41107
4575,235129,463.95737
4576,235199,347.51187
4577,235249,267.95407
4578,235286,180.1928
4579,235349,324.745
4580,235404,302.26923
4581,235484,415.26553
4582,235530,234.45694
4583,235587,304.11154
4584,235644,302.58868
4585,235724,411.28818
4586,235806,369.98627
4587,235849,222.7785
4588,235932,387.91235
4589,236109,865.1981
4590,236179,381.1059
4591,236271,477.2098
4592,236359,404.3019
4593,236436,373.53528
4594,236514,367.78564
4595,236563,260.01562
4596,236624,299.61453
4597,236700,409.04315
4598,236761,327.50217
4599,236822,329.21664
4600,236910,476.56375
4601,236975,355.73993
4602,237042,371.048
4603,237090,256.04916
4604,237141,269.39804
4605,237271,628.97107
4606,237343,393.34845
4607,237399,300.33377
4608,237475,395.87534
4609,237543,331.44147
4610,237596,246.87584
4611,237632,183.56454
4612,237695,342.35468
4613,237775,426.7801
4614,237833,263.34296
4615,237903,353.52606
4616,237975,328.14227
4617,238079,506.93912
4618,238157,423.04282
4619,238226,334.9149
4620,238295,359.317
4621,238363,348.69812
4622,238423,287.0668
4623,238578,751.91473
4624,238646,301.90942
4625,238707,271.81448
4626,238773,364.61005
4627,238852,358.2013
4628,238910,290.6239
4629,238984,395.37875
4630,239042,303.82333
4631,239132,474.65982
4632,239212,432.3269
4633,239315,481.63766
4634,239389,402.26764
4635,239475,460.83383
4636,239531,301.15695
4637,239594,294.19144
4638,239658,329.2759
4639,239741,433.93515
4640,239827,410.4475
4641,239885,312.42673
4642,239946,326.83694
4643,240028,431.79886
4644,240103,345.43164
4645,240149,216.27307
4646,240208,312.77023
4647,240273,341.46564
4648,240326,236.53738
4649,240390,314.53275
4650,240452,316.3854
4651,240524,386.23978
4652,240583,310.37088
4653,240624,201.18716
4654,240719,487.46033
4655,240802,436.79474
4656,240852,253.40239
4657,240915,322.02362
4658,240976,292.51743
4659,241040,266.1873
4660,241120,420.95233
4661,241223,520.8627
4662,241327,524.3583
4663,241380,286.03424
4664,241434,284.9525
4665,241504,323.764
4666,241552,231.62566
4667,241596,223.22832
4668,241738,734.30066
4669,241846,498.43558
4670,241894,245.74864
4671,241994,462.57083
4672,242052,271.1977
4673,242121,372.22134
4674,242201,393.5944
4675,242255,291.64227
4676,242356,539.9358
4677,242422,353.34482
4678,242482,323.69873
4679,242574,489.89984
4680,242631,274.6786
4681,242685,287.58878
4682,242770,403.88998
4683,242838,356.14456
4684,242916,359.88284
4685,242981,349.80505
4686,243041,312.82233
4687,243126,382.59436
4688,243229,505.27164
4689,243305,394.064
4690,243362,307.1739
4691,243453,477.9752
4692,243553,522.8561
4693,243615,334.35223
4694,243679,346.53198
4695,243763,421.16617
4696,243894,632.99774
4697,243985,487.71143
4698,244044,294.0157
4699,244115,385.72412
4700,244170,285.42764
4701,244264,474.87173
4702,244325,318.52118
4703,244420,498.15622
4704,244519,523.5227
4705,244626,556.70154
4706,244700,400.58066
4707,244761,336.88947
4708,244819,306.85867
4709,244883,339.6184
4710,244952,371.01874
4711,245057,492.36777
4712,245126,325.19336
4713,245195,362.86792
4714,245275,350.04236
4715,245373,467.9139
4716,245450,370.91885
4717,245514,341.23242
4718,245595,427.85196
4719,245694,466.34457
4720,245807,567.6407
4721,245914,569.11304
4722,245989,385.94772
4723,246049,321.73257
4724,246122,358.41226
4725,246175,257.48523
4726,246240,303.98926
4727,246319,406.0338
4728,246394,408.96753
4729,246460,355.97653
4730,246527,355.61856
4731,246582,239.52203
4732,246703,650.0894
4733,246765,339.14136
4734,246836,375.15573
4735,246924,471.0044
4736,247012,393.5634
4737,247096,439.78046
4738,247212,544.9077
4739,247265,284.76913
4740,247316,269.9794
4741,247414,529.71594
4742,247518,505.1722
4743,247578,322.66632
4744,247650,389.51007
4745,247735,468.82712
4746,247806,382.259
4747,247884,372.38412
4748,247937,286.7587
4749,248002,350.07144
4750,248068,355.2712
4751,248158,436.54456
4752,248221,321.97382
4753,248314,442.52148
4754,248370,292.8152
4755,248433,339.36533
4756,248534,466.1407
4757,248619,463.28094
4758,248694,409.52832
4759,248752,270.0691
4760,248850,526.07214
4761,248909,281.3957
4762,248959,256.12234
4763,249013,284.78397
4764,249080,339.2868
4765,249142,335.89856
4766,249248,513.81055
4767,249308,327.03687
4768,249364,300.6308
4769,249431,357.95984
4770,249510,376.02817
4771,249588,397.5599
4772,249648,273.51254
4773,249729,437.1732
4774,249795,326.53024
4775,249893,533.68286
4776,249972,396.41605
4777,250047,338.42136
4778,250116,362.30505
4779,250185,367.8901
4780,250249,278.80515
4781,250340,483.6315
4782,250466,603.99286
4783,250538,386.8329
4784,250598,276.42184
4785,250743,767.529
4786,250822,422.2737
4787,250905,390.11435
4788,250972,341.33322
4789,251039,351.0425
4790,251141,549.83777
4791,251215,387.89133
4792,251323,569.65466
4793,251403,381.85507
4794,251478,343.53485
4795,251544,355.0085
4796,251622,424.6984
4797,251680,269.10547
4798,251736,300.88864
4799,251802,357.22433
4800,251867,303.84076
4801,251973,565.2154
4802,252049,394.4007
4803,252116,298.8604
4804,252218,536.74744
4805,252282,324.30185
4806,252408,664.95844
4807,252461,252.6765
4808,252527,295.87787
4809,252575,254.43658
4810,252664,403.35187
4811,252759,474.8812
4812,252840,423.36746
4813,252897,310.3209
4814,252986,418.53995
4815,253073,426.6269
4816,253161,463.90604
4817,253275,595.05493
4818,253332,296.093
4819,253397,331.02356
4820,253456,317.8226
4821,253539,440.16772
4822,253602,339.75803
4823,253658,301.69556
4824,253731,384.55984
4825,253792,306.5238
4826,253858,303.60803
4827,253955,441.37933
4828,254013,314.82083
4829,254065,274.38232
4830,254125,325.3154
4831,254181,294.35245
4832,254272,470.01236
4833,254348,360.31555
4834,254412,336.27536
4835,254498,456.5863
4836,254601,551.6034
4837,254688,440.45
4838,254764,381.95352
4839,254824,267.85007
4840,254879,299.20602
4841,254924,211.95001
4842,254991,348.52786
4843,255102,566.409
4844,255171,302.94794
4845,255240,364.62332
4846,255320,402.66895
4847,255361,201.87872
4848,255416,296.20053
4849,255500,399.4313
4850,255574,388.97424
4851,255632,309.3869
4852,255684,274.98654
4853,255767,406.57996
4854,255843,402.78696
4855,255898,295.1065
4856,255987,440.7454
4857,256047,314.24808
4858,256169,591.64984
4859,256242,387.09494
4860,256309,359.3672
4861,256384,355.0134
4862,256444,327.62473
4863,256529,451.42224
4864,256568,189.43515
4865,256616,220.96558
4866,256686,377.36713
4867,256749,296.2777
4868,256831,429.09146
4869,256890,314.8619
4870,256950,310.89404
4871,257016,358.55518
4872,257079,329.0289
4873,257150,381.10333
4874,257240,439.86572
4875,257301,328.98062
4876,257356,294.5364
4877,257417,300.0718
4878,257494,348.0076
4879,257537,207.01244
4880,257607,351.24527
4881,257674,351.6137
4882,257731,296.841
4883,257793,336.28177
4884,257859,355.56357
4885,257937,422.36133
4886,258007,370.2689
4887,258064,311.18423
4888,258137,393.86755
4889,258185,246.88947
4890,258235,269.57828
4891,258293,257.77634
4892,258372,421.66437
4893,258437,288.81906
4894,258535,464.2885
4895,258605,330.31934
4896,258669,337.117
4897,258767,466.70883
4898,258838,372.46234
4899,258913,390.83197
4900,259004,469.4985
4901,259071,337.93823
4902,259158,447.2755
4903,259229,319.2517
4904,259292,338.66022
4905,259353,323.75702
4906,259394,203.37802
4907,259457,339.6461
4908,259529,335.7072
4909,259594,335.15814
4910,259666,372.74655
4911,259762,508.51132
4912,259834,359.8061
4913,259906,376.49686
4914,259980,397.91577
4915,260038,312.03198
4916,260105,360.95657
4917,260161,306.75342
4918,260238,404.18518
4919,260286,218.88954
4920,260362,396.25674
4921,260435,332.9493
4922,260497,333.72818
4923,260620,639.98236
4924,260691,386.74646
4925,260753,337.13016
4926,260833,426.67593
4927,260924,394.44324
4928,261006,410.51434
4929,261090,390.3383
4930,261158,372.53708
4931,261230,383.62393
4932,261299,340.52686
4933,261383,418.18045
4934,261459,386.54868
4935,261530,373.1271
4936,261632,461.57376
4937,261679,235.70763
4938,261786,504.44687
4939,261831,211.53284
4940,261889,298.1619
4941,261969,433.2833
4942,262034,351.24393
4943,262084,264.08475
4944,262179,519.11633
4945,262230,276.732
4946,262294,295.5944
4947,262353,315.60043
4948,262427,342.9962
4949,262491,317.65927
4950,262556,332.98886
4951,262630,383.78436
4952,262682,279.5301
4953,262744,313.97733
4954,262801,293.07153
4955,262873,384.5335
4956,262945,379.0535
4957,263026,420.8674
4958,263083,283.72202
4959,263168,460.69937
4960,263264,432.38843
4961,263383,601.56323
4962,263495,502.44122
4963,263569,398.1585
4964,263652,441.5558
4965,263712,303.92285
4966,263766,283.488
4967,263832,345.32983
4968,263894,327.17828
4969,263948,290.50677
4970,264041,490.25424
4971,264110,372.0293
4972,264161,267.9462
4973,264223,332.14407
4974,264313,470.7078
4975,264374,299.67307
4976,264434,325.86304
4977,264508,374.47122
4978,264573,329.9271
4979,264639,347.0879
4980,264725,460.26727
4981,264774,253.21973
4982,264835,324.5766
4983,264893,304.32382
4984,264957,354.2279
4985,265009,279.4195
4986,265064,291.15533
4987,265158,414.15292
4988,265235,418.4174
4989,265304,370.64203
4990,265359,284.06833
4991,265431,383.15546
4992,265499,360.55923
4993,265559,327.5098
4994,265622,343.37067
4995,265706,395.64996
4996,265776,333.684
4997,265869,477.9332
4998,265924,297.10495
4999,266092,795.7053
5000,266233,726.84503
5001,266320,461.88705
5002,266412,454.60522
5003,266469,283.8534
5004,266550,432.7917
5005,266614,336.88474
5006,266691,411.07114
5007,266740,256.24942
5008,266805,341.22574
5009,266901,482.9434
5010,266968,289.25168
5011,267040,345.12048
5012,267153,525.00256
5013,267234,429.76837
5014,267293,310.66342
5015,267380,409.9001
5016,267440,290.95047
5017,267504,342.48145
5018,267580,390.37515
5019,267664,434.96863
5020,267790,663.0986
5021,267853,336.23074
5022,267931,375.55084
5023,268008,416.0987
5024,268075,346.1287
5025,268133,321.47897
5026,268254,650.6064
5027,268362,573.3827
5028,268424,331.5972
5029,268474,248.06226
5030,268616,660.86725
5031,268686,364.90704
5032,268745,312.4316
5033,268828,440.1331
5034,268895,361.74744
5035,269002,538.37976
5036,269065,332.14136
5037,269128,336.66187
5038,269185,304.63757
5039,269240,287.55167
5040,269304,332.62354
5041,269386,429.25162
5042,269520,648.7813
5043,269577,303.87653
5044,269633,294.30304
5045,269713,423.05792
5046,269788,420.0684
5047,269867,433.1152
5048,269950,405.54364
5049,270015,286.00577
5050,270103,433.75424
5051,270168,345.6739
5052,270231,298.43643
5053,270286,298.15176
5054,270376,470.47787
5055,270432,256.77805
5056,270510,384.3348
5057,270580,321.37817
5058,270684,487.5467
5059,270765,424.91403
5060,270830,356.6375
5061,270885,285.15338
5062,270964,402.12314
5063,271106,650.4134
5064,271160,292.9294
5065,271236,415.78064
5066,271310,392.47076
5067,271364,281.34824
5068,271446,443.09573
5069,271499,268.04135
5070,271584,444.50302
5071,271641,293.86362
5072,271695,292.20346
5073,271765,330.51428
5074,271833,366.9462
5075,271888,296.1726
5076,271959,370.14822
5077,272065,541.3756
5078,272112,220.61816
5079,272195,384.31183
5080,272274,388.2308
5081,272343,357.36047
5082,272405,263.50775
5083,272487,443.31375
5084,272548,314.51593
5085,272632,443.89954
5086,272698,350.80396
5087,272766,364.47507
5088,272823,300.0899
5089,272885,293.99115
5090,272968,434.9586
5091,273076,541.1714
5092,273172,475.82144
5093,273262,480.49374
5094,273359,516.6837
5095,273421,284.0028
5096,273478,264.83127
5097,273601,575.35693
5098,273663,328.90033
5099,273736,375.51413
5100,273809,347.21762
5101,273866,256.09537
5102,273949,407.95276
5103,274011,320.0489
5104,274072,268.36783
5105,274142,366.35754
5106,274193,261.69757
5107,274272,420.1309
5108,274332,310.1199
5109,274396,329.00623
5110,274469,390.02097
5111,274543,392.4601
5112,274633,395.7691
5113,274696,317.52966
5114,274766,364.9957
5115,274810,225.66124
5116,274876,347.48685
5117,274923,218.02606
5118,275024,508.5641
5119,275111,465.77972
5120,275167,289.09012
5121,275230,343.5523
5122,275304,409.13858
5123,275410,551.05054
5124,275508,499.6403
5125,275616,569.14655
5126,275676,322.33362
5127,275764,474.67056
5128,275835,374.91196
5129,275900,339.18875
5130,275986,419.96292
5131,276036,264.11
5132,276103,362.59848
5133,276162,297.87265
5134,276255,494.18924
5135,276305,273.65125
5136,276387,432.08737
5137,276456,354.61975
5138,276517,328.4179
5139,276586,311.3123
5140,276650,330.6939
5141,276722,361.76935
5142,276797,380.91434
5143,276866,374.85748
5144,276950,412.54413
5145,277063,598.32697
5146,277140,362.60983
5147,277209,372.93604
5148,277289,438.3023
5149,277377,418.20612
5150,277421,215.14546
5151,277488,334.88837
5152,277538,243.22899
5153,277607,373.27582
5154,277682,347.86517
5155,277766,440.54178
5156,277853,470.33875
5157,277996,749.0971
5158,278082,410.22226
5159,278163,424.24112
5160,278237,395.94864
5161,278295,298.55667
5162,278350,297.59732
5163,278421,353.64297
5164,278484,331.5856
5165,278553,376.31107
5166,278680,619.63654
5167,278744,356.67154
5168,278798,281.74927
5169,278850,273.53644
5170,278911,297.01773
5171,278961,270.2565
5172,279037,372.2171
5173,279108,381.12738
5174,279206,527.6717
5175,279284,419.64407
5176,279354,386.44122
5177,279406,249.33493
5178,279465,315.31552
5179,279526,335.46405
5180,279588,339.9143
5181,279692,555.77106
5182,279745,271.87677
5183,279798,280.24866
5184,279876,372.08722
5185,279947,343.44128
5186,280030,456.61813
5187,280086,256.0583
5188,280155,355.41867
5189,280255,489.8076
5190,280325,380.5903
5191,280386,290.92377
5192,280438,274.57474
5193,280519,384.35275
5194,280600,432.4169
5195,280698,460.29556
5196,280774,388.43478
5197,280858,444.54974
5198,280922,336.206
5199,280959,171.18721
5200,281056,449.5384
5201,281119,337.08817
5202,281164,231.72345
5203,281234,329.73087
5204,281316,445.9817
5205,281386,313.05206
5206,281455,339.82874
5207,281504,249.17186
5208,281564,270.78763
5209,281636,392.32635
5210,281728,440.6057
5211,281772,226.51799
5212,281823,248.3113
5213,281902,373.45688
5214,281973,387.76245
5215,282044,398.73044
5216,282125,434.2987
5217,282204,419.75296
5218,282268,293.33478
5219,282342,406.64957
5220,282408,295.24274
5221,282485,409.92105
5222,282551,351.40854
5223,282610,321.0766
5224,282727,619.1043
5225,282803,391.9726
5226,282876,395.12518
5227,282949,387.7447
5228,283017,370.8037
5229,283076,315.63925
5230,283138,335.8378
5231,283270,658.7387
5232,283355,430.91498
5233,283427,383.3221
5234,283485,304.0053
5235,283555,332.95337
5236,283617,337.30432
5237,283670,276.95462
5238,283758,467.1277
5239,283875,587.79626
5240,284013,704.76276
5241,284057,232.87651
5242,284127,372.63
5243,284195,365.04016
5244,284281,431.3607
5245,284348,359.93887
5246,284413,351.09427
5247,284534,636.66693
5248,284619,446.18198
5249,284673,258.6821
5250,284782,587.06537
5251,284844,331.2195
5252,284906,306.35126
5253,284968,322.41867
5254,285027,303.28754
5255,285115,454.05374
5256,285175,324.81665
5257,285237,337.61917
5258,285289,279.9108
5259,285325,167.27484
5260,285433,577.56177
5261,285507,389.3065
5262,285561,290.61322
5263,285624,337.36053
5264,285718,465.82965
5265,285789,342.1616
5266,285917,675.28644
5267,286000,437.47275
5268,286086,386.17062
5269,286153,366.10672
5270,286237,431.4913
5271,286283,203.526
5272,286376,498.71838
5273,286451,393.699
5274,286532,385.89667
5275,286623,434.28717
5276,286692,327.46075
5277,286749,258.5486
5278,286831,438.0612
5279,286916,444.4828
5280,286984,347.88593
5281,287123,652.16815
5282,287218,438.33398
5283,287273,291.66385
5284,287346,393.46188
5285,287409,312.06985
5286,287464,293.69858
5287,287521,311.15613
5288,287598,357.25082
5289,287704,582.57513
5290,287776,376.66754
5291,287849,379.49188
5292,287927,411.9757
5293,287983,296.2004
5294,288073,488.26114
5295,288142,336.50464
5296,288203,327.5738
5297,288296,485.03735
5298,288359,330.08597
5299,288404,236.74309
5300,288460,276.7259
5301,288534,366.67172
5302,288604,376.69308
5303,288685,412.0314
5304,288764,382.3844
5305,288861,523.376
5306,288942,362.28296
5307,288993,263.45886
5308,289065,378.24756
5309,289138,339.84927
5310,289197,280.53357
5311,289257,306.01978
5312,289340,379.42212
5313,289423,446.8914
5314,289504,353.19522
5315,289572,321.7311
5316,289629,304.6138
5317,289674,211.61386
5318,289729,283.10834
5319,289841,546.4727
5320,289884,209.90485
5321,289941,311.95892
5322,290015,388.06656
5323,290108,494.76776
5324,290167,305.5325
5325,290245,392.588
5326,290310,306.85724
5327,290388,425.6168
5328,290456,365.4322
5329,290536,413.70932
5330,290609,339.41995
5331,290694,416.25412
5332,290751,300.04828
5333,290807,260.23563
5334,290865,313.79504
5335,290937,373.4605
5336,291020,453.38638
5337,291105,428.45004
5338,291179,399.5181
5339,291272,501.48917
5340,291338,356.78293
5341,291415,360.1077
5342,291493,425.75806
5343,291550,310.156
5344,291622,382.03833
5345,291700,425.61243
5346,291781,440.4962
5347,291849,346.10147
5348,291966,634.31244
5349,292021,288.5719
5350,292102,423.11877
5351,292162,303.17523
5352,292239,423.51562
5353,292296,312.25534
5354,292350,287.64804
5355,292482,688.1193
5356,292581,535.4644
5357,292651,337.46655
5358,292754,497.7302
5359,292826,330.6817
5360,292889,273.7188
5361,292927,176.20596
5362,292989,335.97244
5363,293104,582.17224
5364,293166,275.75262
5365,293229,344.05835
5366,293304,383.02
5367,293385,399.35294
5368,293451,346.83197
5369,293510,293.10208
5370,293581,378.62308
5371,293659,414.05
5372,293730,384.0716
5373,293840,578.1482
5374,293913,344.50314
5375,293992,427.6314
5376,294056,335.82486
5377,294132,384.60446
5378,294199,301.85864
5379,294264,318.03644
5380,294346,446.65674
5381,294443,500.60974
5382,294525,440.90924
5383,294616,412.55023
5384,294704,448.56247
5385,294830,623.32526
5386,294924,487.35022
5387,294996,373.3488
5388,295060,347.3154
5389,295119,316.10645
5390,295184,353.8934
5391,295261,406.1729
5392,295357,453.51654
5393,295422,298.49527
5394,295477,261.98334
5395,295549,391.60632
5396,295611,327.03625
5397,295693,441.8004
5398,295763,349.71362
5399,295845,443.53793
5400,295924,424.24344
5401,296008,419.36685
5402,296081,392.12756
5403,296128,229.72084
5404,296201,331.56387
5405,296269,322.4909
5406,296347,374.61545
5407,296428,419.7078
5408,296496,363.68518
5409,296584,414.62653
5410,296659,362.27396
5411,296715,302.32596
5412,296796,431.5278
5413,296859,303.5491
5414,296938,422.22858
5415,297025,488.77716
5416,297123,516.4772
5417,297192,344.47293
5418,297293,480.79352
5419,297358,340.3078
5420,297432,345.93555
5421,297523,483.98425
5422,297599,420.3711
5423,297648,256.75473
5424,297700,271.73325
5425,297769,374.2289
5426,297837,349.88364
5427,297925,421.1667
5428,298072,703.2977
5429,298131,314.30634
5430,298193,327.1105
5431,298251,311.19318
5432,298365,594.3293
5433,298417,265.75656
5434,298482,357.45673
5435,298537,292.27872
5436,298594,281.30692
5437,298651,315.1268
5438,298720,355.7378
5439,298800,424.7937
5440,298861,285.79153
5441,298928,286.73062
5442,298982,289.9609
5443,299066,453.37335
5444,299141,399.8627
5445,299204,340.46262
5446,299267,295.47028
5447,299305,179.31906
5448,299391,387.59097
5449,299454,329.5396
5450,299532,354.83777
5451,299612,431.9311
5452,299745,648.1013
5453,299829,451.32587
5454,299901,384.36142
5455,299976,334.50238
5456,300039,314.93542
5457,300097,292.47897
5458,300140,217.58456
5459,300189,249.41264
5460,300271,390.98755
5461,300368,480.46786
5462,300449,422.47214
5463,300510,294.79318
5464,300581,308.4692
5465,300650,316.5119
5466,300831,894.2773
5467,300910,402.51135
5468,300967,305.3654
5469,301034,368.56854
5470,301099,345.5741
5471,301167,345.46375
5472,301248,417.07895
5473,301324,396.09885
5474,301408,408.58807
5475,301469,301.33484
5476,301536,361.57202
5477,301596,282.00327
5478,301679,362.94556
5479,301771,475.74478
5480,301848,400.6642
5481,301912,342.86557
5482,302008,508.91635
5483,302069,325.865
5484,302174,465.00558
5485,302230,275.3039
5486,302283,287.28802
5487,302353,356.78253
5488,302402,258.90918
5489,302491,405.83047
5490,302557,320.94943
5491,302613,309.79642
5492,302676,339.98575
5493,302733,305.5531
5494,302832,512.9811
5495,302916,445.1324
5496,302988,382.95978
5497,303106,559.69385
5498,303180,400.53812
5499,303280,445.47742
5500,303338,310.25296
5501,303451,572.55414
5502,303502,269.77765
5503,303556,284.99063
5504,303642,459.14557
5505,303726,415.48236
5506,303784,310.6763
5507,303846,291.42154
5508,303939,471.77423
5509,304036,457.41663
5510,304152,596.24866
5511,304256,561.65674
5512,304318,298.24445
5513,304375,290.8798
5514,304425,258.7331
5515,304507,440.19937
5516,304576,301.30173
5517,304663,449.67874
5518,304770,559.24084
5519,304822,276.23312
5520,304898,399.90485
5521,304969,352.1827
5522,305044,375.6111
5523,305103,316.73648
5524,305156,282.29562
5525,305243,442.9154
5526,305303,316.3598
5527,305407,473.80026
5528,305474,351.37997
5529,305591,589.4387
5530,305717,610.55963
5531,305786,371.90173
5532,305855,348.01022
5533,305917,278.78598
5534,305979,284.1551
5535,306071,435.33475
5536,306163,487.68765
5537,306248,416.37576
5538,306343,465.0467
5539,306444,462.75235
5540,306519,400.77686
5541,306584,304.55957
5542,306654,350.0242
5543,306731,417.32925
5544,306787,302.11966
5545,306850,333.8426
5546,306928,418.22906
5547,307009,423.84677
5548,307064,268.60788
5549,307127,296.36728
5550,307190,311.6983
5551,307246,299.01965
5552,307315,326.9438
5553,307392,416.9642
5554,307503,589.5204
5555,307576,376.46338
5556,307648,392.55627
5557,307729,379.17
5558,307801,324.729
5559,307893,404.4225
5560,307961,360.70615
5561,308031,333.40146
5562,308110,412.40488
5563,308192,438.82965
5564,308258,293.0566
5565,308326,350.7935
5566,308394,313.58484
5567,308494,539.2006
5568,308539,227.98839
5569,308588,269.7086
5570,308640,278.64084
5571,308700,262.82654
5572,308800,488.70197
5573,308889,468.4304
5574,308960,378.5263
5575,309027,364.1475
5576,309117,477.88565
5577,309195,360.28638
5578,309261,359.7966
5579,309327,351.87427
5580,309419,470.948
5581,309599,861.1841
5582,309675,419.6039
5583,309734,296.88123
5584,309813,418.44342
5585,309957,750.99054
5586,310043,391.53033
5587,310106,328.3667
5588,310229,560.15247
5589,310309,414.21387
5590,310378,366.26556
5591,310442,316.39456
5592,310521,404.05197
5593,310595,371.48447
5594,310659,346.51938
5595,310754,498.00626
5596,310831,409.6675
5597,310951,642.7235
5598,311033,434.044
5599,311091,304.3709
5600,311148,269.40668
5601,311207,319.11435
5602,311278,364.90778
5603,311358,426.66782
5604,311441,444.5288
5605,311524,432.8131
5606,311584,326.41086
5607,311681,514.79364
5608,311743,332.1333
5609,311811,369.36227
5610,311868,311.38113
5611,311942,406.99677
5612,311998,290.78134
5613,312075,413.0337
5614,312125,264.47574
5615,312187,331.79654
5616,312258,380.4498
5617,312324,349.10217
5618,312407,432.69235
5619,312470,312.06982
5620,312565,423.7514
5621,312670,529.9094
5622,312719,242.58775
5623,312811,489.62558
5624,312886,386.84464
5625,312952,350.97833
5626,313022,378.08368
5627,313077,304.20563
5628,313166,409.68793
5629,313247,438.39993
5630,313301,275.43835
5631,313402,532.2133
5632,313458,257.88037
5633,313523,310.32236
5634,313564,195.87119
5635,313617,276.0017
5636,313690,383.34583
5637,313761,369.46747
5638,313836,388.1345
5639,313890,263.32758
5640,313947,306.67627
5641,314036,470.1709
5642,314122,406.39575
5643,314191,373.29105
5644,314262,368.62762
5645,314323,313.7574
5646,314390,333.7174
5647,314458,339.97937
5648,314543,444.3511
5649,314616,322.18967
5650,314697,441.27365
5651,314793,487.8933
5652,314859,347.3391
5653,314934,324.5822
5654,314955,103.31197
5655,315037,438.6257
5656,315115,412.36996
5657,315200,418.06763
5658,315258,309.8714
5659,315299,205.2941
5660,315421,639.0721
5661,315494,374.61465
5662,315579,460.68042
5663,315678,469.15182
5664,315757,430.07544
5665,315824,361.6393
5666,315880,289.46805
5667,315981,516.48706
5668,316080,468.3649
5669,316152,312.1825
5670,316212,318.62927
5671,316285,344.45175
5672,316361,404.2195
5673,316428,349.9916
5674,316518,425.44357
5675,316599,429.8543
5676,316681,422.93378
5677,316751,376.83517
5678,316814,315.90784
5679,316873,313.3941
5680,316962,465.70297
5681,317094,672.30237
5682,317168,405.90085
5683,317261,495.76807
5684,317365,530.1993
5685,317460,512.1068
5686,317513,283.33682
5687,317568,262.93405
5688,317668,521.0815
5689,317719,262.15463
5690,317778,317.5542
5691,317836,309.75452
5692,317874,180.51787
5693,317980,553.859
5694,318046,333.44037
5695,318161,625.11957
5696,318231,338.85864
5697,318289,304.65552
5698,318347,303.3933
5699,318427,422.86456
5700,318490,348.42627
5701,318544,294.48944
5702,318591,241.29716
5703,318656,299.75543
5704,318706,268.6838
5705,318781,359.98712
5706,318846,310.5292
5707,318958,519.502
5708,319014,304.7499
5709,319063,265.9794
5710,319124,320.70923
5711,319184,316.97995
5712,319257,398.23813
5713,319319,331.65015
5714,319378,313.96597
5715,319446,340.95743
5716,319549,493.783
5717,319611,333.5672
5718,319687,345.47894
5719,319778,493.76465
5720,319845,366.45505
5721,319909,334.3305
5722,320001,398.2817
5723,320080,424.33414
5724,320157,414.31378
5725,320205,249.2177
5726,320331,606.70966
5727,320405,381.8988
5728,320479,372.92328
5729,320574,450.19455
5730,320635,284.59653
5731,320707,370.87616
5732,320779,360.55344
5733,320840,328.79343
5734,320909,365.93604
5735,320980,305.7085
5736,321046,353.49356
5737,321121,371.0675
5738,321191,387.58347
5739,321284,480.67465
5740,321357,404.52408
5741,321420,290.92834
5742,321477,245.79567
5743,321599,587.27246
5744,321659,286.7985
5745,321767,574.2104
5746,321823,253.02034
5747,321958,676.01575
5748,322030,332.87387
5749,322125,451.0975
5750,322220,503.97617
5751,322277,304.552
5752,322345,366.66373
5753,322413,369.56952
5754,322476,289.4008
5755,322550,397.86694
5756,322626,393.6077
5757,322704,432.2214
5758,322755,267.35632
5759,322823,331.45108
5760,322879,304.16138
5761,322994,594.58
5762,323085,463.6877
5763,323155,381.67868
5764,323254,486.86844
5765,323319,338.38684
5766,323382,336.90115
5767,323454,346.91647
5768,323506,254.0884
5769,323573,352.9646
5770,323686,535.1432
5771,323748,337.75986
5772,323807,319.597
5773,323918,526.9744
5774,324110,928.60815
5775,324194,443.50534
5776,324265,380.50894
5777,324352,416.33292
5778,324450,516.7175
5779,324514,310.63434
5780,324575,333.6019
5781,324639,299.5934
5782,324699,274.26566
5783,324757,319.142
5784,324847,398.1051
5785,324913,355.1754
5786,324974,328.26767
5787,325044,353.95834
5788,325102,270.72177
5789,325161,308.46783
5790,325264,546.77826
5791,325335,342.1792
5792,325395,308.80963
5793,325453,291.5273
5794,325513,320.1683
5795,325600,449.42923
5796,325676,388.18475
5797,325737,322.6268
5798,325813,408.13635
5799,325919,536.8122
5800,325974,294.62137
5801,326042,361.07425
5802,326108,352.3039
5803,326225,619.05743
5804,326274,227.04109
5805,326376,543.3681
5806,326460,447.70667
5807,326560,439.9241
5808,326621,289.8113
5809,326694,381.45987
5810,326776,444.05194
5811,326830,287.66956
5812,326916,442.78882
5813,326978,334.99576
5814,327082,515.6299
5815,327154,337.527
5816,327213,315.91394
5817,327276,325.3256
5818,327451,881.27545
5819,327534,393.13846
5820,327593,314.10672
5821,327689,467.76434
5822,327786,514.0088
5823,327875,446.72662
5824,327958,442.13766
5825,328051,478.3558
5826,328123,388.55276
5827,328199,368.20193
5828,328259,281.6636
5829,328335,383.81177
5830,328388,290.01517
5831,328441,279.59247
5832,328499,305.5324
5833,328554,240.1186
5834,328621,350.58292
5835,328695,390.23138
5836,328790,502.9884
5837,328850,272.15607
5838,328945,471.59216
5839,329041,497.091
5840,329102,331.91672
5841,329230,684.75354
5842,329316,465.99213
5843,329377,308.7857
5844,329513,624.242
5845,329580,365.94955
5846,329643,338.75064
5847,329715,381.49365
5848,329769,256.07422
5849,329832,342.3649
5850,329908,413.66412
5851,329957,260.19678
5852,330041,452.87445
5853,330095,282.27145
5854,330175,362.5169
5855,330256,408.52298
5856,330311,252.35709
5857,330406,405.09753
5858,330469,282.31775
5859,330556,430.5727
5860,330633,417.46548
5861,330717,446.69327
5862,330780,337.88916
5863,330828,248.45647
5864,330882,288.6382
5865,330953,370.3878
5866,331059,472.80035
5867,331119,323.5288
5868,331201,436.5597
5869,331255,289.6715
5870,331312,310.3803
5871,331388,388.8314
5872,331475,424.81506
5873,331561,403.54443
5874,331661,517.90845
5875,331770,566.17773
5876,331839,368.8399
5877,331902,296.82834
5878,331992,487.8801
5879,332051,320.50183
5880,332115,300.92166
5881,332191,363.463
5882,332280,421.84073
5883,332370,468.52667
5884,332450,434.33286
5885,332554,547.30743
5886,332628,398.2569
5887,332686,312.98172
5888,332748,338.09937
5889,332807,313.06192
5890,332875,368.15244
5891,332936,327.29745
5892,333000,290.19714
5893,333077,353.81903
5894,333172,513.8501
5895,333230,273.7916
5896,333292,290.15085
5897,333390,470.69193
5898,333447,307.4068
5899,333550,531.5552
5900,333642,409.85144
5901,333699,298.11404
5902,333753,290.01593
5903,333812,298.67682
5904,333887,397.72647
5905,333968,427.73257
5906,334059,455.90332
5907,334121,293.33768
5908,334193,370.35364
5909,334279,462.92148
5910,334337,302.32925
5911,334410,391.60504
5912,334466,290.76544
5913,334521,263.0421
5914,334593,368.00644
5915,334661,366.0045
5916,334712,258.2652
5917,334776,308.3337
5918,334848,370.95248
5919,334930,423.90186
5920,335013,434.46213
5921,335096,393.53223
5922,335152,286.93924
5923,335213,307.69452
5924,335292,365.68616
5925,335368,405.04993
5926,335453,425.2393
5927,335519,336.01114
5928,335568,256.743
5929,335630,327.29575
5930,335693,270.18918
5931,335781,445.39456
5932,335941,804.2502
5933,336024,421.707
5934,336116,420.99112
5935,336184,310.73996
5936,336281,509.72906
5937,336349,361.8288
5938,336425,403.9794
5939,336483,263.35614
5940,336552,375.0141
5941,336623,372.88406
5942,336706,436.71445
5943,336783,412.44122
5944,336843,321.1089
5945,336937,484.35385
5946,337015,406.90186
5947,337119,512.9187
5948,337202,413.18768
5949,337293,457.1217
5950,337400,507.77075
5951,337477,373.8435
5952,337541,332.43475
5953,337605,352.88406
5954,337663,297.991
5955,337715,234.22078
5956,337830,539.9394
5957,337898,344.74722
5958,337980,441.02966
5959,338050,351.1723
5960,338107,264.2257
5961,338241,634.82153
5962,338299,312.36676
5963,338376,403.18045
5964,338447,379.81192
5965,338517,381.67157
5966,338589,393.1859
5967,338709,568.38336
5968,338764,294.61383
5969,338831,356.2226
5970,338897,365.1642
5971,338957,319.03265
5972,339029,387.0795
5973,339082,284.18298
5974,339200,528.93933
5975,339275,391.02042
5976,339329,285.98804
5977,339418,452.59232
5978,339481,290.4154
5979,339542,326.3393
5980,339614,378.52914
5981,339684,344.10907
5982,339756,372.15225
5983,339815,325.91037
5984,339904,474.02524
5985,339983,419.20056
5986,340049,361.6115
5987,340139,480.80093
5988,340212,387.25146
5989,340302,485.9786
5990,340369,297.78897
5991,340440,317.4012
5992,340507,357.87042
5993,340598,488.99298
5994,340679,420.6434
5995,340760,344.24762
5996,340834,387.86426
5997,340899,342.10577
5998,340981,425.61075
5999,341059,408.48892
6000,341118,275.08228
6001,341199,384.28918
6002,341264,286.296
6003,341320,299.29684
6004,341388,358.03372
6005,341458,349.54254
6006,341528,355.864
6007,341614,448.79208
6008,341670,270.88223
6009,341725,289.07578
6010,341788,281.18527
6011,341875,405.4837
6012,341939,336.94876
6013,342006,322.23715
6014,342072,352.22852
6015,342208,662.0512
6016,342278,343.47293
6017,342345,367.94485
6018,342417,337.32166
6019,342491,398.49478
6020,342557,355.3326
6021,342666,506.2138
6022,342787,640.8666
6023,342851,349.19107
6024,342913,304.94522
6025,342972,269.96237
6026,343044,381.06903
6027,343110,333.12466
6028,343173,334.69238
6029,343237,346.98996
6030,343328,478.68262
6031,343407,410.61465
6032,343482,348.85007
6033,343533,276.6202
6034,343616,383.23782
6035,343687,373.25977
6036,343746,270.4132
6037,343818,382.66156
6038,343927,585.5372
6039,344000,402.03897
6040,344073,337.69086
6041,344131,296.9443
6042,344186,239.31662
6043,344258,376.17685
6044,344318,316.9874
6045,344377,261.16278
6046,344461,411.53485
6047,344552,475.80737
6048,344637,458.38846
6049,344712,401.94196
6050,344803,482.61722
6051,344870,371.0688
6052,344967,464.58405
6053,345040,350.9971
6054,345131,455.2033
6055,345206,411.17828
6056,345288,413.56525
6057,345350,316.4544
6058,345461,512.64746
6059,345517,301.20343
6060,345578,300.2323
6061,345659,393.99567
6062,345771,599.48883
6063,345831,317.4962
6064,345887,237.74379
6065,345998,515.66705
6066,346080,430.70496
6067,346173,455.20804
6068,346265,484.2567
6069,346349,421.17838
6070,346416,341.70932
6071,346490,401.55093
6072,346552,277.27393
6073,346624,388.59375
6074,346692,367.3749
6075,346747,288.00116
6076,346835,483.15356
6077,346915,405.74017
6078,347018,512.5803
6079,347093,404.97607
6080,347164,367.93048
6081,347222,297.1488
6082,347296,402.68494
6083,347368,375.61246
6084,347459,412.78625
6085,347549,424.78714
6086,347670,623.37195
6087,347751,367.84692
6088,347821,379.325
6089,347880,314.47894
6090,348014,634.441
6091,348069,280.7533
6092,348185,633.6718
6093,348236,264.954
6094,348300,345.55118
6095,348370,355.78925
6096,348478,560.78864
6097,348537,271.9566
6098,348589,279.21918
6099,348637,234.11317
6100,348714,409.5064
6101,348781,352.96423
6102,348854,356.11508
6103,348934,430.81467
6104,348993,287.4302
6105,349086,492.1803
6106,349176,466.32605
6107,349225,240.27704
6108,349300,396.22754
6109,349378,352.58487
6110,349484,548.5337
6111,349595,569.77203
6112,349680,403.26764
6113,349813,678.87787
6114,349882,374.90134
6115,349944,326.21582
6116,349997,249.41888
6117,350065,364.91574
6118,350138,351.27084
6119,350228,477.6982
6120,350283,289.5857
6121,350426,745.65186
6122,350494,372.36627
6123,350556,330.16394
6124,350612,291.18442
6125,350684,328.6072
6126,350755,318.33554
6127,350825,380.9356
6128,350891,354.0941
6129,350982,428.2596
6130,351041,304.02423
6131,351095,293.82697
6132,351158,285.06934
6133,351264,515.99835
6134,351342,356.32547
6135,351399,292.18048
6136,351478,384.0836
6137,351536,309.63086
6138,351593,308.81393
6139,351672,375.31964
6140,351755,432.44632
6141,351841,460.82962
6142,351909,364.76404
6143,351972,345.54007
6144,352031,324.931
6145,352122,439.60858
6146,352191,360.89816
6147,352259,362.15604
6148,352333,328.4554
6149,352388,271.3356
6150,352455,363.92993
6151,352510,297.25177
6152,352597,410.8807
6153,352686,378.98148
6154,352777,407.55893
6155,352852,339.00922
6156,352946,484.73782
6157,353033,374.38388
6158,353112,402.66873
6159,353190,420.70834
6160,353227,180.56422
6161,353312,465.5624
6162,353376,310.52997
6163,353463,468.14462
6164,353521,313.87036
6165,353640,593.77466
6166,353680,197.8816
6167,353755,356.9063
6168,353852,505.08673
6169,353916,344.09427
6170,353984,369.32407
6171,354070,435.6937
6172,354121,223.5389
6173,354182,335.14127
6174,354249,357.6725
6175,354336,396.57196
6176,354405,327.15445
6177,354493,482.2065
6178,354549,251.75049
6179,354612,325.8287
6180,354702,474.4656
6181,354776,359.50232
6182,354841,348.47934
6183,354910,307.54303
6184,355002,479.1621
6185,355093,481.85098
6186,355181,471.4068
6187,355256,344.1108
6188,355366,589.83405
6189,355426,319.90244
6190,355510,422.56082
6191,355588,406.36978
6192,355677,467.95416
6193,355763,457.77267
6194,355815,232.37352
6195,355923,570.77563
6196,355979,302.5798
6197,356028,227.56175
6198,356099,373.2398
6199,356158,313.63953
6200,356234,362.78918
6201,356329,466.92645
6202,356398,346.34985
6203,356472,381.77005
6204,356540,365.6164
6205,356640,487.5189
6206,356705,307.177
6207,356774,320.69656
6208,356853,379.9087
6209,356917,302.77148
6210,356970,286.24042
6211,357034,335.00992
6212,357081,238.3998
6213,357184,514.44934
6214,357242,310.75208
6215,357308,347.08832
6216,357379,316.71832
6217,357452,386.59015
6218,357525,379.11667
6219,357626,517.5991
6220,357698,388.581
6221,357768,366.94244
6222,357861,505.4568
6223,357975,573.2232
6224,358098,588.38275
6225,358157,308.2594
6226,358215,275.53125
6227,358275,292.4372
6228,358345,329.28366
6229,358460,552.1482
6230,358504,233.4674
6231,358569,341.80182
6232,358668,474.06445
6233,358739,349.25507
6234,358832,488.86182
6235,358905,397.9095
6236,359013,523.19794
6237,359085,383.48123
6238,359188,471.58398
6239,359266,401.24652
6240,359320,291.79532
6241,359430,568.03375
6242,359537,585.90576
6243,359606,366.60492
6244,359681,394.9661
6245,359774,464.87512
6246,359836,337.19135
6247,359936,534.38556
6248,360002,353.912
6249,360071,373.35052
6250,360135,298.21542
6251,360213,411.54752
6252,360314,545.3844
6253,360388,397.55396
6254,360463,385.24554
6255,360535,326.04086
6256,360602,335.19177
6257,360698,478.10156
6258,360836,673.3767
6259,360900,330.0017
6260,360960,325.9934
6261,361018,300.03467
6262,361097,353.96298
6263,361169,383.07623
6264,361238,373.0518
6265,361323,418.54144
6266,361426,506.27576
6267,361520,497.54517
6268,361636,605.3985
6269,361707,358.82916
6270,361768,321.14328
6271,361885,572.4208
6272,361942,290.34448
6273,361997,267.38885
6274,362067,372.54865
6275,362175,552.1875
6276,362267,478.31918
6277,362358,445.49005
6278,362415,276.30234
6279,362490,409.84683
6280,362591,552.1054
6281,362662,337.115
6282,362707,198.78139
6283,362802,516.0263
6284,362892,433.39545
6285,362969,394.7249
6286,363052,441.63885
6287,363124,395.54486
6288,363265,684.41974
6289,363332,335.78598
6290,363391,269.31375
6291,363461,382.7438
6292,363517,298.6115
6293,363595,394.9562
6294,363678,464.30386
6295,363781,481.44232
6296,363839,258.5789
6297,363908,369.79367
6298,363979,347.9161
6299,364053,382.0366
6300,364114,316.33612
6301,364181,349.8372
6302,364268,474.19098
6303,364362,507.20218
6304,364416,278.07355
6305,364492,371.53613
6306,364551,273.4202
6307,364603,277.34637
6308,364678,372.6113
6309,364751,385.89612
6310,364813,288.5565
6311,364872,316.05603
6312,364956,460.7138
6313,365018,332.9573
6314,365069,240.2344
6315,365138,375.63538
6316,365249,539.82056
6317,365311,337.0462
6318,365383,336.76657
6319,365466,412.97122
6320,365519,256.07596
6321,365582,338.74347
6322,365665,442.38953
6323,365719,263.97263
6324,365794,329.82834
6325,365864,382.24887
6326,365937,317.41592
6327,366036,504.9114
6328,366125,464.0762
6329,366203,418.25955
6330,366277,334.006
6331,366370,455.95697
6332,366473,482.26852
6333,366537,354.58432
6334,366631,462.45227
6335,366716,391.1351
6336,366786,318.22186
6337,366879,459.22723
6338,366937,312.02917
6339,367021,375.5197
6340,367076,297.64005
6341,367143,354.6995
6342,367229,469.28915
6343,367292,337.47437
6344,367376,457.42352
6345,367439,344.85022
6346,367539,476.9302
6347,367622,446.69702
6348,367716,498.00732
6349,367866,766.738
6350,367936,361.81308
6351,367998,284.05472
6352,368104,502.20898
6353,368168,300.56375
6354,368229,336.28006
6355,368314,423.33014
6356,368367,284.49695
6357,368451,414.36606
6358,368581,624.11804
6359,368656,346.60602
6360,368765,577.416
6361,368829,279.87244
6362,368911,435.55054
6363,368983,387.0071
6364,369037,278.584
6365,369112,402.2661
6366,369173,283.89777
6367,369239,355.85553
6368,369326,469.38702
6369,369405,420.1347
6370,369464,309.2639
6371,369524,326.58844
6372,369651,670.4769
6373,369715,301.40628
6374,369793,347.82108
6375,369882,469.15475
6376,369927,221.9345
6377,370019,438.96133
6378,370084,286.42206
6379,370236,760.805
6380,370298,311.01062
6381,370343,225.67332
6382,370416,390.2472
6383,370469,284.1908
6384,370562,496.15753
6385,370620,275.32883
6386,370716,465.98672
6387,370799,402.39194
6388,370870,342.38315
6389,370961,430.19507
6390,371046,458.25278
6391,371116,385.14423
6392,371180,331.07147
6393,371253,382.01102
6394,371345,416.8312
6395,371419,394.81784
6396,371492,400.00357
6397,371569,401.96887
6398,371637,340.02548
6399,371707,371.4759
6400,371802,488.91397
6401,371882,434.5062
6402,371946,296.5823
6403,372023,359.73383
6404,372138,543.6261
6405,372203,334.5804
6406,372305,517.04834
6407,372373,364.8366
6408,372430,307.35413
6409,372507,361.16257
6410,372578,375.0333
6411,372635,306.36145
6412,372688,236.56602
6413,372755,338.01373
6414,372862,544.4194
6415,372961,470.61246
6416,373044,449.9554
6417,373112,329.9104
6418,373172,279.55496
6419,373243,365.19238
6420,373349,541.63324
6421,373423,406.76273
6422,373501,362.95316
6423,373568,355.1727
6424,373650,431.56433
6425,373740,418.40796
6426,373817,416.69012
6427,373876,308.37936
6428,373949,323.06268
6429,374022,383.95856
6430,374120,496.42123
6431,374214,447.4636
6432,374273,296.61697
6433,374345,384.43896
6434,374428,432.37604
6435,374510,386.68292
6436,374603,468.6736
6437,374703,511.03928
6438,374774,369.09332
6439,374856,419.02866
6440,374941,391.6317
6441,375009,330.5373
6442,375105,448.6691
6443,375157,256.00238
6444,375237,417.63788
6445,375320,433.6222
6446,375404,443.85126
6447,375489,446.58954
6448,375549,308.02158
6449,375639,470.52518
6450,375696,302.98547
6451,375766,296.94702
6452,375904,691.7934
6453,375959,296.67612
6454,376037,354.82318
6455,376121,420.7143
6456,376194,344.64774
6457,376278,460.1605
6458,376329,256.13147
6459,376405,356.57135
6460,376470,295.92383
6461,376551,430.00775
6462,376620,375.0566
6463,376695,391.26468
6464,376800,533.8221
6465,376879,427.86322
6466,376920,194.23375
6467,376976,300.12775
6468,377092,586.84314
6469,377154,323.3118
6470,377225,377.56726
6471,377331,506.9499
6472,377397,363.05655
6473,377524,654.60443
6474,377609,442.257
6475,377699,479.4304
6476,377791,490.39346
6477,377867,396.03226
6478,377933,354.8806
6479,378002,305.89374
6480,378096,503.51163
6481,378147,275.10376
6482,378223,408.43082
6483,378290,358.65863
6484,378330,187.69472
6485,378407,359.7554
6486,378511,511.9122
6487,378590,407.7054
6488,378667,393.40427
6489,378753,451.48
6490,378820,323.8319
6491,378891,374.01288
6492,378972,435.19717
6493,379060,483.4072
6494,379170,572.1101
6495,379229,312.0649
6496,379298,377.27682
6497,379360,342.80133
6498,379435,402.3026
6499,379489,293.80627
6500,379547,303.5516
6501,379621,392.78885
6502,379683,288.41965
6503,379777,423.86966
6504,379861,444.237
6505,379916,291.4921
6506,379997,418.28897
6507,380112,566.3184
6508,380182,354.7157
6509,380234,246.40544
6510,380303,323.7123
6511,380360,309.92734
6512,380424,349.24783
6513,380489,302.64993
6514,380584,520.5393
6515,380644,275.59055
6516,380715,383.94217
6517,380758,223.93535
6518,380835,344.5215
6519,380911,345.3946
6520,380984,325.02094
6521,381063,359.43045
6522,381151,431.0635
6523,381213,310.38446
6524,381299,455.92767
6525,381390,412.15323
6526,381452,309.38257
6527,381506,295.3986
6528,381564,298.2818
6529,381655,437.6309
6530,381725,385.3357
6531,381777,280.15173
6532,381854,359.83582
6533,381913,309.93732
6534,381995,387.40057
6535,382076,372.25055
6536,382164,471.76266
6537,382239,352.12726
6538,382300,321.88327
6539,382363,322.92926
6540,382423,315.24097
6541,382488,351.04642
6542,382550,341.1792
6543,382627,375.85577
6544,382700,366.12433
6545,382752,241.49431
6546,382865,580.1617
6547,382945,368.06583
6548,383003,305.12177
6549,383073,317.5118
6550,383128,295.93564
6551,383200,363.82367
6552,383263,299.7402
6553,383386,601.2575
6554,383472,416.97125
6555,383535,352.51593
6556,383598,333.04007
6557,383711,577.8059
6558,383827,591.3177
6559,383920,490.09332
6560,383978,305.48932
6561,384083,509.40826
6562,384160,409.931
6563,384234,397.90698
6564,384300,353.5057
6565,384389,466.22018
6566,384480,456.56708
6567,384587,542.01843
6568,384688,522.9729
6569,384773,435.3331
6570,384865,501.26044
6571,384929,341.09674
6572,384995,349.01196
6573,385079,413.06458
6574,385143,324.96896
6575,385210,293.78867
6576,385259,248.58868
6577,385317,290.40985
6578,385387,361.98682
6579,385459,383.13858
6580,385551,439.3312
6581,385630,404.096
6582,385742,575.43225
6583,385810,370.54758
6584,385857,222.46042
6585,385923,327.08942
6586,386049,625.21783
6587,386129,437.1682
6588,386195,353.86563
6589,386261,358.43283
6590,386346,453.9357
6591,386431,377.20703
6592,386544,617.7896
6593,386615,342.2998
6594,386742,611.9304
6595,386853,584.088
6596,386922,356.95795
6597,387017,431.33817
6598,387083,310.48508
6599,387162,434.4864
6600,387233,317.9689
6601,387307,360.79474
6602,387377,351.41354
6603,387440,330.25137
6604,387516,362.54562
6605,387600,463.6307
6606,387680,425.35153
6607,387751,328.81183
6608,387850,501.49237
6609,387940,435.90955
6610,388093,776.09357
6611,388179,418.02487
6612,388291,544.5544
6613,388383,488.26498
6614,388462,424.21378
6615,388516,289.64294
6616,388591,412.1926
6617,388681,481.4302
6618,388760,422.33035
6619,388851,427.24707
6620,388923,377.99246
6621,388986,292.33453
6622,389070,448.6987
6623,389123,273.5275
6624,389185,334.8201
6625,389258,393.1034
6626,389337,427.67072
6627,389443,549.321
6628,389558,590.2954
6629,389630,383.9407
6630,389692,318.59592
6631,389748,287.01257
6632,389832,399.47433
6633,389934,538.1658
6634,389998,345.67957
6635,390093,508.06158
6636,390187,489.33908
6637,390262,405.5745
6638,390339,403.7175
6639,390447,489.73886
6640,390509,301.47717
6641,390574,333.24426
6642,390687,522.85864
6643,390754,334.21814
6644,390825,372.1617
6645,390902,411.873
6646,391004,513.69257
6647,391060,303.79352
6648,391169,544.15814
6649,391237,332.84097
6650,391292,296.60303
6651,391361,306.63263
6652,391470,550.909
6653,391542,385.97562
6654,391609,364.97656
6655,391666,312.48306
6656,391730,345.814
6657,391813,417.50668
6658,391875,338.02505
6659,391950,400.44077
6660,392031,403.79373
6661,392103,318.68347
6662,392203,480.43103
6663,392328,635.50824
6664,392385,281.47583
6665,392440,294.1299
6666,392524,433.54355
6667,392656,657.17236
6668,392728,376.84436
6669,392816,467.02158
6670,392881,338.83875
6671,392933,245.40993
6672,393045,547.75464
6673,393103,300.8127
6674,393188,413.39087
6675,393248,284.40958
6676,393320,359.16922
6677,393403,433.03265
6678,393505,510.0011
6679,393568,343.49222
6680,393700,662.46796
6681,393783,433.9362
6682,393856,397.41516
6683,393939,425.87982
6684,394011,385.22897
6685,394086,414.7886
6686,394138,248.35641
6687,394276,660.5475
6688,394351,401.61746
6689,394431,341.3473
6690,394516,379.22803
6691,394646,654.51825
6692,394714,352.60733
6693,394758,207.48691
6694,394844,433.85144
6695,394940,451.98004
6696,395017,416.78693
6697,395063,220.88118
6698,395122,323.38367
6699,395205,442.47232
6700,395261,263.8379
6701,395323,332.05945
6702,395379,304.57184
6703,395428,218.64865
6704,395507,406.23276
6705,395599,490.68896
6706,395689,490.71375
6707,395787,456.38956
6708,395885,516.9623
6709,395959,340.9627
6710,396018,294.15482
6711,396092,387.38577
6712,396151,307.5859
6713,396204,276.0721
6714,396286,429.89664
6715,396373,448.17953
6716,396444,368.48688
6717,396522,362.71967
6718,396636,598.49365
6719,396696,329.46838
6720,396762,350.62216
6721,396840,407.4681
6722,396916,339.91092
6723,397022,562.4283
6724,397091,352.27832
6725,397177,415.88135
6726,397288,536.6658
6727,397339,248.87335
6728,397423,450.3139
6729,397493,362.08414
6730,397574,432.22098
6731,397651,422.49292
6732,397737,460.95862
6733,397814,389.7933
6734,397889,411.7717
6735,397993,544.7135
6736,398057,348.6125
6737,398148,482.09866
6738,398200,234.73926
6739,398280,418.8497
6740,398340,323.0035
6741,398427,411.37726
6742,398495,347.35846
6743,398577,428.146
6744,398672,516.2774
6745,398734,330.31247
6746,398783,222.85031
6747,398841,302.98672
6748,398907,325.14264
6749,398982,403.4084
6750,399051,357.29
6751,399120,371.14297
6752,399193,380.23297
6753,399300,558.1341
6754,399403,532.8601
6755,399459,293.97833
6756,399561,494.04718
6757,399684,613.5521
6758,399762,404.5187
6759,399862,512.3258
6760,399925,348.2417
6761,399982,269.06152
6762,400051,319.74686
6763,400138,400.56448
6764,400227,476.59247
6765,400297,379.3613
6766,400371,317.5673
6767,400446,399.18704
6768,400508,271.28168
6769,400563,290.6552
6770,400646,402.08765
6771,400721,385.16858
6772,400813,424.9334
6773,400958,692.06
6774,401019,320.47635
6775,401103,452.9675
6776,401175,385.4225
6777,401232,308.70557
6778,401320,458.64136
6779,401402,429.01202
6780,401471,337.17047
6781,401527,298.78027
6782,401598,352.94675
6783,401664,342.08533
6784,401731,354.0572
6785,401857,662.70575
6786,401948,426.10385
6787,402002,279.3653
6788,402083,367.81104
6789,402174,441.1081
6790,402226,227.96658
6791,402297,338.9759
6792,402363,325.93213
6793,402438,344.12076
6794,402539,520.0895
6795,402622,386.4342
6796,402685,323.335
6797,402771,448.23737
6798,402837,344.19714
6799,402903,345.8628
6800,403004,481.8232
6801,403065,319.3177
6802,403161,431.04825
6803,403235,403.45276
6804,403325,475.59686
6805,403362,195.23169
6806,403417,289.96933
6807,403469,256.75873
6808,403524,285.5615
6809,403591,344.68057
6810,403675,445.5619
6811,403749,394.0503
6812,403805,292.06088
6813,403871,353.00345
6814,403929,307.2685
6815,404001,381.12268
6816,404070,360.6186
6817,404138,352.4263
6818,404195,280.11734
6819,404254,318.4857
6820,404343,435.76724
6821,404388,247.08496
6822,404448,322.4759
6823,404518,384.58475
6824,404594,404.97552
6825,404658,341.54907
6826,404740,445.03488
6827,404819,431.09225
6828,404996,924.2455
6829,405051,286.65607
6830,405132,433.44577
6831,405192,316.44006
6832,405246,292.3057
6833,405346,501.18976
6834,405420,346.8852
6835,405487,331.32086
6836,405559,384.6934
6837,405617,284.78613
6838,405668,269.1673
6839,405736,369.8457
6840,405790,300.163
6841,405880,430.0526
6842,405950,368.02884
6843,406081,678.7964
6844,406150,373.28128
6845,406206,300.54816
6846,406289,445.2463
6847,406361,362.19693
6848,406455,497.9855
6849,406519,336.7295
6850,406608,412.61356
6851,406673,332.55893
6852,406745,385.30972
6853,406802,297.639
6854,406851,265.8644
6855,406909,297.9793
6856,406984,406.35443
6857,407059,389.22534
6858,407153,443.14432
6859,407230,415.09128
6860,407313,440.79108
6861,407386,371.2256
6862,407456,376.4794
6863,407526,376.36148
6864,407608,420.3459
6865,407678,365.0189
6866,407742,342.50827
6867,407893,804.5612
6868,407961,350.6313
6869,408020,298.94937
6870,408098,404.6049
6871,408148,244.56839
6872,408209,325.0255
6873,408293,438.83926
6874,408378,432.5892
6875,408433,280.72287
6876,408518,443.9889
6877,408622,566.1365
6878,408699,382.53842
6879,408794,482.53268
6880,408862,338.1846
6881,408897,173.00552
6882,408987,445.5242
6883,409064,392.5385
6884,409137,391.96338
6885,409218,426.6657
6886,409301,438.52283
6887,409393,486.4943
6888,409465,396.8352
6889,409539,382.17172
6890,409626,456.35345
6891,409694,364.06876
6892,409790,501.17233
6893,409855,351.10925
6894,409912,303.102
6895,410000,464.05466
6896,410082,363.14166
6897,410155,403.40952
6898,410279,594.69824
6899,410348,348.2101
6900,410409,328.8539
6901,410468,324.421
6902,410538,352.22284
6903,410636,471.81876
6904,410772,720.8188
6905,410856,454.54425
6906,410918,320.63895
6907,411010,476.28284
6908,411083,383.76797
6909,411144,286.89594
6910,411190,237.24544
6911,411301,592.6879
6912,411361,313.02814
6913,411435,345.02924
6914,411502,358.9286
6915,411578,411.1986
6916,411637,305.4521
6917,411698,281.44714
6918,411807,572.2629
6919,411889,419.67883
6920,411948,291.54123
6921,412014,347.36703
6922,412083,370.90082
6923,412178,444.74335
6924,412231,270.7537
6925,412319,469.34824
6926,412381,330.36267
6927,412443,336.77023
6928,412504,331.97437
6929,412558,243.23634
6930,412633,401.55728
6931,412693,318.4275
6932,412766,403.70703
6933,412829,340.48813
6934,412869,186.51283
6935,412942,390.8224
6936,413000,312.21216
6937,413093,415.7556
6938,413170,343.55945
6939,413238,319.16022
6940,413325,429.2624
6941,413378,285.41232
6942,413462,445.05374
6943,413515,273.0429
6944,413616,445.60812
6945,413669,276.30225
6946,413778,584.7544
6947,413866,461.27405
6948,413942,392.27234
6949,414013,367.85205
6950,414088,396.53674
6951,414159,368.2608
6952,414213,261.43204
6953,414284,382.90143
6954,414362,423.1664
6955,414457,490.75186
6956,414540,453.3779
6957,414601,287.2723
6958,414667,361.4874
6959,414731,353.01205
6960,414823,475.45682
6961,414935,581.27094
6962,415001,327.862
6963,415088,463.50522
6964,415192,500.5904
6965,415282,476.65625
6966,415364,382.23947
6967,415435,382.15335
6968,415531,484.04706
6969,415629,469.44025
6970,415712,368.1106
6971,415776,342.5242
6972,415872,507.79752
6973,415939,359.85522
6974,416018,415.62015
6975,416077,312.50702
6976,416176,448.5726
6977,416232,300.68082
6978,416340,517.0633
6979,416415,398.53287
6980,416481,339.60638
6981,416535,262.69214
6982,416594,276.35077
6983,416666,391.8972
6984,416733,346.55988
6985,416801,302.209
6986,416858,307.10925
6987,416934,411.61957
6988,416997,301.44266
6989,417088,452.04584
6990,417158,378.9427
6991,417240,447.73108
6992,417323,434.90506
6993,417396,388.33148
6994,417489,487.55966
6995,417544,276.4628
6996,417637,510.19113
6997,417697,326.22733
6998,417761,341.71558
6999,417829,309.92
7000,417907,419.93298
7001,417971,345.56216
7002,418043,339.49316
7003,418125,439.7972
7004,418242,572.01324
7005,418293,243.03397
7006,418371,417.09567
7007,418427,266.62454
7008,418511,403.1434
7009,418573,339.05505
7010,418641,366.53827
7011,418717,373.62778
7012,418798,448.76675
7013,418857,312.65952
7014,418923,361.39948
7015,418994,380.13104
7016,419048,274.07397
7017,419111,345.5052
7018,419243,689.75635
7019,419314,312.2169
7020,419383,324.2588
7021,419440,294.5847
7022,419520,407.8635
7023,419589,371.10364
7024,419658,371.27548
7025,419731,337.78217
7026,419795,321.4011
7027,419866,385.05566
7028,419949,447.9902
7029,420035,395.8324
7030,420149,537.7119
7031,420218,372.01666
7032,420275,305.0661
7033,420347,384.57162
7034,420452,542.941
7035,420524,381.37555
7036,420599,412.55423
7037,420672,385.62805
7038,420738,356.69336
7039,420780,207.72234
7040,420858,346.81955
7041,420936,395.3076
7042,421005,312.2762
7043,421097,492.31635
7044,421155,265.26953
7045,421240,393.24777
7046,421320,392.74045
7047,421371,244.1329
7048,421439,359.278
7049,421515,403.39368
7050,421566,261.11673
7051,421635,362.17694
7052,421749,560.0456
7053,421858,557.99915
7054,421922,328.75888
7055,421994,394.99393
7056,422083,476.0261
7057,422143,320.36633
7058,422210,345.36954
7059,422260,265.78445
7060,422331,391.98746
7061,422424,466.3165
7062,422492,314.02396
7063,422566,326.2234
7064,422627,295.01126
7065,422725,480.00937
7066,422859,694.9502
7067,422939,354.79556
7068,423012,396.0379
7069,423095,435.43527
7070,423161,339.27133
7071,423229,304.70676
7072,423302,394.17914
7073,423401,469.35587
7074,423507,531.0544
7075,423558,262.77887
7076,423643,456.05975
7077,423736,466.205
7078,423813,403.6721
7079,423906,493.58746
7080,423989,415.4399
7081,424068,379.71216
7082,424124,297.8795
7083,424204,395.64264
7084,424270,355.26312
7085,424351,428.95898
7086,424431,432.9235
7087,424503,328.89203
7088,424585,370.75043
7089,424670,367.046
7090,424746,367.17746
7091,424867,631.78973
7092,424935,366.50098
7093,424997,332.45538
7094,425050,280.88824
7095,425131,385.26724
7096,425197,352.18048
7097,425299,468.59232
7098,425372,326.15842
7099,425435,293.7374
7100,425517,448.09668
7101,425592,407.41537
7102,425679,478.4115
7103,425739,327.28473
7104,425826,412.73114
7105,425882,246.21617
7106,425965,442.9754
7107,426046,421.22903
7108,426140,414.33273
7109,426207,353.58124
7110,426319,608.6658
7111,426407,458.3607
7112,426479,386.5536
7113,426567,454.54947
7114,426626,309.04102
7115,426693,342.39175
7116,426784,405.85907
7117,426861,342.43643
7118,426933,354.34384
7119,426997,290.55927
7120,427071,397.7217
7121,427137,362.1115
7122,427200,322.69336
7123,427285,406.98758
7124,427356,375.13065
7125,427450,533.54333
7126,427509,279.29672
7127,427586,393.95898
7128,427651,288.67075
7129,427713,316.6915
7130,427793,422.42438
7131,427868,400.60382
7132,428059,955.19165
7133,428150,477.56598
7134,428235,415.85385
7135,428328,502.387
7136,428380,253.70366
7137,428446,360.8197
7138,428535,466.70172
7139,428611,330.5829
7140,428679,375.1284
7141,428749,352.41772
7142,428836,416.68842
7143,428912,349.39398
7144,428961,250.45523
7145,429038,413.43097
7146,429116,391.97272
7147,429194,397.80685
7148,429311,532.4146
7149,429330,92.90413
7150,429406,404.80374
7151,429511,528.22107
7152,429642,600.74036
7153,429717,397.52512
7154,429780,309.35092
7155,429850,381.73563
7156,429918,304.35876
7157,429973,258.42844
7158,430057,370.49362
7159,430153,481.9774
7160,430247,478.56088
7161,430310,345.03836
7162,430364,293.55304
7163,430432,353.6793
7164,430522,440.46704
7165,430594,327.03134
7166,430691,512.3914
7167,430752,324.50027
7168,430812,293.51752
7169,430900,398.71582
7170,430982,442.2277
7171,431050,324.33026
7172,431122,340.8836
7173,431200,351.61713
7174,431301,493.83032
7175,431377,409.8688
7176,431431,287.52478
7177,431513,399.97556
7178,431609,438.94107
7179,431692,435.65628
7180,431749,308.04584
7181,431822,325.52618
7182,431898,411.26935
7183,432016,573.00134
7184,432092,378.9023
7185,432168,409.81113
7186,432276,558.71643
7187,432346,368.18832
7188,432424,379.45255
7189,432476,254.24971
7190,432570,490.0913
7191,432674,542.6054
7192,432756,381.79797
7193,432858,514.4286
7194,432923,325.8304
7195,432991,330.42676
7196,433058,337.6427
7197,433130,388.02487
7198,433226,502.4436
7199,433296,364.454
7200,433373,358.34604
7201,433462,489.40543
7202,433519,307.16113
7203,433580,303.84814
7204,433645,339.1432
7205,433732,464.60638
7206,433807,401.45233
7207,433872,328.10822
7208,433955,448.75397
7209,434065,574.64056
7210,434173,556.70483
7211,434246,382.93268
7212,434303,259.9774
7213,434363,280.86115
7214,434425,312.13474
7215,434472,237.22708
7216,434559,430.25836
7217,434634,346.27557
7218,434695,320.8418
7219,434772,343.01584
7220,434848,408.6332
7221,434909,340.94412
7222,434992,429.8897
7223,435063,326.7332
7224,435131,369.66678
7225,435198,345.7955
7226,435300,471.55887
7227,435379,417.34882
7228,435464,449.91855
7229,435531,337.40564
7230,435588,289.7925
7231,435662,325.66476
7232,435722,323.10934
7233,435778,275.18707
7234,435840,286.69302
7235,435928,404.03683
7236,436027,448.28262
7237,436151,611.32306
7238,436204,253.00458
7239,436282,410.8647
7240,436365,431.09943
7241,436424,312.77722
7242,436494,380.12558
7243,436543,239.49092
7244,436629,450.9096
7245,436696,370.837
7246,436775,377.8634
7247,436824,264.75424
7248,436899,354.70462
7249,436986,465.11734
7250,437061,402.11646
7251,437146,432.8971
7252,437203,300.12418
7253,437275,396.06485
7254,437354,387.84534
7255,437424,355.97052
7256,437484,305.41455
7257,437537,291.15247
7258,437590,289.47693
7259,437675,388.4901
7260,437739,300.6758
7261,437796,296.09573
7262,437897,489.57364
7263,437974,409.50287
7264,438055,420.77588
7265,438147,442.10965
7266,438211,310.6776
7267,438289,388.87262
7268,438345,267.27182
7269,438418,402.83862
7270,438488,375.36716
7271,438557,358.82004
7272,438621,348.04495
7273,438676,269.37988
7274,438746,334.1904
7275,438816,375.15622
7276,438894,408.56363
7277,438970,388.1468
7278,439043,404.14307
7279,439150,515.3054
7280,439216,314.28802
7281,439305,457.09943
7282,439376,381.12665
7283,439442,360.9383
7284,439525,454.0139
7285,439588,334.50244
7286,439643,285.88312
7287,439713,319.6071
7288,439787,407.08344
7289,439853,332.01184
7290,439931,362.84628
7291,440022,487.35934
7292,440084,342.3899
7293,440143,316.7207
7294,440197,265.78632
7295,440272,413.60907
7296,440330,309.7695
7297,440401,344.48212
7298,440470,378.26395
7299,440533,337.26837
7300,440607,387.25107
7301,440675,366.94644
7302,440762,444.22348
7303,440856,424.79883
7304,440927,334.60992
7305,440986,321.8694
7306,441048,335.34506
7307,441113,349.511
7308,441205,441.3775
7309,441289,394.74625
7310,441367,417.52505
7311,441440,361.99557
7312,441522,442.1451
7313,441595,372.36978
7314,441709,567.3733
7315,441791,434.61252
7316,441916,669.042
7317,441983,356.04034
7318,442053,375.6228
7319,442118,329.541
7320,442204,446.62567
7321,442278,353.97534
7322,442328,261.30963
7323,442398,381.21466
7324,442458,293.50992
7325,442535,419.27582
7326,442624,459.2153
7327,442687,275.7439
7328,442749,339.46637
7329,442817,358.29233
7330,442914,512.634
7331,442975,278.56088
7332,443090,539.2767
7333,443169,432.28568
7334,443229,320.0851
7335,443326,461.20618
7336,443425,486.9535
7337,443531,477.59766
7338,443684,707.46106
7339,443768,452.7854
7340,443836,363.88312
7341,443896,276.14478
7342,444003,508.28357
7343,444081,415.80746
7344,444144,333.94943
7345,444216,397.09866
7346,444307,480.28793
7347,444378,384.9466
7348,444457,418.78766
7349,444516,303.51837
7350,444604,449.01498
7351,444664,314.42978
7352,444751,458.18777
7353,444852,469.1341
7354,444921,372.85193
7355,445007,465.84106
7356,445078,374.09555
7357,445155,369.85373
7358,445257,536.79645
7359,445327,382.20438
7360,445462,649.44055
7361,445562,535.354
7362,445645,394.7824
7363,445716,351.601
7364,445816,543.74884
7365,445880,328.45297
7366,445941,327.28177
7367,446004,348.21927
7368,446098,503.54495
7369,446165,360.5083
7370,446261,491.12314
7371,446333,350.40732
7372,446418,402.9491
7373,446490,344.0526
7374,446567,396.967
7375,446657,483.91125
7376,446779,661.6019
7377,446882,474.40958
7378,446996,586.791
7379,447071,415.5157
7380,447179,533.8533
7381,447239,326.13446
7382,447297,315.94424
7383,447353,294.56143
7384,447417,344.51978
7385,447478,301.0009
7386,447566,401.8201
7387,447633,354.68607
7388,447715,373.89078
7389,447780,345.24896
7390,447875,501.68216
7391,447948,338.90668
7392,448028,421.9194
7393,448117,477.97015
7394,448188,382.26178
7395,448243,263.83145
7396,448328,458.71854
7397,448406,423.93814
7398,448487,432.2225
7399,448564,407.17874
7400,448641,401.48495
7401,448720,411.49594
7402,448812,460.72562
7403,448884,372.9142
7404,448976,481.0529
7405,449054,405.61383
7406,449146,505.68835
7407,449251,483.97992
7408,449307,256.73257
7409,449377,325.81628
7410,449480,540.6997
7411,449556,389.72348
7412,449663,523.1881
7413,449736,385.9819
7414,449803,370.30917
7415,449873,384.56418
7416,449958,456.32022
7417,450033,394.31946
7418,450099,293.90918
7419,450223,598.1929
7420,450281,286.6132
7421,450361,405.88727
7422,450425,340.22134
7423,450513,410.01743
7424,450611,471.32922
7425,450699,464.76038
7426,450755,293.894
7427,450833,418.9301
7428,450891,258.46884
7429,450944,233.59113
7430,451014,376.05908
7431,451071,299.35657
7432,451147,346.6227
7433,451233,421.40088
7434,451317,378.40433
7435,451371,261.21408
7436,451459,478.11923
7437,451604,674.0891
7438,451706,536.5758
7439,451775,334.28415
7440,451848,390.0642
7441,451925,420.93893
7442,451996,360.65796
7443,452068,408.22653
7444,452151,380.20108
7445,452220,314.80392
7446,452281,329.7467
7447,452375,482.55768
7448,452443,361.07275
7449,452502,300.53046
7450,452576,354.6305
7451,452636,282.27112
7452,452708,373.14944
7453,452796,476.59753
7454,452895,490.9592
7455,452986,493.85367
7456,453058,362.26797
7457,453148,479.37933
7458,453218,388.56183
7459,453334,589.03143
7460,453415,395.83286
7461,453504,396.85062
7462,453573,380.05646
7463,453634,273.35315
7464,453786,725.92566
7465,453853,356.6903
7466,453919,351.93732
7467,453988,377.43185
7468,454059,380.19223
7469,454139,414.05856
7470,454213,369.33667
7471,454289,349.05612
7472,454354,313.62222
7473,454437,448.94473
7474,454524,458.8785
7475,454593,358.7031
7476,454659,359.55887
7477,454732,379.08383
7478,454798,351.40915
7479,454860,280.62326
7480,454948,433.74872
7481,455027,406.67926
7482,455108,342.38754
7483,455263,781.82495
7484,455336,372.5327
7485,455413,394.01068
7486,455483,376.70673
7487,455543,324.5142
7488,455636,491.20337
7489,455691,300.24988
7490,455758,324.09253
7491,455832,401.59055
7492,455937,549.7005
7493,456023,446.6026
7494,456081,311.68588
7495,456139,288.98566
7496,456212,403.98425
7497,456283,322.5525
7498,456359,373.63516
7499,456420,271.61188
7500,456503,436.97586
7501,456593,483.13525
7502,456689,490.92767
7503,456786,503.2906
7504,456850,324.71167
7505,456930,353.53778
7506,457003,309.0134
7507,457116,532.42267
7508,457184,353.0642
7509,457241,300.4166
7510,457329,460.42834
7511,457430,539.06464
7512,457481,254.611
7513,457552,349.3995
7514,457617,329.73566
7515,457678,325.81293
7516,457738,267.29202
7517,457854,568.97046
7518,457909,286.80014
7519,457978,310.19522
7520,458049,387.24976
7521,458134,462.67792
7522,458204,380.8559
7523,458263,307.9988
7524,458365,514.5788
7525,458433,358.56683
7526,458701,1317.2987
7527,458809,530.15106
7528,458880,373.65906
7529,458937,266.73517
7530,459017,413.70697
7531,459067,234.77579
7532,459154,401.60425
7533,459215,304.07956
7534,459280,341.40988
7535,459342,289.6359
7536,459424,437.36374
7537,459502,403.9923
7538,459570,365.40775
7539,459670,502.9576
7540,459726,298.4326
7541,459790,350.61783
7542,459856,308.9931
7543,459942,392.65427
7544,460055,566.9081
7545,460177,609.48035
7546,460255,423.36725
7547,460348,523.01514
7548,460428,433.0093
7549,460479,273.88477
7550,460553,364.42477
7551,460615,291.2417
7552,460688,403.5851
7553,460760,387.02914
7554,460830,390.18262
7555,460910,423.60043
7556,460987,409.89526
7557,461073,448.32
7558,461133,272.80588
7559,461215,424.59518
7560,461329,622.8091
7561,461388,276.38928
7562,461449,320.32077
7563,461517,363.70197
7564,461562,225.04596
7565,461658,521.42163
7566,461730,367.62912
7567,461815,392.50778
7568,461908,457.7142
7569,461969,326.7802
7570,462054,454.39658
7571,462117,341.91083
7572,462187,376.6542
7573,462256,372.73096
7574,462333,351.87125
7575,462421,476.70218
7576,462503,428.90714
7577,462566,306.65793
7578,462635,365.96274
7579,462697,297.13565
7580,462824,607.22253
7581,462886,295.63104
7582,462950,351.85214
7583,463032,445.71008
7584,463097,304.24448
7585,463172,386.29468
7586,463230,308.63486
7587,463346,568.041
7588,463411,358.39096
7589,463493,415.90976
7590,463562,369.48975
7591,463641,423.92523
7592,463705,310.03812
7593,463770,287.51743
7594,463848,421.21265
7595,463925,403.09378
7596,463991,303.11108
7597,464095,556.9007
7598,464152,304.00885
7599,464216,350.28833
7600,464268,250.54332
7601,464392,640.9962
7602,464462,374.63138
7603,464527,289.30838
7604,464601,383.2259
7605,464671,363.2731
7606,464763,512.86255
7607,464834,365.69644
7608,464903,365.75867
7609,464979,378.95914
7610,465087,490.23184
7611,465155,358.00012
7612,465238,455.24866
7613,465301,345.8216
7614,465368,309.83856
7615,465464,457.49374
7616,465553,485.4137
7617,465626,341.74493
7618,465707,415.53952
7619,465772,331.90128
7620,465836,293.39377
7621,465905,318.34628
7622,465963,293.74536
7623,466032,382.1627
7624,466107,352.15225
7625,466170,336.65082
7626,466240,337.90924
7627,466311,332.65842
7628,466396,393.3358
7629,466455,301.2979
7630,466522,360.7945
7631,466602,423.27823
7632,466660,288.61066
7633,466780,574.551
7634,466859,374.9171
7635,466939,440.872
7636,467001,324.52267
7637,467134,629.67224
7638,467209,383.76016
7639,467284,390.00198
7640,467353,377.3769
7641,467444,480.61807
7642,467546,536.85693
7643,467608,339.38013
7644,467673,350.35626
7645,467743,368.42453
7646,467879,700.5344
7647,467978,544.0845
7648,468047,319.22894
7649,468111,310.551
7650,468197,456.43076
7651,468272,410.54773
7652,468334,333.54785
7653,468407,335.01486
7654,468486,416.55026
7655,468568,446.88766
7656,468634,302.3057
7657,468702,364.32117
7658,468814,564.93317
7659,468895,425.2686
7660,468971,404.80472
7661,469038,327.78262
7662,469137,495.74628
7663,469193,299.4697
7664,469265,379.794
7665,469402,669.4854
7666,469468,347.45798
7667,469545,366.02847
7668,469637,430.64066
7669,469705,346.41766
7670,469765,309.54755
7671,469840,410.27475
7672,469898,290.46985
7673,469970,386.77783
7674,470039,374.55182
7675,470158,625.5947
7676,470254,467.99423
7677,470353,485.35757
7678,470458,516.99854
7679,470534,378.60556
7680,470698,862.1362
7681,470784,423.41202
7682,470868,432.91312
7683,470950,364.3334
7684,471009,290.12958
7685,471086,377.55414
7686,471165,339.53894
7687,471274,573.49005
7688,471342,310.79132
7689,471431,483.47485
7690,471503,393.00122
7691,471600,519.9191
7692,471670,369.73047
7693,471775,471.079
7694,471837,336.2238
7695,471913,347.84555
7696,471983,326.39957
7697,472096,516.2698
7698,472170,340.47214
7699,472256,452.22433
7700,472327,379.80762
7701,472392,328.70074
7702,472463,395.54318
7703,472554,477.4297
7704,472617,334.97073
7705,472673,304.02142
7706,472756,440.8431
7707,472894,678.36383
7708,472958,291.05386
7709,473050,497.13177
7710,473123,340.6782
7711,473229,533.24255
7712,473307,424.3752
7713,473368,318.16116
7714,473429,278.16806
7715,473505,382.18512
7716,473591,435.6901
7717,473640,246.66486
7718,473701,304.89267
7719,473754,291.588
7720,473847,454.60403
7721,473939,492.2222
7722,474012,367.50977
7723,474084,383.91855
7724,474155,359.55814
7725,474220,348.62405
7726,474290,333.67117
7727,474375,439.07574
7728,474488,575.42944
7729,474560,373.3535
7730,474637,355.02142
7731,474699,289.39395
7732,474772,390.5916
7733,474841,366.508
7734,474932,451.41376
7735,475015,436.85507
7736,475082,340.31754
7737,475161,421.92935
7738,475229,369.8333
7739,475346,597.55304
7740,475450,461.73938
7741,475515,342.4342
7742,475580,351.26556
7743,475665,455.22552
7744,475754,473.6204
7745,475829,382.4388
7746,475887,316.39246
7747,475995,521.22736
7748,476127,638.1148
7749,476191,299.8537
7750,476272,443.46945
7751,476364,497.17123
7752,476463,532.19666
7753,476531,362.05164
7754,476585,267.59525
7755,476696,513.6875
7756,476759,340.18134
7757,476845,440.52225
7758,476907,296.3549
7759,477011,512.3948
7760,477073,289.35034
7761,477144,338.44263
7762,477210,349.50723
7763,477272,274.96304
7764,477346,412.36655
7765,477413,306.4979
7766,477483,371.7965
7767,477545,280.5382
7768,477629,438.20685
7769,477679,242.9968
7770,477764,470.27615
7771,477838,385.5152
7772,477916,410.83905
7773,477975,310.11246
7774,478036,321.3643
7775,478116,430.31512
7776,478213,512.6661
7777,478277,340.27887
7778,478350,396.89734
7779,478451,550.7528
7780,478530,390.42334
7781,478617,467.00183
7782,478760,756.2107
7783,478844,444.6827
7784,478901,312.65814
7785,478966,350.55505
7786,479061,465.0159
7787,479127,334.81802
7788,479216,429.1931
7789,479305,408.1738
7790,479386,431.13895
7791,479468,424.05252
7792,479513,218.23343
7793,479605,485.3055
7794,479680,392.46994
7795,479760,381.307
7796,479838,419.5529
7797,479915,412.21725
7798,480015,529.92786
7799,480083,339.13486
7800,480158,398.74365
7801,480252,514.2078
7802,480332,433.3277
7803,480392,265.01337
7804,480455,322.50977
7805,480588,639.6344
7806,480684,511.96246
7807,480757,380.23813
7808,480804,224.87883
7809,480888,460.99448
7810,480983,513.83417
7811,481042,283.44574
7812,481127,430.93112
7813,481193,360.7036
7814,481287,474.0738
7815,481369,399.53537
7816,481456,419.21866
7817,481525,306.02997
7818,481642,587.1223
7819,481710,366.7337
7820,481773,325.7224
7821,481849,404.07562
7822,481912,325.76022
7823,481984,387.08005
7824,482059,399.73383
7825,482140,438.6009
7826,482204,343.3673
7827,482266,342.03442
7828,482337,341.24637
7829,482402,287.46484
7830,482473,312.91183
7831,482579,572.19604
7832,482665,468.02917
7833,482727,326.6015
7834,482846,625.00836
7835,482943,416.94934
7836,483024,448.70514
7837,483087,339.9684
7838,483148,320.4557
7839,483238,474.23657
7840,483306,358.75745
7841,483373,319.84525
7842,483459,445.98846
7843,483539,434.0578
7844,483607,371.5862
7845,483686,421.48578
7846,483767,441.95874
7847,483817,238.61987
7848,483873,277.39072
7849,483948,395.35995
7850,484021,326.608
7851,484079,289.9028
7852,484146,372.23456
7853,484226,436.86182
7854,484293,358.74014
7855,484382,429.63947
7856,484471,461.09528
7857,484521,258.37796
7858,484597,402.4039
7859,484652,291.96487
7860,484710,277.60413
7861,484806,505.68652
7862,484879,390.94272
7863,484945,361.0095
7864,485006,314.30618
7865,485088,451.62912
7866,485160,384.4468
7867,485239,433.9228
7868,485320,425.49313
7869,485397,410.9526
7870,485460,332.7192
7871,485529,380.51257
7872,485583,250.42545
7873,485651,365.70145
7874,485734,450.62338
7875,485876,749.5363
7876,485966,485.2854
7877,486066,527.751
7878,486126,309.83514
7879,486213,393.88995
7880,486280,365.57327
7881,486351,372.52686
7882,486424,336.28558
7883,486481,305.46906
7884,486536,292.03125
7885,486622,461.22836
7886,486751,622.9767
7887,486836,455.52664
7888,486965,664.28235
7889,487060,441.43686
7890,487165,572.1226
7891,487230,289.60455
7892,487298,296.13495
7893,487370,379.63925
7894,487457,399.8721
7895,487531,403.1966
7896,487607,403.27045
7897,487698,473.56036
7898,487768,344.33997
7899,487835,339.48947
7900,487887,248.85272
7901,487958,378.93686
7902,488022,333.51245
7903,488083,291.80173
7904,488141,314.43527
7905,488204,336.06937
7906,488261,261.02106
7907,488337,405.75034
7908,488407,382.61435
7909,488522,597.32153
7910,488597,388.36142
7911,488684,443.40347
7912,488817,655.79346
7913,488889,387.94528
7914,488941,240.1868
7915,489004,335.06644
7916,489070,350.7211
7917,489160,484.9049
7918,489237,413.0271
7919,489303,312.4586
7920,489376,330.92807
7921,489441,343.16357
7922,489526,450.8178
7923,489631,580.9884
7924,489700,347.1603
7925,489766,312.5144
7926,489844,375.30692
7927,489929,411.62115
7928,490011,398.42776
7929,490083,387.2128
7930,490159,416.17276
7931,490223,292.6347
7932,490296,382.40558
7933,490355,315.77524
7934,490409,261.97702
7935,490490,401.443
7936,490548,301.2933
7937,490631,372.76038
7938,490696,319.6282
7939,490784,438.05118
7940,490847,339.79855
7941,490904,311.2967
7942,490999,521.3613
7943,491086,470.18524
7944,491164,366.06894
7945,491229,352.5575
7946,491314,445.67923
7947,491407,510.7999
7948,491466,281.95276
7949,491530,343.25946
7950,491594,283.20062
7951,491663,305.03934
7952,491718,266.72098
7953,491810,451.96066
7954,491875,342.4908
7955,491938,298.2535
7956,492021,442.61597
7957,492089,358.81018
7958,492195,500.96317
7959,492286,458.64954
7960,492395,556.29974
7961,492464,313.52826
7962,492533,336.13153
7963,492688,763.8148
7964,492766,419.25162
7965,492830,337.51
7966,492893,291.80743
7967,492972,413.23276
7968,493045,382.80655
7969,493109,288.74915
7970,493188,397.33783
7971,493280,493.99826
7972,493360,422.02518
7973,493447,425.4417
7974,493521,400.29532
7975,493590,307.1196
7976,493661,379.4427
7977,493780,540.2519
7978,493855,358.92105
7979,493919,347.9985
7980,493997,428.99307
7981,494072,403.91895
7982,494126,238.12183
7983,494195,374.16156
7984,494265,352.2545
7985,494371,470.80273
7986,494436,355.5421
7987,494536,523.19977
7988,494619,390.39417
7989,494685,356.00366
7990,494787,524.1812
7991,494847,298.5886
7992,494903,271.53256
7993,494974,376.6095
7994,495032,307.2914
7995,495132,529.21625
7996,495217,394.4544
7997,495281,348.16968
7998,495363,372.3787
7999,495462,455.1223
8000,495556,525.5487
8001,495662,553.6043
8002,495747,451.7189
8003,495815,322.14206
8004,495903,394.85175
8005,495983,353.13977
8006,496049,352.56058
8007,496113,339.5442
8008,496217,561.0391
8009,496279,326.56052
8010,496342,328.37292
8011,496421,418.31107
8012,496476,285.4771
8013,496541,340.4068
8014,496616,382.78995
8015,496696,429.85785
8016,496758,313.21286
8017,496884,623.1373
8018,496942,307.1667
8019,497022,367.84796
8020,497095,389.73642
8021,497180,446.41614
8022,497299,587.0319
8023,497397,523.28204
8024,497486,434.9382
8025,497578,433.97574
8026,497681,455.37827
8027,497751,375.3714
8028,497836,421.60907
8029,497948,579.8133
8030,498015,341.5068
8031,498082,321.30252
8032,498194,578.32904
8033,498263,368.2617
8034,498320,302.09967
8035,498405,387.42294
8036,498504,494.53204
8037,498590,449.0403
8038,498697,542.9386
8039,498758,299.8482
8040,498847,452.1584
8041,498906,313.77936
8042,498973,338.7991
8043,499040,312.40857
8044,499099,286.16486
8045,499164,355.7519
8046,499223,325.16614
8047,499286,333.51678
8048,499358,391.50473
8049,499444,423.0487
8050,499514,324.49973
8051,499592,420.38416
8052,499670,431.09186
8053,499745,397.15515
8054,499860,582.38525
8055,499943,415.88293
8056,500001,304.0605
8057,500067,353.97055
8058,500148,441.57428
8059,500225,401.66516
8060,500301,404.30078
8061,500368,341.60208
8062,500502,706.95667
8063,500621,564.20703
8064,500686,350.89334
8065,500751,318.21732
8066,500877,648.28613
8067,500956,373.57773
8068,501037,422.4659
8069,501107,364.47787
8070,501231,638.9828
8071,501280,260.2173
8072,501393,570.97345
8073,501464,395.7273
8074,501544,440.12213
8075,501605,297.85733
8076,501685,368.69348
8077,501760,401.94565
8078,501823,339.93866
8079,501932,559.42035
8080,502035,545.3561
8081,502100,345.712
8082,502144,212.62839
8083,502279,649.65295
8084,502333,255.39047
8085,502419,409.4642
8086,502505,465.56198
8087,502549,231.2426
8088,502637,444.61584
8089,502721,436.35455
8090,502787,350.30658
8091,502859,385.86542
8092,502923,327.50424
8093,502995,378.1232
8094,503100,568.6981
8095,503184,441.9516
8096,503237,288.2129
8097,503321,463.35947
8098,503384,323.3715
8099,503438,250.43152
8100,503554,561.87274
8101,503630,405.3665
8102,503707,421.85898
8103,503783,408.60272
8104,503845,339.36374
8105,503916,377.8632
8106,503978,314.52026
8107,504061,455.2088
8108,504127,369.0897
8109,504219,443.3631
8110,504295,416.91776
8111,504384,474.28918
8112,504456,379.15176
8113,504538,420.20944
8114,504616,418.5426
8115,504689,388.92612
8116,504778,475.59283
8117,504847,381.86227
8118,504924,421.822
8119,504986,333.23825
8120,505060,375.93597
8121,505133,383.41263
8122,505214,435.9083
8123,505278,334.48938
8124,505380,529.88983
8125,505456,409.11258
8126,505512,249.18265
8127,505560,251.69656
8128,505651,393.31622
8129,505712,330.15353
8130,505778,355.3851
8131,505849,365.27423
8132,505915,302.83725
8133,505998,429.80954
8134,506068,382.04678
8135,506154,420.55353
8136,506241,454.24512
8137,506305,347.59418
8138,506360,295.7929
8139,506417,310.4762
8140,506499,445.77438
8141,506576,414.36954
8142,506625,248.78014
8143,506694,358.45987
8144,506777,445.94943
8145,506833,305.13986
8146,506925,484.0235
8147,506988,319.86295
8148,507081,443.7019
8149,507148,365.25433
8150,507228,428.68484
8151,507308,424.38892
8152,507369,337.80392
8153,507445,388.4957
8154,507506,305.66202
8155,507566,327.97943
8156,507653,439.69952
8157,507719,348.96576
8158,507779,270.0468
8159,507846,353.1764
8160,507898,275.60104
8161,508062,806.4849
8162,508115,257.41602
8163,508201,431.59146
8164,508265,297.8457
8165,508347,380.46048
8166,508462,531.11926
8167,508524,336.93713
8168,508593,363.5569
8169,508683,486.61658
8170,508759,349.09973
8171,508839,380.5825
8172,508966,606.79456
8173,509052,452.12894
8174,509109,312.04388
8175,509174,353.05484
8176,509229,290.14294
8177,509294,348.91986
8178,509392,525.3632
8179,509483,501.26263
8180,509554,382.91672
8181,509635,447.75018
8182,509729,471.68964
8183,509805,380.51434
8184,509886,426.77985
8185,509977,432.5189
8186,510031,263.96558
8187,510121,494.24295
8188,510201,444.25647
8189,510270,381.0933
8190,510352,443.71637
8191,510438,466.7342
8192,510511,347.5377
8193,510593,437.87042
8194,510693,490.5184
8195,510763,347.20667
8196,510823,337.69168
8197,510900,382.85693
8198,510977,400.8319
8199,511041,341.06564
8200,511122,430.2899
8201,511183,317.2908
8202,511246,299.26947
8203,511313,357.26703
8204,511376,342.49216
8205,511462,396.2331
8206,511539,410.2682
8207,511635,463.60513
8208,511730,453.2586
8209,511814,458.0872
8210,511923,548.9357
8211,512005,431.17474
8212,512077,379.2776
8213,512157,355.92102
8214,512228,338.64017
8215,512330,522.5619
8216,512400,382.82736
8217,512504,521.67615
8218,512564,323.9738
8219,512643,419.9316
8220,512712,367.04434
8221,512764,259.70102
8222,512862,509.94302
8223,512960,508.83466
8224,513022,326.68747
8225,513089,356.36835
8226,513161,399.39606
8227,513244,402.8298
8228,513338,486.52988
8229,513425,392.57047
8230,513493,360.84073
8231,513568,388.8202
8232,513645,410.3463
8233,513705,283.97864
8234,513784,418.23373
8235,513859,360.76016
8236,513932,389.0815
8237,513999,356.8694
8238,514067,368.15265
8239,514142,401.04724
8240,514218,415.08997
8241,514297,427.14984
8242,514381,463.30377
8243,514445,337.9613
8244,514519,352.54932
8245,514661,734.086
8246,514738,388.8465
8247,514819,433.0437
8248,514880,328.06494
8249,514972,426.2857
8250,515042,378.82083
8251,515129,456.46835
8252,515203,363.96774
8253,515268,350.48972
8254,515318,221.22316
8255,515411,496.4106
8256,515478,303.47708
8257,515553,411.1579
8258,515623,318.5776
8259,515709,402.28946
8260,515783,381.3635
8261,515845,330.6542
8262,515908,342.27145
8263,515988,433.0261
8264,516042,288.78433
8265,516116,404.1076
8266,516213,530.7668
8267,516264,275.5015
8268,516337,345.5537
8269,516385,257.74976
8270,516469,438.57962
8271,516529,317.69537
8272,516593,345.2303
8273,516693,522.9797
8274,516751,300.65088
8275,516851,531.0474
8276,516904,288.28076
8277,516977,324.07382
8278,517052,384.51163
8279,517113,305.4366
8280,517178,310.07498
8281,517247,368.5275
8282,517309,297.2705
8283,517391,435.6353
8284,517461,391.95004
8285,517528,335.58527
8286,517589,293.1481
8287,517651,318.02524
8288,517710,320.88098
8289,517864,778.3739
8290,517942,365.25427
8291,518007,355.8607
8292,518054,245.28802
8293,518115,334.2173
8294,518188,369.2968
8295,518258,378.63626
8296,518328,378.0278
8297,518409,351.59552
8298,518462,234.54424
8299,518532,371.48895
8300,518615,441.57584
8301,518690,404.01953
8302,518763,395.88052
8303,518847,415.02185
8304,518918,390.41623
8305,518979,331.96155
8306,519049,354.22723
8307,519116,361.70877
8308,519196,404.813
8309,519259,353.09912
8310,519328,346.55917
8311,519412,380.54306
8312,519474,302.63794
8313,519537,332.33215
8314,519616,341.0351
8315,519686,380.31308
8316,519789,480.97165
8317,519899,550.0283
8318,519951,264.7421
8319,520036,417.53128
8320,520116,433.49036
8321,520184,369.11948
8322,520284,486.78436
8323,520327,210.32915
8324,520394,348.67007
8325,520456,326.50775
8326,520526,361.592
8327,520619,478.37857
8328,520680,329.75748
8329,520742,308.8695
8330,520828,474.59586
8331,520889,284.04523
8332,520949,317.35358
8333,521001,278.63168
8334,521086,432.67612
8335,521160,395.48914
8336,521266,507.0159
8337,521336,376.7939
8338,521395,308.38223
8339,521440,239.21526
8340,521520,425.1295
8341,521582,338.4369
8342,521643,311.51645
8343,521756,589.1981
8344,521825,349.66208
8345,521893,315.04718
8346,521974,445.1389
8347,522050,359.93207
8348,522139,428.4528
8349,522200,313.28934
8350,522271,388.70825
8351,522328,286.9507
8352,522395,358.68008
8353,522461,321.35065
8354,522562,515.87714
8355,522624,323.7536
8356,522681,308.06155
8357,522770,485.6521
8358,522825,294.24094
8359,522935,575.5904
8360,523054,589.7558
8361,523156,476.80707
8362,523205,230.38342
8363,523294,490.59055
8364,523411,618.2107
8365,523473,292.24976
8366,523545,340.2865
8367,523640,427.9275
8368,523698,293.40417
8369,523765,326.45325
8370,523848,367.54874
8371,523925,372.14496
8372,524030,539.4776
8373,524100,378.6074
8374,524194,490.3158
8375,524286,493.10672
8376,524342,299.92883
8377,524405,297.15115
8378,524507,546.4523
8379,524588,438.57227
8380,524684,485.44382
8381,524765,435.0847
8382,524839,387.36044
8383,524904,328.7653
8384,524989,460.03574
8385,525081,484.7313
8386,525135,291.1772
8387,525214,422.4316
8388,525289,345.55804
8389,525410,654.5743
8390,525520,589.06976
8391,525590,388.2979
8392,525667,416.723
8393,525740,390.3269
8394,525802,307.03503
8395,525866,338.16708
8396,525935,370.82278
8397,526003,372.75446
8398,526103,555.69745
8399,526162,284.86923
8400,526232,374.01028
8401,526348,621.31836
8402,526416,354.47137
8403,526484,338.31543
8404,526578,513.39594
8405,526651,356.795
8406,526733,370.8964
8407,526836,533.50684
8408,526887,250.59772
8409,526950,330.07803
8410,527005,293.58688
8411,527059,280.6844
8412,527134,410.58173
8413,527210,420.92355
8414,527308,511.029
8415,527387,416.0925
8416,527457,385.98013
8417,527532,404.1762
8418,527628,498.09933
8419,527730,528.23285
8420,527792,307.03696
8421,527859,332.1362
8422,527958,521.02356
8423,528021,290.78983
8424,528149,708.48236
8425,528255,516.45715
8426,528323,364.59213
8427,528426,502.42236
8428,528508,444.96268
8429,528583,325.47397
8430,528649,358.64713
8431,528706,283.96555
8432,528786,400.03894
8433,528832,221.80322
8434,528911,423.62766
8435,528978,347.17047
8436,529027,254.28258
8437,529125,498.33984
8438,529196,391.55798
8439,529259,343.58975
8440,529344,439.5527
8441,529455,529.7907
8442,529530,382.18878
8443,529595,343.8327
8444,529729,641.80804
8445,529806,420.22644
8446,529881,396.79547
8447,529951,315.8767
8448,530012,320.93204
8449,530092,436.6054
8450,530177,452.12622
8451,530247,323.09348
8452,530327,380.80038
8453,530391,342.87842
8454,530472,431.77774
8455,530556,411.56982
8456,530614,315.8197
8457,530676,261.25177
8458,530753,409.2893
8459,530823,379.69553
8460,530910,459.68533
8461,531055,702.5592
8462,531137,378.26144
8463,531197,323.79178
8464,531260,318.4407
8465,531369,579.5596
8466,531430,277.23468
8467,531517,474.72464
8468,531596,440.52603
8469,531672,412.22372
8470,531770,529.38586
8471,531843,374.0477
8472,531959,622.28107
8473,532016,300.17932
8474,532087,353.19858
8475,532184,511.985
8476,532251,358.44443
8477,532314,329.59906
8478,532384,371.8855
8479,532460,369.90067
8480,532516,304.0499
8481,532603,458.1872
8482,532678,393.82068
8483,532741,316.94315
8484,532811,382.57837
8485,532913,528.2672
8486,532989,404.07272
8487,533044,305.91873
8488,533093,255.3412
8489,533216,609.2212
8490,533317,534.63403
8491,533381,338.56674
8492,533450,368.166
8493,533519,364.14587
8494,533587,340.085
8495,533660,396.38193
8496,533735,409.50137
8497,533797,328.5712
8498,533881,458.3531
8499,533935,259.7333
8500,534020,423.77316
8501,534075,295.4683
8502,534131,288.36337
8503,534217,442.01675
8504,534275,317.38217
8505,534368,512.50354
8506,534440,357.7913
8507,534499,321.40652
8508,534583,440.731
8509,534653,365.89438
8510,534732,367.32126
8511,534806,389.662
8512,534879,383.65915
8513,534983,513.19446
8514,535055,333.16837
8515,535116,305.01013
8516,535218,511.84967
8517,535286,352.95917
8518,535341,258.87244
8519,535401,310.26016
8520,535490,414.23047
8521,535569,434.1133
8522,535647,347.583
8523,535712,337.4082
8524,535794,452.58353
8525,535865,372.03113
8526,535942,405.94513
8527,536015,406.37982
8528,536183,765.5317
8529,536255,376.5608
8530,536326,388.53247
8531,536414,442.7445
8532,536483,347.25525
8533,536558,373.97025
8534,536638,419.52716
8535,536720,429.2953
8536,536804,448.94684
8537,536876,389.87335
8538,537001,593.7062
8539,537067,345.62308
8540,537136,368.34506
8541,537231,432.3498
8542,537341,579.1374
8543,537410,342.23718
8544,537472,277.18353
8545,537554,387.98413
8546,537608,280.51505
8547,537684,410.09152
8548,537767,417.05432
8549,537842,405.0113
8550,537908,351.3179
8551,538018,598.4863
8552,538068,235.12799
8553,538148,441.94727
8554,538219,390.0698
8555,538331,597.1666
8556,538415,376.55933
8557,538473,300.2365
8558,538540,354.57333
8559,538618,378.66705
8560,538709,473.1407
8561,538776,321.192
8562,538855,428.99945
8563,538920,327.6196
8564,538999,440.78214
8565,539080,412.11014
8566,539142,285.86414
8567,539240,545.48584
8568,539323,432.4632
8569,539411,472.86377
8570,539506,489.0708
8571,539627,584.28955
8572,539690,337.1213
8573,539759,306.97595
8574,539816,303.16425
8575,539877,332.5399
8576,539958,420.5147
8577,540033,403.5614
8578,540149,609.60547
8579,540228,361.50363
8580,540294,361.5366
8581,540362,367.1446
8582,540429,352.74335
8583,540523,483.49194
8584,540605,422.90625
8585,540680,414.38098
8586,540727,244.25882
8587,540833,481.3953
8588,540908,402.39954
8589,540986,410.16196
8590,541062,403.65082
8591,541123,302.08316
8592,541199,403.80804
8593,541265,348.0101
8594,541334,371.5103
8595,541398,340.64618
8596,541443,232.25433
8597,541546,469.20233
8598,541620,399.80963
8599,541684,334.49252
8600,541747,303.84064
8601,541929,925.30975
8602,542003,367.021
8603,542080,342.14545
8604,542150,371.93994
8605,542223,393.58264
8606,542313,392.0332
8607,542393,402.39328
8608,542452,289.87128
8609,542501,245.61476
8610,542611,605.85065
8611,542696,443.92395
8612,542767,373.49063
8613,542839,367.87512
8614,542896,309.65744
8615,542975,361.5506
8616,543055,422.10355
8617,543114,298.17392
8618,543202,451.77573
8619,543262,263.59915
8620,543326,350.75964
8621,543393,351.8958
8622,543465,386.35703
8623,543532,351.6446
8624,543610,397.3426
8625,543680,384.63467
8626,543752,373.88913
8627,543821,354.1961
8628,543880,317.50766
8629,543939,307.9197
8630,544000,300.4665
8631,544126,594.60583
8632,544208,405.09668
8633,544299,485.4026
8634,544380,438.6551
8635,544441,314.05862
8636,544515,389.24738
8637,544585,385.81805
8638,544650,329.48587
8639,544747,523.17
8640,544806,308.10324
8641,544890,457.19278
8642,544994,550.8794
8643,545071,403.36597
8644,545130,276.4426
8645,545263,710.327
8646,545409,796.2604
8647,545473,336.273
8648,545569,502.75424
8649,545644,405.83755
8650,545709,354.0335
8651,545816,541.3153
8652,545886,387.69913
8653,545943,303.3219
8654,546041,522.31757
8655,546175,704.77637
8656,546239,340.77588
8657,546309,374.35135
8658,546400,472.48712
8659,546482,432.81104
8660,546563,420.3095
8661,546627,342.17957
8662,546704,414.69522
8663,546772,355.0087
8664,546850,369.77005
8665,546915,355.40854
8666,546971,289.4833
8667,547074,553.11633
8668,547144,358.90363
8669,547206,338.8114
8670,547258,254.12927
8671,547357,495.0832
8672,547433,391.3424
8673,547488,274.39688
8674,547575,392.87442
8675,547664,426.33383
8676,547723,293.6589
8677,547776,272.4729
8678,547849,396.95126
8679,547939,464.3188
8680,548008,372.96414
8681,548081,346.47992
8682,548179,522.8703
8683,548250,353.28296
8684,548331,449.22913
8685,548399,363.54373
8686,548467,347.44385
8687,548551,457.10312
8688,548612,327.66354
8689,548682,337.52863
8690,548778,475.30115
8691,548851,403.38965
8692,548917,346.373
8693,548977,329.6619
8694,549045,371.75076
8695,549116,396.95157
8696,549176,296.936
8697,549254,412.9409
8698,549371,594.31726
8699,549494,634.91235
8700,549590,517.8347
8701,549663,369.89874
8702,549743,357.55273
8703,549795,267.3744
8704,549866,381.9861
8705,549953,422.3929
8706,550029,368.15662
8707,550099,340.20813
8708,550190,471.1795
8709,550263,390.8389
8710,550334,331.99158
8711,550409,399.24933
8712,550492,426.26663
8713,550566,397.2583
8714,550633,294.85425
8715,550733,535.035
8716,550794,325.09937
8717,550895,527.2807
8718,550957,343.32858
8719,551023,347.99377
8720,551095,390.953
8721,551157,268.38745
8722,551258,525.0532
8723,551328,354.2388
8724,551402,367.3404
8725,551462,319.0792
8726,551554,459.88336
8727,551623,374.39737
8728,551721,528.1093
8729,551822,488.3424
8730,551902,396.5498
8731,551994,444.0847
8732,552061,315.16818
8733,552178,543.68805
8734,552251,381.6801
8735,552316,328.58856
8736,552420,553.1209
8737,552493,386.38275
8738,552595,558.37317
8739,552688,485.58923
8740,552794,496.61307
8741,552887,510.2214
8742,552967,431.2837
8743,553026,298.44717
8744,553091,326.24487
8745,553190,521.9121
8746,553251,323.98813
8747,553347,467.10916
8748,553439,445.9691
8749,553495,273.08762
8750,553549,262.21786
8751,553598,261.0702
8752,553664,350.44293
8753,553745,413.35437
8754,553804,312.15015
8755,553875,383.36197
8756,553935,278.5932
8757,553997,327.61743
8758,554076,352.12506
8759,554153,423.07968
8760,554225,382.6814
8761,554295,385.4205
8762,554357,278.39423
8763,554443,451.02502
8764,554519,412.08032
8765,554594,382.4309
8766,554662,367.87036
8767,554724,328.94635
8768,554788,325.15738
8769,554860,374.40573
8770,554924,334.1323
8771,555011,398.096
8772,555089,411.12302
8773,555164,403.81772
8774,555274,544.8815
8775,555347,394.5892
8776,555409,317.1411
8777,555482,327.91708
8778,555551,365.5747
8779,555657,536.71564
8780,555722,356.0667
8781,555825,508.59476
8782,555911,460.6929
8783,555985,385.96985
8784,556042,266.93768
8785,556132,418.6611
8786,556185,271.05353
8787,556259,389.41217
8788,556334,403.6594
8789,556435,531.4478
8790,556525,464.15192
8791,556584,290.45438
8792,556635,266.50043
8793,556711,414.42062
8794,556795,446.67215
8795,556873,413.9706
8796,556931,297.29254
8797,556996,317.50665
8798,557079,461.50317
8799,557148,333.2724
8800,557207,310.8808
8801,557270,326.88223
8802,557340,337.99667
8803,557415,370.0492
8804,557478,339.24234
8805,557561,453.4041
8806,557644,373.88583
8807,557700,297.64008
8808,557779,433.33365
8809,557873,517.92224
8810,557951,364.6829
8811,558025,349.40018
8812,558085,327.02527
8813,558157,390.2089
8814,558251,424.28003
8815,558320,373.99857
8816,558394,408.0441
8817,558468,406.37723
8818,558557,478.42374
8819,558642,449.75467
8820,558720,419.59622
8821,558815,491.62683
8822,558940,669.79517
8823,559014,399.7325
8824,559129,604.7613
8825,559209,352.0461
8826,559292,422.06046
8827,559365,381.20398
8828,559430,352.0713
8829,559499,343.49274
8830,559563,334.2743
8831,559647,452.23532
8832,559740,473.53287
8833,559799,311.97668
8834,559890,449.99075
8835,559966,354.36194
8836,560041,391.306
8837,560136,494.13824
8838,560208,342.22488
8839,560291,442.49734
8840,560393,555.46027
8841,560496,532.38544
8842,560548,238.64401
8843,560658,573.86414
8844,560722,352.5268
8845,560798,408.26996
8846,560854,299.72003
8847,560916,338.3311
8848,560980,342.02386
8849,561051,343.26556
8850,561123,382.15607
8851,561197,396.6058
8852,561290,497.84903
8853,561352,318.29218
8854,561442,485.10727
8855,561547,491.9386
8856,561622,351.14758
8857,561707,419.6348
8858,561778,347.3184
8859,561828,265.8983
8860,561899,352.15314
8861,561972,401.14954
8862,562050,432.77612
8863,562135,443.02213
8864,562211,375.53326
8865,562285,388.49683
8866,562396,606.04987
8867,562463,345.06128
8868,562549,450.0576
8869,562617,355.92935
8870,562701,460.96396
8871,562752,261.11874
8872,562834,379.543
8873,562898,328.8728
8874,562972,389.7523
8875,563055,429.89627
8876,563115,316.24997
8877,563189,401.0552
8878,563261,388.82913
8879,563341,361.60437
8880,563409,344.42587
8881,563480,378.3037
8882,563553,374.16882
8883,563635,421.09912
8884,563703,370.9435
8885,563786,421.7796
8886,563881,451.54608
8887,563952,363.5588
8888,564020,374.8013
8889,564109,482.18173
8890,564189,438.07434
8891,564277,464.65854
8892,564364,466.50888
8893,564436,337.1681
8894,564489,275.88425
8895,564577,454.74585
8896,564647,379.221
8897,564720,400.87967
8898,564799,425.54572
8899,564917,526.58813
8900,564992,374.86215
8901,565063,344.2908
8902,565143,429.5727
8903,565195,260.4059
8904,565303,579.82263
8905,565382,423.33322
8906,565445,337.62003
8907,565564,611.3871
8908,565652,447.57953
8909,565787,690.41907
8910,565868,357.49088
8911,565956,434.07666
8912,566057,546.06226
8913,566180,673.6543
8914,566244,300.21326
8915,566334,475.92242
8916,566412,421.0793
8917,566483,385.7234
8918,566556,397.60803
8919,566628,385.43945
8920,566729,555.5088
8921,566835,549.85254
8922,566935,528.5621
8923,567015,418.75085
8924,567076,320.9302
8925,567132,282.5208
8926,567226,469.94257
8927,567291,362.01276
8928,567380,478.6429
8929,567488,578.4446
8930,567601,534.46545
8931,567661,325.23703
8932,567754,506.30835
8933,567816,302.2337
8934,567875,303.23703
8935,567945,371.5538
8936,568018,380.92892
8937,568087,370.62027
8938,568138,261.7949
8939,568250,600.0184
8940,568330,439.03525
8941,568401,371.23438
8942,568493,505.69302
8943,568548,290.44437
8944,568628,421.83618
8945,568695,330.72876
8946,568774,417.07877
8947,568868,510.68564
8948,568964,513.4943
8949,569036,391.55405
8950,569104,293.16104
8951,569166,339.27203
8952,569264,468.8586
8953,569331,359.6837
8954,569450,638.24713
8955,569536,442.44534
8956,569619,442.73782
8957,569692,336.36404
8958,569769,392.0813
8959,569838,328.44458
8960,569899,294.86127
8961,569969,382.2942
8962,570024,291.816
8963,570113,423.27487
8964,570202,418.48373
8965,570261,320.20764
8966,570326,349.26532
8967,570396,355.15533
8968,570493,524.68835
8969,570552,316.17505
8970,570616,353.087
8971,570674,310.64163
8972,570742,345.60394
8973,570839,506.07687
8974,570913,405.88983
8975,570991,434.16022
8976,571055,345.7751
8977,571116,326.67627
8978,571182,349.75082
8979,571247,310.35895
8980,571328,424.92514
8981,571402,404.19058
8982,571472,384.35007
8983,571537,339.71942
8984,571595,315.5987
8985,571687,460.1108
8986,571780,487.28873
8987,571869,476.29437
8988,571943,350.29672
8989,572032,465.6133
8990,572103,347.1153
8991,572167,349.87213
8992,572233,347.78918
8993,572308,407.18958
8994,572394,377.30756
8995,572475,444.29385
8996,572543,371.18506
8997,572683,682.1139
8998,572767,457.70346
8999,572854,450.5354
9000,572953,520.45605
9001,573026,390.0399
9002,573086,278.47385
9003,573167,442.9321
9004,573230,334.5254
9005,573306,380.46796
9006,573374,372.2219
9007,573441,376.62164
9008,573503,327.90024
9009,573596,439.6978
9010,573679,453.78812
9011,573747,354.44815
9012,573818,394.49695
9013,573921,489.69467
9014,574042,640.8251
9015,574101,296.10934
9016,574158,291.09244
9017,574237,410.09613
9018,574325,463.4243
9019,574392,317.42886
9020,574458,342.91333
9021,574520,314.21957
9022,574598,371.27744
9023,574684,447.0158
9024,574733,240.44707
9025,574837,510.15915
9026,574916,357.61197
9027,575031,608.2898
9028,575112,402.90695
9029,575207,510.1252
9030,575281,341.23163
9031,575365,440.78128
9032,575469,560.60004
9033,575521,248.07234
9034,575610,474.90234
9035,575685,386.46204
9036,575769,460.54663
9037,575833,332.44638
9038,575895,335.1533
9039,575978,463.4374
9040,576055,414.9139
9041,576171,625.1159
9042,576254,442.7592
9043,576340,408.43567
9044,576418,361.37646
9045,576502,451.46683
9046,576563,319.17993
9047,576659,513.1568
9048,576728,373.9087
9049,576781,286.27875
9050,576851,353.33368
9051,576985,688.9072
9052,577062,415.842
9053,577153,431.1854
9054,577268,573.2664
9055,577347,446.8642
9056,577425,429.8312
9057,577499,409.95764
9058,577609,577.22394
9059,577688,428.014
9060,577775,399.92316
9061,577857,383.92712
9062,577918,280.14627
9063,577984,301.25348
9064,578054,360.5227
9065,578133,430.60617
9066,578201,372.57874
9067,578284,450.72726
9068,578338,275.72015
9069,578453,558.2182
9070,578528,402.1196
9071,578609,398.24176
9072,578673,350.45718
9073,578749,403.1916
9074,578812,326.1452
9075,578887,400.16794
9076,578980,426.02783
9077,579053,397.18472
9078,579117,343.57056
9079,579188,323.73312
9080,579290,530.9917
9081,579370,434.42255
9082,579451,433.23944
9083,579551,529.17944
9084,579651,452.0182
9085,579730,404.70062
9086,579821,415.90652
9087,579878,291.23514
9088,580001,556.97705
9089,580066,337.15924
9090,580147,390.5286
9091,580199,242.58762
9092,580281,431.74048
9093,580364,421.47668
9094,580455,474.38492
9095,580533,423.73535
9096,580639,548.05426
9097,580722,439.36115
9098,580805,410.87244
9099,580934,662.02795
9100,581002,374.66064
9101,581074,364.5005
9102,581138,295.37076
9103,581240,514.58154
9104,581312,355.5065
9105,581380,354.081
9106,581442,335.97318
9107,581538,448.41608
9108,581629,479.00317
9109,581686,300.0964
9110,581754,368.65854
9111,581809,297.77844
9112,581888,428.1743
9113,581979,430.05075
9114,582080,553.19806
9115,582151,371.89966
9116,582232,406.25174
9117,582314,406.1746
9118,582388,385.72037
9119,582450,317.91745
9120,582510,318.67636
9121,582645,636.71155
9122,582707,334.3095
9123,582789,436.7155
9124,582881,437.93878
9125,582953,392.0113
9126,583036,429.4428
9127,583153,627.9496
9128,583225,378.28784
9129,583308,442.35406
9130,583419,577.8728
9131,583496,392.6399
9132,583573,408.10883
9133,583677,565.7331
9134,583763,432.59808
9135,583963,1050.1364
9136,584044,419.2342
9137,584106,341.75455
9138,584167,301.60788
9139,584240,332.93887
9140,584297,299.41516
9141,584368,390.21622
9142,584426,306.3714
9143,584505,431.46423
9144,584575,376.79303
9145,584652,368.987
9146,584740,442.95673
9147,584796,297.81982
9148,584876,428.31876
9149,584952,417.4858
9150,585021,340.7904
9151,585097,344.2536
9152,585164,304.55414
9153,585264,540.6411
9154,585358,421.6189
9155,585423,331.22607
9156,585490,295.3161
9157,585591,515.5351
9158,585671,369.15048
9159,585737,353.8515
9160,585806,364.44507
9161,585866,294.84048
9162,585962,493.3384
9163,586020,301.73544
9164,586116,478.47458
9165,586173,308.31934
9166,586231,311.34998
9167,586382,686.8582
9168,586471,429.77878
9169,586559,447.29382
9170,586631,387.4807
9171,586739,486.8078
9172,586852,581.89136
9173,586938,413.95013
9174,587014,374.63556
9175,587074,307.9654
9176,587200,656.10254
9177,587285,432.5149
9178,587368,451.73865
9179,587438,354.85922
9180,587543,561.61096
9181,587629,455.2789
9182,587701,374.69705
9183,587780,393.02448
9184,587832,249.74356
9185,587912,384.5623
9186,587987,361.31927
9187,588047,264.73605
9188,588147,524.02295
9189,588230,397.63135
9190,588309,419.20667
9191,588450,688.914
9192,588509,322.04678
9193,588562,269.94614
9194,588631,376.1422
9195,588720,400.86258
9196,588791,392.16284
9197,588858,309.21896
9198,588939,435.5631
9199,589027,393.5338
9200,589101,362.02643
9201,589154,256.58682
9202,589223,356.09164
9203,589288,356.6244
9204,589360,386.16418
9205,589427,357.5891
9206,589520,501.8381
9207,589595,355.32477
9208,589673,382.46362
9209,589736,322.81882
9210,589803,324.69702
9211,589884,364.70898
9212,589970,475.04086
9213,590094,672.90247
9214,590144,230.03441
9215,590210,331.1339
9216,590299,407.38773
9217,590405,525.1017
9218,590482,420.29428
9219,590563,411.802
9220,590648,462.94568
9221,590712,351.61218
9222,590835,636.95447
9223,590895,309.27673
9224,590967,405.46713
9225,591036,363.35678
9226,591112,379.09964
9227,591193,445.90543
9228,591296,494.4793
9229,591362,330.64932
9230,591430,355.45023
9231,591556,679.8266
9232,591666,491.96432
9233,591729,322.01236
9234,591799,335.83084
9235,591891,492.3676
9236,591957,358.82156
9237,592058,491.12506
9238,592110,280.706
9239,592181,393.5719
9240,592278,459.39166
9241,592365,478.506
9242,592422,306.46674
9243,592489,366.57935
9244,592566,351.28564
9245,592645,395.68143
9246,592749,490.7199
9247,592837,403.02026
9248,592890,279.00754
9249,592962,393.116
9250,593044,382.8155
9251,593111,354.49036
9252,593196,375.52148
9253,593266,352.3625
9254,593328,321.45392
9255,593472,687.71277
9256,593563,410.14374
9257,593647,428.3029
9258,593744,528.3622
9259,593837,449.45078
9260,593900,293.7284
9261,593963,335.40787
9262,594054,404.5705
9263,594112,270.11884
9264,594179,328.97495
9265,594296,609.06213
9266,594378,458.45792
9267,594458,408.7827
9268,594514,294.0851
9269,594582,345.46466
9270,594665,405.3953
9271,594794,642.1804
9272,594876,408.28632
9273,594932,290.15677
9274,595026,494.85928
9275,595187,721.21606
9276,595312,607.38275
9277,595373,301.85303
9278,595487,548.8597
9279,595554,359.68573
9280,595634,418.76868
9281,595697,302.2078
9282,595767,377.0698
9283,595829,313.14404
9284,595896,357.8564
9285,595965,370.99457
9286,596033,310.26584
9287,596098,344.46332
9288,596182,433.9587
9289,596260,407.91583
9290,596353,494.71143
9291,596414,346.11063
9292,596473,318.25452
9293,596546,341.38245
9294,596609,308.41605
9295,596697,411.57776
9296,596767,315.5757
9297,596836,335.70978
9298,596933,498.95056
9299,597034,531.989
9300,597143,587.7529
9301,597251,529.18
9302,597326,401.14404
9303,597400,407.0157
9304,597460,323.70712
9305,597548,465.30136
9306,597627,401.45303
9307,597718,489.20322
9308,597814,507.3542
9309,597885,367.45682
9310,597980,487.64374
9311,598046,333.67194
9312,598125,420.1655
9313,598196,379.945
9314,598251,289.99155
9315,598318,351.14767
9316,598371,284.3816
9317,598461,428.07196
9318,598533,364.1646
9319,598658,599.0889
9320,598735,354.6748
9321,598804,376.1394
9322,598871,338.7632
9323,598948,407.86914
9324,599007,280.31558
9325,599067,310.75366
9326,599128,335.11035
9327,599214,388.79803
9328,599283,370.907
9329,599358,351.97293
9330,599432,394.8945
9331,599504,383.83646
9332,599584,377.47372
9333,599678,505.81894
9334,599787,553.14667
9335,599847,309.40048
9336,599905,276.89557
9337,599984,359.3811
9338,600065,432.9544
9339,600160,473.3679
9340,600231,340.8981
9341,600306,389.29724
9342,600387,431.90927
9343,600469,417.5104
9344,600549,429.85736
9345,600632,432.64255
9346,600703,382.1762
9347,600773,388.37146
9348,600850,415.92685
9349,600925,384.6641
9350,600995,369.49228
9351,601123,594.6389
9352,601178,303.1748
9353,601282,546.1821
9354,601369,427.13733
9355,601442,346.9131
9356,601500,262.57437
9357,601620,630.0605
9358,601682,340.3687
9359,601739,253.29732
9360,601812,385.40472
9361,601925,594.4526
9362,601997,381.19666
9363,602087,495.68814
9364,602149,338.0602
9365,602251,547.8639
9366,602335,448.48303
9367,602419,413.52087
9368,602481,333.28445
9369,602553,384.23065
9370,602638,405.2771
9371,602718,424.54578
9372,602792,401.41318
9373,602865,394.96838
9374,602924,319.74985
9375,603006,435.74142
9376,603087,438.37738
9377,603197,574.6683
9378,603280,444.89426
9379,603352,314.3221
9380,603483,688.247
9381,603564,440.77625
9382,603653,461.7216
9383,603712,304.67468
9384,603807,507.2123
9385,603890,418.43088
9386,603973,417.26428
9387,604052,428.7588
9388,604128,406.84174
9389,604205,410.8783
9390,604283,415.5475
9391,604375,496.41034
9392,604444,348.08368
9393,604536,507.56082
9394,604615,446.69205
9395,604726,549.23566
9396,604811,453.8197
9397,604862,242.97064
9398,604941,434.77814
9399,605050,580.64386
9400,605163,615.6236
9401,605278,598.39746
9402,605383,551.12537
9403,605463,430.38635
9404,605536,350.45026
9405,605598,324.85623
9406,605677,439.73618
9407,605810,702.8778
9408,605876,332.03125
9409,605949,351.5725
9410,606019,344.32138
9411,606115,516.9265
9412,606219,551.40234
9413,606285,355.3313
9414,606345,267.41925
9415,606409,355.2233
9416,606472,311.25153
9417,606523,276.36243
9418,606608,457.06732
9419,606671,311.46033
9420,606753,455.05563
9421,606823,316.60678
9422,606899,420.86234
9423,606961,335.1878
9424,607033,396.777
9425,607142,560.66504
9426,607217,374.52213
9427,607318,518.6175
9428,607388,357.31924
9429,607455,359.66907
9430,607521,350.8668
9431,607627,547.2697
9432,607704,420.29102
9433,607761,313.1885
9434,607825,346.00156
9435,607902,387.6067
9436,607978,405.71368
9437,608041,324.7028
9438,608115,361.4263
9439,608193,420.44763
9440,608259,359.60843
9441,608355,497.90485
9442,608482,656.4305
9443,608566,380.56738
9444,608679,630.2001
9445,608748,365.94943
9446,608829,388.04016
9447,608900,354.55212
9448,608982,443.31787
9449,609052,385.64722
9450,609117,322.2615
9451,609186,371.6448
9452,609256,350.95242
9453,609340,435.27628
9454,609409,342.11993
9455,609472,306.49084
9456,609533,319.8572
9457,609623,494.2035
9458,609762,717.4923
9459,609818,264.89832
9460,609937,646.10583
9461,610029,412.04724
9462,610125,474.98508
9463,610211,402.3474
9464,610275,334.89062
9465,610342,356.53946
9466,610416,386.32956
9467,610484,358.5091
9468,610570,395.42117
9469,610645,358.05048
9470,610725,401.6757
9471,610813,481.77615
9472,610880,321.55264
9473,610944,333.0544
9474,611005,331.02185
9475,611113,580.58905
9476,611174,319.31314
9477,611257,446.13846
9478,611311,290.63565
9479,611371,319.65576
9480,611445,374.13153
9481,611514,374.47763
9482,611595,430.05374
9483,611683,384.8507
9484,611746,321.42792
9485,611821,400.9699
9486,611915,515.33075
9487,611988,363.99396
9488,612075,450.00314
9489,612164,470.14297
9490,612238,337.53888
9491,612404,798.3998
9492,612482,419.1886
9493,612554,383.8444
9494,612632,417.24966
9495,612702,380.1305
9496,612783,428.58466
9497,612842,299.93506
9498,612926,390.15927
9499,613008,408.20938
9500,613069,289.64047
9501,613159,503.31302
9502,613240,426.9254
9503,613300,318.58493
9504,613399,470.532
9505,613498,504.46875
9506,613652,786.35767
9507,613725,384.83768
9508,613833,569.2173
9509,613933,509.34445
9510,613999,358.54587
9511,614085,460.97046
9512,614164,426.5744
9513,614250,459.88348
9514,614352,542.8662
9515,614441,458.3083
9516,614527,451.89664
9517,614627,543.1021
9518,614692,333.44278
9519,614770,423.78174
9520,614834,329.7596
9521,614906,366.3217
9522,614985,426.89462
9523,615077,481.8962
9524,615151,374.99152
9525,615271,636.576
9526,615350,415.3974
9527,615425,404.02164
9528,615489,350.06073
9529,615568,404.10373
9530,615621,287.81866
9531,615707,405.5162
9532,615780,383.73065
9533,615836,305.6682
9534,615915,435.76227
9535,615997,408.38162
9536,616090,423.0509
9537,616170,439.60135
9538,616228,317.88516
9539,616296,361.6332
9540,616376,437.77448
9541,616456,432.5654
9542,616553,520.0417
9543,616626,397.66348
9544,616740,593.0957
9545,616812,387.36887
9546,616911,466.23892
9547,616997,468.0776
9548,617066,368.36905
9549,617152,469.32562
9550,617230,385.2016
9551,617294,355.4446
9552,617363,378.16525
9553,617446,442.4492
9554,617533,441.59793
9555,617593,319.11456
9556,617669,393.6709
9557,617755,460.99677
9558,617858,548.26465
9559,617928,361.08215
9560,617991,285.9819
9561,618047,304.06915
9562,618114,366.47046
9563,618185,378.17606
9564,618251,302.9496
9565,618331,414.68777
9566,618415,437.36383
9567,618558,702.5246
9568,618618,331.6382
9569,618693,390.25946
9570,618793,543.9516
9571,618874,454.12897
9572,618964,488.85587
9573,619044,439.48416
9574,619109,327.30435
9575,619176,361.159
9576,619267,474.65515
9577,619372,566.2979
9578,619445,385.77625
9579,619566,603.7175
9580,619640,402.15216
9581,619705,354.85944
9582,619792,461.23914
9583,619887,461.74857
9584,619966,428.22147
9585,620042,381.4635
9586,620165,651.6222
9587,620225,322.99796
9588,620289,327.48563
9589,620357,328.39166
9590,620437,417.69293
9591,620500,345.24786
9592,620559,315.61514
9593,620656,475.88754
9594,620718,283.89218
9595,620822,498.17902
9596,620892,371.14706
9597,620981,438.88632
9598,621060,411.771
9599,621119,310.52872
9600,621196,358.32974
9601,621285,483.73056
9602,621359,389.45776
9603,621417,305.13657
9604,621489,335.08228
9605,621544,277.0175
9606,621605,262.30023
9607,621690,440.90253
9608,621765,400.7221
9609,621844,412.35553
9610,621926,397.54477
9611,622023,440.81125
9612,622106,434.3013
9613,622222,588.7199
9614,622302,440.504
9615,622370,363.74478
9616,622426,301.4216
9617,622507,385.4364
9618,622575,362.39093
9619,622647,398.75797
9620,622726,376.2008
9621,622783,304.92447
9622,622850,315.95822
9623,622911,280.18604
9624,622993,422.1411
9625,623051,321.21664
9626,623137,471.1439
9627,623232,456.0243
9628,623296,340.85977
9629,623353,288.8636
9630,623468,595.84607
9631,623555,449.94467
9632,623615,327.36002
9633,623696,448.2003
9634,623777,375.98938
9635,623850,335.0139
9636,623925,356.53915
9637,623981,260.79926
9638,624040,282.45776
9639,624106,353.56158
9640,624185,424.8629
9641,624283,522.6855
9642,624373,481.3485
9643,624454,380.4914
9644,624515,321.32288
9645,624598,409.1273
9646,624684,418.19098
9647,624769,420.34833
9648,624867,503.61212
9649,624952,459.2828
9650,625023,390.1363
9651,625075,280.16574
9652,625145,356.68793
9653,625216,385.58228
9654,625281,337.30664
9655,625361,414.9214
9656,625438,380.48212
9657,625527,483.34616
9658,625615,469.33917
9659,625680,351.5401
9660,625770,477.02292
9661,625830,309.0277
9662,625908,406.76617
9663,625986,400.52402
9664,626057,380.43643
9665,626156,513.11584
9666,626251,516.0775
9667,626323,388.46472
9668,626407,433.4923
9669,626458,266.50693
9670,626540,444.73886
9671,626619,428.25586
9672,626693,353.02444
9673,626800,506.70737
9674,627002,972.4977
9675,627090,407.73947
9676,627153,276.76505
9677,627285,671.2393
9678,627379,502.86703
9679,627456,378.61774
9680,627549,497.85028
9681,627634,456.48907
9682,627700,319.57184
9683,627768,365.17896
9684,627850,434.67462
9685,627952,551.5989
9686,628027,388.31027
9687,628090,301.3859
9688,628152,336.62115
9689,628222,373.6462
9690,628297,405.18555
9691,628381,433.04504
9692,628478,522.80963
9693,628589,561.7253
9694,628657,362.0206
9695,628718,298.17328
9696,628789,381.23505
9697,628864,415.46365
9698,628924,308.37537
9699,628978,282.54254
9700,629037,320.92587
9701,629121,448.95517
9702,629193,398.17303
9703,629256,317.5209
9704,629366,557.9547
9705,629418,266.3162
9706,629500,453.67676
9707,629585,452.0974
9708,629649,340.2918
9709,629710,317.03308
9710,629793,454.2065
9711,629886,447.02466
9712,629931,241.3936
9713,629998,350.4272
9714,630073,397.60577
9715,630153,420.46085
9716,630219,371.56372
9717,630303,419.00507
9718,630370,311.31506
9719,630462,440.50494
9720,630530,346.0442
9721,630628,531.2841
9722,630691,332.80402
9723,630778,460.19086
9724,630861,388.44412
9725,630948,440.6427
9726,631019,394.95654
9727,631088,367.69608
9728,631152,344.73837
9729,631224,382.2677
9730,631298,409.2342
9731,631352,290.8893
9732,631421,328.10608
9733,631503,426.84958
9734,631571,369.99045
9735,631672,547.7052
9736,631758,455.12845
9737,631834,390.74646
9738,631908,366.71588
9739,631985,422.54504
9740,632064,437.3899
9741,632132,309.41507
9742,632207,352.36176
9743,632252,221.57109
9744,632323,344.5493
9745,632385,291.01605
9746,632460,392.79437
9747,632518,302.62244
9748,632580,346.3211
9749,632658,401.14963
9750,632723,338.16928
9751,632793,329.11075
9752,632860,350.40616
9753,632936,362.1161
9754,633011,378.87006
9755,633096,460.9501
9756,633258,759.832
9757,633352,524.5926
9758,633435,448.94638
9759,633539,556.4143
9760,633602,332.5725
9761,633725,653.38306
9762,633789,332.8821
9763,633904,610.2087
9764,634023,542.4031
9765,634098,402.94794
9766,634179,443.08496
9767,634256,416.49652
9768,634329,362.58575
9769,634393,291.666
9770,634464,382.7827
9771,634559,477.6443
9772,634639,382.84827
9773,634719,437.22394
9774,634794,396.98755
9775,634872,415.64584
9776,634948,409.48355
9777,635033,449.7935
9778,635105,388.39294
9779,635158,271.93835
9780,635246,465.77078
9781,635310,348.0781
9782,635375,318.47867
9783,635455,418.1017
9784,635525,378.1302
9785,635583,294.41248
9786,635649,356.30322
9787,635745,512.7277
9788,635809,305.19064
9789,635883,341.78467
9790,635958,399.95413
9791,636035,424.1752
9792,636084,257.62457
9793,636161,404.53006
9794,636276,571.62885
9795,636356,412.9716
9796,636423,374.95828
9797,636494,391.0411
9798,636549,281.96515
9799,636626,415.5284
9800,636704,338.44238
9801,636798,467.72403
9802,636887,447.4135
9803,636961,399.20367
9804,637057,451.65927
9805,637124,300.31458
9806,637188,344.57303
9807,637264,387.70093
9808,637350,465.6115
9809,637442,415.11215
9810,637502,302.8172
9811,637567,348.4678
9812,637659,496.03473
9813,637719,323.15717
9814,637792,386.83923
9815,637866,401.49915
9816,637935,367.38864
9817,638005,340.9129
9818,638073,358.0232
9819,638141,307.11798
9820,638210,355.21524
9821,638300,476.04578
9822,638363,308.86575
9823,638458,495.61417
9824,638531,395.42935
9825,638640,508.7136
9826,638684,217.86124
9827,638753,380.94794
9828,638821,348.603
9829,638912,488.04932
9830,639060,774.5795
9831,639128,348.6735
9832,639216,442.22034
9833,639275,298.81943
9834,639350,404.0539
9835,639441,492.7589
9836,639503,306.8756
9837,639589,431.69946
9838,639638,243.36754
9839,639722,449.86734
9840,639771,231.64284
9841,639854,413.56332
9842,639938,388.30472
9843,640000,320.74243
9844,640069,363.51938
9845,640183,561.4237
9846,640249,333.84943
9847,640344,499.92657
9848,640421,416.46713
9849,640507,431.9815
9850,640571,285.30804
9851,640638,349.68475
9852,640744,549.49786
9853,640828,434.4815
9854,640887,306.3246
9855,640946,280.3737
9856,641027,427.3288
9857,641119,495.6158
9858,641195,391.63696
9859,641333,711.7236
9860,641411,421.56958
9861,641498,461.69464
9862,641592,428.14777
9863,641689,509.0721
9864,641763,396.12772
9865,641840,361.5146
9866,641914,380.67865
9867,642008,509.60617
9868,642080,355.79663
9869,642168,472.9333
9870,642273,508.7631
9871,642351,401.21124
9872,642421,332.52658
9873,642495,401.4644
9874,642568,385.36273
9875,642637,373.2381
9876,642732,499.85538
9877,642828,478.52402
9878,642897,372.09012
9879,642976,420.0289
9880,643093,531.56384
9881,643200,490.624
9882,643269,342.9123
9883,643329,276.7271
9884,643400,385.8319
9885,643465,333.76898
9886,643544,410.9722
9887,643619,403.2805
9888,643696,352.325
9889,643793,523.47687
9890,643854,313.745
9891,644063,1036.8225
9892,644149,478.9974
9893,644210,331.72345
9894,644282,381.7674
9895,644380,524.54767
9896,644450,336.6213
9897,644537,412.155
9898,644603,347.99008
9899,644656,273.81824
9900,644731,401.6478
9901,644797,353.72556
9902,644854,302.05984
9903,644947,495.40967
9904,645017,357.35
9905,645099,433.6005
9906,645198,535.163
9907,645261,340.61597
9908,645334,376.81345
9909,645414,430.93073
9910,645490,403.62918
9911,645545,257.61688
9912,645617,378.90393
9913,645726,558.7416
9914,645791,304.47855
9915,645855,300.69418
9916,645909,240.47842
9917,645983,350.89172
9918,646049,354.3325
9919,646123,396.05435
9920,646192,353.73355
9921,646235,232.25743
9922,646316,435.3452
9923,646383,356.5364
9924,646447,334.6521
9925,646553,532.20026
9926,646632,360.76758
9927,646700,366.97043
9928,646765,340.65894
9929,646818,274.28793
9930,646903,382.6289
9931,646955,280.50018
9932,647047,503.85733
9933,647107,322.83084
9934,647195,481.6883
9935,647313,654.5724
9936,647403,493.25934
9937,647490,457.59796
9938,647571,443.75763
9939,647632,306.11664
9940,647701,362.6759
9941,647794,414.5092
9942,647861,354.20093
9943,647945,447.73752
9944,648087,675.8883
9945,648161,405.73453
9946,648233,347.78827
9947,648292,320.18146
9948,648374,389.793
9949,648520,772.9628
9950,648591,350.8927
9951,648649,309.08835
9952,648728,384.23218
9953,648847,627.3796
9954,648920,392.89645
9955,648990,330.25555
9956,649117,651.42737
9957,649209,444.08926
9958,649276,349.2995
9959,649343,360.93738
9960,649430,469.3998
9961,649480,268.33286
9962,649538,295.4194
9963,649615,414.14502
9964,649683,364.01007
9965,649745,329.71954
9966,649828,413.38605
9967,649896,349.1393
9968,649967,352.80243
9969,650047,384.42746
9970,650136,462.15253
9971,650205,368.81198
9972,650260,288.9004
9973,650346,424.18375
9974,650442,454.66177
9975,650502,325.954
9976,650570,370.53964
9977,650651,427.08292
9978,650742,500.54807
9979,650799,302.01
9980,650867,320.07535
9981,650990,637.65936
9982,651091,504.85635
9983,651158,375.00696
9984,651241,462.9318
9985,651329,464.03455
9986,651398,328.11142
9987,651456,306.46265
9988,651549,445.6352
9989,651622,388.86356
9990,651686,304.27686
9991,651759,394.00494
9992,651825,298.29208
9993,651905,393.8317
9994,651993,473.6654
9995,652060,346.91006
9996,652145,451.04227
9997,652219,357.63916
9998,652280,329.5824
9999,652375,511.6888
10000,652446,384.17767
10001,652529,450.7363
10002,652597,319.89334
10003,652691,511.81055
10004,652750,308.23337
10005,652823,395.4437
10006,652906,415.59378
10007,652969,335.41104
10008,653043,380.1049
10009,653165,646.0759
10010,653263,526.39374
10011,653337,360.96414
10012,653424,466.2466
10013,653496,349.96994
10014,653638,746.52014
10015,653730,511.28076
10016,653832,535.02026
10017,653920,407.42984
10018,653994,401.6052
10019,654051,274.84433
10020,654103,255.62747
10021,654185,386.24408
10022,654254,371.3698
10023,654324,372.5135
10024,654396,331.24005
10025,654495,544.14856
10026,654602,485.54773
10027,654722,586.0225
10028,654804,414.97214
10029,654889,457.59906
10030,654958,332.20486
10031,655017,299.9043
10032,655091,401.92853
10033,655149,294.41614
10034,655236,453.8054
10035,655312,409.67465
10036,655409,517.2943
10037,655489,430.84616
10038,655545,297.13486
10039,655720,903.1742
10040,655786,298.5276
10041,655864,369.61615
10042,655942,405.91092
10043,656019,403.9548
10044,656080,327.3294
10045,656170,448.8344
10046,656254,458.20267
10047,656350,475.0443
10048,656401,253.23154
10049,656451,242.55696
10050,656519,366.9708
10051,656608,473.35123
10052,656690,441.08005
10053,656760,369.69373
10054,656823,344.122
10055,656910,471.37225
10056,657039,583.1294
10057,657110,399.39764
10058,657200,472.50912
10059,657261,324.74783
10060,657335,376.4128
10061,657394,315.16727
10062,657461,359.1657
10063,657522,330.01315
10064,657583,302.65802
10065,657648,310.41376
10066,657717,355.7045
10067,657785,372.2879
10068,657860,347.04315
10069,657940,421.7045
10070,658031,439.97482
10071,658106,357.49652
10072,658166,312.5665
10073,658240,403.6073
10074,658334,468.7344
10075,658400,355.60718
10076,658462,282.18518
10077,658525,342.14157
10078,658624,524.191
10079,658716,501.30283
10080,658791,357.00375
10081,658872,433.0182
10082,658945,390.74826
10083,659024,412.2451
10084,659104,419.21558
10085,659157,270.67737
10086,659229,388.36572
10087,659309,426.11288
10088,659399,481.77893
10089,659463,309.75378
10090,659547,409.74597
10091,659622,390.159
10092,659674,238.90521
10093,659746,390.02148
10094,659855,559.3277
10095,659937,393.69156
10096,660014,415.75772
10097,660089,394.42117
10098,660173,436.32913
10099,660255,450.79126
10100,660325,384.29758
10101,660407,449.40512
10102,660490,455.76013
10103,660556,356.46503
10104,660644,434.30002
10105,660781,711.4116
10106,660862,433.9081
10107,660940,370.76
10108,661021,397.964
10109,661120,521.0534
10110,661237,544.0079
10111,661326,431.98032
10112,661455,679.2957
10113,661527,395.40076
10114,661622,507.1275
10115,661682,316.59207
10116,661765,444.58975
10117,661830,353.6763
10118,661888,281.33008
10119,661953,353.8437
10120,662062,604.41327
10121,662138,414.6577
10122,662215,398.05298
10123,662276,318.69574
10124,662367,502.75742
10125,662424,289.24075
10126,662510,399.88364
10127,662609,536.8984
10128,662715,554.09094
10129,662801,382.99054
10130,662931,675.16345
10131,663008,416.87894
10132,663081,365.5761
10133,663146,356.27283
10134,663258,598.5451
10135,663342,443.2718
10136,663420,371.27673
10137,663493,340.82004
10138,663559,318.10098
10139,663651,490.6003
10140,663708,286.66183
10141,663778,360.68912
10142,663847,368.98608
10143,663932,450.82297
10144,664000,361.80063
10145,664066,340.26038
10146,664140,395.75198
10147,664210,367.47876
10148,664269,317.60727
10149,664356,444.40512
10150,664448,426.65472
10151,664514,356.4075
10152,664582,351.81064
10153,664655,343.57123
10154,664741,451.58298
10155,664827,450.38013
10156,664919,412.46887
10157,664989,352.17688
10158,665055,338.66412
10159,665122,341.48706
10160,665193,386.97714
10161,665259,350.82327
10162,665327,373.6052
10163,665435,564.0945
10164,665497,335.8833
10165,665569,377.4138
10166,665643,371.49707
10167,665713,377.45547
10168,665790,397.8346
10169,665856,314.08026
10170,665915,312.74762
10171,665990,413.70102
10172,666092,544.0565
10173,666215,586.5142
10174,666315,468.51605
10175,666406,450.33066
10176,666476,372.48502
10177,666550,387.51685
10178,666630,386.38574
10179,666710,359.66025
10180,666775,358.59674
10181,666853,404.13776
10182,666933,421.30246
10183,667018,454.69336
10184,667092,334.84683
10185,667178,453.34375
10186,667286,535.48004
10187,667367,364.5096
10188,667432,334.1528
10189,667521,477.33115
10190,667573,264.38907
10191,667639,339.84186
10192,667720,382.99014
10193,667806,459.9033
10194,667866,320.28772
10195,667925,296.96967
10196,668032,568.19763
10197,668097,346.22836
10198,668174,393.85788
10199,668312,651.5333
10200,668376,319.3331
10201,668457,443.01416
10202,668573,607.20795
10203,668653,415.43872
10204,668733,426.13947
10205,668818,425.26767
10206,668919,518.5153
10207,669047,667.3175
10208,669108,289.506
10209,669195,402.90454
10210,669302,568.9856
10211,669410,525.263
10212,669490,425.57114
10213,669556,363.10205
10214,669623,358.0579
10215,669676,272.068
10216,669738,309.78415
10217,669796,291.54382
10218,669879,417.652
10219,669932,252.45802
10220,669996,349.95474
10221,670067,373.0858
10222,670131,324.01385
10223,670217,445.47684
10224,670288,378.6922
10225,670386,520.7554
10226,670457,365.6534
10227,670521,288.34457
10228,670576,284.4473
10229,670706,688.49097
10230,670787,438.21353
10231,670861,367.64127
10232,670947,453.0202
10233,671041,490.95544
10234,671127,428.31726
10235,671207,380.24988
10236,671313,586.29834
10237,671435,634.8933
10238,671556,560.06335
10239,671642,451.87134
10240,671708,337.06613
10241,671775,337.5506
10242,671859,455.472
10243,671918,322.64383
10244,671984,351.62946
10245,672061,413.42322
10246,672138,375.40247
10247,672208,385.9301
10248,672296,419.05963
10249,672417,640.5016
10250,672515,499.16232
10251,672576,334.6974
10252,672638,307.88654
10253,672713,385.11465
10254,672796,461.85483
10255,672883,446.38583
10256,672955,391.7061
10257,673024,352.7288
10258,673097,360.97342
10259,673197,537.2209
10260,673263,368.53156
10261,673347,416.35318
10262,673442,508.27045
10263,673506,308.18585
10264,673583,408.8351
10265,673677,468.65512
10266,673749,395.63226
10267,673813,313.1761
10268,673902,457.17227
10269,673978,378.37903
10270,674063,457.56543
10271,674127,291.19952
10272,674198,387.2377
10273,674302,494.27957
10274,674373,361.2502
10275,674450,395.35098
10276,674532,399.4503
10277,674608,346.0059
10278,674662,288.41745
10279,674771,502.4001
10280,674829,266.00705
10281,674901,382.50348
10282,674992,476.67245
10283,675062,372.19934
10284,675156,416.47122
10285,675227,344.14984
10286,675310,373.04196
10287,675392,429.3217
10288,675454,332.73074
10289,675512,272.9931
10290,675573,338.62643
10291,675647,392.966
10292,675732,439.0132
10293,675797,329.78186
10294,675903,542.8832
10295,675994,413.90393
10296,676084,456.21985
10297,676157,391.22052
10298,676219,324.824
10299,676298,427.27966
10300,676365,349.50818
10301,676472,570.63794
10302,676547,390.65125
10303,676608,328.0574
10304,676690,441.656
10305,676772,446.79013
10306,676895,650.70074
10307,676962,338.5461
10308,677058,490.4479
10309,677136,410.8901
10310,677218,441.96564
10311,677283,334.06604
10312,677402,561.1775
10313,677482,440.15182
10314,677554,383.2855
10315,677645,476.61267
10316,677750,559.7121
10317,677812,312.63577
10318,677896,447.16983
10319,677963,354.94788
10320,678051,447.65298
10321,678144,517.9303
10322,678249,504.78152
10323,678329,409.60657
10324,678414,455.304
10325,678513,456.3274
10326,678592,397.99564
10327,678680,469.09988
10328,678751,377.93158
10329,678806,289.998
10330,678880,371.7443
10331,678945,347.25696
10332,679035,475.20834
10333,679104,377.4049
10334,679165,308.3175
10335,679254,479.01556
10336,679367,543.2214
10337,679452,451.32178
10338,679539,467.88223
10339,679603,342.0309
10340,679685,436.8592
10341,679751,354.00888
10342,679842,486.0207
10343,679912,360.5521
10344,680017,569.3443
10345,680087,378.63602
10346,680148,285.106
10347,680230,434.27933
10348,680363,598.95197
10349,680445,435.15747
10350,680522,390.47412
10351,680598,413.5433
10352,680658,328.7308
10353,680726,372.4901
10354,680795,372.32748
10355,680864,342.786
10356,680952,477.2668
10357,681044,458.1203
10358,681121,388.2845
10359,681196,387.85498
10360,681260,316.4312
10361,681332,362.15378
10362,681400,364.6933
10363,681557,843.5756
10364,681641,445.5957
10365,681695,285.68854
10366,681776,437.1532
10367,681845,377.34732
10368,681954,558.2324
10369,682054,544.27997
10370,682163,558.9069
10371,682246,437.18158
10372,682323,414.62393
10373,682418,506.88727
10374,682478,323.47803
10375,682578,560.09186
10376,682709,635.77026
10377,682785,416.19272
10378,682857,370.6517
10379,682943,416.53143
10380,683002,286.4752
10381,683112,578.19867
10382,683197,455.9293
10383,683262,347.78955
10384,683326,349.7381
10385,683385,300.7693
10386,683475,503.10162
10387,683544,366.93573
10388,683620,406.8407
10389,683699,382.16278
10390,683769,374.39508
10391,683856,465.69516
10392,683936,432.94656
10393,683995,312.90982
10394,684121,670.5204
10395,684191,381.1451
10396,684251,295.27386
10397,684338,464.60233
10398,684431,473.28015
10399,684542,562.70544
10400,684639,508.43982
10401,684697,285.99066
10402,684771,386.0999
10403,684816,225.6518
10404,684892,392.8086
10405,684952,294.42572
10406,685073,650.6112
10407,685164,481.0044
10408,685268,477.21185
10409,685334,341.88675
10410,685403,364.60538
10411,685526,625.5466
10412,685592,325.67862
10413,685669,412.50937
10414,685788,630.165
10415,685895,568.0843
10416,685987,435.2832
10417,686063,412.9377
10418,686192,690.6841
10419,686312,606.53516
10420,686390,428.9871
10421,686460,391.16714
10422,686537,412.92654
10423,686590,246.51357
10424,686666,409.27106
10425,686742,367.06317
10426,686803,277.58478
10427,686856,270.79483
10428,686947,497.2147
10429,687014,363.92877
10430,687096,453.04364
10431,687166,353.43484
10432,687270,538.3882
10433,687371,456.3093
10434,687447,400.9187
10435,687571,682.0471
10436,687659,471.30002
10437,687720,334.96942
10438,687795,352.0235
10439,687867,399.97467
10440,687946,414.2622
10441,688022,399.7702
10442,688088,362.3968
10443,688197,570.92
10444,688259,347.13522
10445,688341,443.38705
10446,688442,525.9712
10447,688496,263.686
10448,688586,499.1658
10449,688662,408.57584
10450,688738,408.8969
10451,688791,293.27988
10452,688876,430.97543
10453,688989,591.66864
10454,689071,437.3745
10455,689120,250.73016
10456,689196,416.27536
10457,689283,455.74707
10458,689351,318.90784
10459,689428,421.16714
10460,689497,358.62546
10461,689565,334.29852
10462,689636,370.1543
10463,689774,732.6033
10464,689839,339.98404
10465,689932,511.80173
10466,690000,356.4033
10467,690082,428.1908
10468,690146,335.96774
10469,690231,444.30603
10470,690322,502.29074
10471,690376,290.21576
10472,690485,575.3893
10473,690559,384.41837
10474,690609,261.80185
10475,690677,366.71924
10476,690744,331.9714
10477,690844,531.51135
10478,690953,499.11624
10479,691024,375.2824
10480,691107,427.94864
10481,691178,370.00653
10482,691303,632.61
10483,691386,396.19333
10484,691444,303.77225
10485,691506,318.0636
10486,691600,449.9602
10487,691675,409.76004
10488,691760,443.0205
10489,691868,581.64764
10490,691926,317.0897
10491,691997,385.47476
10492,692075,424.56232
10493,692143,362.17212
10494,692203,276.6023
10495,692260,275.91168
10496,692342,373.1189
10497,692425,444.81042
10498,692510,474.13837
10499,692616,585.0669
10500,692711,516.1773
10501,692787,409.6906
10502,692850,322.42462
10503,692936,457.67514
10504,693039,535.1363
10505,693121,445.18762
10506,693200,423.7525
10507,693276,381.02213
10508,693346,343.89227
10509,693407,295.98227
10510,693486,421.26315
10511,693586,516.6247
10512,693645,314.47205
10513,693783,735.5991
10514,693847,299.8362
10515,693925,404.7794
10516,694009,465.1493
10517,694111,560.3657
10518,694176,357.89963
10519,694258,458.62405
10520,694322,339.82346
10521,694417,422.98663
10522,694471,295.56982
10523,694523,257.3458
10524,694618,503.4738
10525,694678,302.06088
10526,694756,414.4299
10527,694832,354.09848
10528,694914,463.1672
10529,694968,292.50107
10530,695042,399.88995
10531,695156,608.45966
10532,695246,461.57733
10533,695318,368.56985
10534,695374,305.14438
10535,695445,399.63663
10536,695533,484.3773
10537,695599,340.61273
10538,695655,284.5649
10539,695738,435.78262
10540,695813,416.61786
10541,695889,410.2251
10542,695976,474.5879
10543,696049,402.75076
10544,696177,656.76447
10545,696276,529.7629
10546,696374,508.81696
10547,696441,345.7575
10548,696494,290.1563
10549,696585,478.12866
10550,696656,382.12888
10551,696724,301.38467
10552,696786,331.64966
10553,696846,308.3903
10554,696938,425.0888
10555,697033,494.6661
10556,697135,504.4011
10557,697256,599.9356
10558,697359,548.4491
10559,697434,406.68484
10560,697506,376.42838
10561,697586,431.44614
10562,697649,317.50446
10563,697730,396.52435
10564,697806,403.04703
10565,697903,494.89746
10566,697990,484.16968
10567,698064,361.13004
10568,698140,412.81854
10569,698232,482.70663
10570,698294,341.68082
10571,698391,519.5013
10572,698449,306.7892
10573,698523,399.66205
10574,698604,452.14005
10575,698681,409.08295
10576,698771,471.90955
10577,698834,347.6126
10578,698905,382.85684
10579,698983,437.06458
10580,699073,482.20447
10581,699163,407.2665
10582,699228,349.66605
10583,699307,406.5626
10584,699381,389.58478
10585,699481,521.1389
10586,699609,618.6643
10587,699677,361.80975
10588,699766,458.81024
10589,699850,459.43423
10590,699944,490.9245
10591,700072,636.4689
10592,700171,515.9251
10593,700247,424.7982
10594,700338,487.4086
10595,700435,509.00888
10596,700507,332.09406
10597,700594,404.5437
10598,700690,511.16766
10599,700740,254.8996
10600,700823,403.32742
10601,700892,352.04126
10602,700987,502.58508
10603,701094,504.69446
10604,701169,397.02243
10605,701243,355.79178
10606,701344,514.6214
10607,701439,520.9244
10608,701494,296.9621
10609,701566,376.75134
10610,701655,483.01593
10611,701736,425.76566
10612,701801,349.37274
10613,701887,392.58075
10614,701967,391.39285
10615,702041,393.20392
10616,702195,790.7266
10617,702248,285.9365
10618,702337,447.15784
10619,702426,430.6566
10620,702529,558.72595
10621,702621,472.42972
10622,702689,349.9998
10623,702788,512.4638
10624,702878,495.80878
10625,702932,287.09293
10626,703032,491.98053
10627,703141,497.7951
10628,703199,311.0237
10629,703264,335.57584
10630,703353,470.26227
10631,703420,311.19043
10632,703507,459.3851
10633,703590,452.28702
10634,703665,403.6272
10635,703745,365.89374
10636,703850,500.533
10637,703972,633.50305
10638,704032,312.77594
10639,704173,732.012
10640,704258,453.99265
10641,704351,457.5349
10642,704420,333.2499
10643,704495,388.69064
10644,704557,334.42282
10645,704625,346.42563
10646,704705,435.283
10647,704764,287.7719
10648,704857,481.04178
10649,704945,480.59116
10650,705011,308.29602
10651,705074,337.94232
10652,705154,428.12637
10653,705228,378.15494
10654,705295,374.69333
10655,705360,355.17657
10656,705442,445.06534
10657,705520,383.99286
10658,705587,371.5491
10659,705716,679.32324
10660,705804,492.8992
10661,705874,314.0584
10662,705984,593.64215
10663,706044,320.0931
10664,706099,279.46356
10665,706187,414.7088
10666,706291,527.61993
10667,706351,303.11005
10668,706416,341.9636
10669,706470,295.2391
10670,706532,296.17242
10671,706665,703.31384
10672,706729,346.178
10673,706835,558.2497
10674,706920,460.21588
10675,706987,343.69434
10676,707047,316.793
10677,707161,594.6117
10678,707227,335.02542
10679,707305,406.81744
10680,707374,372.61307
10681,707459,454.75266
10682,707527,372.88504
10683,707614,408.3374
10684,707715,503.55743
10685,707791,379.98044
10686,707874,440.18204
10687,707963,473.9707
10688,708040,363.99384
10689,708116,402.1756
10690,708243,605.3639
10691,708317,395.2625
10692,708383,356.00766
10693,708426,198.74142
10694,708513,478.84912
10695,708576,331.04803
10696,708633,299.093
10697,708698,335.80377
10698,708762,353.662
10699,708830,356.6004
10700,708905,401.3971
10701,708982,413.08588
10702,709082,529.596
10703,709232,701.63666
10704,709284,273.45618
10705,709346,326.267
10706,709434,467.38477
10707,709501,359.04465
10708,709586,448.01743
10709,709687,536.6366
10710,709757,347.2658
10711,709818,322.42297
10712,709879,321.38043
10713,709948,369.24747
10714,710020,352.53052
10715,710105,460.7735
10716,710181,414.70364
10717,710253,390.0214
10718,710304,268.30142
10719,710385,412.22067
10720,710449,344.541
10721,710513,296.48975
10722,710608,434.13156
10723,710681,375.08063
10724,710747,351.8086
10725,710829,430.35898
10726,710898,373.37402
10727,710981,414.32184
10728,711066,404.89682
10729,711204,686.15155
10730,711289,476.3177
10731,711396,548.1828
10732,711469,391.83304
10733,711543,367.20972
10734,711623,437.689
10735,711711,417.22455
10736,711787,416.78
10737,711847,314.1712
10738,711945,488.44812
10739,712017,378.44046
10740,712123,560.3194
10741,712183,306.1531
10742,712245,324.9425
10743,712366,661.96747
10744,712459,502.5969
10745,712511,278.24225
10746,712594,392.7304
10747,712663,374.94992
10748,712725,334.35245
10749,712788,340.03064
10750,712883,504.40097
10751,712956,376.6687
10752,713057,555.26495
10753,713156,534.729
10754,713241,452.73715
10755,713307,353.32336
10756,713439,625.8429
10757,713504,340.15018
10758,713584,398.03442
10759,713657,359.71976
10760,713743,430.3576
10761,713807,301.95532
10762,713884,425.01724
10763,713997,599.14154
10764,714054,310.14163
10765,714137,459.46463
10766,714207,359.0732
10767,714282,402.2599
10768,714344,349.35617
10769,714429,471.37585
10770,714507,424.29102
10771,714596,435.32568
10772,714673,404.2183
10773,714735,340.21405
10774,714894,783.3359
10775,714963,375.39597
10776,715024,325.15598
10777,715110,463.43283
10778,715189,436.34753
10779,715281,505.64188
10780,715339,314.2345
10781,715405,327.6205
10782,715500,502.5431
10783,715586,465.70074
10784,715692,554.90405
10785,715769,386.5338
10786,715847,421.84518
10787,715943,500.78073
10788,716007,346.91922
10789,716080,343.8884
10790,716147,360.1667
10791,716232,429.15182
10792,716316,442.23593
10793,716382,353.3233
10794,716490,566.8197
10795,716558,362.42667
10796,716630,342.52798
10797,716771,739.79755
10798,716870,519.1682
10799,716935,342.95135
10800,717028,489.32938
10801,717096,363.4699
10802,717182,411.36923
10803,717247,339.60364
10804,717347,535.28174
10805,717452,476.87704
10806,717516,344.05893
10807,717579,322.92468
10808,717646,348.31708
10809,717716,337.2143
10810,717797,434.94373
10811,717877,421.36682
10812,718007,669.12
10813,718128,601.8769
10814,718264,652.86743
10815,718356,490.26974
10816,718412,307.65793
10817,718491,426.95316
10818,718586,438.55417
10819,718667,427.00232
10820,718733,350.15182
10821,718826,434.12787
10822,718877,260.12115
10823,718945,317.80142
10824,719068,648.22705
10825,719139,378.3847
10826,719221,460.9393
10827,719298,374.81622
10828,719362,276.5373
10829,719444,425.11484
10830,719520,387.87445
10831,719581,311.31152
10832,719651,378.4757
10833,719738,479.6409
10834,719823,450.92084
10835,719921,515.40674
10836,719989,355.2674
10837,720068,414.30356
10838,720131,325.34494
10839,720214,378.94385
10840,720281,303.23447
10841,720376,465.9481
10842,720458,399.4665
10843,720549,500.922
10844,720645,494.94324
10845,720733,481.0216
10846,720778,211.73514
10847,720864,377.1546
10848,720942,415.6368
10849,721037,489.59186
10850,721099,318.4024
10851,721178,351.5071
10852,721217,215.71341
10853,721290,317.38492
10854,721382,490.56958
10855,721458,358.56915
10856,721520,340.1267
10857,721574,277.2109
10858,721676,551.072
10859,721851,918.0973
10860,721937,432.99176
10861,722033,509.3892
10862,722096,337.7225
10863,722200,552.7578
10864,722256,262.25333
10865,722385,659.6004
10866,722504,581.2904
10867,722582,416.46692
10868,722647,340.40198
10869,722713,355.90585
10870,722777,358.62463
10871,722857,438.7099
10872,722951,492.6142
10873,723001,271.78488
10874,723087,450.51477
10875,723159,390.23447
10876,723229,365.84094
10877,723315,434.1361
10878,723383,377.60107
10879,723460,412.3226
10880,723536,413.4976
10881,723620,461.33118
10882,723691,384.48578
10883,723764,326.50702
10884,723836,396.26645
10885,723945,573.8161
10886,724015,380.67865
10887,724075,299.2794
10888,724153,413.74225
10889,724223,317.64645
10890,724295,389.07312
10891,724419,589.86017
10892,724530,553.3245
10893,724601,364.68002
10894,724673,392.09778
10895,724774,529.1743
10896,724849,397.97073
10897,724939,442.5189
10898,725006,355.22708
10899,725146,711.82654
10900,725251,550.30194
10901,725331,431.124
10902,725417,438.29456
10903,725482,338.50504
10904,725564,429.03314
10905,725652,404.87698
10906,725739,460.21423
10907,725837,435.95544
10908,725913,379.05756
10909,726005,481.3652
10910,726071,347.53424
10911,726155,457.98434
10912,726242,469.9582
10913,726321,423.13306
10914,726410,470.9933
10915,726481,344.6745
10916,726550,318.74542
10917,726668,636.1211
10918,726764,505.0375
10919,726856,504.5214
10920,727009,762.1432
10921,727065,301.22498
10922,727141,407.51904
10923,727264,605.2009
10924,727337,332.35394
10925,727406,344.8656
10926,727501,486.25317
10927,727597,510.22464
10928,727672,388.86755
10929,727758,464.88806
10930,727836,364.76083
10931,727951,580.30475
10932,728024,328.94174
10933,728128,512.10077
10934,728215,436.2045
10935,728261,244.95935
10936,728385,653.2892
10937,728481,527.68884
10938,728550,331.70242
10939,728642,488.42148
10940,728713,388.6471
10941,728832,537.2204
10942,728948,528.5399
10943,729017,373.06393
10944,729104,473.76776
10945,729169,352.38904
10946,729235,346.17395
10947,729315,416.29868
10948,729396,372.51187
10949,729487,473.63025
10950,729559,316.4655
10951,729639,391.42267
10952,729722,398.14066
10953,729822,536.2373
10954,729866,233.4952
10955,729923,283.03018
10956,729999,398.61142
10957,730066,373.15536
10958,730133,365.55627
10959,730219,391.06516
10960,730324,539.06104
10961,730430,486.49234
10962,730505,358.42224
10963,730583,387.65918
10964,730658,402.49704
10965,730739,419.30832
10966,730852,525.6627
10967,730925,371.794
10968,731006,364.11417
10969,731076,329.7241
10970,731167,425.50116
10971,731235,362.45862
10972,731293,300.00793
10973,731373,353.08374
10974,731469,509.72873
10975,731565,476.01367
10976,731669,496.38605
10977,731742,376.24146
10978,731806,336.5116
10979,731874,358.3117
10980,731945,329.8868
10981,732014,367.7142
10982,732110,457.0477
10983,732157,226.29272
10984,732234,383.6823
10985,732290,275.56104
10986,732369,416.4543
10987,732431,311.69836
10988,732505,397.813
10989,732568,318.01962
10990,732664,497.92422
10991,732774,535.61
10992,732848,381.58047
10993,732919,322.6338
10994,733003,457.43777
10995,733075,402.15375
10996,733204,687.1329
10997,733295,488.95416
10998,733372,421.12723
10999,733456,450.70502
11000,733536,408.48343
11001,733603,318.5932
11002,733664,309.66318
11003,733726,324.55432
11004,733798,387.3531
11005,733859,269.18372
11006,733922,327.69165
11007,733987,342.93756
11008,734065,422.9333
11009,734141,418.09787
11010,734209,310.19974
11011,734271,334.74515
11012,734356,417.15018
11013,734446,484.60046
11014,734515,376.06686
11015,734642,644.9844
11016,734708,340.0242
11017,734778,380.595
11018,734845,365.17075
11019,734946,448.73587
11020,735063,548.7337
11021,735165,524.82306
11022,735242,413.84866
11023,735331,475.15118
11024,735397,316.413
11025,735455,316.5238
11026,735520,354.15314
11027,735641,625.2621
11028,735736,522.3138
11029,735863,631.0525
11030,735962,525.1749
11031,736035,383.90912
11032,736104,376.93024
11033,736177,401.57288
11034,736259,441.4284
11035,736324,352.40793
11036,736396,390.30322
11037,736472,410.86276
11038,736576,487.50864
11039,736682,566.4615
11040,736780,506.6888
11041,736921,771.04254
11042,736998,367.71417
11043,737087,467.90414
11044,737169,445.01727
11045,737246,412.33893
11046,737336,412.73972
11047,737424,484.5931
11048,737503,421.1723
11049,737557,278.9307
11050,737620,334.50586
11051,737703,366.7727
11052,737799,513.8786
11053,737866,351.7786
11054,737951,460.07916
11055,738032,393.39014
11056,738127,510.91956
11057,738172,240.49529
11058,738224,277.75247
11059,738294,367.23294
11060,738375,387.07678
11061,738436,317.85748
11062,738497,298.81494
11063,738609,532.32935
11064,738693,448.06793
11065,738766,397.11954
11066,738849,423.08603
11067,738937,474.5255
11068,738996,311.01703
11069,739089,508.5993
11070,739161,385.16534
11071,739217,267.5438
11072,739273,282.6459
11073,739349,386.13992
11074,739421,375.7942
11075,739501,427.89038
11076,739568,349.38812
11077,739630,330.94672
11078,739687,301.92355
11079,739747,313.73737
11080,739824,410.97464
11081,739943,616.1762
11082,740064,606.1249
11083,740136,338.43945
11084,740237,488.01117
11085,740323,381.48685
11086,740392,380.95715
11087,740464,373.38266
11088,740516,276.8035
11089,740582,329.7164
11090,740663,367.47772
11091,740738,405.77423
11092,740836,530.3133
11093,740985,769.08466
11094,741056,330.60812
11095,741140,410.9198
11096,741230,400.7691
11097,741306,411.65982
