episodio,pasos,recompensa
1,23,-24.852585
2,166,-152.45338
3,221,-40.980553
4,234,-15.3440895
5,249,-15.071013
6,271,-24.414955
7,301,-27.992577
8,405,-33.931587
9,485,-77.72127
10,518,-39.57987
11,557,-8.239163
12,573,-19.042805
13,648,-74.47178
14,660,-18.714357
15,730,-37.503056
16,787,-35.131195
17,807,-8.4992075
18,931,-227.97932
19,1011,-63.697445
20,1056,-18.643139
21,1076,-12.117746
22,1106,-29.252266
23,1123,-26.548033
24,1199,-123.58711
25,1219,-23.995455
26,1282,-68.46883
27,1602,-399.2476
28,1643,-41.022495
29,1676,-37.04387
30,1692,-19.822552
31,1778,-113.72439
32,1793,-5.8055086
33,1826,-20.59701
34,1864,-23.213602
35,1907,-57.19432
36,1934,-8.456604
37,1957,-11.068035
38,1990,-31.981457
39,2038,-31.42095
40,2057,-24.13113
41,2090,-29.281199
42,2265,-103.10831
43,3265,-896.03235
44,3306,-40.18275
45,3525,-196.35622
46,3631,-141.73798
47,3714,-102.680374
48,3733,-11.215276
49,3748,-12.907662
50,3870,-103.51705
51,3920,-56.71427
52,4077,-130.87608
53,4136,-41.471867
54,4158,-29.902718
55,4172,-16.893503
56,4181,-19.07423
57,4232,-51.664986
58,4308,-99.71718
59,5308,-978.5313
60,5338,-14.491965
61,5358,-23.746248
62,5380,-16.959976
63,5412,-24.342245
64,5446,-40.04136
65,5497,-53.182446
66,5547,-88.35975
67,5612,-92.15551
68,5644,-45.163357
69,5678,-30.688427
70,5703,-24.057236
71,5726,-28.774506
72,5764,-30.96378
73,6133,-392.13437
74,6150,-11.133119
75,6179,-22.189438
76,6189,-7.78309
77,6203,3.8365788
78,6252,-55.381435
79,6308,-26.544273
80,6366,-45.92079
81,6381,-17.100832
82,6454,-100.62805
83,6501,-20.627012
84,6541,-30.279186
85,6555,-17.941647
86,6591,-45.36765
87,6635,-41.96659
88,6789,-206.08206
89,6835,-37.62443
90,6871,-32.079624
91,6890,-27.619686
92,6920,-38.245716
93,7099,-173.29826
94,7118,-11.510104
95,7140,-20.072462
96,7180,-58.59948
97,7228,-12.530978
98,7269,-41.133194
99,7299,-26.354591
100,7366,-27.776546
101,7386,-3.6646168
102,7407,-10.153065
103,7434,-23.72736
104,7448,-11.212385
105,7536,32.722103
106,7603,0.12094101
107,7644,-55.55448
108,7661,-30.61523
109,7729,-32.809937
110,8729,-967.03656
111,8753,-13.358771
112,8822,-41.707863
113,8923,-171.90434
114,8938,-19.387829
115,9012,-87.79187
116,9144,-178.2085
117,9186,-72.60077
118,9220,-53.922916
119,9326,-152.03873
120,9409,-112.7176
121,9424,-6.826306
122,9438,-23.954218
123,9555,-84.93234
124,9596,-18.059778
125,9644,-71.27889
126,9678,-40.290558
127,9698,-18.275263
128,9746,-64.68321
129,9800,-42.634686
130,9845,-84.14839
131,9938,-77.84219
132,10021,-102.16231
133,10118,-94.04405
134,10164,-40.246822
135,10340,-167.81688
136,10354,-2.5704849
137,10406,-83.72033
138,10444,15.180022
139,10462,-22.204145
140,10515,-40.559097
141,10584,-58.554607
142,10789,-276.26987
143,10809,-17.90128
144,10834,-5.2834
145,10860,-20.934856
146,10960,-109.55318
147,10974,0.41135436
148,11016,-30.154474
149,11034,-17.045177
150,11054,-30.479774
151,11154,-104.26214
152,11185,-32.104416
153,11199,-15.029004
154,11231,-25.054857
155,11283,-59.061207
156,11337,-65.24448
157,11388,-24.64239
158,11404,-15.120279
159,11432,-32.091946
160,11514,-125.49061
161,11609,-140.50145
162,11635,-29.209259
163,11704,-48.801655
164,12704,-901.4972
165,12735,-27.807175
166,12754,-24.29458
167,12794,-17.528038
168,12820,-32.304405
169,12837,-25.2451
170,12886,-55.517708
171,13037,-117.02838
172,13137,-81.993324
173,13144,-12.033257
174,13157,-18.178461
175,13254,-110.70585
176,13314,-27.967358
177,13396,-135.39388
178,13473,-101.1742
179,13498,-23.650303
180,13572,-106.662415
181,13617,-17.545046
182,13632,-2.2045083
183,13658,-16.85772
184,14658,-860.9157
185,15658,-961.3052
186,15727,-26.605635
187,15853,-66.48763
188,15931,-83.12999
189,15944,-6.1365976
190,15957,-9.548082
191,16005,-47.85341
192,16022,-22.905922
193,16049,-17.439167
194,16098,-63.6005
195,16162,-70.278786
196,16213,-41.09652
197,17213,-800.11127
198,17231,-29.164684
199,17292,-62.227722
200,17313,-42.301647
201,17327,9.084019
202,17340,-16.858036
203,18340,-939.26416
204,18421,-56.630783
205,18463,-30.296112
206,19463,-913.0187
207,19483,-25.415148
208,19498,-3.360837
209,19557,-57.202526
210,19596,-54.42395
211,19608,-6.2069798
212,19628,-16.76494
213,19644,-7.848237
214,19661,-12.415689
215,19679,-19.830677
216,20679,-830.3992
217,20729,-38.20125
218,20787,-19.41799
219,20810,-25.220629
220,20839,-32.04948
221,20863,-18.178638
222,21040,-206.604
223,21145,-92.594505
224,21157,-15.173292
225,21249,-47.310093
226,21270,-9.551397
227,21290,-20.042032
228,21323,-27.781155
229,21351,-20.709908
230,21476,-36.737297
231,21495,-20.866865
232,21518,-19.256622
233,21544,-30.424557
234,21591,1.8319532
235,21610,-26.132143
236,21642,-29.50365
237,21664,-14.755919
238,21687,-26.240387
239,21706,-11.76372
240,21725,-24.01232
241,21749,-27.876217
242,21791,-19.584276
243,21802,-6.0716963
244,21854,-6.179248
245,21907,-70.12616
246,21928,-27.955347
247,22050,-132.15602
248,22091,-26.533115
249,22143,-67.61362
250,22161,-16.32718
251,22172,-11.019978
252,22190,-4.2602267
253,22212,-9.125264
254,22341,-31.5512
255,22378,-15.524143
256,22429,-58.772705
257,22549,-131.95613
258,22639,-26.451586
259,22656,-10.064856
260,22735,-104.14388
261,22789,-33.370083
262,22818,-20.846142
263,22838,-14.520041
264,22918,-73.06827
265,22928,-7.5665736
266,23001,-93.65626
267,23070,-55.698624
268,23194,-85.70053
269,23228,-33.864323
270,23240,-8.6574545
271,23307,-53.133766
272,23324,-20.288351
273,23338,-15.856725
274,23405,-37.029957
275,23424,-16.381819
276,23438,-3.9945683
277,23456,-26.832125
278,23481,-16.152563
279,23497,-14.30223
280,23546,-39.69861
281,23642,-115.59995
282,23673,-28.573584
283,23713,-42.985138
284,23759,-40.657764
285,23829,-84.69558
286,23852,-19.460714
287,23885,-32.204967
288,23927,-53.769096
289,23961,-32.03652
290,24055,-87.88734
291,24072,-18.450544
292,24159,-71.5656
293,24192,-54.228333
294,24358,-160.04245
295,24462,-37.601784
296,24479,-24.87045
297,24497,-17.781042
298,24508,-7.653675
299,24544,-36.293285
300,24569,-26.874716
301,24618,-35.983124
302,24668,-16.837988
303,24765,-76.63986
304,24869,-54.02461
305,24889,-23.730045
306,24908,-17.97756
307,24967,-80.10094
308,24982,-11.93119
309,25069,-133.49124
310,25121,-36.2871
311,25133,-10.669468
312,25146,-12.292915
313,25171,2.8023229
314,25214,-26.325603
315,25348,-52.373295
316,25374,-29.304585
317,25418,-27.126455
318,25453,-17.361591
319,25465,3.3180788
320,25522,-77.84682
321,25535,-16.587234
322,25633,-69.89762
323,26384,-632.3851
324,26403,-25.739506
325,26419,-22.072123
326,26505,-75.087425
327,26518,-17.188633
328,26533,-7.8589206
329,26561,-22.35572
330,26620,-32.74257
331,26638,-22.060957
332,26716,-92.001595
333,26809,-88.13848
334,26827,-17.850597
335,26849,-22.979948
336,26905,-48.15803
337,26936,-24.887388
338,26972,-6.1620626
339,26995,-20.091185
340,27094,-122.77423
341,27149,-41.691795
342,27226,-114.32407
343,27277,-47.760773
344,27287,-5.7626905
345,27379,-139.30771
346,27391,-8.810443
347,27445,-11.084318
348,27516,-56.784893
349,28516,-872.07355
350,28565,-39.133858
351,28584,-8.364497
352,28676,-57.899837
353,28702,-11.415869
354,28734,-41.905582
355,28761,-39.12755
356,28814,-41.46286
357,28826,-10.1675005
358,29826,-862.26855
359,29890,-5.4606657
360,29922,-46.056038
361,29936,-17.632252
362,29950,-5.780932
363,30043,-61.55932
364,30069,-25.517029
365,30142,-66.153885
366,30165,-19.153471
367,30172,-5.816696
368,31172,-817.6325
369,31223,-35.182602
370,31243,-8.141217
371,31275,-12.335042
372,31407,-63.703926
373,31437,-32.891422
374,31455,-4.1445436
375,31537,-101.10487
376,31608,-41.604527
377,31706,-80.69778
378,31714,-8.132163
379,31737,-30.594328
380,31756,-9.145187
381,32756,-811.0636
382,32779,-25.820831
383,32802,-28.107653
384,32833,-25.657679
385,32865,-17.187922
386,32897,-1.458909
387,32916,-23.467209
388,33069,-150.4644
389,33164,-33.56608
390,33208,-10.752329
391,33233,-4.6266623
392,33254,-11.92523
393,33278,4.6579866
394,33309,-33.007008
395,33324,-6.601849
396,33370,-51.49532
397,33382,-6.5890436
398,33406,-18.81798
399,33429,6.366231
400,33461,-38.425167
401,33532,-85.82153
402,33621,-41.379364
403,33644,-19.69511
404,33740,-109.708725
405,33775,-10.414844
406,33797,-28.27185
407,34797,-824.4876
408,34842,-25.506773
409,34859,-10.834858
410,35859,-825.43115
411,36859,-856.4667
412,36894,-44.61032
413,36923,-12.722629
414,36950,-8.27247
415,36984,-42.05305
416,37018,-43.6324
417,37089,-31.334904
418,37180,-110.85425
419,37198,-22.447538
420,37237,-30.140944
421,37258,-16.10673
422,38258,-809.55786
423,39258,-873.95685
424,39298,-62.51141
425,39311,3.035028
426,39349,-4.1108675
427,39423,-36.379593
428,39456,-23.4006
429,39499,-60.958
430,39561,-130.18053
431,39590,-40.37963
432,39643,-50.878185
433,40643,-785.89014
434,40657,-17.718252
435,40670,-12.291485
436,40684,-7.932499
437,40696,-17.477146
438,40749,-10.712187
439,40851,-72.50478
440,40869,-10.028216
441,40952,-18.428467
442,40971,-24.979952
443,40999,-31.537956
444,41030,-37.657944
445,41042,-15.2069235
446,41053,-3.8990555
447,41079,-15.726136
448,41095,-10.816902
449,41125,-38.98526
450,41203,-80.52533
451,41241,-68.640854
452,41338,-69.4333
453,41456,-118.66504
454,41466,-2.7751431
455,41485,-4.733287
456,41508,-25.00757
457,41534,-24.840134
458,41590,-25.525562
459,41634,-30.865925
460,41654,-15.384754
461,41694,-29.819633
462,41715,-17.317991
463,41726,-4.7731814
464,41750,-24.020336
465,41903,-167.76663
466,41940,-44.21717
467,41953,-1.0485398
468,42036,5.736148
469,42122,-31.903448
470,42138,-16.17844
471,42182,-56.347454
472,42214,-24.418009
473,42263,-42.910755
474,42314,-11.194783
475,43314,-834.56555
476,43378,-110.272385
477,43421,-60.747437
478,43443,11.141626
479,43476,-19.122467
480,43558,-54.366142
481,43675,-70.96021
482,43684,-10.364085
483,43735,-69.40743
484,43750,-20.572231
485,43832,-86.72078
486,43977,-59.010998
487,43992,-9.610413
488,44017,-12.871952
489,44028,-14.710232
490,44074,-55.149235
491,44094,-12.969011
492,44126,-20.076912
493,44169,-13.193704
494,44204,-33.69603
495,44220,-16.495296
496,44251,-15.256898
497,44262,-4.303864
498,44292,-11.717332
499,45292,-764.1947
500,45305,-15.2113285
501,45347,9.552523
502,45418,-104.37721
503,45492,-9.613865
504,45509,-5.8101707
505,45555,-37.65935
506,45599,-46.566303
507,45629,-14.1091
508,45652,-38.802902
509,45667,-4.571236
510,45747,-49.479485
511,45798,-14.022514
512,45822,-27.639744
513,46822,-790.2751
514,46910,-104.30327
515,46945,3.401011
516,46966,-8.852257
517,47069,-26.847607
518,47111,-27.077309
519,47191,-71.608055
520,47345,-191.66478
521,47412,-52.556435
522,47494,-57.604706
523,47613,-117.06179
524,47643,-19.836939
525,47723,-78.2275
526,47748,-12.987085
527,47906,-65.65247
528,47929,-24.581142
529,47943,-2.4388578
530,48943,-821.96716
531,48973,-49.490597
532,49031,-6.0199533
533,49077,-36.70355
534,49133,5.401744
535,49147,-6.087282
536,49188,-23.172195
537,49211,-2.5233328
538,50211,-797.214
539,50238,-6.6093283
540,50387,-101.28494
541,50403,-34.355434
542,50429,-17.836168
543,50451,-11.106818
544,50468,-1.5584617
545,50499,-26.970684
546,51499,-806.5987
547,51622,-13.231043
548,51721,-51.779305
549,51754,-32.6057
550,51798,-19.74417
551,51854,-61.603813
552,51884,-32.414223
553,51897,-16.303923
554,51922,-10.557333
555,51935,-8.497836
556,51961,-28.878021
557,52010,-15.993924
558,52075,-21.184288
559,52089,-15.002342
560,52114,-17.027878
561,52325,-159.07907
562,52354,-3.3553255
563,52372,-14.359478
564,52411,-53.042965
565,52449,-36.40365
566,52463,-5.8399143
567,52490,-40.937035
568,52503,0.71110225
569,52528,-27.51749
570,53528,-815.8565
571,53549,-17.46957
572,53586,-13.504763
573,53618,-16.90286
574,53683,-52.544567
575,53700,-27.649878
576,53789,-100.00311
577,53812,-21.766592
578,53850,-45.064823
579,53891,-1.2794747
580,53935,-42.617027
581,53980,-36.02003
582,54052,-28.605848
583,54101,-42.84269
584,54143,-15.532608
585,54169,-39.055634
586,54183,-6.9955335
587,54908,-571.82904
588,54956,-14.075262
589,54984,-25.043993
590,55000,-6.6679373
591,55107,-5.5406647
592,55120,-7.5845146
593,55184,-73.72728
594,55227,-22.20127
595,55260,-56.722485
596,55276,-6.4881325
597,55389,-37.993652
598,55401,-5.699833
599,55433,-22.384415
600,55529,-45.03991
601,55626,-72.86743
602,55675,-37.894585
603,55740,-47.308365
604,55753,-9.08285
605,55786,-23.628328
606,55818,-45.119213
607,55826,-15.940918
608,55917,-48.0023
609,55953,-37.676228
610,55973,-38.421223
611,55983,-3.652392
612,56019,-9.761919
613,56089,-49.634483
614,56133,-42.58634
615,56158,-15.072514
616,57158,-763.60175
617,57191,-24.387535
618,57213,-18.493614
619,57234,-4.0665975
620,57249,-13.445971
621,57285,-11.178232
622,57299,2.5302072
623,57437,-140.6086
624,57576,-147.3296
625,57597,-14.305435
626,57618,-6.99177
627,58618,-790.05914
628,58632,-6.8792796
629,58644,0.947654
630,58699,-58.404488
631,58746,-26.320381
632,58760,-32.100426
633,59760,-826.06903
634,59804,-63.51435
635,59854,-46.207493
636,59891,-33.03614
637,59907,-25.155869
638,59938,-63.99885
639,59957,-21.50058
640,59982,-6.104048
641,60024,-33.77327
642,60127,-100.415085
643,60166,-28.464037
644,60199,-21.424345
645,60212,-21.552544
646,60267,-57.768482
647,60290,-30.100367
648,60305,-21.61018
649,60330,-9.95766
650,60361,-44.124714
651,60404,-18.964998
652,60448,-39.070644
653,60572,-57.74957
654,60640,-33.47621
655,60656,-16.035397
656,60709,-46.86509
657,60824,-78.94464
658,60900,-76.35137
659,60931,-58.63553
660,61016,-88.62029
661,61027,-10.116368
662,61099,-89.821655
663,61123,-17.477348
664,61148,-22.79247
665,61400,-99.83277
666,61445,-28.191372
667,61484,4.9616337
668,61525,-17.71327
669,61538,-5.9785385
670,61548,1.0534093
671,61564,-16.026266
672,61607,-11.520038
673,61667,-93.72085
674,61801,-70.34429
675,61821,-5.828935
676,61841,-35.426605
677,62841,-719.55206
678,62919,17.639065
679,62936,-18.78417
680,63596,-555.91626
681,63616,-4.7159514
682,63668,-28.76738
683,63758,-66.84672
684,63827,-81.54553
685,63891,-25.030499
686,63903,-25.2207
687,63957,-35.297676
688,63981,-18.196283
689,64019,-53.011364
690,64032,-11.058412
691,64062,-26.336897
692,64135,-91.74178
693,64163,-7.2056
694,64185,-27.893145
695,64196,-2.6103234
696,64211,-8.562408
697,64264,-83.75595
698,65264,-768.94165
699,65310,-5.0264864
700,65379,-61.6142
701,65513,-108.18617
702,65528,-8.883473
703,65549,-31.288988
704,65604,-32.27012
705,65644,-8.83264
706,65686,-47.260746
707,65808,-199.09846
708,65823,-15.125335
709,65862,-41.5981
710,65890,3.3313012
711,65906,-18.31075
712,65945,0.81439686
713,65963,-14.3827715
714,65984,-24.67903
715,66032,-48.1105
716,66055,-22.989424
717,66112,-38.271
718,66164,-23.132063
719,66235,-61.301113
720,66263,-9.988628
721,66293,-29.75425
722,66317,-0.7064614
723,66349,-31.758389
724,66366,2.1501207
725,66532,-98.2674
726,66654,-76.259476
727,66686,-33.756523
728,66713,-29.293646
729,66834,-161.69644
730,66893,-7.85119
731,66905,-3.4193065
732,66991,-50.985943
733,67071,-42.742943
734,67111,-39.46511
735,67138,-32.670143
736,67218,-82.33934
737,67244,-11.10091
738,67259,-7.612787
739,67290,-5.3622956
740,67330,-19.641754
741,67421,-69.68932
742,68421,-846.28326
743,68434,-12.713896
744,69434,-772.9708
745,69492,-38.212234
746,69547,-32.087177
747,69660,-112.93815
748,69684,-17.251785
749,69714,-45.56821
750,69738,-7.614314
751,70738,-766.70953
752,70779,-4.322414
753,70808,-8.407642
754,70840,-15.694453
755,70862,-23.546545
756,70893,-30.392511
757,70908,-4.225695
758,70926,-10.919989
759,71017,-115.01314
760,71036,3.9529834
761,71055,-16.150906
762,71097,-22.797302
763,71118,-19.73616
764,71177,-55.8171
765,71230,-22.104593
766,71263,28.06239
767,71280,-27.151587
768,71317,-34.90864
769,71399,-31.514317
770,71423,-21.92237
771,71447,-3.5690975
772,71507,-76.75067
773,71522,-12.4035845
774,71591,-3.639636
775,71606,4.843762
776,71632,-22.536274
777,71770,-157.07027
778,71798,-37.24207
779,71876,-65.66872
780,71950,-21.024145
781,71973,-0.5811092
782,71993,0.07290763
783,72040,-37.998398
784,72054,5.2324557
785,72082,-25.134586
786,72141,-92.7419
787,73141,-826.61383
788,73187,27.833668
789,73216,-1.3332207
790,73238,-4.73195
791,73299,-52.887638
792,73381,-77.13381
793,73398,-23.659386
794,73410,-6.661146
795,73457,-20.40546
796,73692,-125.610245
797,73708,-6.374365
798,73758,-55.85712
799,73771,7.2733426
800,73801,-10.059532
801,73856,-62.31622
802,73867,-2.4362245
803,73891,-23.385715
804,73911,-6.3150887
805,73928,-5.7402706
806,73960,-44.476894
807,74011,-8.231436
808,74123,-56.934406
809,74215,-71.02705
810,74263,-66.32052
811,74285,-21.709885
812,74335,-69.34876
813,74377,-28.100183
814,74459,-53.94424
815,74478,-9.598953
816,74489,-9.713082
817,74515,7.6729174
818,74553,-16.551126
819,74605,-36.69984
820,74617,-5.573259
821,74650,14.937782
822,74668,-14.525848
823,74728,-68.09502
824,74765,-33.352913
825,74776,-10.932827
826,74814,-14.08719
827,74909,-88.95076
828,74948,-8.46867
829,74992,-37.701363
830,75493,-398.52014
831,75625,-78.406456
832,75643,-28.26491
833,75684,-49.42925
834,75705,2.555983
835,75720,-8.479022
836,75743,-27.366472
837,75780,-15.918858
838,75867,-48.081192
839,75924,-34.12287
840,75970,-21.050941
841,75988,-2.3330927
842,76094,-94.16426
843,76109,-17.192846
844,76134,-28.897776
845,76151,-0.07863641
846,77151,-691.0934
847,77174,11.624588
848,77249,-74.49715
849,77273,-48.737583
850,77321,-31.554752
851,77386,-2.5283346
852,77441,48.067974
853,77454,-21.036884
854,77469,-15.2734785
855,77483,-11.419047
856,77508,-0.96077704
857,77532,-16.363136
858,77593,-11.285379
859,77632,-4.733063
860,77682,-31.954918
861,77809,4.519133
862,77840,-9.633441
863,77872,-34.77992
864,77906,-5.0993314
865,78906,-698.8503
866,78922,-4.9630923
867,78953,-43.78013
868,78976,-27.39522
869,78994,17.488268
870,79034,-19.97906
871,79157,-41.830933
872,79177,-0.42100072
873,79194,-13.391198
874,79306,-57.5225
875,79360,-34.830513
876,79372,-12.684897
877,79415,-36.63181
878,79490,-13.523844
879,79556,-74.835625
880,79652,-94.118774
881,79702,-4.0697865
882,79779,-38.70544
883,79796,7.0044117
884,80796,-735.06665
885,80853,-31.95742
886,80887,-23.03505
887,80957,-10.063605
888,81020,-20.537224
889,81086,-11.369696
890,81113,-7.647177
891,81132,-14.430205
892,81223,-75.378296
893,81239,-9.84451
894,81329,-61.610043
895,81381,-24.73968
896,81410,-22.175095
897,81475,-13.548279
898,81509,-28.83011
899,81565,-58.627613
900,81615,-51.19408
901,81636,-11.2057705
902,82636,-715.26483
903,82699,-30.36979
904,82733,-12.752323
905,82815,-59.040108
906,82828,-8.803374
907,82902,-51.747707
908,82943,-31.199429
909,82990,-22.319874
910,83078,-79.965614
911,84078,-661.3601
912,84109,-43.433037
913,84129,0.20923603
914,84146,-21.359348
915,84162,-23.197565
916,84298,-0.15351146
917,84315,-13.928084
918,84328,-27.504473
919,84362,2.4937487
920,84401,10.220383
921,84413,-9.235405
922,84450,-13.358731
923,84469,-11.704125
924,84495,-34.566456
925,84578,-78.34541
926,84605,-27.183603
927,84675,-1.9426247
928,84702,-14.808688
929,84821,-134.62148
930,84857,-10.762402
931,84893,-13.920441
932,85023,-87.047585
933,85047,1.7097979
934,85082,-12.433687
935,85099,-21.044556
936,85111,-19.79381
937,85129,-1.7426003
938,85153,-5.734352
939,85243,-65.35075
940,85255,-8.047179
941,85305,1.2778534
942,85420,-87.36817
943,85560,-167.47835
944,85705,-129.90443
945,85794,-49.50842
946,85867,-84.46227
947,85881,-0.2114538
948,85955,-68.65933
949,85990,3.9422822
950,86011,16.978354
951,86061,-29.393839
952,86077,-11.589174
953,86131,-0.9772809
954,86184,-33.0257
955,86205,-11.668322
956,86232,-13.3093405
957,86251,-25.552036
958,86286,-19.403084
959,86340,-51.295673
960,86379,-0.010872774
961,86442,-55.291245
962,86514,-36.085556
963,86550,3.6707747
964,86582,-4.907316
965,86607,-2.1183698
966,86646,18.810797
967,86669,-13.726986
968,86709,-34.556526
969,86796,-71.87199
970,86820,4.978453
971,86877,-52.00944
972,86902,-16.648726
973,86937,-45.27064
974,86965,-45.50501
975,87035,-50.628906
976,87052,-11.211217
977,87125,-49.92303
978,87247,-102.275085
979,87285,-28.74258
980,87322,-30.944485
981,87341,-24.574299
982,87417,-50.29483
983,87467,-16.639772
984,87536,1.4627095
985,87651,-63.6004
986,87691,-19.17431
987,87705,-14.86178
988,87822,-117.29234
989,87849,-33.022476
990,87876,-6.122449
991,87892,-3.339393
992,87972,-54.469757
993,88089,-31.69616
994,88110,4.8695564
995,88153,2.9357257
996,88181,-13.911106
997,88195,-14.785475
998,88215,-27.902437
999,88287,-63.57545
1000,88308,-19.587147
1001,88335,-14.9523
1002,88348,-14.28774
1003,88362,-10.925363
1004,88463,-21.410297
1005,88627,-95.291275
1006,88671,-34.466908
1007,88691,6.6981416
1008,88745,2.738528
1009,88825,-15.570495
1010,88904,-161.10179
1011,88913,0.9286011
1012,88931,-11.610349
1013,88965,-16.670742
1014,89028,-35.415703
1015,89113,-60.23332
1016,89145,-9.601686
1017,89183,0.93893385
1018,89333,-123.01436
1019,89465,-16.044212
1020,89488,2.646475
1021,89579,-98.28743
1022,89649,-63.4338
1023,89669,-19.198475
1024,89741,-70.68395
1025,89802,-38.647438
1026,89845,-45.532425
1027,89864,-8.63054
1028,89900,-0.97883105
1029,90016,-110.11726
1030,90059,-4.254523
1031,90105,-26.06092
1032,90136,-25.995018
1033,90163,-17.93362
1034,90175,-2.6332848
1035,90298,-126.743484
1036,90344,-24.101664
1037,90424,-12.257387
1038,90508,-122.94208
1039,91508,-652.1462
1040,91525,-7.2500143
1041,91552,-28.538683
1042,91578,-9.003833
1043,91594,-21.71449
1044,91604,-7.0093007
1045,91636,-37.679634
1046,91657,-9.724481
1047,91694,-14.918904
1048,91714,-6.9402094
1049,91740,-3.1472063
1050,91775,-25.731134
1051,91803,-10.587041
1052,91835,-17.482891
1053,91873,-6.340958
1054,91889,-7.8165936
1055,91959,-43.37664
1056,92004,-15.297477
1057,92040,-10.030561
1058,92167,-114.94189
1059,92224,-34.941235
1060,92237,-6.1225896
1061,92253,-14.268004
1062,92277,-17.245691
1063,92324,18.790327
1064,92411,-5.202812
1065,92468,-13.190641
1066,92515,-62.19856
1067,92523,-4.8066974
1068,92545,5.604074
1069,92617,3.1261015
1070,92638,-12.097253
1071,92660,-1.570749
1072,93660,-747.16956
1073,94660,-682.30725
1074,94697,-32.917404
1075,94728,-5.112442
1076,94783,8.903879
1077,94800,-15.9287
1078,94812,-9.440666
1079,94869,1.2959803
1080,94888,-11.307054
1081,94958,-63.058636
1082,95002,-47.91247
1083,95026,-2.8567443
1084,95058,-16.015055
1085,95138,-21.547916
1086,95211,-75.61391
1087,95235,-3.9026551
1088,95363,-69.35809
1089,95404,-37.907642
1090,95423,-22.851841
1091,96116,-492.82407
1092,96133,-14.1048155
1093,96176,-21.936337
1094,96235,-27.099113
1095,96258,-26.309414
1096,96274,-8.0305
1097,96313,-68.107544
1098,96324,-11.949618
1099,96383,-9.868038
1100,96428,-11.028971
1101,96462,-19.192621
1102,96557,-51.748463
1103,96573,-22.691616
1104,96609,-24.228209
1105,96635,-8.673567
1106,96655,-5.1314807
1107,96671,-25.516459
1108,96688,-8.674477
1109,96707,-39.519817
1110,96731,4.5791426
1111,96743,3.0164647
1112,96801,-52.75396
1113,96841,-39.039375
1114,96875,0.282111
1115,96913,-22.28939
1116,97101,-207.15721
1117,97144,39.68944
1118,97185,-37.887867
1119,97224,-27.437366
1120,97252,-0.6604239
1121,97261,-7.4823856
1122,97294,1.4706509
1123,97330,-44.299095
1124,97368,20.31241
1125,97417,-55.01596
1126,97464,9.239472
1127,97616,-33.43757
1128,97702,-61.017475
1129,97771,-64.0833
1130,97789,-14.6502695
1131,97810,-10.78397
1132,97851,-42.717564
1133,97929,-23.379738
1134,97954,-7.0066495
1135,97990,-20.23846
1136,98009,-12.283078
1137,98049,-12.244423
1138,98084,-10.391242
1139,98102,4.1030755
1140,98173,-61.820747
1141,98195,-7.246793
1142,98209,-1.4729078
1143,98223,-18.21204
1144,98236,-7.7284994
1145,98273,-2.1713743
1146,98403,-129.45447
1147,98501,-26.468801
1148,98538,-8.894084
1149,98558,-10.0489
1150,98603,-43.852543
1151,98676,-1.1847037
1152,98711,5.8847113
1153,98741,-44.29247
1154,98751,6.8638697
1155,99751,-659.5995
1156,99791,-18.102587
1157,100791,-782.4739
1158,100836,-16.686062
1159,100853,-18.470837
1160,100880,-19.257498
1161,100893,-5.715543
1162,100932,-19.496704
1163,101007,-42.99446
1164,101081,-49.078083
1165,101166,-12.0406275
1166,101258,-50.1233
1167,101295,-23.690342
1168,101363,-56.018204
1169,101408,-9.204074
1170,101428,6.330977
1171,101471,-35.864735
1172,101502,-11.569303
1173,101532,-19.208406
1174,101549,-15.448535
1175,101575,-31.087568
1176,101614,-13.662282
1177,101641,0.9128401
1178,101830,-119.12677
1179,101935,1.6550101
1180,102077,-120.7763
1181,102141,-21.827114
1182,102164,-45.71146
1183,102173,-6.848479
1184,102200,-5.5813317
1185,102233,-0.21928374
1186,102245,-11.072893
1187,102279,-0.73433924
1188,102299,-15.865958
1189,102312,-13.525887
1190,102355,-39.545998
1191,102370,-15.478136
1192,102426,-81.10742
1193,102437,-13.6930485
1194,102485,-6.5175023
1195,102507,-26.813942
1196,102548,-64.4789
1197,102625,-58.797817
1198,102662,-13.0695
1199,102709,-27.809256
1200,102890,-96.3516
1201,102941,-22.954449
1202,102970,-22.868248
1203,103049,-44.5688
1204,103059,-9.03029
1205,103100,-48.32986
1206,103145,4.4045534
1207,103183,-16.731468
1208,103201,-2.2338347
1209,103212,-6.955001
1210,103225,-4.222372
1211,103253,6.5648003
1212,103311,-10.625928
1213,103360,-15.030988
1214,103394,33.697914
1215,103419,-2.6485565
1216,103506,-79.9665
1217,103545,-25.666758
1218,103557,-22.184982
1219,103581,-13.441538
1220,103644,-61.483795
1221,103667,-17.38187
1222,103692,-14.207629
1223,103780,-25.870018
1224,103807,-34.16145
1225,103821,-6.086378
1226,103855,-54.867424
1227,103921,-28.301472
1228,103955,-3.897388
1229,103970,-4.759849
1230,103988,-11.103385
1231,104031,-36.140923
1232,104067,-28.600145
1233,104078,6.2469873
1234,104139,-20.531952
1235,104246,-105.8816
1236,104261,4.603201
1237,104304,-15.020233
1238,104317,-8.624691
1239,104359,11.463786
1240,104421,-31.413277
1241,104449,-5.636816
1242,104462,16.174202
1243,104473,-2.735293
1244,104530,-73.446365
1245,104568,-33.962917
1246,104682,-100.258125
1247,104711,-16.74384
1248,104826,-52.413296
1249,104856,-41.258232
1250,104920,-41.081314
1251,104938,20.263199
1252,104957,-5.1321406
1253,105071,-107.04324
1254,105111,14.13141
1255,105145,4.555236
1256,105200,-26.569262
1257,105228,-25.864853
1258,105253,-33.11279
1259,105274,-39.084633
1260,105286,-6.3242927
1261,106286,-642.5514
1262,106324,-18.39545
1263,106350,-8.386311
1264,106391,-26.363327
1265,106420,-6.433844
1266,106470,-37.029766
1267,106480,-6.442048
1268,106495,-0.859306
1269,107495,-681.7495
1270,107563,-70.68425
1271,107577,0.20949349
1272,107687,-85.99364
1273,107698,-2.911144
1274,107774,-85.15284
1275,107819,-29.835962
1276,107959,-34.38211
1277,107973,-10.165598
1278,108001,-27.621933
1279,108042,-14.059926
1280,108064,-9.132021
1281,108082,-15.219892
1282,108095,-3.1332576
1283,108129,-9.282217
1284,108159,-11.753267
1285,108212,-27.455948
1286,108312,-111.90045
1287,108338,3.2694895
1288,108378,-25.753735
1289,108399,8.801871
1290,108439,-26.769724
1291,108463,-6.092993
1292,108483,-15.154148
1293,108499,-8.103468
1294,108526,-18.798378
1295,108557,-0.45379758
1296,109557,-673.0202
1297,109567,-11.17379
1298,109706,-129.5268
1299,109722,-1.1584736
1300,109734,-17.78026
1301,109758,-15.292829
1302,109775,-16.944284
1303,109788,-7.360099
1304,109811,-4.582501
1305,109839,-38.16185
1306,109897,26.390137
1307,110897,-670.38544
1308,110927,-19.251226
1309,110986,-71.106255
1310,111049,-20.224663
1311,111066,-6.190515
1312,111091,-6.6121473
1313,111119,-20.904966
1314,111169,-1.6928251
1315,111189,-8.2222185
1316,111262,-72.52397
1317,111289,-14.902903
1318,111409,31.342323
1319,111468,-45.441055
1320,111508,-28.310427
1321,111524,1.0418054
1322,111545,-16.387146
1323,111617,-94.99658
1324,111669,-74.99108
1325,111683,-9.225324
1326,111714,-19.615692
1327,111737,4.147041
1328,111752,-17.422342
1329,111806,-47.50637
1330,111857,-1.440149
1331,111881,-12.124014
1332,112741,-529.5064
1333,112765,-29.020937
1334,112806,-22.040678
1335,112824,-8.841654
1336,113824,-751.82007
1337,113855,-28.083378
1338,113888,-55.927597
1339,114034,8.503335
1340,114070,-17.973402
1341,114083,-18.97765
1342,114105,-17.558926
1343,114226,-29.826344
1344,114240,-13.276312
1345,114253,3.6126273
1346,114268,-11.60527
1347,114281,0.99597013
1348,115281,-656.23895
1349,115298,0.9328692
1350,115327,-19.693932
1351,115364,-26.24606
1352,115409,-49.929646
1353,115432,-15.721993
1354,115480,-15.689702
1355,115495,-2.3101988
1356,115504,-7.7009892
1357,115524,-5.1163917
1358,115588,-36.020405
1359,115626,-15.73817
1360,115678,-14.388814
1361,115717,-35.41348
1362,115793,-1.0057776
1363,115860,-48.54119
1364,115898,2.6161165
1365,115928,-9.33418
1366,115986,4.2648897
1367,115997,-5.0053706
1368,116026,0.54089916
1369,116065,5.4640007
1370,116101,-7.110559
1371,116127,-10.525098
1372,116182,-11.763632
1373,116216,-22.527649
1374,116264,-58.210308
1375,116276,-12.335865
1376,116288,-7.5577593
1377,116324,-5.201482
1378,116360,-12.843568
1379,116439,7.7382216
1380,116531,-89.87474
1381,116552,-27.653118
1382,116574,-36.115562
1383,116618,-20.061634
1384,116642,-12.649929
1385,116696,-47.309402
1386,116721,-27.954054
1387,116756,-44.12499
1388,116804,-3.327536
1389,116831,-27.935736
1390,116844,-7.969742
1391,116873,-18.698902
1392,116900,3.6573293
1393,116938,-6.087861
1394,116951,-20.200296
1395,117022,-95.180115
1396,117041,3.142535
1397,117285,-272.71164
1398,117331,-5.125949
1399,117443,-113.37286
1400,117480,-4.831675
1401,117506,-13.884642
1402,117522,6.604068
1403,117728,-116.18587
1404,117743,-5.69508
1405,117768,2.8546352
1406,117940,-78.14071
1407,117978,36.83428
1408,118043,-65.942726
1409,118139,-85.35656
1410,118235,-46.022167
1411,119235,-668.52386
1412,119260,-22.819263
1413,119285,-28.19596
1414,119331,-90.58177
1415,119367,-49.36629
1416,119375,-2.1155477
1417,119444,-37.060596
1418,119456,-21.234285
1419,119490,-6.818239
1420,119526,-6.6989202
1421,119606,-13.599739
1422,119638,-8.925702
1423,119669,26.660212
1424,119736,-57.105804
1425,119789,-1.9839189
1426,119802,0.9179097
1427,119819,-11.269073
1428,119832,-4.205939
1429,119848,-15.292886
1430,119887,-43.5346
1431,119952,-31.6637
1432,119965,-10.201162
1433,119981,-22.33412
1434,120002,-3.76961
1435,120034,-26.382082
1436,120095,-94.84568
1437,120125,-19.606316
1438,120146,-11.539016
1439,120190,-38.941715
1440,120204,-10.266781
1441,120228,-22.732449
1442,120248,-3.5064626
1443,120301,-71.39801
1444,120314,-5.1746435
1445,120324,-7.299837
1446,120350,6.4906135
1447,120374,-22.36938
1448,120418,-30.341036
1449,120434,-0.6510117
1450,120445,-5.8453255
1451,120496,-45.053757
1452,120560,-7.535505
1453,120610,9.936152
1454,120625,-8.148731
1455,120743,-96.58283
1456,120807,-4.783542
1457,120883,13.602269
1458,120914,-40.88254
1459,120946,4.4128065
1460,120960,-8.42538
1461,120991,-15.667285
1462,121009,0.2278943
1463,121045,-49.835693
1464,121068,-16.9576
1465,121088,-15.166358
1466,121097,3.1122038
1467,121111,-12.418373
1468,121149,-35.942524
1469,121242,-19.64105
1470,121304,-72.82524
1471,121331,-26.076963
1472,121356,-14.891664
1473,121384,-16.88219
1474,121414,-48.096863
1475,121473,-47.46427
1476,121508,-5.0626695e-06
1477,121523,-20.147171
1478,121542,13.915675
1479,121638,-105.60607
1480,121683,-33.11017
1481,121731,-28.238028
1482,121795,1.34711
1483,121828,-27.726725
1484,121856,-10.925837
1485,121867,-9.618951
1486,121963,-40.854805
1487,122027,-36.216976
1488,122072,-19.724413
1489,122096,6.592952
1490,123096,-743.2728
1491,123126,-14.701222
1492,123143,-18.485712
1493,123151,6.013899
1494,123179,0.33579153
1495,123212,-21.763802
1496,123253,-29.833124
1497,123299,-36.0797
1498,123312,-11.152858
1499,123665,-272.99756
1500,123696,4.0221243
1501,123781,-7.8863583
1502,123879,-37.998577
1503,123887,3.2903981
1504,123926,-0.17429972
1505,123944,-9.438826
1506,123995,-11.022847
1507,124014,-9.985028
1508,124084,-44.509007
1509,124213,-58.659348
1510,124250,-7.3719506
1511,124310,-18.656757
1512,124322,-2.6796627
1513,124343,-6.9531007
1514,124358,-15.426425
1515,124422,-29.614578
1516,124531,-44.207767
1517,124624,30.191145
1518,124649,-36.147305
1519,124690,-28.187037
1520,124718,-35.024086
1521,124767,-29.496038
1522,124801,-13.778066
1523,124916,-67.59109
1524,124990,-40.302174
1525,125024,0.8275944
1526,125109,-50.95671
1527,125148,-32.196617
1528,125177,-15.298668
1529,125275,-1.2654586
1530,125303,-6.479477
1531,125317,-2.7506795
1532,125368,-12.488445
1533,125417,-17.8878
1534,125479,-21.233438
1535,125549,-32.554478
1536,125577,-14.858088
1537,125632,-74.96156
1538,125675,-37.010666
1539,125754,-19.072151
1540,125791,-12.800006
1541,125825,-36.336285
1542,125879,-21.304266
1543,125929,-31.95295
1544,125959,-25.928375
1545,125973,-14.755192
1546,126087,-73.1673
1547,126136,-26.029581
1548,126234,-90.75048
1549,126258,-15.512342
1550,126348,-51.55324
1551,126410,-15.018194
1552,126482,-56.302628
1553,126520,-0.04714954
1554,126634,-82.20467
1555,126648,-19.936104
1556,126671,-6.3644037
1557,126704,-12.665457
1558,126721,-14.622765
1559,126742,7.900926
1560,126793,21.03302
1561,126863,-35.695885
1562,126874,-6.32716
1563,126906,-8.17657
1564,126933,-19.349297
1565,127044,-89.08884
1566,127054,-5.476179
1567,127090,-20.475866
1568,127110,-8.062673
1569,127201,12.634834
1570,127218,11.019436
1571,127258,-31.584972
1572,127284,-22.11072
1573,127322,-10.826075
1574,127341,14.081623
1575,127393,-1.4509904
1576,127417,-29.136532
1577,127430,-2.7925525
1578,127463,9.46801
1579,127522,-30.410286
1580,127586,-14.066468
1581,128586,-606.66986
1582,128607,-11.902245
1583,128667,-28.168633
1584,128766,-91.61869
1585,128781,-4.2581234
1586,128848,-31.347034
1587,128877,-4.155032
1588,128963,78.45699
1589,128976,-14.620853
1590,129010,-6.469487
1591,130010,-655.80804
1592,130025,4.717766
1593,130056,-29.14021
1594,131056,-656.7722
1595,131071,-20.445587
1596,131088,0.98189634
1597,131164,-32.616302
1598,131269,-95.33932
1599,131350,-43.633205
1600,132350,-650.5158
1601,132389,-11.240534
1602,132446,69.92374
1603,132467,11.702108
1604,132524,-36.099785
1605,132538,-9.963664
1606,132558,3.552662
1607,132571,-7.9581184
1608,132600,-10.968286
1609,132626,-16.104145
1610,132704,-29.1874
1611,132735,-8.427437
1612,132775,-7.194967
1613,133775,-611.3484
1614,133789,-9.394316
1615,133953,-101.30721
1616,134006,-11.11309
1617,134058,-19.780249
1618,134092,-28.51098
1619,134124,-4.445911
1620,134155,35.48245
1621,134178,-22.208572
1622,134206,1.9655385
1623,134272,7.7357025
1624,134285,-8.410526
1625,134313,-12.42729
1626,134329,-18.855505
1627,134371,-31.679663
1628,134451,-37.781662
1629,134465,-12.630142
1630,134487,-5.156397
1631,135487,-657.64435
1632,135562,12.612469
1633,135580,-8.899376
1634,135597,-16.22875
1635,135625,-3.20322
1636,135707,-4.8667135
1637,135761,-52.709034
1638,135780,-3.0527883
1639,135825,-23.389185
1640,135868,-25.256289
1641,135939,-14.11175
1642,135966,-32.875774
1643,135981,-14.182765
1644,136084,-2.8887916
1645,136097,-17.578875
1646,136133,-28.396399
1647,136207,-7.6294684
1648,136228,-23.608189
1649,136297,14.007982
1650,136313,-2.5869114
1651,136330,-5.321885
1652,136340,-8.755186
1653,136376,-40.399544
1654,136438,-21.29123
1655,136528,-61.63034
1656,136590,-101.08795
1657,136609,15.834894
1658,136640,-12.561156
1659,136650,-7.2227163
1660,136677,-6.167181
1661,136734,-25.40841
1662,136747,-3.924738
1663,136757,-4.9697723
1664,136816,-31.631824
1665,136829,4.679149
1666,136877,-17.809204
1667,136944,-5.952808
1668,136958,-8.003561
1669,136977,2.518909
1670,136995,11.778926
1671,137008,-8.326958
1672,137113,-3.1692421
1673,137173,-87.60873
1674,138173,-633.0606
1675,138188,0.19425118
1676,138205,15.415397
1677,138217,-6.7254214
1678,138248,-23.76857
1679,138288,-19.316647
1680,138372,-81.827545
1681,138452,-4.425217
1682,138461,0.28760588
1683,138476,2.639904
1684,138501,-12.052184
1685,138532,-25.61431
1686,138586,7.468089
1687,138599,-5.987655
1688,138701,-8.826603
1689,138712,-1.8454597
1690,138770,-41.351616
1691,138783,-8.771118
1692,138801,-4.368132
1693,138817,-11.016114
1694,138827,-1.1955765
1695,138848,-34.403072
1696,138895,-45.050083
1697,138914,-8.289667
1698,138945,13.350206
1699,139037,-40.13628
1700,139065,-12.832746
1701,139132,18.706701
1702,139147,-13.634953
1703,139218,-25.594595
1704,139232,-7.9901175
1705,139259,-17.50293
1706,139273,-2.2550344
1707,139320,8.4278
1708,139393,-43.205055
1709,139446,-48.33592
1710,140446,-512.35223
1711,140573,-75.18386
1712,140619,-57.312717
1713,140633,-5.083018
1714,140680,7.532325
1715,140710,-29.149866
1716,140737,-12.707475
1717,140828,-62.828556
1718,140858,-4.240917
1719,140885,-3.2087321
1720,140907,-15.327499
1721,140948,-8.018946
1722,140967,-14.177615
1723,140996,-3.9571152
1724,141037,-31.41072
1725,141056,-8.048562
1726,141120,-49.06393
1727,141134,-20.8691
1728,141149,0.8935174
1729,141179,-12.449084
1730,141192,-2.335763
1731,141229,-17.78123
1732,141246,-4.1213717
1733,141318,-34.911076
1734,141362,-20.806953
1735,141413,-17.981596
1736,141454,-16.129354
1737,141487,-3.7697444
1738,141512,-17.658783
1739,141529,1.90483
1740,141597,-124.39182
1741,141671,-5.5014973
1742,141687,4.90071
1743,141710,-3.3028886
1744,141727,1.0213394
1745,141741,-14.270479
1746,141809,19.572357
1747,141837,-26.210888
1748,141927,-130.68146
1749,141979,-26.759295
1750,142038,-38.46427
1751,142062,-3.4653442
1752,142078,-2.8934946
1753,142144,-26.360668
1754,142166,-9.9656315
1755,142178,1.5504545
1756,142213,10.816844
1757,142239,-16.758228
1758,142311,-20.034704
1759,142322,-7.032199
1760,142336,-0.6662141
1761,142397,-12.440004
1762,142427,-23.27715
1763,142494,-26.719532
1764,142510,-7.0639486
1765,142555,12.790009
1766,142574,-9.492987
1767,142597,2.368426
1768,142619,-11.054657
1769,142656,-8.903699
1770,142707,-21.483335
1771,142761,-58.14003
1772,142833,-72.95366
1773,142858,3.0225012
1774,142896,-5.7218657
1775,142931,10.677265
1776,142949,-11.832039
1777,142976,-13.075151
1778,143015,-21.212559
1779,143059,-52.41272
1780,143125,-41.149048
1781,143141,-12.240553
1782,143168,-1.0642581
1783,143191,-15.2773
1784,143209,-15.484966
1785,143287,-21.150925
1786,143308,0.8530042
1787,143342,-33.567566
1788,143392,5.2260036
1789,143454,-47.614353
1790,143502,-33.07586
1791,143570,-21.249743
1792,143586,-6.008914
1793,143613,-10.41465
1794,143653,-18.2863
1795,143681,-10.931394
1796,143708,-26.913937
1797,143721,-1.6412618
1798,143751,16.503817
1799,143826,-28.70597
1800,143907,-48.946087
1801,143938,14.801243
1802,143950,-9.926395
1803,144033,-84.61431
1804,144084,-8.400443
1805,144101,3.1758106
1806,145101,-510.42737
1807,145163,1.2679794
1808,145193,-6.1604476
1809,145260,-27.266344
1810,145293,-3.7530427
1811,145319,-6.193086
1812,145397,-49.87669
1813,145430,-12.58589
1814,145492,-10.31216
1815,145505,-1.5868466
1816,145523,-1.7078718
1817,145570,-8.380971
1818,145597,-3.3575556
1819,145636,-12.196851
1820,145659,23.636223
1821,145671,-1.4219551
1822,145698,-24.999886
1823,145739,-11.842163
1824,145758,5.603013
1825,145771,-1.7395253
1826,145811,4.753976
1827,145829,-9.7505865
1828,145878,-12.024456
1829,145891,-11.355763
1830,145909,12.949773
1831,145924,11.005646
1832,145955,-6.0360565
1833,145969,-0.1369148
1834,145983,-16.608307
1835,146005,3.4115994
1836,146017,-4.964666
1837,146030,-8.578714
1838,146060,-20.618738
1839,146116,3.52207
1840,146143,-36.518925
1841,146222,-66.740074
1842,146236,-6.546487
1843,146274,-0.07492137
1844,146311,-55.63789
1845,146379,-7.6235857
1846,146399,-31.289974
1847,146424,-4.6983175
1848,146477,8.913168
1849,146568,0.6354764
1850,146640,-54.39306
1851,146659,-15.763225
1852,146689,-16.549757
1853,146793,-62.05695
1854,146831,-21.68107
1855,146852,-4.3149385
1856,146891,-47.253986
1857,146907,-9.0047455
1858,146984,-103.23501
1859,146999,-21.397003
1860,147101,-76.12763
1861,147184,-36.77481
1862,147199,1.8267807
1863,147287,-84.33684
1864,147301,-4.0221467
1865,147348,-35.34414
1866,147379,1.2975303
1867,147396,-8.349431
1868,147421,5.2403884
1869,147439,-11.03186
1870,147501,-73.73574
1871,147525,-32.70911
1872,147559,33.008095
1873,147582,-12.693906
1874,147616,-12.548854
1875,147662,4.1570473
1876,147706,-5.863991
1877,147754,-65.607956
1878,147768,-7.1628137
1879,147797,-8.555803
1880,147834,-13.545386
1881,147849,5.5221586
1882,147891,-29.807055
1883,147926,-17.035622
1884,147993,-57.566475
1885,148025,-14.581996
1886,148058,-19.571733
1887,148072,-6.5451674
1888,148172,-48.95014
1889,148236,-75.940956
1890,148301,-30.859592
1891,148315,-2.9475162
1892,148332,-28.33271
1893,148363,11.576585
1894,148397,-15.432107
1895,148426,-14.167496
1896,148469,-24.303896
1897,148504,-24.25872
1898,148524,-1.8115524
1899,148539,5.7826023
1900,148552,-1.6236818
1901,148573,6.719078
1902,148610,-22.377205
1903,148668,-24.316301
1904,148682,-4.431524
1905,148763,-103.89399
1906,148806,-11.640629
1907,148833,-15.313124
1908,148861,-25.619596
1909,148878,-4.947591
1910,148890,-14.941138
1911,148933,-6.891459
1912,148961,-29.83908
1913,148987,-31.456936
1914,149006,2.4663203
1915,149033,-25.575026
1916,149048,-15.127046
1917,149076,-15.403142
1918,149112,-1.8322434
1919,149149,-16.479414
1920,149180,-44.974625
1921,149225,-48.52035
1922,149244,-13.278861
1923,149270,8.592058
1924,149299,-50.4327
1925,149311,6.198229
1926,149342,-1.3839656
1927,149359,-7.655882
1928,149376,-3.3123872
1929,149448,-57.00911
1930,149544,-71.58222
1931,149561,-21.39338
1932,149617,-32.457855
1933,149644,2.7878475
1934,149658,-17.786917
1935,150658,-573.583
1936,150673,-8.540611
1937,150728,-13.644251
1938,150751,-8.240708
1939,150805,-40.17205
1940,150839,-16.414837
1941,150851,-5.043894
1942,150869,1.4092461
1943,150889,-7.8602743
1944,150906,-8.67215
1945,150931,-17.309923
1946,150954,-21.135637
1947,150990,-1.1124716
1948,151018,-12.03896
1949,151076,-36.897476
1950,151122,-30.517944
1951,151165,-18.863695
1952,151194,23.71737
1953,151249,-33.925278
1954,151270,4.1827097
1955,151365,-108.4524
1956,151424,-52.545822
1957,151459,-12.410725
1958,151484,-22.764841
1959,151567,-22.38963
1960,151587,-1.437958
1961,151616,-34.21599
1962,151662,-10.690867
1963,151688,-14.202142
1964,151714,-28.010279
1965,151738,6.4156537
1966,151772,-10.252132
1967,151793,-7.3083234
1968,151841,-39.783108
1969,151872,-20.929256
1970,151888,7.2262964
1971,151904,-15.600533
1972,151950,-42.53998
1973,151988,-16.892721
1974,152006,0.37739307
1975,152111,-16.605848
1976,152130,-14.8436575
1977,152166,-7.831244
1978,152202,-0.73878515
1979,152220,-6.5047164
1980,152238,-5.3032036
1981,152326,-105.29936
1982,152338,-5.1123223
1983,152425,-60.26147
1984,152441,8.496225
1985,152546,-64.0821
1986,152606,-22.653679
1987,152624,-11.940589
1988,152638,-15.412091
1989,152652,6.327794
1990,152663,-5.561564
1991,152671,1.7380431
1992,152703,-28.973385
1993,152736,12.151562
1994,152767,-10.449479
1995,152833,-76.60381
1996,152847,8.565844
1997,152894,-17.67266
1998,152907,-6.9997935
1999,152948,-26.40152
2000,152968,-17.810724
2001,152992,-21.868906
2002,153085,-34.115932
2003,153114,-13.953094
2004,153137,-15.355985
2005,153155,-22.889765
2006,153168,-8.017735
2007,153282,-61.48761
2008,153302,12.322415
2009,153326,2.6406116
2010,153340,-26.079285
2011,153364,-23.748981
2012,153394,-2.051319
2013,153409,-0.73450756
2014,153462,-40.925636
2015,153498,-0.25755978
2016,153560,-9.086424
2017,153617,23.092121
2018,153651,-51.669346
2019,153663,1.7351893
2020,153682,-22.836607
2021,153708,-4.611026
2022,153718,-0.14004934
2023,153756,-5.572458
2024,153803,-9.891359
2025,153822,0.97004104
2026,153857,-19.530098
2027,153881,-3.5621393
2028,153903,-8.230728
2029,153916,5.1330976
2030,153930,0.71945775
2031,153950,-1.7069056
2032,153984,-45.19783
2033,153998,-13.780487
2034,154058,-27.196297
2035,154099,-0.9273978
2036,154111,-5.5413475
2037,154125,8.896238
2038,154138,-6.662921
2039,154172,-8.805371
2040,154189,4.7089267
2041,154208,-3.5726025
2042,154229,-7.8822727
2043,154344,-116.3716
2044,154381,35.916393
2045,154401,1.7760705
2046,154413,-11.517643
2047,154451,-36.913784
2048,154536,-62.41336
2049,154581,-64.17011
2050,154612,-25.531483
2051,154672,-52.296314
2052,154717,-27.25319
2053,155717,-473.1215
2054,155744,-28.92795
2055,155804,-48.616646
2056,155828,-21.341078
2057,155851,11.571772
2058,155864,-3.6931632
2059,155904,9.72526
2060,155937,-30.463999
2061,155951,-21.142862
2062,156005,-40.543713
2063,156039,-1.7141955
2064,156121,-75.294655
2065,156148,7.590606
2066,156161,-13.347939
2067,156174,-2.5804799
2068,156196,-33.354218
2069,156235,-11.324962
2070,156283,-3.6895628
2071,156313,-13.512505
2072,156389,-41.06244
2073,156408,-2.732778
2074,156464,-42.326984
2075,156500,-25.068094
2076,156523,-20.109087
2077,156535,1.1212769
2078,156584,-20.834435
2079,156628,14.153102
2080,156673,-37.380466
2081,156742,-17.56752
2082,156785,-1.4319475
2083,156802,15.535506
2084,156849,-10.265808
2085,156885,-11.253884
2086,156946,-24.837624
2087,156984,3.8144748
2088,157065,0.6461998
2089,157089,-15.888305
2090,157163,-24.394718
2091,157202,-38.05402
2092,157250,-15.589054
2093,157305,-19.009586
2094,157315,8.534128
2095,157345,16.507685
2096,157424,-54.67807
2097,157457,-6.9827623
2098,157499,-15.004661
2099,157512,-5.762514
2100,157561,31.424282
2101,157615,-58.670593
2102,157661,-69.084496
2103,157701,-17.020304
2104,157718,-7.8349934
2105,157730,-6.011241
2106,157794,13.900642
2107,157851,-36.150055
2108,157913,-0.75801253
2109,157958,-44.27256
2110,157977,1.3730049
2111,158010,-2.2911444
2112,158031,-9.246105
2113,158073,3.21649
2114,158092,-7.7763987
2115,158151,-47.58339
2116,158184,-17.69057
2117,158202,4.047045
2118,158227,-28.500538
2119,158273,20.918978
2120,158297,-11.203305
2121,158331,-18.951193
2122,158363,-13.202419
2123,158444,-50.286148
2124,158459,-6.9872375
2125,158490,-22.737328
2126,158513,-12.826663
2127,158541,-18.402597
2128,158555,-0.38620847
2129,158567,-2.777477
2130,158598,-19.451056
2131,158610,1.0069431
2132,158680,-28.999765
2133,158770,-91.450714
2134,158781,-0.4599688
2135,158803,-13.105198
2136,158815,-1.6233884
2137,158857,-9.807972
2138,158916,-15.996801
2139,158930,-9.8848
2140,159043,-71.82374
2141,159094,-8.616192
2142,159131,-27.59254
2143,159151,-10.275802
2144,159211,-46.444344
2145,159225,-17.304472
2146,159257,-10.814915
2147,159277,21.934011
2148,159298,-12.969083
2149,159345,-5.0351906
2150,159363,-4.3400817
2151,159384,-15.261858
2152,159433,32.607704
2153,159484,-21.840742
2154,159502,-12.19333
2155,159519,7.9355016
2156,159534,-13.425392
2157,159560,-13.809302
2158,159634,-29.326956
2159,159659,-18.997545
2160,159675,-12.377839
2161,159737,-25.668806
2162,159773,20.319052
2163,159846,-46.802067
2164,159882,-11.47611
2165,159904,-12.000738
2166,159916,2.2680428
2167,160023,-75.14744
2168,160059,8.466398
2169,160072,2.7264216
2170,160150,-5.3466344
2171,160169,-17.95858
2172,160198,-28.234623
2173,160223,-14.702084
2174,160300,-2.4671662
2175,160318,-16.300577
2176,160345,-16.142712
2177,160436,-56.46144
2178,160454,-7.045751
2179,160521,63.609505
2180,160550,-21.495958
2181,161550,-553.7298
2182,161563,-8.269573
2183,161585,-5.65526
2184,161652,-22.576572
2185,161711,-42.99562
2186,161736,-14.696383
2187,161753,-9.209377
2188,162753,-615.4003
2189,162782,5.1942377
2190,162841,8.31074
2191,162886,-40.077553
2192,162955,39.593643
2193,163036,-46.41496
2194,164036,-637.8292
2195,164072,-0.26003897
2196,164110,-30.791235
2197,164130,11.800642
2198,164151,8.021828
2199,164191,-8.136154
2200,164210,-33.751793
2201,164237,-6.00054
2202,164250,-5.5461707
2203,164270,-0.61343527
2204,164327,14.262689
2205,164412,-104.58627
2206,164555,30.272968
2207,164571,-1.2822845
2208,164590,-11.197201
2209,164603,-11.481639
2210,164620,-21.13435
2211,164647,-11.012983
2212,164673,4.6341796
2213,164691,-20.761295
2214,164724,-26.572264
2215,164738,-0.72313374
2216,164797,-16.63837
2217,164853,-20.538425
2218,164874,4.4989724
2219,165874,-593.43744
2220,165897,-10.360567
2221,165922,-3.8099954
2222,165973,-13.370289
2223,166036,-34.540173
2224,166048,4.1819205
2225,166085,-39.28142
2226,166180,30.429424
2227,166237,-13.739016
2228,166260,-14.65284
2229,166273,0.5963948
2230,166366,-127.06844
2231,166390,-7.857675
2232,166414,-44.567192
2233,166495,-15.868523
2234,166506,-1.6320971
2235,166573,-43.792084
2236,166595,-5.4809804
2237,166637,-27.757061
2238,166684,15.415821
2239,166704,-4.7285805
2240,166717,-11.489292
2241,166737,-22.075523
2242,166821,-21.404144
2243,166856,17.190737
2244,167856,-493.39023
2245,167876,15.459047
2246,167918,-37.45888
2247,167964,-59.211563
2248,167998,6.114707
2249,168049,-74.76935
2250,168098,-53.846416
2251,168151,-12.0980215
2252,168208,22.493265
2253,168243,-11.929154
2254,168284,-28.30903
2255,168306,-7.0927935
2256,168327,-12.123503
2257,168367,-45.162483
2258,168447,-32.701305
2259,168489,3.4094691
2260,168515,6.2620773
2261,168554,1.3490548
2262,168601,-35.233173
2263,168613,-2.5410438
2264,168647,-25.734053
2265,168666,-21.613409
2266,168725,35.26945
2267,168750,-27.454142
2268,168786,-13.635477
2269,168805,-0.72656155
2270,168821,2.0372303
2271,168836,-3.108849
2272,168848,-10.567538
2273,168867,1.2467759
2274,168888,7.5464435
2275,169888,-544.2923
2276,169911,12.586866
2277,169932,9.869502
2278,169945,-10.619971
2279,169967,-7.1236277
2280,169981,5.256567
2281,169995,-15.411078
2282,170037,-21.875608
2283,170053,-3.0975373
2284,170108,-13.441504
2285,170133,14.407547
2286,170262,-59.204975
2287,170305,-20.55525
2288,170320,-4.8986893
2289,170351,12.945119
2290,170376,-7.3313932
2291,170390,-5.909309
2292,170468,-46.596783
2293,170531,-14.899082
2294,170579,-23.084194
2295,170641,-12.039634
2296,170678,19.098825
2297,170692,2.2723608
2298,170769,-43.37737
2299,170783,-2.187876
2300,170803,-3.9724786
2301,170851,-3.7542224
2302,170917,1.8782153
2303,170933,0.13769004
2304,170959,-5.8197947
2305,170986,7.231094
2306,171003,-12.526885
2307,171016,2.3884213
2308,171042,-31.903572
2309,171105,-33.19342
2310,171124,-0.36891758
2311,171134,-15.034477
2312,171168,5.015674
2313,171187,-17.783678
2314,171201,-13.926685
2315,171217,-4.4970827
2316,171231,0.8417658
2317,171243,-2.3276749
2318,171259,-8.818
2319,171308,-1.3664027
2320,171412,-104.096
2321,171437,-24.162512
2322,171463,-18.422657
2323,171505,-40.37704
2324,171530,-11.545483
2325,171554,-8.362063
2326,171566,-6.6074805
2327,172566,-493.99353
2328,172577,-3.701101
2329,172595,-22.861046
2330,172687,-58.61851
2331,172759,-59.45208
2332,172815,-11.824301
2333,172848,33.823166
2334,172866,14.096257
2335,172934,15.38863
2336,172967,-21.154089
2337,172980,-1.0019641
2338,173014,9.272635
2339,173030,2.6335344
2340,173065,-18.92785
2341,173089,-10.895716
2342,173110,-11.473922
2343,173123,-1.463529
2344,173148,-7.077003
2345,173168,-19.112207
2346,173208,-7.8979864
2347,173227,-5.4691563
2348,173243,8.164329
2349,173282,-28.047844
2350,173352,-30.502865
2351,173375,13.552697
2352,173459,13.416904
2353,173533,11.662161
2354,173571,-26.712551
2355,173614,7.710791
2356,173668,-42.75192
2357,173687,-3.8114314
2358,173703,12.659664
2359,173718,-18.60901
2360,173763,5.307153
2361,173795,-11.9857235
2362,173838,-1.5861664
2363,173851,0.48356897
2364,173890,7.2253475
2365,173910,8.258166
2366,173942,34.39672
2367,173964,6.7868686
2368,173991,-1.8460978
2369,174010,-15.397657
2370,174037,-3.0461261
2371,174050,2.8531334
2372,174067,-0.7775426
2373,174105,24.046076
2374,174139,-3.4723125
2375,174173,-32.795208
2376,174243,-32.02991
2377,174270,-20.81707
2378,174281,-9.378129
2379,174303,-23.220297
2380,174344,6.5784607
2381,174370,-2.587823
2382,174454,1.8184588
2383,174475,6.50813
2384,174522,-11.069023
2385,174537,-8.216506
2386,174561,5.2946005
2387,174600,-21.889072
2388,174621,-8.255683
2389,174635,-4.783191
2390,174692,-1.0982952
2391,174706,1.0053043
2392,174718,-0.7139026
2393,174730,-3.1200502
2394,174742,-10.444122
2395,174771,-24.933273
2396,174806,-4.3585405
2397,174816,-4.6195383
2398,174862,-21.411123
2399,174876,3.2798076
2400,174890,2.7994585
2401,174936,14.561622
2402,174957,-23.075563
2403,174989,12.651296
2404,175003,4.0200925
2405,175026,-0.24795337
2406,175062,-4.2671466
2407,175103,-9.01171
2408,175121,15.920712
2409,175142,-5.2782345
2410,175173,-20.73728
2411,175242,-17.694431
2412,175286,-27.850653
2413,175364,-7.355276
2414,175397,22.89041
2415,175464,-41.13572
2416,175537,-93.29527
2417,175570,-29.584444
2418,175627,-61.542774
2419,175673,-20.983286
2420,175714,-33.952866
2421,175730,0.35021752
2422,175743,4.134726
2423,175777,-37.267227
2424,175812,-41.500004
2425,175847,-5.688256
2426,175949,19.508852
2427,176005,-28.61205
2428,176025,-10.05502
2429,176055,-18.622557
2430,176068,-5.98732
2431,176099,1.7170782
2432,176142,0.70152414
2433,176153,2.0864363
2434,176235,44.37477
2435,176249,-1.730951
2436,176265,0.8856411
2437,176298,-53.342037
2438,176320,-2.0185928
2439,176359,-45.449272
2440,176381,24.495731
2441,176427,-0.33230793
2442,176463,-20.723478
2443,176481,2.8518398
2444,176514,-11.760606
2445,176556,-56.556
2446,176569,-5.5988407
2447,176578,-5.0750623
2448,176607,-3.8783195
2449,176711,3.298634
2450,176723,7.437469
2451,176753,-7.788176
2452,176769,-9.353855
2453,177769,-502.05737
2454,177780,1.0226064
2455,177796,3.345584
2456,177864,-44.656967
2457,177939,-8.771372
2458,177985,11.060558
2459,178009,8.449263
2460,178036,-34.219715
2461,178053,0.555637
2462,178105,-3.5007176
2463,178129,4.8368597
2464,178148,-10.924473
2465,178180,-14.815933
2466,178210,11.796548
2467,178224,0.6360552
2468,178276,-37.398598
2469,178295,-9.6858635
2470,178320,0.46481717
2471,178334,-0.9259789
2472,178426,-30.098394
2473,178440,-10.741266
2474,178476,-7.6782146
2475,178504,6.338798
2476,178547,-23.845007
2477,178609,7.8377433
2478,178651,-32.516594
2479,178702,-36.403397
2480,178727,-20.227121
2481,178774,-33.830048
2482,179774,-544.25275
2483,179801,21.885725
2484,179822,-10.870485
2485,179844,-20.391905
2486,179875,-0.48614204
2487,179899,-20.050316
2488,179912,-9.022323
2489,179961,-0.21097374
2490,179992,1.4862974
2491,180016,13.082102
2492,180054,22.304073
2493,180134,-20.793362
2494,180183,-36.504116
2495,180201,-15.429567
2496,180221,-14.041775
2497,180238,-21.29836
2498,180258,-7.7843394
2499,180381,-6.4346533
2500,180403,1.9798261
2501,180424,-8.891613
2502,180441,9.086583
2503,180458,-4.6050806
2504,180471,-5.4260683
2505,180545,-21.424177
2506,180563,-9.7206545
2507,180576,4.4503393
2508,180647,-11.465914
2509,180660,-6.4195666
2510,180720,4.0339303
2511,180773,16.911453
2512,180849,2.977267
2513,180871,-9.45216
2514,180884,-0.31299037
2515,180918,7.5366673
2516,180943,-5.606786
2517,180970,3.6822612
2518,180986,-13.680429
2519,181006,14.090062
2520,181046,-3.5841796
2521,181077,7.77806
2522,181140,-35.74525
2523,181154,-3.912459
2524,181175,-8.283599
2525,181213,-15.285663
2526,181293,-34.77418
2527,181306,5.9937587
2528,181323,-12.332696
2529,181340,-4.1758766
2530,181393,-40.04332
2531,181470,-62.904663
2532,181530,-61.584106
2533,181568,-37.224148
2534,181631,-6.7503347
2535,181652,-14.616284
2536,181713,-13.74838
2537,181730,-5.1102552
2538,181743,-2.7837703
2539,181775,-31.848902
2540,181794,3.002176
2541,181822,-35.931664
2542,181854,-17.545359
2543,181919,27.19896
2544,181970,-67.67318
2545,182015,14.956915
2546,182079,1.2982001
2547,182139,-34.67141
2548,182208,-9.717309
2549,182246,-7.3074493
2550,182302,-10.26237
2551,182339,10.009526
2552,182396,-26.965973
2553,182409,-0.05828452
2554,182429,-20.260662
2555,182462,-24.949602
2556,182549,46.40033
2557,182592,-23.286224
2558,182630,-45.49866
2559,182643,-1.5936506
2560,182681,-24.357391
2561,182718,-5.4895506
2562,183240,-277.29974
2563,183297,-17.439672
2564,183324,-0.06474173
2565,183335,-0.83438927
2566,183398,-14.477872
2567,183433,14.387443
2568,183451,-3.0629342
2569,183499,-22.148157
2570,183532,-3.1572132
2571,183589,-17.37625
2572,183635,-11.484433
2573,183672,-25.093325
2574,183699,8.013244
2575,183722,10.047716
2576,183776,-12.999627
2577,183816,-0.17522418
2578,183830,-12.759982
2579,183926,-7.092249
2580,183949,-18.705017
2581,183974,7.1957817
2582,184007,-13.035712
2583,184019,0.16942021
2584,184034,-12.111928
2585,184060,-3.3702097
2586,184084,18.49607
2587,184101,2.498486
2588,184119,7.144938
2589,184139,-0.94433
2590,184192,-33.16312
2591,184211,-19.147305
2592,184227,0.9291655
2593,184358,-19.5606
2594,184503,-104.34635
2595,185503,-462.78162
2596,185626,18.604094
2597,185641,2.1463497
2598,185657,-1.254576
2599,185669,-5.791655
2600,185678,-1.2279348
2601,185721,5.152675
2602,185747,1.4576349
2603,185831,-21.467812
2604,185845,13.733562
2605,185873,7.2328453
2606,185886,6.9059935
2607,185914,-13.516719
2608,185933,-6.892145
2609,185949,-12.032351
2610,185965,-12.539005
2611,185993,9.801825
2612,186011,4.5040836
2613,186059,-18.223766
2614,186126,-22.415232
2615,186190,3.382691
2616,186208,3.9183795
2617,186260,-19.65298
2618,186290,-9.7507925
2619,186319,18.26789
2620,186351,11.55298
2621,186386,14.065678
2622,186398,5.348563
2623,186414,1.6249229
2624,186486,-25.622726
2625,186511,-0.0101082325
2626,186531,-12.060133
2627,186550,8.879827
2628,186590,1.1268532
2629,186622,10.104444
2630,186724,-86.005585
2631,186766,-31.043612
2632,186785,-21.694017
2633,186801,8.406974
2634,187801,-466.8668
2635,187821,7.7391872
2636,187891,31.901304
2637,187947,0.5075958
2638,187976,-9.986762
2639,188005,-4.8980126
2640,188018,9.303601
2641,188037,-1.1166842
2642,188062,2.6862466
2643,188107,-13.304824
2644,188127,2.5936623
2645,188158,7.0377126
2646,188172,4.768539
2647,188192,-6.385748
2648,188201,3.9060433
2649,188237,-14.854084
2650,188249,-1.1088424
2651,188268,-10.111322
2652,188320,-2.6898973
2653,188349,-17.35396
2654,188373,-0.54048467
2655,188395,-19.31867
2656,188426,4.507325
2657,188446,-17.63562
2658,188459,-6.892477
2659,188599,-15.593001
2660,188620,0.13793728
2661,188652,-21.553326
2662,188668,5.7445507
2663,188690,8.524564
2664,188719,-10.334585
2665,188760,-14.637055
2666,188782,-7.143127
2667,188861,9.279629
2668,188917,-47.7528
2669,188937,14.099618
2670,188956,-13.639439
2671,188970,-3.5350404
2672,189116,-82.23129
2673,189127,0.35793564
2674,189143,-5.7661157
2675,189207,8.444517
2676,189221,-6.050397
2677,189249,15.488187
2678,189262,-14.214848
2679,189282,0.08118063
2680,189303,24.717688
2681,189333,-12.192839
2682,189355,-25.963602
2683,189472,-99.58577
2684,189496,2.12859
2685,189547,-42.86012
2686,189574,-25.980194
2687,189590,7.654041
2688,189668,-5.6058154
2689,189702,2.0325122
2690,189713,3.2775836
2691,189728,-0.70477873
2692,189736,4.3577886
2693,189761,7.5127163
2694,189789,-15.5804615
2695,189843,-25.214878
2696,189886,-27.046371
2697,189918,24.904673
2698,189957,19.76015
2699,189975,5.1355357
2700,190010,-25.190437
2701,190043,2.3925753
2702,190054,0.33727062
2703,190078,7.530026
2704,190113,2.8860726
2705,190162,10.903166
2706,190198,14.347698
2707,190215,10.483916
2708,190240,-7.7074213
2709,190266,-22.87931
2710,190302,-30.582375
2711,190326,-24.430826
2712,190350,-12.106452
2713,190366,-5.4101367
2714,190380,-13.099589
2715,190400,-8.361296
2716,190423,6.27458
2717,190440,-8.856235
2718,190458,-3.0538146
2719,190475,3.8358743
2720,190500,-32.818104
2721,190543,15.419112
2722,190574,5.486392
2723,190610,6.7577224
2724,190619,-0.98661935
2725,190649,20.38678
2726,190684,-12.676744
2727,190707,-10.974628
2728,190734,-18.829758
2729,190754,-14.703697
2730,190766,0.07401639
2731,190790,5.179833
2732,190825,12.457903
2733,190856,9.5401535
2734,190877,8.842586
2735,191877,-442.82587
2736,192877,-475.60083
2737,192914,-2.0377486
2738,192935,6.4643736
2739,192965,33.155613
2740,192975,7.6385393
2741,193027,-31.883919
2742,193080,47.682396
2743,193120,-1.3377597
2744,194120,-522.2023
2745,194139,10.571504
2746,194153,-6.14425
2747,194165,-4.668185
2748,194200,-16.82191
2749,194225,-11.407816
2750,194252,26.303034
2751,194271,-9.616078
2752,195271,-499.99146
2753,195294,-3.0469246
2754,195390,-26.786001
2755,195404,1.0504855
2756,195421,3.5000405
2757,195442,-11.343602
2758,195455,3.223946
2759,195494,-9.7895775
2760,195542,-15.809192
2761,195639,-60.675682
2762,195661,-8.086129
2763,195735,-57.622784
2764,195749,-4.7712774
2765,195762,-1.5740362
2766,195784,-15.199464
2767,195810,-24.312645
2768,195826,0.0809325
2769,195855,-5.116845
2770,195879,-7.594084
2771,196879,-456.66687
2772,196887,4.3478928
2773,196920,-2.1637034
2774,196970,-13.635285
2775,197000,-48.39941
2776,197019,-6.7218456
2777,197037,18.02287
2778,197108,-47.656773
2779,197121,4.3780575
2780,197229,-36.942863
2781,197266,14.309814
2782,197275,1.0240004
2783,197303,6.2532043
2784,197379,3.0621486
2785,197388,7.2793536
2786,197419,-17.259766
2787,197434,-12.300829
2788,197461,-14.400174
2789,197493,-23.864954
2790,197533,-19.275728
2791,197549,-3.4925315
2792,197579,2.4318037
2793,197627,11.823713
2794,197641,-12.985434
2795,197673,27.219296
2796,197715,8.078249
2797,198715,-501.51334
2798,198781,-15.7045355
2799,198825,-8.200402
2800,198851,-13.0955925
2801,198866,-0.55855954
2802,198904,-21.698309
2803,198933,-8.435757
2804,198992,-27.195332
2805,199034,38.711086
2806,199062,-10.879289
2807,199081,-2.84312
2808,199100,-16.728485
2809,199511,-222.89671
2810,199538,3.493496
2811,199561,-6.801342
2812,199694,-29.554483
2813,199706,0.2410487
2814,199725,15.854331
2815,199786,-36.749565
2816,199806,-6.911555
2817,199841,-3.588564
2818,199855,-0.44687796
2819,199875,11.254386
2820,199887,-1.1799486
2821,199901,-5.4057093
2822,199929,6.614108
2823,199970,4.9932137
2824,199997,-24.108343
2825,200010,-13.695959
2826,200072,-9.148304
2827,200094,-6.437583
2828,200127,-18.095795
2829,200146,8.490375
2830,200157,-0.10273862
2831,200205,-18.947538
2832,200233,-23.006098
2833,200252,-16.852724
2834,200293,12.289005
2835,200319,-2.1679373
2836,200367,34.765293
2837,200394,-13.412716
2838,200439,-18.746313
2839,200474,-8.80385
2840,200551,20.935802
2841,200576,-20.174162
2842,200616,3.8969173
2843,200641,1.5194509
2844,200678,7.580098
2845,200695,-4.2553444
2846,200721,-27.337862
2847,200742,-11.555102
2848,200761,-23.40859
2849,200792,3.7474244
2850,200838,7.4817367
2851,200862,-12.155466
2852,200895,14.530696
2853,200908,-3.083003
2854,200947,-2.4256527
2855,201947,-512.8192
2856,201964,20.797466
2857,201996,8.502649
2858,202044,-1.6332525
2859,202075,29.70462
2860,202096,-8.35986
2861,202128,14.256615
2862,202184,0.29164565
2863,202206,4.411953
2864,202232,-32.42509
2865,202265,-2.901941
2866,202285,5.8868613
2867,202394,-34.78043
2868,202410,2.181996
2869,202427,-4.7546406
2870,202452,-0.6328313
2871,202463,-5.165187
2872,202494,4.7811804
2873,202523,-21.765858
2874,202552,-13.26973
2875,202566,3.2663865
2876,202578,-7.358617
2877,202588,0.79863393
2878,202617,2.0717854
2879,202634,17.89945
2880,202662,-15.943746
2881,202687,1.669247
2882,202741,-65.43244
2883,202765,4.9876704
2884,202778,-6.0063553
2885,202810,-19.116404
2886,202840,-12.201263
2887,202926,-35.501354
2888,202939,12.43763
2889,202971,35.084175
2890,203072,-8.12842
2891,203085,-6.4247513
2892,203196,-79.807625
2893,203241,-1.9438499
2894,203261,-7.0522714
2895,203288,9.830431
2896,203298,-5.1912527
2897,203330,25.158184
2898,203375,17.966635
2899,203410,32.638584
2900,203421,-3.0686677
2901,203435,-15.65153
2902,203450,-10.65308
2903,203492,-20.513613
2904,203506,0.19756663
2905,203520,-7.262553
2906,203535,-1.5355234
2907,203561,-5.0083494
2908,203583,14.5079565
2909,203610,-27.518782
2910,203634,-8.310887
2911,204634,-390.89304
2912,204651,-4.50635
2913,204669,-16.93034
2914,204728,-19.814869
2915,204790,-49.202324
2916,204818,-3.0662568
2917,204841,7.2763453
2918,204862,-18.973875
2919,204938,8.779508
2920,205021,-8.185673
2921,205054,-16.72561
2922,205135,42.346886
2923,205159,16.963642
2924,205185,-5.345088
2925,205201,5.1463246
2926,205233,6.2593174
2927,205258,15.7307005
2928,205280,2.0644288
2929,205300,9.466132
2930,205378,-47.58223
2931,205393,8.788897
2932,205425,-13.01984
2933,205452,5.394039
2934,205495,-3.3482115
2935,205555,10.759653
2936,205621,-38.510754
2937,205642,-4.47403
2938,205768,-104.02306
2939,205825,-30.592388
2940,205838,5.868568
2941,205888,-2.997295
2942,205971,-13.818302
2943,206004,14.922276
2944,206054,-15.453589
2945,206078,-10.03383
2946,206091,0.48154184
2947,206110,-7.8213
2948,206143,-16.14321
2949,206212,10.625422
2950,206235,-14.371688
2951,206260,34.27917
2952,206319,-15.639792
2953,206376,-83.795845
2954,206399,-7.6583667
2955,206434,-23.576485
2956,206493,-2.3392391
2957,206554,-10.34869
2958,206570,-11.03846
2959,206588,-25.039892
2960,206641,-14.3420105
2961,206664,-10.945402
2962,206701,-4.9143744
2963,206725,-3.5126686
2964,207272,-235.2131
2965,207291,4.388074
2966,207336,-4.416852
2967,207351,-14.128561
2968,207360,-7.9484024
2969,207382,-12.006773
2970,207432,3.3539586
2971,207455,1.5642122
2972,207473,-3.3335273
2973,207495,9.399803
2974,207505,-6.301212
2975,207524,-11.761765
2976,207592,-42.978638
2977,207606,-9.797269
2978,207625,8.390778
2979,207646,-6.499145
2980,207673,-26.903194
2981,207683,-0.57264674
2982,207707,5.970282
2983,207732,-5.2103224
2984,207762,9.948566
2985,207775,-8.224169
2986,207797,-12.286664
2987,207827,-5.2784815
2988,207839,2.3462276
2989,207896,33.119225
2990,207906,-6.3471317
2991,207916,-12.960125
2992,208033,0.12652278
2993,208071,-14.644791
2994,208106,11.465426
2995,208125,-11.1163645
2996,208206,-7.7663007
2997,208220,-8.4006195
2998,208263,-7.376296
2999,208281,4.272272
3000,208355,-35.139156
3001,208394,-40.21394
3002,208408,-6.2525463
3003,208441,-6.8857965
3004,208504,-104.79977
3005,208526,-13.144778
3006,208578,-31.496086
3007,208606,-51.079903
3008,208675,-7.80134
3009,208718,-50.68673
3010,209031,-110.889404
3011,209061,-22.7242
3012,209103,-23.669891
3013,209137,5.3049197
3014,209238,-26.541336
3015,209253,-12.011548
3016,209304,36.46787
3017,209315,-12.665409
3018,209323,5.3236403
3019,209339,-5.5755467
3020,209368,26.182447
3021,210368,-417.1798
3022,210387,-5.984926
3023,210424,-19.026495
3024,210454,-12.462296
3025,210469,-7.079444
3026,210494,-7.5159454
3027,210517,-3.1763833
3028,210544,-17.79944
3029,210571,22.648794
3030,210593,12.869247
3031,210622,10.629096
3032,210654,-4.6538434
3033,210676,2.3719683
3034,210777,-9.974425
3035,210819,-26.019083
3036,210841,-5.7656097
3037,210867,-9.033429
3038,210877,-4.320401
3039,210998,-46.320923
3040,211045,23.156073
3041,211117,-6.8419104
3042,211128,3.289259
3043,211166,-31.650982
3044,211179,-1.7145606
3045,211211,8.680102
3046,211220,7.254588
3047,211295,-41.49571
3048,211349,-15.9718685
3049,211377,-20.654957
3050,211417,-8.879016
3051,211431,-6.9738164
3052,211447,0.90853894
3053,211469,2.4474292
3054,211483,1.2987657
3055,211517,-9.792491
3056,211550,-1.3805909
3057,211576,10.53886
3058,211615,8.469356
3059,211648,-0.21856427
3060,211739,-78.15741
3061,211779,-9.767376
3062,211833,-70.72587
3063,211857,-9.335198
3064,211870,-11.514389
3065,211896,25.90307
3066,211919,-5.2123275
3067,211949,-6.3797503
3068,211972,-5.0336037
3069,212042,19.809292
3070,212078,-10.839735
3071,212096,-12.195126
3072,212158,-46.943043
3073,212255,28.473392
3074,212303,2.1094248
3075,212321,-17.413124
3076,212343,18.215317
3077,212404,12.900417
3078,212465,-55.79892
3079,212556,-63.24173
3080,212595,42.885838
3081,212672,-10.0890045
3082,212693,-3.8946486
3083,212758,17.012884
3084,212802,23.758768
3085,212813,5.2980394
3086,212828,2.9276528
3087,212846,1.8184409
3088,212868,0.13959125
3089,212941,-2.9865203
3090,212965,-20.56065
3091,212999,-24.743599
3092,213171,-13.371844
3093,214171,-471.07037
3094,214205,2.7785678
3095,214222,-2.897398
3096,214236,-0.8346827
3097,214279,2.967727
3098,214311,19.762663
3099,214323,-9.705797
3100,214344,6.201332
3101,214396,-54.581795
3102,214407,4.732948
3103,214466,11.610524
3104,214644,-25.468044
3105,214668,6.839493
3106,214688,27.274029
3107,215688,-482.2472
3108,215704,9.649792
3109,215724,17.450718
3110,215770,11.932088
3111,216770,-429.20874
3112,216782,1.4947505
3113,216801,24.030252
3114,216816,-8.551379
3115,216830,-6.1285453
3116,216951,-161.34415
3117,216969,-8.72134
3118,216981,3.6143136
3119,217007,3.9783907
3120,217026,4.303705
3121,217074,13.111075
3122,218074,-388.8761
3123,218084,-5.457844
3124,218116,0.073649466
3125,218144,27.750534
3126,218161,15.814747
3127,218247,50.312214
3128,218284,-21.58385
3129,218331,-17.134354
3130,218345,-0.75107527
3131,218359,-20.49242
3132,218374,-0.5171945
3133,218435,-22.625156
3134,218559,29.754805
3135,218654,-12.232364
3136,219160,-205.04659
3137,219177,4.7644315
3138,219229,-36.12026
3139,219299,-69.184975
3140,219318,-15.705138
3141,219345,17.152628
3142,219416,-39.810673
3143,219456,-15.969014
3144,219485,-16.544485
3145,219512,6.681667
3146,219553,14.386323
3147,219571,7.238638
3148,219633,-24.325603
3149,219643,-6.1424913
3150,219685,-2.8770456
3151,219782,-83.12584
3152,219847,29.41415
3153,219870,-16.513927
3154,219891,-14.429108
3155,219950,-17.170547
3156,219985,7.483689
3157,220020,-1.5069435
3158,220041,35.916985
3159,220085,-10.443439
3160,220122,5.48491
3161,220164,11.669572
3162,220174,5.8763795
3163,220194,11.408627
3164,220211,4.9084425
3165,220256,-33.018276
3166,220293,-0.46453547
3167,220317,-4.319845
3168,220337,-10.41678
3169,220364,-0.9022813
3170,220381,-4.279069
3171,220391,-10.398379
3172,220426,-13.698939
3173,220445,4.1523595
3174,220533,-10.124913
3175,220561,-20.59022
3176,220587,-31.300695
3177,220619,4.736624
3178,220693,12.152135
3179,220735,2.3398986
3180,220770,12.31704
3181,220851,-9.338563
3182,220890,-18.663256
3183,220931,-26.20709
3184,220971,14.53764
3185,220997,11.471685
3186,221060,-65.33452
3187,221093,-16.020533
3188,221108,-16.846392
3189,221129,-13.7407
3190,221146,-8.729487
3191,221207,-21.429348
3192,221237,-13.013946
3193,221255,1.3894231
3194,221304,67.22385
3195,221330,-5.433653
3196,221369,26.71122
3197,221392,10.083185
3198,221450,11.515014
3199,221479,-2.41464
3200,221496,7.1752744
3201,221508,-7.091557
3202,221530,-10.262437
3203,221575,-10.644105
3204,221653,23.727425
3205,221672,-2.9215527
3206,221688,6.0236826
3207,221701,3.5226712
3208,221727,4.64672
3209,221762,-24.600122
3210,221781,9.266969
3211,221799,17.912727
3212,221824,-11.541945
3213,221842,-10.342834
3214,221874,-10.272842
3215,221891,4.2995367
3216,222891,-347.37405
3217,222907,-4.7475586
3218,222974,-67.15684
3219,222988,3.8847704
3220,223032,-39.521866
3221,223050,6.9022255
3222,223073,14.126188
3223,223108,2.380354
3224,223153,-3.7951105
3225,223163,-5.1480575
3226,223208,21.604448
3227,223237,-20.667051
3228,223261,-2.0330093
3229,223274,4.540553
3230,223284,-1.0472705
3231,223294,-1.469424
3232,223360,-4.04458
3233,223376,7.2198753
3234,223405,-15.475585
3235,223451,-34.870476
3236,223468,-1.1470504
3237,223487,14.466679
3238,223502,0.9675104
3239,223524,-2.2438245
3240,223548,-18.076193
3241,223566,0.588168
3242,223632,-22.072596
3243,223649,3.1598494
3244,223659,8.827113
3245,223710,-0.6802509
3246,223765,-1.9347243
3247,223783,-7.531522
3248,223799,-2.986452
3249,224799,-326.09134
3250,224810,-6.351144
3251,224844,-34.382732
3252,224862,9.976312
3253,224884,5.554662
3254,224901,-6.1622543
3255,224918,-5.8385315
3256,224978,-35.41555
3257,224993,3.1721091
3258,225026,35.688454
3259,225047,2.4150245
3260,225065,5.148029
3261,225085,-6.283716
3262,225098,9.521301
3263,225114,7.846733
3264,225151,1.4436464
3265,225164,-6.5269437
3266,225184,4.855959
3267,225198,-15.931202
3268,225235,-18.605505
3269,225257,-2.9511447
3270,225301,-10.752421
3271,225322,8.192701
3272,225419,44.405964
3273,225446,-18.499062
3274,225536,-25.395042
3275,225632,-43.327522
3276,225651,10.737879
3277,225683,-10.589585
3278,225718,-20.02975
3279,225757,-6.5889783
3280,225836,83.61261
3281,225848,-4.5099344
3282,225920,-68.56073
3283,225936,-4.185801
3284,225960,7.605248
3285,225973,-2.1078773
3286,226000,-5.3631163
3287,226024,1.6465191
3288,226041,4.1507416
3289,226151,-34.13251
3290,226188,-3.9235623
3291,226211,-10.109692
3292,226246,-10.529398
3293,226277,6.0756664
3294,226306,29.876564
3295,226317,0.8145801
3296,227317,-393.29382
3297,227341,-13.210559
3298,227362,-8.915243
3299,227386,12.469356
3300,227407,-6.244618
3301,227433,-14.614137
3302,227503,1.5564126
3303,227519,-9.45636
3304,227537,-1.8090503
3305,227578,19.422785
3306,227606,5.0661116
3307,227638,-24.930786
3308,227663,9.877515
3309,227698,-33.32865
3310,227734,-32.61883
3311,227744,0.31467175
3312,227801,6.519591
3313,227868,7.279175
3314,227882,-13.428429
3315,227911,9.109947
3316,227948,4.3614135
3317,227954,-1.8094494
3318,227975,-6.6174445
3319,227984,10.142687
3320,228011,-6.3426485
3321,228049,14.182138
3322,228077,5.9287405
3323,228201,-123.95759
3324,228221,9.157143
3325,228254,-9.246582
3326,228369,-56.446606
3327,228396,-2.4767294
3328,228426,27.612206
3329,228454,11.10043
3330,228482,-7.9016905
3331,228493,-7.7506266
3332,228533,-23.094034
3333,228566,-5.743563
3334,228612,-2.241771
3335,228635,-6.122828
3336,228656,-7.3448524
3337,228694,36.017696
3338,228754,0.9980244
3339,228765,-0.44216317
3340,228803,-11.980625
3341,228837,-5.1672783
3342,228860,-4.480928
3343,228874,-5.2518554
3344,228897,1.2308297
3345,228969,-6.979944
3346,229033,12.802761
3347,229058,-0.62512785
3348,229071,-11.188428
3349,229132,-52.100742
3350,229147,-13.474477
3351,229162,-1.5403966
3352,229189,12.280794
3353,229233,-3.6426349
3354,229262,14.729747
3355,229274,5.7613206
3356,229315,-13.726829
3357,229346,-18.514244
3358,229402,27.867548
3359,229415,-6.0264444
3360,229435,-0.6947732
3361,229452,-7.059339
3362,229515,-30.318327
3363,229532,-11.4229355
3364,229580,19.455616
3365,229596,0.04317662
3366,229689,42.357594
3367,229756,-9.705956
3368,229783,13.86787
3369,229838,27.496363
3370,229894,-10.52208
3371,229912,10.424101
3372,229951,-13.382403
3373,229963,-6.997232
3374,229990,18.079979
3375,230002,-5.891806
3376,230016,-3.0528252
3377,231016,-352.67444
3378,231079,-20.418194
3379,231097,11.097445
3380,231122,12.291318
3381,231185,-46.23793
3382,231271,-63.374172
3383,231298,-7.817698
3384,231330,-8.463061
3385,231353,-10.642325
3386,231427,15.805935
3387,231556,79.62181
3388,231569,1.6475427
3389,231651,16.058687
3390,231668,-11.560594
3391,231676,-3.08846
3392,231701,-9.070288
3393,231710,4.716324
3394,231736,-7.5315948
3395,231950,81.43305
3396,231974,-4.1721935
3397,232002,8.964904
3398,232024,8.375449
3399,232105,-11.661284
3400,232120,4.1171527
3401,232138,-2.4287214
3402,232155,4.089742
3403,232213,-46.34247
3404,232242,-20.037443
3405,233242,-407.4985
3406,233260,-10.029059
3407,233288,-10.067608
3408,233317,16.531904
3409,233368,-20.060305
3410,233380,10.342545
3411,233393,0.22159415
3412,233573,-100.03255
3413,233591,-1.6132724
3414,233633,15.77773
3415,233647,-5.4761257
3416,233704,-20.664856
3417,233734,-2.894554
3418,233772,-6.2403307
3419,233799,-3.1416173
3420,233814,-9.008708
3421,233860,2.598112
3422,233885,2.4208307
3423,233940,-8.026495
3424,233964,-19.5603
3425,233999,-34.304287
3426,234036,3.1297545
3427,234056,10.062809
3428,234076,7.0892944
3429,234098,5.6530056
3430,234123,-3.1160743
3431,234168,-13.282732
3432,234189,-5.0312057
3433,234197,-1.7873638
3434,234249,42.4915
3435,234287,6.241233
3436,234304,-4.0908856
3437,234343,-0.35895714
3438,235343,-357.58536
3439,235381,9.6656475
3440,235413,-11.6812105
3441,235431,1.4916923
3442,235473,26.283394
3443,235543,25.175331
3444,235572,-1.4911839
3445,235609,-16.46281
3446,235637,-10.0205345
3447,235685,9.263608
3448,235706,0.917446
3449,235722,0.32514527
3450,235740,17.345669
3451,235790,-9.947121
3452,235893,-95.09382
3453,235915,10.773744
3454,235952,19.496498
3455,235994,25.389277
3456,236006,-10.673664
3457,236043,-9.9862795
3458,236057,8.246924
3459,236081,-12.690875
3460,236114,30.884087
3461,236185,-5.3530703
3462,236200,-11.2974205
3463,236208,-1.0174826
3464,236301,27.539055
3465,236322,10.76981
3466,236348,-7.762053
3467,236389,-8.5949545
3468,236435,-3.6414301
3469,236459,14.060103
3470,236475,-13.855507
3471,236531,24.280064
3472,236557,-9.552906
3473,236576,-12.099464
3474,236606,-2.703841
3475,236620,4.7582035
3476,236706,-12.803202
3477,236729,-16.040358
3478,236746,-5.1377645
3479,236801,-19.143917
3480,236815,5.0491295
3481,236837,19.538427
3482,236894,-12.457679
3483,236963,-44.813198
3484,236981,7.6148815
3485,237007,19.906185
3486,237021,-0.29055697
3487,237064,25.508694
3488,237108,5.0513735
3489,237134,21.988708
3490,237163,-10.267053
3491,237187,17.808693
3492,237251,-10.538584
3493,237262,0.23518145
3494,237301,-4.571877
3495,237338,-16.598816
3496,237359,20.718237
3497,237390,19.20397
3498,237412,-12.410741
3499,237432,15.568001
3500,237459,-5.734827
3501,237532,16.469498
3502,237686,-74.29602
3503,237709,15.516293
3504,237743,1.1250839
3505,237777,-1.5337489
3506,237794,7.752557
3507,237822,2.1473894
3508,237866,6.268846
3509,237920,33.332047
3510,237947,-27.748737
3511,237975,-22.66619
3512,238039,-10.365023
3513,238052,11.074258
3514,238093,9.884892
3515,238160,-30.297457
3516,238179,30.790606
3517,238261,-38.03137
3518,238298,-26.911793
3519,238313,-0.58239746
3520,238341,-16.42942
3521,238359,6.3002596
3522,238381,6.9201303
3523,238410,26.008717
3524,238428,-5.1091256
3525,238455,-20.84707
3526,238476,-7.836679
3527,238521,44.404694
3528,238534,-8.338411
3529,238551,-9.336256
3530,238566,-0.39401287
3531,238576,2.4707103
3532,238651,29.562492
3533,238690,22.477383
3534,239070,-151.94507
3535,239093,-10.319081
3536,239159,14.383163
3537,239248,11.947622
3538,239265,-3.1571937
3539,239288,20.413263
3540,239306,2.7315702
3541,239316,-0.337941
3542,239379,-7.0773807
3543,239408,-11.547377
3544,239460,24.173391
3545,239481,2.3686879
3546,239510,-6.94899
3547,239551,12.080454
3548,239567,-4.323371
3549,239624,16.850784
3550,239681,38.71905
3551,239710,-13.997669
3552,239722,-1.4187276
3553,239759,8.780019
3554,239771,1.3065012
3555,239809,12.456494
3556,239837,-2.3618588
3557,239864,-6.992376
3558,239891,0.91339886
3559,239920,-20.101881
3560,239934,6.3733697
3561,239945,12.804863
3562,239984,-36.356792
3563,240025,-4.887229
3564,240047,3.751537
3565,240071,-18.970327
3566,240082,6.4613853
3567,240106,6.740164
3568,240132,1.0598965
3569,240202,-63.71808
3570,240267,-13.466883
3571,240298,0.3654915
3572,240319,-3.3206055
3573,240392,-88.183174
3574,240423,-21.383175
3575,240441,7.92293
3576,240464,1.2302622
3577,240485,2.7372437
3578,240501,-6.4888897
3579,240530,7.359149
3580,240583,2.8249557
3581,240623,-5.0673914
3582,240661,0.29453596
3583,240694,18.268724
3584,240744,42.64715
3585,240756,-5.363235
3586,240788,-38.979897
3587,240807,-1.8115774
3588,240901,-50.073612
3589,240919,-12.9310875
3590,240952,17.48242
3591,240973,-5.534092
3592,241023,16.951527
3593,241043,2.860766
3594,241064,14.947006
3595,241103,16.56558
3596,241133,11.826599
3597,241176,11.536267
3598,241191,6.1757307
3599,241211,-8.189775
3600,241223,3.8278432
3601,241262,-0.18838567
3602,241280,2.3036747
3603,241293,-7.407473
3604,241322,-3.27985
3605,241340,-0.17328537
3606,241377,-2.7595246
3607,241436,59.5641
3608,241475,3.0046637
3609,241485,5.4640527
3610,241564,12.111902
3611,241577,2.0521271
3612,241604,-3.0361574
3613,241637,-44.26222
3614,241692,-35.78999
3615,241706,-6.1610727
3616,241724,-1.596979
3617,241804,-23.028801
3618,241821,-2.2713518
3619,241848,-6.923458
3620,241866,4.805729
3621,241919,-5.009818
3622,241933,-3.7513297
3623,241967,-6.0646267
3624,241991,10.236117
3625,242023,-7.2599335
3626,242037,7.570981
3627,242104,16.857653
3628,242114,-6.6914086
3629,242164,-40.47412
3630,242218,10.909251
3631,242256,-33.477585
3632,242288,2.7279394
3633,242300,-1.8871903
3634,242347,35.63135
3635,242359,-2.4706287
3636,242388,24.09949
3637,242421,11.488235
3638,243421,-390.9675
3639,243434,7.17766
3640,243444,3.406785
3641,243479,2.4392822
3642,243499,24.372402
3643,243519,1.9085522
3644,243537,1.7098012
3645,243581,36.703968
3646,243596,-9.467912
3647,243634,60.956078
3648,243662,2.0034885
3649,243697,18.841862
3650,243718,-1.7263767
3651,243772,23.131151
3652,243796,-1.3105087
3653,243807,3.1075606
3654,243877,-3.338406
3655,243885,1.757402
3656,243925,12.037223
3657,243934,-1.4496413
3658,243965,17.667774
3659,243989,13.041529
3660,244031,7.077506
3661,244054,-21.553963
3662,244081,7.3841877
3663,244123,9.257596
3664,244168,-17.486694
3665,244185,-7.9686427
3666,244208,3.447124
3667,244257,2.090547
3668,245257,-357.39194
3669,245277,-2.7721143
3670,245326,4.548077
3671,245339,-0.343238
3672,245348,-2.9675686
3673,245412,-63.547695
3674,245434,-0.35399544
3675,245448,-2.0965889
3676,245477,16.935572
3677,245488,-3.4494715
3678,245523,5.574251
3679,245538,-7.0909867
3680,245612,8.789947
3681,245648,-20.573233
3682,245660,-2.9722772
3683,245678,3.5041027
3684,245695,21.893745
3685,245710,4.740492
3686,245732,-13.775028
3687,245768,-19.222958
3688,245791,-4.0505495
3689,245891,6.365827
3690,245929,-14.119254
3691,246040,-21.233358
3692,246066,-5.0243917
3693,246119,-8.879423
3694,246141,-3.8301477
3695,246161,-6.4496174
3696,246182,-5.214927
3697,246224,-4.322914
3698,246241,-1.9017779
3699,246317,23.081907
3700,246336,-8.30828
3701,246351,-17.72967
3702,246365,10.666921
3703,246386,7.2390547
3704,246479,22.109121
3705,246516,10.765194
3706,246533,2.353812
3707,246562,-27.9486
3708,246584,7.526988
3709,246674,22.619194
3710,246726,14.970847
3711,246761,-9.756992
3712,246782,11.37492
3713,246859,-23.63508
3714,246880,3.7163775
3715,246892,3.9521925
3716,246925,-15.554054
3717,246943,6.679381
3718,246957,-2.1035175
3719,246989,14.684535
3720,247020,43.901085
3721,247081,41.50533
3722,247164,-8.219815
3723,247184,10.976625
3724,247196,8.025143
3725,247215,19.29119
3726,247228,-7.3890414
3727,247248,-12.668805
3728,247318,36.12975
3729,247332,-1.7279168
3730,247359,6.6024995
3731,247367,1.8155619
3732,247381,-1.9817779
3733,247407,-37.32483
3734,247433,-4.690476
3735,247483,5.9138765
3736,247492,1.6147833
3737,247586,-55.42256
3738,247634,-18.073576
3739,247647,9.44608
3740,247658,-0.77449864
3741,247685,-4.9583464
3742,247703,12.663615
3743,247726,20.2321
3744,247742,-0.2555961
3745,247863,18.275179
3746,247938,-23.308586
3747,247950,-6.133166
3748,247985,-19.513973
3749,247999,-10.55679
3750,248020,-7.85652
3751,248043,1.2707274
3752,248058,-1.9647615
3753,248108,46.432095
3754,248138,17.195528
3755,248170,-12.841527
3756,248215,-35.212585
3757,248228,0.94787234
3758,248247,12.77609
3759,248293,28.120033
3760,248354,28.76962
3761,248365,-3.9469903
3762,248406,0.055646777
3763,248423,12.126725
3764,248446,-5.0558486
3765,249446,-312.6491
3766,249462,10.264553
3767,249471,2.1833563
3768,249491,-6.670647
3769,249525,2.7666633
3770,249537,-2.7876794
3771,249549,-5.085391
3772,249569,15.043113
3773,249613,-25.60419
3774,249644,11.067042
3775,249666,-12.328522
3776,249700,-4.070085
3777,249740,-6.391492
3778,249756,21.150848
3779,249775,13.888367
3780,249790,-0.72988135
3781,249834,16.971832
3782,249854,8.5883045
3783,249865,-5.773812
3784,249909,12.899107
3785,249930,23.13454
3786,249944,-0.42989802
3787,249958,5.484602
3788,249998,34.882385
3789,250045,13.792316
3790,250058,8.028253
3791,251058,-374.78998
3792,251075,5.619591
3793,251108,-21.556278
3794,251190,-12.928987
3795,251204,24.086262
3796,251270,-31.776197
3797,251294,4.954525
3798,251344,13.708645
3799,251415,33.04047
3800,251425,7.9280996
3801,251437,1.3326447
3802,251451,-4.604782
3803,251489,35.512375
3804,251525,22.508171
3805,251547,14.255089
3806,251599,23.612417
3807,251675,-50.058174
3808,251779,29.247215
3809,251826,-7.516219
3810,251836,-2.5600152
3811,251862,-0.44141984
3812,251882,3.043278
3813,251947,33.47398
3814,251957,6.5345345
3815,251985,-16.258944
3816,251998,-1.9729593
3817,252019,31.211098
3818,252051,13.27648
3819,252063,2.966639
3820,252080,26.325554
3821,252121,9.679982
3822,252152,2.0256932
3823,252211,11.028972
3824,252222,-11.9918165
3825,252252,-20.40551
3826,252271,13.016193
3827,252281,-2.1536558
3828,252420,-16.414486
3829,252441,40.286312
3830,252452,-2.2679653
3831,252472,-8.6342945
3832,252490,-6.8132873
3833,252506,-15.115645
3834,252562,17.481565
3835,252580,-10.234567
3836,252622,3.0297196
3837,252640,21.636717
3838,252659,-2.4630141
3839,252705,-37.03485
3840,252727,0.9659722
3841,252762,7.3201914
3842,252794,5.29186
3843,252830,-37.229115
3844,252846,4.3585405
3845,252862,1.7552129
3846,252931,-42.926186
3847,252947,-4.769431
3848,252961,14.83338
3849,252990,-16.45335
3850,253007,-5.298293
3851,253027,-8.949621
3852,253049,5.9478345
3853,253068,5.0887055
3854,253153,-5.6749067
3855,253180,3.3541512
3856,253208,17.318617
3857,253287,26.795048
3858,253313,8.281717
3859,253335,-7.578774
3860,253347,-3.8669238
3861,253365,-12.548898
3862,253380,7.935096
3863,253410,-0.72251576
3864,253426,-10.360478
3865,253443,-4.098464
3866,253485,5.53494
3867,254485,-269.02692
3868,254525,-13.217314
3869,254544,11.566267
3870,254565,11.705248
3871,254578,-1.0484403
3872,254645,-9.221849
3873,254673,-19.582684
3874,254682,8.131615
3875,254693,-7.5078707
3876,254743,40.547348
3877,254773,14.661348
3878,254793,8.865728
3879,254862,11.941571
3880,254923,3.619472
3881,254944,4.4474273
3882,254970,4.015275
3883,254999,3.0035515
3884,255029,7.026008
3885,255038,0.15304798
3886,256038,-262.68018
3887,256068,18.400501
3888,256100,46.299618
3889,256180,-0.2041521
3890,256206,9.611866
3891,256216,6.6876154
3892,257216,-250.98125
3893,257230,-4.568997
3894,257255,4.715087
3895,257319,42.895866
3896,257351,-15.913817
3897,257456,-29.436749
3898,257467,-1.7938327
3899,257490,-4.4990954
3900,257520,-8.341357
3901,257554,38.180386
3902,257585,3.4705894
3903,257618,-13.1626215
3904,257639,12.496541
3905,257662,-4.1057024
3906,257732,-35.889133
3907,257779,22.32865
3908,257835,62.7771
3909,257901,0.6625364
3910,257913,9.695773
3911,257924,5.1239696
3912,257934,2.1828563
3913,258006,11.723047
3914,258025,22.502304
3915,258039,-3.854544
3916,258050,9.769264
3917,258091,26.529455
3918,258109,-9.491028
3919,258120,-5.799884
3920,258143,7.4814396
3921,258177,14.799181
3922,258238,16.997263
3923,258259,9.773802
3924,258285,-6.8093762
3925,258296,2.0129685
3926,258322,0.8201461
3927,258333,-1.0907488
3928,258359,-16.570782
3929,258397,24.996445
3930,258409,-2.1712708
3931,258441,18.864273
3932,258450,1.2985134
3933,259450,-223.85178
3934,259475,-6.5603185
3935,259487,1.7432592
3936,259513,12.28316
3937,259524,3.870596
3938,259539,-7.2708554
3939,259549,2.5799732
3940,259571,-5.140694
3941,259607,12.469413
3942,259643,-8.905534
3943,259672,3.3062923
3944,259885,-106.30587
3945,259894,6.6162615
3946,259913,1.9341884
3947,259956,-14.249585
3948,259975,3.2633004
3949,259999,2.0364332
3950,260036,14.841909
3951,260083,-6.7836094
3952,260163,-27.744616
3953,260183,9.061812
3954,260193,-0.08164227
3955,260200,0.8982276
3956,260219,-9.850039
3957,260229,6.4653387
3958,260272,-27.984955
3959,260390,42.06396
3960,260410,-5.5394106
3961,260430,9.452387
3962,261430,-337.77676
3963,261440,9.042547
3964,261481,13.767798
3965,261501,10.418377
3966,261533,0.66808015
3967,261571,8.16103
3968,261602,-0.8893217
3969,261625,1.9724871
3970,261651,-28.722403
3971,261672,9.17972
3972,261685,0.8674316
3973,261709,-2.4340243
3974,261773,44.242283
3975,261785,-6.9202876
3976,261799,-0.48600477
3977,261854,-1.0531529
3978,261876,-12.901147
3979,261922,12.256559
3980,261933,2.7128735
3981,261977,12.896141
3982,262013,-7.559519
3983,262032,5.1972084
3984,262068,-35.00133
3985,262095,9.82927
3986,262118,28.067007
3987,262128,3.305346
3988,262249,4.918777
3989,262344,-34.811245
3990,262401,-2.794184
3991,262440,-6.9759383
3992,262461,26.099459
3993,262503,8.154465
3994,262543,-3.1898332
3995,262554,7.787669
3996,262576,1.7260118
3997,262668,-57.112526
3998,262703,23.838654
3999,262735,12.314132
4000,262774,8.48648
4001,262786,-7.8117514
4002,262794,4.654422
4003,262816,-13.194567
4004,262827,-5.3337536
4005,262856,42.387527
4006,262870,2.0749211
4007,262910,-20.370932
4008,262931,33.10059
4009,262947,0.93529403
4010,262964,-7.5508904
4011,262985,17.831362
4012,263008,28.136711
4013,263025,-3.3820484
4014,263044,14.266595
4015,263056,3.346446
4016,263068,-2.5378225
4017,264068,-336.34683
4018,265068,-297.40765
4019,265111,19.753515
4020,265137,21.547142
4021,265156,3.7958312
4022,265189,19.089005
4023,265255,-61.32604
4024,265265,5.6912303
4025,265292,5.624398
4026,265360,48.81304
4027,265384,9.495551
4028,265451,-2.6506667
4029,265475,-5.310201
4030,265499,-12.046014
4031,265522,-4.4217424
4032,265534,3.6691291
4033,265551,6.969971
4034,265586,13.920426
4035,265616,18.382608
4036,265626,-4.8239346
4037,265658,-6.3970733
4038,265686,4.4335957
4039,265699,6.906131
4040,265714,3.4840147
4041,265738,-1.4772848
4042,265786,23.9451
4043,265817,2.011444
4044,265855,1.6556301
4045,265887,23.852688
4046,265907,-1.4809022
4047,265920,3.9046988
4048,265938,2.687811
4049,265973,38.129642
4050,265982,6.677552
4051,266020,-7.424776
4052,266031,1.0324812
4053,266058,-11.155
4054,266066,0.639439
4055,266093,-8.705274
4056,266104,3.9219604
4057,266145,46.09327
4058,266162,-3.9129267
4059,266178,-2.4198089
4060,266213,13.658047
4061,266276,16.679453
4062,266297,-2.3854613
4063,266331,-4.808177
4064,266404,30.571247
4065,266426,9.536047
4066,266460,-10.10649
4067,266486,28.862694
4068,266519,9.413041
4069,266533,-0.03780836
4070,266581,-5.237115
4071,266598,9.027363
4072,266610,9.754039
4073,266638,4.095645
4074,266651,-0.038762927
4075,266691,19.18279
4076,266761,86.660255
4077,266780,-13.310896
4078,266805,0.4004668
4079,266843,-6.1699753
4080,266863,14.161416
4081,266896,-31.203129
4082,266935,36.8547
4083,266977,7.9197907
4084,267014,7.845245
4085,267093,-30.856726
4086,267130,-11.38825
4087,267158,-7.6971226
4088,267177,-5.0377717
4089,267227,55.128918
4090,267252,2.6751037
4091,267338,-88.39198
4092,267368,28.160238
4093,267382,-0.20324638
4094,267412,10.993088
4095,267428,16.16185
4096,267448,7.019593
4097,267462,-11.936715
4098,267474,-3.2725031
4099,267506,15.673149
4100,267562,-36.173763
4101,267590,-9.216173
4102,267606,19.684975
4103,267626,-16.737362
4104,267634,-4.7174244
4105,267699,4.6142955
4106,267711,-0.008872241
4107,267741,-0.7059839
4108,267763,-23.163563
4109,267780,3.1606872
4110,267793,2.0804741
4111,267826,24.811972
4112,267944,-9.830438
4113,268007,19.98263
4114,268062,20.672134
4115,268075,10.870183
4116,268195,-83.95258
4117,268249,-21.536016
4118,268292,-16.691818
4119,268307,-6.9952726
4120,268326,-3.0607061
4121,269326,-293.01587
4122,269338,4.7636356
4123,269348,-2.3546474
4124,269388,24.275955
4125,269436,-50.023735
4126,269450,14.088037
4127,269461,-0.8682804
4128,270461,-264.33826
4129,270523,49.95144
4130,270577,33.335445
4131,270601,-0.15589714
4132,270633,6.2262735
4133,270668,-38.230072
4134,270699,-21.00304
4135,271699,-205.77206
4136,271718,-3.115151
4137,271733,2.9937205
4138,271744,1.7071486
4139,271764,3.688807
4140,271787,-8.568492
4141,271826,15.832523
4142,271837,1.0373688
4143,271851,-15.609848
4144,271897,5.2487235
4145,271919,34.184574
4146,271960,-20.657307
4147,272005,8.703886
4148,272017,-7.037736
4149,272029,-0.51867753
4150,272067,-8.724282
4151,272117,4.474145
4152,272189,12.847909
4153,272200,5.5028334
4154,272209,0.31486034
4155,272263,-8.23292
4156,272334,-34.256947
4157,272353,8.991315
4158,272382,38.51852
4159,272420,14.514119
4160,272473,-6.9947376
4161,272497,6.620666
4162,272510,-3.5534062
4163,272543,-23.32221
4164,272582,-4.1065936
4165,273582,-322.76132
4166,273593,-1.135133
4167,273658,-29.072437
4168,273771,-15.026377
4169,273801,-6.5504646
4170,273813,-0.025666952
4171,273858,3.116837
4172,273889,17.974731
4173,273904,-1.3500273
4174,273926,-12.091715
4175,273987,-23.923983
4176,274054,21.474176
4177,274068,10.892515
4178,274080,-1.524368
4179,275080,-299.59512
4180,275144,-13.33644
4181,275195,-19.89895
4182,275239,16.121141
4183,275296,-25.089668
4184,276296,-288.4349
4185,276316,13.450939
4186,276372,30.344894
4187,276466,-21.830854
4188,276487,-8.8692255
4189,276527,34.05512
4190,277527,-231.47516
4191,277566,23.509777
4192,277672,8.111538
4193,277711,18.371126
4194,277752,-18.00575
4195,277769,-5.3963976
4196,277791,-2.941639
4197,277814,6.3064184
4198,277862,1.8727686
4199,277892,12.312818
4200,277908,-6.395764
4201,277928,-18.863958
4202,277953,15.4931
4203,277968,-7.6281633
4204,277992,-16.870478
4205,278044,-34.179153
4206,278079,-4.454936
4207,278138,20.445562
4208,278147,9.039328
4209,278159,-5.4457545
4210,278204,29.956762
4211,278228,11.961678
4212,278297,-33.612736
4213,278319,0.46918672
4214,278383,-5.6595464
4215,278403,25.417416
4216,278455,24.398073
4217,278495,-1.3867996
4218,278553,37.06097
4219,278577,14.567139
4220,278588,0.069913864
4221,278602,-3.1768043
4222,278637,-30.65408
4223,278672,11.647671
4224,279672,-255.02461
4225,279682,1.3555087
4226,279710,5.195152
4227,279727,4.2660713
4228,279815,12.627981
4229,279876,1.4685049
4230,279902,23.860119
4231,279914,8.004325
4232,279960,-4.2417502
4233,279972,1.2008119
4234,280972,-248.01782
4235,281019,29.710112
4236,281053,74.672295
4237,281074,-11.080808
4238,281147,38.76657
4239,281162,6.224321
4240,281206,-18.338829
4241,281260,-29.116781
4242,281283,6.6984224
4243,281300,7.850926
4244,281309,1.751149
4245,281401,57.94883
4246,281419,-7.959549
4247,281450,-12.001482
4248,281495,-17.315104
4249,281537,-8.693217
4250,281548,1.8280114
4251,281629,8.19859
4252,281682,40.821316
4253,281707,-8.129244
4254,281736,17.013084
4255,281751,3.3330882
4256,281824,1.1089816
4257,281848,-14.197099
4258,281867,-4.0593925
4259,281880,5.164887
4260,281929,16.698025
4261,281952,11.525087
4262,281961,1.470962
4263,281995,2.0721862
4264,282031,28.574602
4265,282090,31.170168
4266,282111,-5.292278
4267,282161,30.095898
4268,282207,3.4113817
4269,282236,4.1154017
4270,282294,61.417454
4271,282323,4.5276155
4272,282340,-4.6139483
4273,283340,-196.51299
4274,283367,15.796339
4275,283395,32.195343
4276,283476,-30.238369
4277,283497,7.419765
4278,283527,-5.4165983
4279,283540,3.1331518
4280,283562,23.581512
4281,283589,-14.291891
4282,283618,2.1243186
4283,283675,-4.2648625
4284,283706,-4.175384
4285,283746,1.5322491
4286,283769,17.795195
4287,283789,-3.5008316
4288,283811,23.35064
4289,283861,77.076836
4290,283903,17.574759
4291,283996,-9.39707
4292,284031,8.686781
4293,284083,23.979956
4294,284115,19.592516
4295,284148,18.996883
4296,284170,16.225113
4297,284216,19.520523
4298,284228,-3.8803315
4299,284256,16.324005
4300,284272,7.276531
4301,285272,-245.11258
4302,285290,0.6565006
4303,285326,15.790107
4304,285333,-3.4397926
4305,285370,46.517708
4306,285392,7.2706614
4307,285427,20.862633
4308,285454,26.49084
4309,285498,23.49141
4310,285512,-2.297463
4311,285586,-28.138632
4312,285629,66.54624
4313,285661,2.9132447
4314,285699,28.823467
4315,285736,7.274084
4316,285761,0.18019497
4317,286761,-235.98593
4318,286798,23.251448
4319,286811,2.021727
4320,286830,15.848963
4321,286894,3.864166
4322,286912,3.735881
4323,286980,36.626045
4324,287027,24.17825
4325,287040,-3.7574391
4326,287061,23.01638
4327,287086,-2.7042544
4328,287099,0.379578
4329,287110,-6.170973
4330,287143,12.513359
4331,287162,16.536081
4332,287235,-38.64613
4333,287296,44.077156
4334,287325,30.054312
4335,287503,-39.02117
4336,287515,13.236418
4337,287536,19.191336
4338,287552,0.7141072
4339,287603,18.14878
4340,287631,15.09185
4341,287661,22.196417
4342,287707,5.110564
4343,287736,26.853504
4344,287764,-6.37022
4345,287782,15.573704
4346,287840,8.622614
4347,287891,36.42153
4348,287903,-5.1571274
4349,287973,23.945478
4350,287984,1.6990118
4351,287993,-0.99606484
4352,288025,1.2873856
4353,288056,-4.3645015
4354,288070,4.7144876
4355,288092,20.981766
4356,288135,-9.668316
4357,288167,31.255554
4358,288178,6.424279
4359,288252,-4.910801
4360,288277,-4.0408525
4361,288288,-2.3264792
4362,288380,-21.710802
4363,288411,26.90923
4364,288452,28.013561
4365,289452,-231.96623
4366,289587,-6.509344
4367,289599,-8.178874
4368,289612,-0.61898535
4369,289722,-35.776096
4370,289743,10.081832
4371,289780,34.281853
4372,289800,22.335814
4373,289810,1.2672347
4374,289874,62.69543
4375,289941,-21.898241
4376,289982,22.737312
4377,290013,3.835794
4378,290044,-1.3756976
4379,290061,-3.136085
4380,290076,-4.224991
4381,290103,1.0767562
4382,290207,-64.322014
4383,290271,55.822594
4384,290303,18.337933
4385,290313,1.9226674
4386,290329,-7.1440783
4387,290401,-32.723766
4388,290432,-6.5020037
4389,290450,-0.25116152
4390,290459,3.1337318
4391,290468,4.7825227
4392,290484,-11.315672
4393,290501,-6.9306297
4394,290592,-2.5899189
4395,290635,-12.958716
4396,290654,-13.468278
4397,290682,-11.840224
4398,290703,1.3777196
4399,290715,7.5840197
4400,290833,34.15544
4401,290843,-4.616584
4402,290879,6.4341216
4403,290919,51.872833
4404,290964,43.519676
4405,291038,30.32027
4406,291063,-8.940547
4407,291102,-16.37713
4408,291143,-1.5143366
4409,291168,5.807898
4410,291202,-22.330812
4411,291230,10.998611
4412,291247,8.068896
4413,291272,9.770519
4414,291290,12.173714
4415,291304,-15.942912
4416,291327,8.914821
4417,291368,13.090643
4418,291423,57.465286
4419,291432,0.9263654
4420,291450,14.905502
4421,291461,-1.3569925
4422,291480,3.5528064
4423,291512,4.75361
4424,291557,-14.15931
4425,291604,-4.893852
4426,291619,2.0520313
4427,291636,0.99341816
4428,291677,32.08541
4429,291707,50.42357
4430,291722,4.9532175
4431,291754,25.938852
4432,291789,7.7191825
4433,291920,11.477638
4434,291941,10.896795
4435,291954,-7.803172
4436,291975,4.0007286
4437,291996,2.695684
4438,292005,10.998571
4439,292023,2.5834708
4440,292035,1.1392388
4441,292053,1.1723152
4442,292074,7.003244
4443,292100,-38.82926
4444,292151,-19.283447
4445,292166,-0.32327855
4446,293166,-198.97495
4447,293191,16.726213
4448,293250,-23.031626
4449,293279,0.14868031
4450,293302,15.65242
4451,293322,2.6195958
4452,293339,8.60787
4453,293346,0.00020438433
4454,293357,0.8757369
4455,293402,-8.652247
4456,293456,-8.312284
4457,293489,14.211647
4458,293510,1.4081761
4459,293544,-17.321009
4460,293555,-4.9554424
4461,293565,4.1144876
4462,293589,5.2403655
4463,293623,-9.348867
4464,293684,-27.823587
4465,293719,9.974717
4466,293763,15.323292
4467,293812,11.589688
4468,293840,6.5931616
4469,293852,9.018529
4470,293862,5.45366
4471,293900,7.2297
4472,293936,12.441564
4473,293953,25.73021
4474,293972,9.912303
4475,293998,24.967508
4476,294010,-3.7164767
4477,294026,6.0890837
4478,294043,1.8368726
4479,295043,-220.40273
4480,295077,22.31043
4481,295108,5.8552895
4482,295152,66.762474
4483,295217,58.76566
4484,295230,-2.704775
4485,295243,0.78398013
4486,295265,1.4442316
4487,295346,66.27993
4488,296346,-251.13257
4489,296403,-26.607851
4490,296424,11.389506
4491,296438,-3.8802214
4492,296449,-4.87224
4493,296496,17.215897
4494,296531,-14.083794
4495,296556,8.767963
4496,296585,0.71643007
4497,296647,-30.54248
4498,296749,-66.33347
4499,296759,-2.5117545
4500,296792,-4.545752
4501,296901,-24.647089
4502,296948,20.314722
4503,296983,11.220174
4504,297004,-4.957609
4505,297062,42.989674
4506,298062,-206.88806
4507,298075,13.486384
4508,298112,49.70281
4509,298144,-11.245895
4510,298180,-12.300524
4511,298228,18.183542
4512,298261,16.345476
4513,298282,-11.768452
4514,298307,33.442707
4515,298328,14.7326355
4516,298341,-7.4494667
4517,298367,21.737278
4518,298386,12.731752
4519,298426,0.37574145
4520,299426,-174.7396
4521,299458,-6.230695
4522,299472,-15.038525
4523,299484,0.7657061
4524,299501,16.855568
4525,299539,40.964775
4526,299554,-7.363083
4527,299580,-35.198784
4528,299608,-15.857761
4529,299643,9.242637
4530,299711,13.4492035
4531,299723,11.873227
4532,299778,-13.796068
4533,299899,55.6506
4534,299909,5.096476
4535,299943,45.179096
4536,299952,9.138184
4537,300952,-181.81253
4538,300969,11.4257
4539,301006,31.084167
4540,301019,3.9725652
4541,301081,-2.4157338
4542,301134,-7.0262623
4543,301153,26.343206
4544,301186,3.308168
4545,301207,14.137824
4546,301234,17.497791
4547,301255,19.669622
4548,301281,30.26161
4549,301311,5.8794823
4550,301323,0.6057733
4551,301344,8.010197
4552,301353,4.8083587
4553,301363,0.02799517
4554,301372,10.086561
4555,301409,23.386751
4556,301418,10.064177
4557,301488,24.4951
4558,301542,3.125927
4559,301573,-2.8497658
4560,301605,-26.289665
4561,301626,2.9052653
4562,301659,-1.957931
4563,301691,1.5435538
4564,301714,8.158286
4565,301766,35.978226
4566,301789,16.687601
4567,301875,43.704052
4568,301925,-7.9531503
4569,301942,1.2303827
4570,301962,-6.6397767
4571,302077,-1.6828426
4572,303077,-187.60089
4573,303105,8.485292
4574,304105,-127.58224
4575,304140,-2.028862
4576,304149,8.914774
4577,304177,19.982002
4578,304188,-2.6449323
4579,304237,6.344505
4580,304255,10.673528
4581,304285,1.0612776
4582,304300,8.164582
4583,304412,22.22671
4584,304422,7.0362887
4585,304435,7.229711
4586,304554,-77.24602
4587,304610,-24.257275
4588,304651,18.55205
4589,304687,1.4052619
4590,304711,20.863132
4591,304734,9.608006
4592,304817,-10.137797
4593,304829,10.334012
4594,304866,-6.643875
4595,304908,12.896479
4596,304928,-1.958333
4597,304974,14.851605
4598,305052,-25.125742
4599,305068,8.154967
4600,305098,24.549421
4601,305201,81.05318
4602,305212,-4.6634984
4603,305240,-4.9158077
4604,306240,-140.56485
4605,306277,-17.206543
4606,306292,10.374199
4607,306305,4.8892365
4608,306399,63.410038
4609,306419,4.0661306
4610,306468,-52.96273
4611,306487,-5.616927
4612,306533,18.750748
4613,306576,28.999489
4614,306602,7.120671
4615,306649,15.552947
4616,306669,11.466853
4617,306690,17.858406
4618,306724,7.1825275
4619,306769,37.354557
4620,306792,11.662394
4621,306825,13.594282
4622,306846,-7.6488266
4623,306857,8.100762
4624,306878,4.6947465
4625,306937,53.204464
4626,307006,30.315746
4627,307031,31.786737
4628,307074,19.694288
4629,307086,6.93004
4630,307123,25.70258
4631,307160,28.118084
4632,307178,15.4818125
4633,307217,25.33507
4634,307244,-6.1631064
4635,307271,16.327614
4636,307290,6.4971023
4637,307322,-0.6828402
4638,307354,5.3210654
4639,307428,10.460925
4640,307454,1.4022722
4641,307543,29.474882
4642,307553,0.44403946
4643,307582,13.75459
4644,307647,-15.46178
4645,307678,32.302147
4646,307703,10.692347
4647,307749,41.804325
4648,307781,-0.75901365
4649,307886,15.544135
4650,307904,-5.5414195
4651,307986,39.71604
4652,308019,5.216967
4653,308096,9.786443
4654,308127,4.836301
4655,308146,10.234598
4656,308172,15.896323
4657,308215,44.962044
4658,308224,3.662005
4659,308238,12.753319
4660,308255,12.8874655
4661,308300,-0.8738627
4662,308318,-9.492142
4663,308369,15.225764
4664,308389,5.192348
4665,308399,4.6357536
4666,308422,38.77082
4667,308450,-8.783692
4668,308475,-1.8571205
4669,308518,19.47877
4670,308554,14.247643
4671,308578,0.6365187
4672,308606,-7.186734
4673,308623,-17.610209
4674,308656,-5.1624475
4675,308683,29.565647
4676,308718,22.088598
4677,308768,-7.416729
4678,308788,13.108423
4679,308814,16.338137
4680,308850,38.96732
4681,308876,0.8587222
4682,308895,-12.905337
4683,308947,86.731346
4684,308987,38.65376
4685,309042,46.599655
4686,309062,8.362505
4687,309090,-6.83941
4688,309131,19.537481
4689,309145,0.43659896
4690,309179,47.38588
4691,309219,15.9705305
4692,309275,50.246223
4693,309360,-22.8388
4694,309402,-7.0831084
4695,309413,8.715331
4696,309448,23.183949
4697,309482,3.172327
4698,309532,2.2809703
4699,309548,-11.930786
4700,309570,-2.5456595
4701,309637,5.936492
4702,309648,3.759747
4703,309675,5.1961346
4704,309692,-12.005727
4705,309732,-6.27013
4706,309780,13.036472
4707,309799,23.165283
4708,309876,-26.49599
4709,309884,0.35773844
4710,310001,23.301662
4711,310016,-5.393078
4712,310071,12.626484
4713,310119,28.442738
4714,310169,18.489481
4715,310219,7.728486
4716,310242,-7.0159755
4717,310321,92.8198
4718,310383,24.029707
4719,310417,44.744267
4720,310541,24.210093
4721,310584,38.95535
4722,310649,38.07512
4723,310661,-1.1074791
4724,310725,53.988335
4725,310766,8.9810295
4726,310780,7.982254
4727,310796,-0.9445765
4728,310814,9.038906
4729,310837,13.3526325
4730,310906,60.830605
4731,310946,6.3781133
4732,310954,7.1652203
4733,311954,-125.520996
4734,311992,15.422267
4735,312013,5.050079
4736,312036,-5.8925443
4737,312086,25.843542
4738,312125,-26.207561
4739,312170,-8.029471
4740,312199,-4.662974
4741,312224,-20.59467
4742,312255,24.581217
4743,312278,25.788683
4744,312339,11.014376
4745,312364,16.701588
4746,312416,-5.9443045
4747,312447,32.398563
4748,312499,-7.652852
4749,312556,39.781933
4750,312571,-6.5816503
4751,312622,19.930315
4752,312636,6.6470823
4753,312663,6.4207606
4754,312727,0.3454295
4755,312747,10.164361
4756,312777,11.588518
4757,312790,-4.044283
4758,312818,-5.4168
4759,312861,2.1375058
4760,312875,8.076753
4761,312915,13.757515
4762,312954,19.029184
4763,313013,-12.013246
4764,313044,-22.988586
4765,313138,15.784459
4766,313153,6.3035107
4767,313210,81.67379
4768,313232,-0.4527552
4769,313260,2.0405087
4770,313329,-3.413215
4771,313353,13.309003
4772,313362,3.4177747
4773,313419,-3.801918
4774,313434,-11.658743
4775,313493,25.31684
4776,313511,-10.948358
4777,313557,-20.039158
4778,313566,9.416955
4779,313587,-2.82852
4780,313617,-0.7273319
4781,313649,13.639161
4782,313661,1.7287439
4783,313687,10.021823
4784,313702,13.40725
4785,313722,-24.851488
4786,313739,6.0422153
4787,313779,13.58428
4788,313797,19.910683
4789,313879,22.596838
4790,313994,-22.022758
4791,314994,-142.384
4792,315022,12.0543165
4793,315100,47.83588
4794,315113,0.6238749
4795,315129,16.90264
4796,315169,-6.4263616
4797,315177,8.349908
4798,315186,1.7827524
4799,315209,-4.420187
4800,315244,27.53512
4801,315305,-44.872467
4802,315342,27.94559
4803,315370,13.995931
4804,315380,3.636047
4805,315410,-4.3532104
4806,315450,-3.17957
4807,315464,4.0964074
4808,315483,16.764294
4809,315507,7.9318743
4810,315517,3.6730828
4811,315576,40.368958
4812,315620,9.375815
4813,315655,36.072445
4814,315671,0.2305119
4815,315684,-3.063706
4816,315705,-8.757985
4817,315734,7.4392123
4818,315764,13.004
4819,315787,21.420221
4820,315808,8.147679
4821,315820,-2.002474
4822,315869,36.516884
4823,315888,-8.072336
4824,315951,46.31847
4825,316012,3.3500495
4826,316041,16.971048
4827,316053,-2.6495857
4828,316075,1.7980615
4829,316104,14.401205
4830,316160,24.725426
4831,316188,9.963
4832,316214,15.2473545
4833,316245,5.801953
4834,316307,34.698837
4835,316342,9.566506
4836,316353,4.2296276
4837,316450,-5.760251
4838,316505,44.666466
4839,316528,9.243679
4840,316550,21.381674
4841,316589,28.658703
4842,316638,11.547085
4843,316695,55.387177
4844,316726,14.554802
4845,316740,4.658461
4846,316766,-14.130783
4847,316799,12.58893
4848,316810,4.142067
4849,316843,5.270764
4850,316905,25.529827
4851,316950,12.412071
4852,317008,54.38417
4853,317023,10.350028
4854,318023,-191.55241
4855,318102,8.490472
4856,318114,-1.6328042
4857,318156,35.842434
4858,318185,-10.511765
4859,318199,19.085
4860,318215,5.4841533
4861,318246,30.905085
4862,318262,12.9735775
4863,318274,2.7804337
4864,318331,14.836267
4865,318356,0.7448141
4866,318401,8.454109
4867,318423,19.729841
4868,318443,6.244827
4869,318514,104.56284
4870,318526,-2.0438855
4871,318536,-2.7271633
4872,318573,-7.0263996
4873,318623,20.89809
4874,318643,20.571737
4875,318710,31.95875
4876,318718,3.8375516
4877,318737,20.980753
4878,318798,-7.6222925
4879,318904,-19.331825
4880,318915,2.6334357
4881,318926,-3.0656838
4882,318942,-4.7239857
4883,318966,1.562825
4884,318980,-2.9344344
4885,319008,26.897682
4886,319139,12.219095
4887,319146,5.3739395
4888,320146,-129.63623
4889,320165,3.5133243
4890,320257,94.245476
4891,320299,9.472475
4892,320310,12.6035
4893,320367,38.014194
4894,320378,-1.1719888
4895,320424,34.784035
4896,320433,-0.4061755
4897,320452,17.29016
4898,320502,18.320847
4899,320532,-8.026881
4900,320607,20.249268
4901,320641,11.667487
4902,320720,-5.234255
4903,320783,0.72589874
4904,320801,7.3198996
4905,320820,17.287693
4906,320875,-6.3415413
4907,321875,-100.186714
4908,321893,30.661776
4909,322893,-174.71672
4910,322916,21.38826
4911,322986,40.99528
4912,323027,-17.44557
4913,323078,22.64968
4914,323095,1.2406908
4915,323117,24.41949
4916,323296,-57.501072
4917,323322,23.522472
4918,323340,-1.5624269
4919,323356,21.813814
4920,323379,5.708696
4921,323458,48.095783
4922,323482,-12.664748
4923,323539,43.880207
4924,323549,3.1180365
4925,323577,6.6812606
4926,323632,60.04328
4927,323671,9.75525
4928,323736,40.20679
4929,323767,7.9085197
4930,323877,31.96664
4931,324005,-75.53577
4932,324164,47.722675
4933,324175,0.87157136
4934,324225,34.080353
4935,324235,8.236387
4936,324275,-4.845564
4937,324376,21.133287
4938,324496,20.177412
4939,324526,2.5457997
4940,324544,7.9264994
4941,324555,3.3013983
4942,324577,26.592003
4943,324607,5.921886
4944,324683,-17.077072
4945,324696,-1.6047956
4946,324781,71.183
4947,324813,6.611592
4948,324861,30.731909
4949,324871,4.655116
4950,324974,41.712498
4951,324995,9.146535
4952,325062,-21.226961
4953,325108,14.039182
4954,325136,32.709137
4955,325203,20.790773
4956,325221,-8.785758
4957,325268,37.183453
4958,325295,41.840828
4959,325313,11.725751
4960,326313,-79.82389
4961,326328,14.158028
4962,326360,33.931576
4963,326380,2.922831
4964,326436,-5.0900936
4965,326464,4.9302707
4966,326500,15.747567
4967,326521,7.7229176
4968,326540,17.90899
4969,326551,8.868348
4970,326581,-1.9710896
4971,326629,-1.6930937
4972,326661,18.333021
4973,326690,32.92602
4974,326715,-2.1465757
4975,326767,62.078148
4976,326921,-35.5552
4977,326935,11.218919
4978,326946,1.6228114
4979,326980,-28.98342
4980,327000,12.519959
4981,327016,18.618916
4982,327131,42.193142
4983,327157,0.30889824
4984,327168,5.710038
4985,327212,9.354303
4986,327226,5.463068
4987,327248,16.55183
4988,327286,19.96813
4989,327299,0.03273344
4990,327307,6.1491394
4991,327324,-0.89664745
4992,327349,27.935175
4993,327429,2.1809716
4994,327473,26.080196
4995,327495,-9.194878
4996,327510,6.666813
4997,327561,-0.55638266
4998,327594,35.58105
4999,327605,3.4531014
5000,327638,16.160423
5001,327654,-7.342425
5002,327663,6.772238
5003,327707,7.9192276
5004,327773,0.5798956
5005,328773,-116.63715
5006,328788,-7.8277216
5007,328799,8.781686
5008,328822,31.655388
5009,328988,70.7797
5010,329011,20.541199
5011,329020,0.24852008
5012,329054,18.427723
5013,329064,7.441143
5014,329101,41.802887
5015,329141,10.425506
5016,329181,83.65719
5017,329201,24.673676
5018,329234,32.101315
5019,329285,26.41611
5020,329348,81.953804
5021,329360,-9.172895
5022,329406,5.019717
5023,329523,71.984055
5024,329537,-6.73757
5025,329561,-2.9730258
5026,329621,10.411472
5027,329682,72.97302
5028,329756,25.981737
5029,330756,-127.288704
5030,330766,5.072294
5031,330805,21.026215
5032,330828,-10.147435
5033,330866,37.287537
5034,330875,-2.3962946
5035,330957,40.824863
5036,330977,13.0210705
5037,330997,8.529939
5038,331025,9.788502
5039,332025,-101.02663
5040,332080,17.975878
5041,332152,33.908176
5042,332169,-0.72092855
5043,332195,24.350811
5044,332215,-1.4286054
5045,333215,-39.293095
5046,333289,10.980865
5047,333446,28.281784
5048,333456,1.9827666
5049,333466,4.3618937
5050,333489,8.898011
5051,333517,29.230005
5052,333556,25.83105
5053,333590,34.807533
5054,333641,6.7167115
5055,333692,10.982033
5056,333710,5.1979647
5057,333730,-20.016693
5058,333756,-3.6989856
5059,333767,-6.0928297
5060,333796,2.6818042
5061,333822,21.485575
5062,333839,0.98552465
5063,333850,-1.1013064
5064,333861,-0.8828491
5065,333872,9.587062
5066,333881,-1.87911
5067,334038,25.069725
5068,334059,25.322117
5069,334107,19.887331
5070,334169,-13.007422
5071,334195,-0.20283562
5072,334270,3.7894766
5073,334324,22.70433
5074,334360,14.754878
5075,334374,16.56331
5076,334400,5.8891234
5077,334422,14.82728
5078,334447,-6.544676
5079,334511,23.694324
5080,334529,-5.8255625
5081,334695,30.273539
5082,334717,9.705059
5083,334730,-3.920105
5084,334744,4.0285974
5085,334777,17.737436
5086,334792,-4.69608
5087,334836,26.610598
5088,334865,26.12062
5089,334895,41.84098
5090,334956,5.1117105
5091,335956,-155.46458
5092,335998,4.2049003
5093,336036,0.5857814
5094,336079,-12.464819
5095,336116,9.235055
5096,337116,5.727296
5097,337138,15.954287
5098,337151,3.3879952
5099,337175,3.5316706
5100,337192,17.366838
5101,337209,-3.4481697
5102,337245,30.66455
5103,337257,1.1582347
5104,337301,33.827705
5105,337358,29.89513
5106,337398,25.12122
5107,337520,12.811625
5108,338520,-83.65299
5109,338564,24.750452
5110,338610,7.634337
5111,338637,5.576547
5112,338717,20.706476
5113,338726,1.417259
5114,338750,9.708726
5115,338778,-6.226536
5116,338843,8.569876
5117,338857,-6.25805
5118,338883,-9.13134
5119,339883,-70.078545
5120,339900,3.3411174
5121,339909,1.1538386
5122,339948,-1.8939915
5123,339960,16.180204
5124,339978,13.100016
5125,340010,11.59232
5126,340090,86.59106
5127,340102,10.720635
5128,340117,5.8472195
5129,340180,39.959282
5130,340217,20.126842
5131,340227,-2.3131385
5132,340246,-2.1266012
5133,340271,-6.9945216
5134,340325,47.911144
5135,340344,4.472497
5136,340380,11.188995
5137,340405,9.962007
5138,340432,27.594584
5139,340466,29.209587
5140,340480,5.1051826
5141,340500,7.3760567
5142,340509,10.475206
5143,340567,14.07972
5144,340581,-4.0108223
5145,340652,17.389849
5146,340800,-16.751966
5147,340819,4.0976787
5148,340921,-27.871496
5149,340930,0.9103019
5150,340994,-21.203318
5151,341026,-8.291929
5152,342026,-141.89528
5153,342035,5.4888163
5154,342100,75.07407
5155,342150,33.906975
5156,342165,1.8515098
5157,342186,15.55521
5158,342195,7.451771
5159,342215,-5.0630703
5160,342280,51.311535
5161,342320,41.438595
5162,342360,46.363983
5163,342399,-6.5127144
5164,343399,21.064192
5165,343417,18.015488
5166,343500,66.180466
5167,344500,10.700602
5168,344553,81.57698
5169,344564,11.443578
5170,344627,43.34511
5171,344647,26.85282
5172,344683,17.452972
5173,344703,4.1675715
5174,344728,22.438608
5175,344743,15.157254
5176,344783,30.129507
5177,345783,-17.378908
5178,345810,11.850363
5179,345837,14.151369
5180,345876,7.4432354
5181,345936,23.817505
5182,345945,3.627897
5183,345964,4.1098704
5184,346008,32.00786
5185,346076,20.791048
5186,346100,-1.7390753
5187,346179,60.87417
5188,346202,8.302196
5189,347202,-67.17231
5190,348202,-37.114803
5191,348225,16.406645
5192,348247,20.926243
5193,348333,2.2177114
5194,348425,15.597706
5195,348503,25.368822
5196,348538,9.843471
5197,349538,2.2296467
5198,350538,19.802319
5199,350556,14.423056
5200,350639,-29.407179
5201,350654,-0.24139482
5202,350698,47.174957
5203,350939,-17.803488
5204,350965,12.201312
5205,351039,61.441765
5206,351072,25.079216
5207,351149,21.619131
5208,351211,11.560954
5209,351234,3.6310673
5210,352234,-34.88132
5211,352285,26.220316
5212,352331,20.349691
5213,352342,13.752831
5214,352432,43.65419
5215,352459,9.142345
5216,352497,9.273936
5217,352686,7.285297
5218,352742,1.4489369
5219,352750,0.3945434
5220,352763,7.0098767
5221,352813,-3.307993
5222,352824,6.1640763
5223,352901,4.4359703
5224,353901,-29.94397
5225,354004,4.5234056
5226,354040,15.916995
5227,354093,64.827545
5228,354161,29.507715
5229,354242,37.816685
5230,354299,11.563375
5231,354314,5.2582936
5232,354325,-2.3440785
5233,354339,4.023092
5234,355339,-12.207875
5235,355416,80.313576
5236,355460,35.251972
5237,355508,55.145164
5238,356508,4.6881566
5239,356529,33.309856
5240,356538,4.409114
5241,356586,30.790545
5242,356604,11.374744
5243,356648,37.461464
5244,357648,43.37567
5245,357739,26.199461
5246,358739,24.942215
5247,358759,7.4212523
5248,358792,19.831491
5249,358839,6.7397227
5250,358963,63.808216
5251,359041,52.299206
5252,359095,34.526936
5253,359111,5.544672
5254,359177,40.789005
5255,359236,-0.16820216
5256,359275,17.879723
5257,359330,62.04984
5258,359448,-7.581598
5259,359482,32.845776
5260,359499,8.70906
5261,359532,11.121575
5262,359621,-12.87686
5263,359647,20.2147
5264,359696,24.168406
5265,359706,3.8266077
5266,359721,7.8409467
5267,359730,6.746568
5268,359796,2.3657994
5269,359820,8.140701
5270,359899,-0.48251742
5271,359980,34.857815
5272,359990,4.257427
5273,360000,4.9893713
5274,360063,-9.64353
5275,360108,34.60738
5276,360155,7.384459
5277,360226,44.779053
5278,360236,1.7253603
5279,360274,-22.805487
5280,360293,22.25835
5281,360301,2.8634639
5282,360350,28.957119
5283,360383,31.640705
5284,360422,41.261414
5285,360435,0.47243154
5286,360449,12.415851
5287,360487,32.649162
5288,360528,13.422511
5289,360550,22.213884
5290,360583,18.493155
5291,360609,-5.9088235
5292,360676,31.615253
5293,360688,7.25065
5294,360730,57.97541
5295,360758,-0.75315815
5296,360804,24.515413
5297,360860,34.048737
5298,360933,54.41753
5299,361035,43.357586
5300,361115,76.334656
5301,361140,17.467377
5302,361173,6.7823133
5303,361253,62.985947
5304,361318,-29.630573
5305,361333,-0.011984587
5306,361350,12.207277
5307,361398,20.5919
5308,361419,19.557234
5309,361512,62.716896
5310,361535,22.788252
5311,361653,125.22498
5312,361813,-31.270485
5313,361847,28.993277
5314,361863,12.983135
5315,361875,1.531978
5316,361923,33.0671
5317,361942,19.641031
5318,361992,21.7138
5319,362034,47.62235
5320,362142,73.038475
5321,362175,6.512366
5322,362208,-10.71044
5323,362257,48.723427
5324,362294,27.855562
5325,362311,16.955454
5326,362333,8.240228
5327,362409,51.40174
5328,362504,68.16799
5329,362550,27.912659
5330,362571,2.4322143
5331,362580,3.6326702
5332,362640,8.72796
5333,362649,0.8896351
5334,362718,66.27109
5335,362731,-3.8361895
5336,362791,30.390373
5337,362806,0.019976556
5338,362849,42.77323
5339,362860,7.155451
5340,362931,-6.437553
5341,362973,36.552574
5342,363034,3.8932624
5343,363077,29.220514
5344,363203,126.09851
5345,363216,-11.2390175
5346,363226,0.008610696
5347,363242,20.112078
5348,363307,50.426384
5349,363316,-1.7633419
5350,363468,-5.8727145
5351,364130,-37.509914
5352,364147,6.865877
5353,364170,3.9585247
5354,364179,2.6515708
5355,364226,22.965397
5356,364270,30.66219
5357,364290,-0.053053856
5358,364306,7.8603296
5359,364318,8.026189
5360,364488,-6.2601852
5361,364645,51.737503
5362,364686,63.577023
5363,364696,5.0896215
5364,364712,5.3278503
5365,364732,14.483327
5366,364749,0.66626567
5367,364987,-84.59454
5368,365016,22.672464
5369,365088,44.40519
5370,365183,23.187658
5371,365248,25.79807
5372,365258,9.215407
5373,365292,6.509172
5374,365361,51.383022
5375,365384,16.180447
5376,365427,40.425934
5377,365457,29.415539
5378,365475,9.910194
5379,365574,27.881754
5380,365583,-2.4975204
5381,365709,-24.94074
5382,365734,11.357049
5383,365848,79.22583
5384,365866,23.25347
5385,365901,22.608406
5386,365962,38.18456
5387,365976,12.457866
5388,366035,25.014389
5389,366069,-7.7443843
5390,366089,11.215315
5391,366197,100.4237
5392,366219,-7.2353783
5393,366250,10.551877
5394,366282,35.36322
5395,366295,4.151048
5396,366335,33.724697
5397,366352,17.395348
5398,366495,-18.47175
5399,366578,27.135849
5400,366595,18.934097
5401,366676,20.113976
5402,366834,43.63892
5403,366890,-22.807564
5404,366900,-3.1169748
5405,366936,25.246403
5406,366992,19.264221
5407,367036,19.77995
5408,367057,13.598692
5409,367071,-3.8991961
5410,367131,-10.495976
5411,367236,95.49641
5412,367271,15.893228
5413,367314,30.808498
5414,367381,33.90251
5415,367406,38.67655
5416,367425,25.474108
5417,367463,14.030934
5418,367497,-10.958294
5419,367518,21.327095
5420,367545,14.538498
5421,367561,22.744965
5422,367590,42.12009
5423,367602,6.4468136
5424,367637,13.144189
5425,367658,29.531452
5426,368658,19.791979
5427,368679,4.233936
5428,368705,8.396191
5429,368763,75.4176
5430,368795,12.443216
5431,368849,49.32853
5432,368947,-4.1747894
5433,368994,-17.978704
5434,369077,41.24148
5435,369089,7.458984
5436,369108,27.179296
5437,369149,42.274857
5438,369219,49.419724
5439,369254,30.420422
5440,370254,-17.183014
5441,370295,2.5577424
5442,370481,89.63828
5443,370509,22.105114
5444,370566,17.435667
5445,370588,13.682389
5446,370597,4.093439
5447,370665,46.773643
5448,370685,38.93181
5449,370760,29.129097
5450,370798,11.89938
5451,370836,44.51946
5452,370878,-25.433516
5453,370950,14.957963
5454,370965,15.689303
5455,370979,4.1615596
5456,371217,146.0185
5457,371341,112.26518
5458,371372,40.296146
5459,371387,8.168576
5460,371410,23.772415
5461,371450,21.718103
5462,371541,80.047905
5463,371562,5.278647
5464,371573,9.926245
5465,371629,45.215282
5466,371678,47.01423
5467,371713,34.707794
5468,371747,37.24675
5469,371789,21.963629
5470,371828,7.6183205
5471,371850,10.477571
5472,371862,15.332851
5473,371882,14.406054
5474,371938,64.57917
5475,371953,9.428939
5476,371964,7.040616
5477,371977,4.9807715
5478,372009,23.910257
5479,372031,11.099489
5480,372072,15.211572
5481,372122,-0.27096808
5482,372142,10.041282
5483,372172,30.557653
5484,373172,16.947289
5485,373248,-42.39716
5486,374248,-0.27740753
5487,374302,54.988503
5488,375302,47.209465
5489,375339,20.206432
5490,375351,7.3776913
5491,375382,-3.322784
5492,376382,-34.211708
5493,376462,-4.8944883
5494,376585,-51.264126
5495,376594,6.795454
5496,376619,24.970526
5497,376641,14.731323
5498,376651,-2.062683
5499,376774,62.23744
5500,376879,78.87266
5501,376954,45.47809
5502,377954,30.961346
5503,378080,-19.237726
5504,378152,34.905098
5505,378170,32.709778
5506,378185,10.50641
5507,378208,13.876204
5508,378236,46.220608
5509,378276,-9.26221
5510,378388,50.465843
5511,378424,9.484985
5512,378456,11.194082
5513,378591,26.617796
5514,378615,21.425882
5515,378653,-1.0486879
5516,378725,-7.4415736
5517,378755,21.372463
5518,378886,35.412613
5519,378931,1.4572139
5520,378961,4.5883417
5521,379073,18.358961
5522,379146,18.228716
5523,379180,28.477957
5524,379216,27.948908
5525,379226,2.1695323
5526,379239,5.661104
5527,379261,7.991772
5528,379270,3.2390273
5529,379297,37.87406
5530,379328,41.032978
5531,379349,28.583735
5532,379370,2.7840576
5533,379417,-10.613901
5534,379438,18.415888
5535,379524,-5.0261354
5536,379557,7.697379
5537,379570,11.155078
5538,379608,4.9720516
5539,379628,1.2954649
5540,379637,0.48137483
5541,379740,16.035892
5542,379758,-0.24551451
5543,379840,28.90046
5544,379861,28.236795
5545,379892,29.563148
5546,379929,31.694298
5547,379948,6.5123825
5548,379970,13.519247
5549,380020,27.649948
5550,380120,34.566795
5551,380250,6.980932
5552,380292,33.10209
5553,380386,2.4662569
5554,380476,-6.22157
5555,381476,-54.40339
5556,381506,-5.4448204
5557,381523,11.142471
5558,381576,35.746704
5559,381596,-5.7810926
5560,381625,22.417526
5561,381640,23.679468
5562,381665,3.3868158
5563,381713,21.61228
5564,381749,9.887702
5565,381820,27.340769
5566,381948,-0.18840575
5567,381977,1.8131644
5568,382009,-13.558128
5569,382020,6.477642
5570,382055,30.193247
5571,382079,12.075229
5572,382095,14.477751
5573,382127,34.083214
5574,382201,48.79097
5575,382221,-3.1839418
5576,382338,12.62232
5577,382453,67.92888
5578,382533,-23.821053
5579,382641,76.50894
5580,382770,57.838017
5581,382877,41.263615
5582,383022,47.881584
5583,383121,68.15565
5584,383204,26.0268
5585,384204,47.71567
5586,384215,15.589737
5587,384274,-5.1244345
5588,384343,78.01872
5589,384381,8.322078
5590,384414,30.403946
5591,385414,61.921143
5592,385439,-15.123545
5593,385463,8.017899
5594,385494,21.059711
5595,385527,7.167815
5596,385560,52.55917
5597,385572,15.816142
5598,385594,9.701179
5599,385626,19.390749
5600,385654,11.84854
5601,385665,2.1908097
5602,385712,-3.7092218
5603,385743,37.74992
5604,385759,11.594773
5605,385768,10.276725
5606,385803,-2.4655669
5607,385818,6.4033394
5608,385854,27.149866
5609,386034,16.802896
5610,386095,45.77719
5611,386142,25.46233
5612,386212,-1.566935
5613,386228,1.0254276
5614,386244,-1.8135734
5615,386274,32.83163
5616,386361,-36.66073
5617,386371,6.17003
5618,386389,16.730158
5619,386407,8.717926
5620,386496,72.77493
5621,386526,19.861082
5622,386555,20.836855
5623,386578,27.274693
5624,386602,31.192493
5625,386614,6.176586
5626,386657,24.582298
5627,386723,52.267994
5628,386761,17.102732
5629,386809,22.1775
5630,386867,44.165134
5631,386951,72.21639
5632,386982,15.592901
5633,387086,43.586136
5634,387159,43.097332
5635,387174,10.841363
5636,387289,99.16559
5637,387304,-2.6623945
5638,387348,26.54611
5639,388348,125.0303
5640,388527,38.94068
5641,388546,3.5207002
5642,388597,39.453854
5643,388697,59.37125
5644,388760,9.239885
5645,388773,2.9990923
5646,388934,22.805693
5647,388951,12.865044
5648,389048,49.764816
5649,389073,3.452994
5650,389107,28.942423
5651,389119,0.81477654
5652,389179,21.791658
5653,389223,9.068266
5654,389290,40.415726
5655,389328,36.25271
5656,389359,20.372877
5657,389398,33.075813
5658,389453,59.10737
5659,389482,13.077469
5660,389509,7.827753
5661,389553,14.234415
5662,389562,2.1865692
5663,389615,-5.867527
5664,389623,10.349435
5665,389705,5.547598
5666,389716,3.429384
5667,389737,-0.40627706
5668,389764,0.54212004
5669,390764,13.424966
5670,390788,17.413086
5671,390801,12.879748
5672,390873,26.156563
5673,390891,3.3871555
5674,390910,20.139042
5675,391910,65.479485
5676,391957,42.004078
5677,392027,69.735794
5678,392072,24.215788
5679,392089,-9.510667
5680,392110,27.079468
5681,392138,24.307251
5682,392304,10.791093
5683,392326,24.157356
5684,392346,30.644688
5685,392465,19.167246
5686,392501,23.843666
5687,393501,5.2089562
5688,393548,38.786427
5689,393632,69.57124
5690,393726,75.60457
5691,393806,41.734837
5692,393815,4.047627
5693,393848,20.35908
5694,393896,45.618423
5695,393907,-5.124447
5696,393918,3.8029678
5697,393927,2.9474096
5698,393950,15.14035
5699,393970,19.971382
5700,393980,-3.843527
5701,394071,41.620594
5702,394123,13.613163
5703,394191,16.374699
5704,394280,-28.168684
5705,394321,39.702297
5706,394355,51.489094
5707,394615,-105.98375
5708,394694,65.48022
5709,394735,2.1634269
5710,394747,7.4289494
5711,394852,-20.000147
5712,395852,61.49567
5713,396852,123.19507
5714,396979,117.30162
5715,397034,56.88886
5716,397142,-18.906872
5717,398142,47.097836
5718,398284,26.40824
5719,398326,28.523834
5720,398340,6.374744
5721,398570,9.14954
5722,398583,-1.359515
5723,398592,-0.16657704
5724,398624,17.908419
5725,398664,-1.2782586
5726,398673,-0.62326396
5727,398703,13.702129
5728,398726,25.688139
5729,398843,60.39451
5730,399843,2.0084949
5731,399921,82.60337
5732,399939,7.1330266
5733,399985,46.348675
5734,400018,37.71661
5735,400043,40.811497
5736,400237,0.70717907
5737,400278,62.668205
5738,400368,31.889267
5739,400452,55.40832
5740,400546,47.344227
5741,400574,16.032627
5742,401574,32.74408
5743,401672,35.75645
5744,401722,34.87304
5745,401733,8.704639
5746,401800,17.595701
5747,401826,26.99571
5748,402072,51.22582
5749,402128,32.13185
5750,402174,-24.530546
5751,402192,5.715949
5752,402227,27.471178
5753,402353,111.59081
5754,402372,25.02744
5755,402403,20.99214
5756,402414,1.0145365
5757,402529,78.973114
5758,402560,1.5750299
5759,402615,37.911747
5760,402659,46.233074
5761,402681,5.2148523
5762,402706,16.650295
5763,402784,89.81668
5764,402877,37.40561
5765,402911,13.247963
5766,402938,17.201256
5767,403002,57.4601
5768,403037,6.277896
5769,403071,11.365777
5770,403127,50.35269
5771,403234,53.507755
5772,403362,60.551655
5773,403386,17.441896
5774,403399,0.5310513
5775,403431,21.36486
5776,403473,19.131834
5777,403558,54.330963
5778,403600,30.66709
5779,403674,43.206146
5780,403697,28.71492
5781,403705,1.0496573
5782,403754,61.23312
5783,403799,67.2943
5784,403827,28.22134
5785,403848,5.902851
5786,403866,27.813013
5787,403888,19.372274
5788,403966,68.82442
5789,403978,10.888717
5790,403986,5.914085
5791,404006,16.18427
5792,404100,-13.548709
5793,404113,2.1841183
5794,404147,0.58389723
5795,404285,96.33211
5796,404316,26.97824
5797,404364,68.13369
5798,404450,51.459167
5799,404547,40.491642
5800,404584,35.260414
5801,404625,42.06905
5802,405625,95.935394
5803,405655,15.160702
5804,405746,62.409676
5805,405793,15.28201
5806,405871,32.519745
5807,405937,25.041513
5808,406937,59.866642
5809,407937,28.126959
5810,407975,48.6751
5811,408001,17.974836
5812,408032,15.787289
5813,408173,112.2732
5814,408182,7.600933
5815,409182,153.99599
5816,409231,-9.318184
5817,409281,78.63584
5818,409399,-38.24955
5819,409428,20.40882
5820,409454,35.03724
5821,409535,7.2344594
5822,409563,18.138636
5823,409777,38.483757
5824,409792,10.586307
5825,409847,22.232761
5826,409886,40.672066
5827,409913,12.930906
5828,409926,17.789846
5829,409972,35.49488
5830,410972,103.944176
5831,411164,73.142334
5832,411176,-2.0828264
5833,411200,13.843397
5834,411220,2.2323484
5835,411277,55.439148
5836,411453,133.50246
5837,411516,37.254128
5838,411544,21.999943
5839,411579,4.61014
5840,411605,10.8803215
5841,411684,63.802387
5842,411698,-3.095042
5843,411724,19.904531
5844,412724,121.03779
5845,412953,101.636154
5846,413019,39.881763
5847,413030,3.0207376
5848,413165,87.603676
5849,413229,62.200893
5850,413239,4.609158
5851,413263,12.879567
5852,413376,80.982124
5853,413440,54.454884
5854,414440,98.52545
5855,414534,65.05699
5856,414598,15.534802
5857,414636,-6.8160315
5858,414651,3.6591392
5859,414766,34.526318
5860,414823,47.25842
5861,414885,22.416174
5862,414895,6.7418904
5863,414993,20.47045
5864,415004,7.28121
5865,415025,18.655338
5866,415059,44.031246
5867,415143,25.40624
5868,415257,-40.397995
5869,415276,2.833815
5870,415291,24.376827
5871,415320,22.654137
5872,415331,7.430424
5873,415340,-0.43840146
5874,415416,30.655443
5875,415589,16.635538
5876,415621,16.497978
5877,415646,37.684917
5878,415715,24.614252
5879,415726,9.013243
5880,415944,51.66057
5881,415990,-6.482885
5882,416042,20.281363
5883,416230,69.4184
5884,416274,57.020233
5885,416301,39.208473
5886,416341,25.667095
5887,416390,25.381151
5888,416470,20.0344
5889,416577,53.636005
5890,417577,58.852642
5891,417599,36.89716
5892,417684,92.99726
5893,417694,9.159431
5894,417704,-1.0201781
5895,417824,134.24144
5896,417909,-23.268663
5897,417946,66.989044
5898,418132,-55.00106
5899,418144,11.081302
5900,418169,22.303083
5901,418270,59.63641
5902,418296,18.757055
5903,418315,15.392444
5904,418417,-7.8050003
5905,418436,21.29241
5906,418469,29.500248
5907,418530,40.731888
5908,418551,5.323741
5909,418561,9.28664
5910,418581,15.475482
5911,418634,27.597874
5912,418691,18.947908
5913,418868,55.717197
5914,418893,40.89652
5915,418909,-9.054339
5916,418920,5.9561563
5917,418992,56.04271
5918,419024,-4.9954185
5919,419109,54.872173
5920,419224,55.200203
5921,419252,44.949394
5922,419293,26.169216
5923,419366,94.37616
5924,419379,12.384722
5925,419402,29.450941
5926,419432,36.011925
5927,419471,30.164402
5928,419537,31.42384
5929,419858,-12.628122
5930,419884,11.177919
5931,419934,24.384417
5932,420005,14.114733
5933,420039,36.61575
5934,420232,94.81409
5935,420308,-19.998835
5936,420385,28.030016
5937,420410,18.41672
5938,420446,20.325716
5939,420472,17.908325
5940,420498,38.5877
5941,420533,12.684579
5942,420621,30.87206
5943,420667,41.40127
5944,420677,9.202747
5945,420745,45.17703
5946,420783,27.263947
5947,420794,17.372135
5948,420956,76.97728
5949,421056,37.892677
5950,421089,21.893766
5951,421214,-16.0185
5952,421240,25.02939
5953,421261,17.261173
5954,421387,49.938038
5955,421430,-11.422798
5956,421507,63.508156
5957,421588,17.132812
5958,421614,5.9492617
5959,421679,6.364973
5960,421703,21.867836
5961,421853,107.71911
5962,421893,44.11101
5963,421917,24.205359
5964,421926,6.607052
5965,421960,-12.21247
5966,421969,-2.2967553
5967,422078,113.68727
5968,422111,15.573075
5969,422161,27.431341
5970,422181,13.304955
5971,422238,36.790485
5972,422280,58.261513
5973,422320,43.77215
5974,422451,123.164276
5975,422504,9.666487
5976,422784,150.54738
5977,422814,29.519394
5978,422828,-5.555026
5979,422907,56.70421
5980,422932,22.861778
5981,423039,11.541596
5982,423142,111.92715
5983,423218,19.581467
5984,423233,16.180166
5985,423420,25.810717
5986,423493,58.016987
5987,423554,29.85222
5988,423586,47.874123
5989,424586,83.021484
5990,424636,71.06236
5991,424695,10.0712185
5992,424780,53.06026
5993,425780,69.13744
5994,425819,8.85426
5995,425865,0.96613157
5996,425931,40.1354
5997,425989,67.19734
5998,425998,8.289755
5999,426998,83.4073
6000,427066,60.86069
6001,427075,7.9042196
6002,427106,-5.3370934
6003,427136,6.8406034
6004,427166,-3.450972
6005,427239,38.41793
6006,427426,74.67169
6007,427589,81.80357
6008,427681,20.160574
6009,427724,10.1549225
6010,427808,13.237587
6011,427878,37.056877
6012,427950,68.99369
6013,428079,49.387753
6014,428095,12.141854
6015,428132,14.928469
6016,428164,-8.096942
6017,428211,20.819382
6018,428293,53.111595
6019,428450,121.242004
6020,428539,50.787376
6021,428649,63.974243
6022,428680,23.623032
6023,428696,15.269545
6024,428890,45.928413
6025,429094,-6.129831
6026,429130,25.977917
6027,429153,2.8333845
6028,429195,8.8030205
6029,429228,-6.713063
6030,429267,20.594007
6031,429347,36.708958
6032,429361,1.4658852
6033,430361,162.72496
6034,430427,48.809074
6035,430461,5.6020217
6036,430478,4.9718695
6037,430602,55.66843
6038,430634,17.536863
6039,430658,10.660452
6040,430678,-5.927299
6041,430810,152.35034
6042,430837,22.53684
6043,430965,61.87798
6044,430983,22.232767
6045,431031,39.647953
6046,431130,88.339226
6047,431232,37.51502
6048,431286,18.84345
6049,431336,-5.3034887
6050,432336,77.037186
6051,432374,53.643143
6052,432424,47.645443
6053,432561,86.07577
6054,432582,27.494293
6055,432620,33.13321
6056,432782,42.82418
6057,432804,16.185452
6058,432899,10.908764
6059,432945,20.226635
6060,433043,13.940452
6061,433210,55.99099
6062,433279,36.086483
6063,433292,7.5491934
6064,433376,75.04659
6065,433610,117.32828
6066,433684,94.732704
6067,433718,16.039412
6068,433749,19.98156
6069,433835,27.623787
6070,433888,36.951717
6071,433905,13.871363
6072,434037,34.167862
6073,434047,4.020385
6074,434073,13.811186
6075,434083,9.7164955
6076,434140,48.870686
6077,434156,21.734299
6078,434207,-1.7689254
6079,434234,3.907478
6080,434246,4.287066
6081,434310,39.379627
6082,434386,76.84582
6083,434564,37.259956
6084,434603,24.40765
6085,434690,27.593199
6086,435690,75.21189
6087,435712,19.410059
6088,435777,38.729153
6089,435956,36.43673
6090,435980,-12.342856
6091,436127,44.78097
6092,436148,15.2482195
6093,436284,42.078304
6094,436341,50.538013
6095,436369,30.827051
6096,436533,8.967298
6097,436581,59.94154
6098,436697,51.033173
6099,437697,108.1082
6100,437753,89.97835
6101,437822,69.895134
6102,438007,42.30467
6103,438109,80.960945
6104,438182,32.417248
6105,438223,46.62503
6106,438290,79.34774
6107,438317,32.14289
6108,438506,121.88796
6109,438585,93.02236
6110,438615,5.0324993
6111,438660,29.040537
6112,438714,31.063362
6113,438749,17.208736
6114,438789,51.7189
6115,438804,2.6335378
6116,438883,47.556637
6117,438986,10.951012
6118,439023,19.47507
6119,439120,42.74514
6120,439181,48.395847
6121,440181,82.17545
6122,440246,8.01115
6123,440319,20.261845
6124,440359,25.78706
6125,440435,32.061153
6126,440476,32.122528
6127,440485,6.092956
6128,440583,71.549965
6129,440703,14.219811
6130,440761,32.985706
6131,440783,5.125323
6132,440837,13.125562
6133,440950,112.942116
6134,441026,35.521416
6135,441062,23.387802
6136,441085,-3.3547032
6137,441096,4.8343606
6138,441120,28.669197
6139,441233,28.797352
6140,441262,17.733883
6141,441310,26.212225
6142,441389,45.362026
6143,441418,16.431374
6144,441496,38.50263
6145,441519,18.787094
6146,441585,46.46348
6147,441663,96.027954
6148,441702,5.889984
6149,441802,50.964607
6150,441811,6.8343935
6151,441848,53.9047
6152,442161,205.06116
6153,442314,115.94129
6154,442338,15.897588
6155,442372,12.372905
6156,442388,10.016889
6157,442417,23.203176
6158,442550,82.23026
6159,442635,-1.4155768
6160,442722,85.1363
6161,442809,29.506361
6162,442871,53.657364
6163,442912,36.733013
6164,442938,-4.7413836
6165,442948,11.033555
6166,443081,38.452503
6167,443162,-16.615084
6168,443220,67.09284
6169,443272,46.089893
6170,443283,14.340154
6171,443404,55.4772
6172,443473,41.506683
6173,443653,176.24916
6174,443679,43.549706
6175,443698,19.308851
6176,443753,16.28013
6177,443784,29.126299
6178,443953,76.41055
6179,444003,9.176459
6180,444127,42.00747
6181,444229,54.708435
6182,444241,-5.1926417
6183,444259,23.29576
6184,444277,7.050501
6185,444300,20.828363
6186,444334,21.593777
6187,444423,108.91076
6188,444503,73.937614
6189,444541,35.76163
6190,444686,83.55903
6191,444749,12.014583
6192,444762,3.0027485
6193,444793,25.040287
6194,444828,26.421354
6195,444852,19.968964
6196,444874,17.912687
6197,444979,-39.16533
6198,445038,20.822676
6199,445082,66.663704
6200,445143,50.071304
6201,445191,68.52953
6202,445250,36.05001
6203,445266,6.248278
6204,445323,15.398544
6205,445560,28.431055
6206,445672,22.38735
6207,445729,53.086063
6208,445770,12.9003935
6209,445844,67.251854
6210,445903,2.7323182
6211,445950,32.82706
6212,446075,58.042778
6213,446322,123.04398
6214,446465,82.07655
6215,447465,157.68687
6216,447535,71.94744
6217,447794,-100.43376
6218,447826,15.22585
6219,447853,11.841054
6220,447896,30.237106
6221,448896,204.59142
6222,448992,111.23323
6223,449114,77.77815
6224,449282,213.81908
6225,450282,148.49496
6226,451282,204.82997
6227,451333,20.517525
6228,451344,7.9686832
6229,451431,70.000206
6230,451545,-6.4257355
6231,451623,43.883007
6232,451723,72.28149
6233,452723,152.20099
6234,452754,27.097631
6235,452897,84.121574
6236,452973,43.568653
6237,453094,60.48839
6238,453133,35.34129
6239,453195,5.6117105
6240,453221,21.788847
6241,453272,22.030895
6242,453282,4.6516423
6243,453325,26.418715
6244,453340,0.30392587
6245,453373,13.954434
6246,453673,274.48508
6247,453764,45.276047
6248,453870,49.73349
6249,454006,32.677834
6250,454073,32.243366
6251,454150,30.745344
6252,454161,14.217106
6253,454202,13.4859705
6254,454262,89.75513
6255,454281,7.7593393
6256,454358,21.780771
6257,454426,22.153748
6258,454464,20.336624
6259,454484,24.361092
6260,454540,46.652905
6261,454685,-11.142291
6262,454751,46.46835
6263,454852,61.79885
6264,454872,18.9567
6265,454968,25.764124
6266,454984,20.45877
6267,455984,153.91925
6268,456242,79.46556
6269,456263,24.143005
6270,456368,95.98645
6271,456460,48.66722
6272,456657,14.609167
6273,456714,3.9030213
6274,456803,14.56567
6275,456974,52.791843
6276,457135,69.977066
6277,458135,159.12096
6278,458229,56.765614
6279,458309,65.40495
6280,458375,56.833977
6281,458562,39.655758
6282,458722,46.764168
6283,458805,62.575066
6284,458859,10.007347
6285,459020,27.35823
6286,459058,53.135258
6287,459154,30.74509
6288,459250,71.196754
6289,459431,209.0249
6290,460431,178.45473
6291,460502,55.218803
6292,460626,40.184494
6293,460813,10.043993
6294,461048,-6.540482
6295,461075,13.770388
6296,461098,8.526112
6297,461155,25.384954
6298,461340,-20.282452
6299,461376,-0.7242674
6300,461412,20.000696
6301,461996,235.26947
6302,462074,93.594345
6303,462132,47.542675
6304,462235,51.07847
6305,462346,120.805824
6306,462427,87.01125
6307,462495,24.102003
6308,462710,99.44172
6309,462747,23.557142
6310,462762,-0.4206375
6311,462811,56.4253
6312,462827,17.931244
6313,462849,16.294384
6314,462871,17.178553
6315,463049,68.70142
6316,464049,136.35497
6317,464396,11.084549
6318,464472,21.584501
6319,464508,40.821724
6320,464569,35.72543
6321,464589,22.197893
6322,464608,19.892082
6323,464616,2.4240398
6324,464760,44.346333
6325,464849,43.599686
6326,464879,25.234934
6327,465022,138.44086
6328,465076,43.35912
6329,465299,-35.426426
6330,465335,49.07305
6331,465493,37.790226
6332,465521,37.99197
6333,465794,143.24194
6334,465837,22.322079
6335,465857,22.543894
6336,465874,11.171724
6337,465906,1.5616055
6338,465964,26.381874
6339,466104,21.779219
6340,466170,69.97383
6341,466291,11.764854
6342,466346,44.761124
6343,466572,58.212914
6344,466610,35.446022
6345,466783,149.41983
6346,466819,25.824074
6347,466840,30.686218
6348,466987,176.35344
6349,467101,55.168015
6350,467147,18.771431
6351,467382,-74.485115
6352,467454,79.888504
6353,467589,-2.8676312
6354,467624,19.409386
6355,468624,142.77824
6356,468732,15.662046
6357,468759,29.797985
6358,468774,18.834194
6359,468787,15.959904
6360,468867,50.371464
6361,468935,29.132942
6362,469003,68.10192
6363,470003,226.57329
6364,471003,207.92148
6365,471022,15.15074
6366,471091,-4.4448285
6367,471236,72.18345
6368,471253,9.621873
6369,471322,65.625336
6370,471354,28.475218
6371,471412,-4.0083666
6372,472412,140.38113
6373,472524,120.512794
6374,472608,52.625847
6375,472764,71.17689
6376,472966,30.387165
6377,473115,98.180435
6378,473168,13.047409
6379,473300,86.98318
6380,473332,6.538265
6381,473343,6.9894323
6382,473498,105.56599
6383,473636,30.125504
6384,473704,37.900764
6385,473718,8.660539
6386,473756,55.869457
6387,473864,11.815535
6388,473885,36.976467
6389,473928,67.80745
6390,474010,37.21908
6391,474023,4.9608717
6392,475023,167.11589
6393,475075,38.58727
6394,475193,55.52958
6395,475295,70.39054
6396,475344,31.794836
6397,475354,10.315013
6398,475400,58.629925
6399,475656,121.97936
6400,475667,9.556686
6401,475676,3.3900194
6402,476676,139.43188
6403,476723,24.860767
6404,476897,-71.81077
6405,476912,14.290139
6406,477075,53.072296
6407,477188,-14.21549
6408,477308,38.459427
6409,477494,-22.210245
6410,477505,2.3522594
6411,477585,36.210865
6412,477626,31.753736
6413,477710,105.13139
6414,477933,59.75797
6415,478194,-29.648254
6416,478231,36.974358
6417,478259,14.326395
6418,478352,53.519463
6419,478410,37.196396
6420,478445,43.730415
6421,478789,-25.355639
6422,478830,9.365289
6423,478939,40.38408
6424,478988,55.115116
6425,479988,173.51083
6426,480050,39.62404
6427,480085,43.375057
6428,480119,31.29224
6429,480137,8.42388
6430,480436,94.04243
6431,480519,93.1874
6432,480622,80.35377
6433,480684,14.26676
6434,480749,53.647488
6435,481749,-8.799134
6436,481840,93.37486
6437,481968,52.657837
6438,482968,133.83101
6439,483056,55.088833
6440,483067,4.504741
6441,483079,1.3263124
6442,483130,37.946354
6443,483201,47.019875
6444,483238,22.459267
6445,483348,53.22746
6446,483453,102.697105
6447,483558,37.75553
6448,483595,32.240677
6449,483637,29.452803
6450,483701,13.1531
6451,483755,40.45373
6452,483855,73.81591
6453,483992,80.87648
6454,484057,36.87873
6455,484124,42.04638
6456,484134,1.9130552
6457,484153,23.649147
6458,485153,176.18298
6459,485192,42.800934
6460,485229,12.218476
6461,485312,70.05779
6462,485365,68.85249
6463,485481,89.965294
6464,485552,46.252888
6465,485696,2.3372653
6466,485722,22.282784
6467,485738,9.651936
6468,485869,-18.015549
6469,486869,147.36534
6470,487869,197.58871
6471,487893,18.457462
6472,487953,31.91348
6473,487985,11.247417
6474,488173,132.00577
6475,489173,278.52377
6476,489389,-12.950004
6477,489401,6.0808773
6478,489641,-3.4381893
6479,489677,-10.426117
6480,490677,198.06425
6481,490842,106.04723
6482,490982,73.61155
6483,491013,23.445255
6484,491120,85.266525
6485,491337,32.551785
6486,492337,137.75743
6487,492361,18.548178
6488,492489,101.2746
6489,492543,8.849429
6490,492621,48.067596
6491,492717,46.614807
6492,492753,38.849022
6493,492771,15.314557
6494,492809,10.868755
6495,492849,22.256702
6496,492940,42.0035
6497,492980,22.614256
6498,493033,42.06772
6499,493054,-2.1291544
6500,493170,65.52235
6501,493190,23.042194
6502,493230,31.392256
6503,493428,86.88535
6504,493442,-3.6619477
6505,493451,1.4011519
6506,493597,18.258669
6507,493771,-25.260742
6508,494086,13.895501
6509,494192,40.451836
6510,494254,36.777782
6511,494562,87.26308
6512,494688,41.24253
6513,494708,20.071651
6514,494912,107.24932
6515,494922,6.601369
6516,494963,17.76853
6517,495116,-36.774914
6518,495143,30.22893
6519,496143,226.05998
6520,496176,27.473816
6521,496279,83.04162
6522,496297,17.462679
6523,496337,66.231705
6524,496349,4.3583465
6525,496372,31.50235
6526,496419,11.639273
6527,496508,58.709232
6528,496589,34.312984
6529,496697,-0.079509735
6530,496969,35.266556
6531,497107,128.66447
6532,497183,92.017914
6533,497229,22.05644
6534,497290,41.671276
6535,497334,55.906666
6536,497381,5.1407065
6537,497413,10.466507
6538,497443,14.612245
6539,497556,57.032917
6540,497803,180.01627
6541,497856,10.269793
6542,497966,18.710306
6543,497997,23.62418
6544,498997,126.69551
6545,499063,44.16828
6546,499162,46.428585
6547,499206,36.062668
6548,499378,123.27527
6549,499455,48.376854
6550,500455,149.12546
6551,500490,41.2693
6552,500631,45.69201
6553,500746,39.46289
6554,500792,39.175224
6555,500879,47.635933
6556,501001,10.075266
6557,501025,10.186912
6558,501037,-3.9887276
6559,502037,261.5138
6560,502088,46.97437
6561,502114,13.424261
6562,502207,39.62045
6563,503207,251.76071
6564,504207,222.47539
6565,504361,-29.706675
6566,504406,-6.0319586
6567,504469,-2.8433137
6568,504529,70.51981
6569,505529,188.39021
6570,505575,1.0603422
6571,505586,4.09854
6572,505668,25.072506
6573,505738,59.326416
6574,505793,57.36453
6575,505820,5.0665407
6576,506131,86.36943
6577,506192,17.401407
6578,506327,57.798294
6579,506379,12.75384
6580,506441,23.466251
6581,506631,91.29286
6582,506655,21.612356
6583,506889,93.28819
6584,506897,12.097977
6585,507897,213.2837
6586,507943,2.730547
6587,508943,269.49832
6588,509038,105.112785
6589,509101,1.337272
6590,509195,64.469284
6591,509340,40.82257
6592,509359,20.618147
6593,509403,44.174366
6594,509570,80.53182
6595,510570,268.6107
6596,510700,50.746727
6597,510708,3.4546528
6598,510763,35.71601
6599,510822,24.361912
6600,510870,48.66888
6601,510889,24.323084
6602,510915,22.430676
6603,510934,-2.5609927
6604,510956,25.90614
6605,511013,52.44411
6606,511127,98.785255
6607,511246,101.21343
6608,511312,-4.3545327
6609,511430,11.703997
6610,511549,57.667233
6611,511631,8.293536
6612,511747,20.743797
6613,511842,47.531067
6614,511978,83.38247
6615,511992,19.636345
6616,512044,36.92982
6617,512125,24.210081
6618,512193,-2.0518851
6619,512310,115.25048
6620,513310,181.47337
6621,513409,37.469975
6622,514409,171.68982
6623,514469,8.21682
6624,514532,48.57141
6625,514606,30.186281
6626,514643,51.330475
6627,515643,181.77591
6628,515888,142.54733
6629,515975,47.838257
6630,516094,54.25278
6631,516240,66.98042
6632,516254,9.197547
6633,516436,108.18845
6634,516577,76.52315
6635,516752,93.978874
6636,516770,9.517092
6637,516807,24.824493
6638,517069,174.23889
6639,517204,50.41803
6640,517225,22.832884
6641,517285,10.422524
6642,517328,-4.6089087
6643,517364,28.006533
6644,517474,47.941734
6645,517592,79.97548
6646,517661,63.052998
6647,517722,47.893955
6648,517785,59.472603
6649,518785,148.62947
6650,518821,-13.959467
6651,518908,65.859985
6652,518929,24.639835
6653,519008,20.117762
6654,519092,38.866222
6655,519296,101.61087
6656,519358,27.379639
6657,519477,0.0993104
6658,519604,86.28511
6659,519834,79.44368
6660,519874,18.868341
6661,519924,56.396038
6662,520035,53.778507
6663,520138,15.192238
6664,520183,7.7991295
6665,520215,31.229836
6666,520352,111.176834
6667,520441,108.89686
6668,520525,65.906944
6669,520856,97.38314
6670,520925,18.920328
6671,520969,38.033607
6672,521042,43.80357
6673,521051,3.4862804
6674,521101,24.972857
6675,521150,29.497583
6676,521316,10.176852
6677,521423,57.889263
6678,522423,247.53798
6679,522488,41.88487
6680,522617,102.07061
6681,522658,27.850866
6682,523658,192.74165
6683,523677,27.335508
6684,523696,12.96286
6685,524140,63.488045
6686,524249,62.023857
6687,524302,15.783392
6688,524492,131.29703
6689,524599,98.542496
6690,524614,8.9296665
6691,524647,50.246395
6692,524705,-6.989339
6693,524739,22.956806
6694,524824,6.5639505
6695,524875,72.15469
6696,525081,106.25097
6697,525277,15.091913
6698,525411,36.005432
6699,525444,25.330624
6700,526444,135.51682
6701,526602,45.610676
6702,526635,11.000734
6703,526683,7.254605
6704,526746,5.9325533
6705,526764,9.543437
6706,526792,33.26999
6707,526940,36.748062
6708,527030,37.187946
6709,527164,39.969604
6710,527343,69.00268
6711,527360,27.933208
6712,527454,37.895596
6713,527481,12.733977
6714,527561,76.77831
6715,527610,53.054058
6716,527825,72.109825
6717,527863,29.676176
6718,527887,11.532224
6719,528016,8.250946
6720,528065,56.268513
6721,528111,25.023232
6722,528188,12.40603
6723,529188,371.18103
6724,529311,-8.412238
6725,529401,48.900513
6726,529587,94.24264
6727,529621,9.381675
6728,529712,56.7553
6729,529766,36.987686
6730,529904,152.62146
6731,530043,123.78776
6732,531043,252.29903
6733,531116,43.836033
6734,531174,9.218664
6735,531401,132.74501
6736,531599,132.60747
6737,531697,82.24955
6738,531743,42.85163
6739,531947,147.28166
6740,531977,13.901783
6741,532146,44.692207
6742,533146,253.84718
6743,534146,200.36256
6744,534276,62.619793
6745,534296,13.59118
6746,534317,12.724482
6747,534364,65.00866
6748,535364,286.1041
6749,535392,-0.40214378
6750,535419,26.085955
6751,535618,43.832745
6752,535649,66.98981
6753,536649,191.86436
6754,536700,19.73183
6755,536829,137.40099
6756,536885,47.838688
6757,536959,36.83778
6758,537061,31.789656
6759,537365,103.80149
6760,537383,14.818248
6761,537509,43.02012
6762,537543,14.351305
6763,537737,82.93147
6764,538737,213.88478
6765,538805,23.743135
6766,538876,38.57072
6767,538918,13.6077
6768,538958,31.138659
6769,539023,12.343704
6770,539138,13.696897
6771,539164,18.908144
6772,540164,276.61615
6773,540412,10.207153
6774,540453,32.00163
6775,540480,17.333864
6776,540602,93.38544
6777,540703,60.009754
6778,540718,0.12324947
6779,540830,-4.509207
6780,540878,7.497534
6781,541332,-12.44994
6782,541362,-2.1188254
6783,541390,31.166342
6784,541622,135.63283
6785,541646,23.089588
6786,541770,104.14611
6787,541798,51.295135
6788,542798,262.4373
6789,542840,19.36231
6790,542922,46.6577
6791,542966,29.02592
6792,543152,99.22531
6793,543203,27.971823
6794,543269,51.726456
6795,543336,70.28556
6796,543487,83.55205
6797,543578,55.318794
6798,543706,91.5488
6799,543836,66.66378
6800,543898,41.320896
6801,543971,74.073555
6802,544022,41.888958
6803,544196,79.56623
6804,544345,102.97231
6805,544369,24.477375
6806,544546,42.24716
6807,544705,21.952427
6808,544768,35.719517
6809,544794,9.861056
6810,544899,63.382812
6811,544908,5.43785
6812,544932,24.194906
6813,544952,9.184574
6814,545032,53.894344
6815,545093,65.03925
6816,545170,76.427635
6817,545181,2.8837461
6818,545490,27.30414
6819,545666,70.276924
6820,545805,9.985933
6821,545825,21.744085
6822,545921,66.78213
6823,545965,3.8479662
6824,546170,164.04211
6825,546310,15.567882
6826,546334,8.964528
6827,546417,63.369175
6828,546437,17.004314
6829,546457,4.064401
6830,546646,136.48851
6831,546749,47.410934
6832,547749,151.62122
6833,547781,10.564997
6834,547821,27.125416
6835,548821,243.03442
6836,548848,61.50647
6837,548857,11.67234
6838,549857,345.7693
6839,550857,323.21786
6840,551857,168.76427
6841,551869,16.616661
6842,551890,32.923294
6843,552044,117.96977
6844,552076,15.893121
6845,552137,51.360035
6846,552354,83.74236
6847,553354,132.69916
6848,554354,306.4494
6849,554375,20.232048
6850,554546,85.82688
6851,554636,33.733658
6852,554929,-9.4059515
6853,555042,61.89444
6854,555119,24.789242
6855,555148,4.9857807
6856,555555,117.721596
6857,555603,39.756523
6858,555650,52.84757
6859,555690,27.20564
6860,555807,78.24604
6861,555844,17.981556
6862,556156,-46.195377
6863,556195,25.874683
6864,556411,128.16179
6865,556531,138.66136
6866,556627,60.533073
6867,556812,116.499886
6868,556840,6.999362
6869,556889,88.5171
6870,556985,45.828724
6871,557034,34.934
6872,557329,148.50964
6873,557407,15.879024
6874,557446,16.250895
6875,557554,68.94886
6876,558554,232.79945
6877,559554,257.43866
6878,560554,262.0458
6879,560629,2.2969284
6880,560814,120.58208
6881,560832,13.707167
6882,560965,48.708565
6883,561014,53.343575
6884,562014,305.10223
6885,562142,66.138405
6886,562267,64.358406
6887,562372,96.1389
6888,562512,-8.63686
6889,562602,47.352646
6890,562959,170.82405
6891,563008,34.175076
6892,563310,85.17875
6893,563769,207.01073
6894,563837,-27.270002
6895,563855,24.895187
6896,564004,33.50113
6897,564200,29.485249
6898,564417,32.748734
6899,564440,27.348576
6900,565440,336.0384
6901,565934,104.25065
6902,566147,63.533722
6903,566243,37.882282
6904,566596,176.93118
6905,566763,109.60718
6906,566846,13.435455
6907,566947,68.41827
6908,567037,64.834236
6909,567278,121.683266
6910,567355,38.30035
6911,567791,-40.918793
6912,567859,13.425455
6913,567907,43.014393
6914,568114,128.41542
6915,568185,63.56053
6916,568215,5.062153
6917,568408,72.113884
6918,569408,256.04504
6919,570408,268.34186
6920,570516,68.55458
6921,570551,11.96857
6922,570684,119.6319
6923,570822,55.450085
6924,571006,73.603874
6925,571141,104.85366
6926,571231,50.853718
6927,572231,232.02715
6928,572258,13.814102
6929,572358,90.02411
6930,572403,50.35373
6931,572480,-7.178157
6932,572662,71.43087
6933,572987,44.497707
6934,573053,19.190159
6935,573197,119.48426
6936,573205,11.03645
6937,573300,28.707159
6938,573330,13.439315
6939,573444,91.914085
6940,574444,292.6499
6941,574651,13.659229
6942,574688,19.442663
6943,574892,85.94952
6944,574924,22.125584
6945,574975,36.91546
6946,575275,104.0665
6947,575330,13.222464
6948,575449,112.47722
6949,575546,79.60947
6950,575579,13.357888
6951,575783,36.599762
6952,575798,18.427324
6953,576157,69.12612
6954,576200,15.2644005
6955,576494,161.4741
6956,576509,11.1748705
6957,576666,128.04736
6958,576707,27.945465
6959,576745,13.5930195
6960,576774,22.155195
6961,576799,27.440483
6962,576881,111.105865
6963,576983,48.520046
6964,576992,1.8088953
6965,577118,94.940216
6966,577179,-6.1310606
6967,577262,19.418196
6968,577566,9.119591
6969,577589,10.792004
6970,577793,-12.612506
6971,577880,59.79664
6972,578880,277.36368
6973,579029,99.76985
6974,579233,69.407555
6975,579479,152.57303
6976,579502,15.823555
6977,579648,111.13336
6978,579938,207.27911
6979,580156,87.04119
6980,580225,39.244835
6981,580402,122.79662
6982,580490,51.73598
6983,580550,19.446047
6984,580720,102.19221
6985,580885,113.5434
6986,580996,67.783745
6987,581043,67.42854
6988,581088,41.88225
6989,581192,110.90325
6990,581398,57.543243
6991,581495,54.847557
6992,581873,47.0982
6993,581980,63.488335
6994,581999,21.115702
6995,582296,46.588776
6996,582460,133.65042
6997,582803,44.694798
6998,582877,42.34225
6999,582897,24.86946
7000,583182,88.80851
7001,583328,119.59873
7002,583367,70.207756
7003,583539,48.475986
7004,584299,249.5757
7005,584514,95.51088
7006,584613,72.547424
7007,584660,45.06534
7008,584782,52.148018
7009,584982,19.389738
7010,585016,22.476616
7011,585024,4.256456
7012,585216,106.1014
7013,585240,10.941417
7014,585287,27.125492
7015,585302,14.151714
7016,585393,26.665606
7017,585654,208.23143
7018,585678,31.808893
7019,585690,18.352428
7020,585764,89.96099
7021,585853,66.76047
7022,586102,165.96812
7023,586321,97.26966
7024,586458,-14.131601
7025,587458,339.305
7026,588458,260.99042
7027,588768,103.041145
7028,589154,140.41545
7029,589180,14.928998
7030,589310,88.47511
7031,589346,35.23709
7032,589727,297.98032
7033,589904,106.30357
7034,590026,75.49008
7035,590189,56.188763
7036,590278,138.0783
7037,590513,184.57811
7038,590545,19.697615
7039,590635,59.70923
7040,590705,56.59347
7041,590895,94.60509
7042,590971,120.784386
7043,591169,20.186686
7044,591182,4.136923
7045,592182,319.7994
7046,592288,102.141205
7047,592538,82.149
7048,592657,57.397835
7049,592793,92.17731
7050,592924,28.42128
7051,592976,54.883327
7052,593428,201.33832
7053,593760,214.85797
7054,593784,19.957651
7055,593904,38.411964
7056,594019,30.798931
7057,594080,35.983322
7058,594324,41.038704
7059,595324,357.95398
7060,596324,314.07886
7061,596363,27.731016
7062,596647,95.143074
7063,596820,128.05595
7064,597051,23.97466
7065,597265,-30.51971
7066,597314,34.784393
7067,597592,255.47014
7068,597722,30.812908
7069,597811,63.312794
7070,597893,33.299797
7071,598078,63.165627
7072,598100,7.787304
7073,598125,13.74557
7074,598138,17.201332
7075,598332,100.936905
7076,598340,11.116707
7077,598358,7.099271
7078,598536,97.55833
7079,598819,70.33551
7080,599819,260.99753
7081,599950,56.212173
7082,600129,153.55084
7083,600199,65.0194
7084,600310,50.6318
7085,600432,95.47553
7086,600611,-17.976147
7087,600760,126.37259
7088,600894,57.862576
7089,601142,219.94804
7090,602142,264.42578
7091,602530,255.84013
7092,603126,282.81445
7093,604126,255.19537
7094,605126,300.70947
7095,605135,7.6023035
7096,605315,-0.13642412
7097,605518,100.998634
7098,605630,100.26093
7099,606438,239.0327
7100,606469,26.157759
7101,606613,101.862686
7102,606934,143.64778
7103,607059,58.208412
7104,607457,104.26205
7105,607502,34.184868
7106,607565,8.337857
7107,607605,20.561913
7108,607674,41.47795
7109,607865,147.554
7110,607957,98.53581
7111,607985,-16.225822
7112,608002,19.224743
7113,608128,95.9543
7114,608184,44.641243
7115,608259,21.17351
7116,608417,88.177666
7117,608484,53.964962
7118,609484,282.5925
7119,609542,50.458836
7120,609717,12.913489
7121,609876,13.649732
7122,609992,71.29349
7123,610099,108.00233
7124,610547,39.44024
7125,610647,76.94565
7126,610684,24.508066
7127,610758,72.12611
7128,610830,31.346546
7129,610870,29.381588
7130,610885,18.07054
7131,610905,5.5612063
7132,610944,45.268616
7133,610977,30.786528
7134,611362,-59.70362
7135,612362,298.72125
7136,612669,120.51102
7137,613669,353.5226
7138,613703,28.669014
7139,613899,126.18587
7140,613925,20.451298
7141,613972,32.81542
7142,614122,38.682858
7143,614349,174.15172
7144,614665,227.5144
7145,614830,41.166203
7146,614879,41.27822
7147,615879,297.60782
7148,616076,111.09205
7149,616238,39.098133
7150,617238,270.46964
7151,617281,23.766632
7152,617336,40.62412
7153,617482,101.46362
7154,617670,172.13193
7155,617740,59.07278
7156,618740,268.49442
7157,618785,28.760927
7158,618844,27.074036
7159,619280,166.18217
7160,619386,73.6784
7161,619758,103.01065
7162,619832,79.85226
7163,620231,235.65211
7164,621231,327.6753
7165,621244,19.41837
7166,621367,69.98503
7167,621676,159.11119
7168,621709,20.57687
7169,621796,59.347267
7170,621840,27.21265
7171,622209,146.09877
7172,622250,7.8172565
7173,622478,194.184
7174,622656,96.9264
7175,623006,163.71205
7176,623041,38.733505
7177,623410,256.97162
7178,623471,48.04044
7179,623854,131.47502
7180,624430,284.9476
7181,624558,44.061314
7182,624605,60.29002
7183,624659,93.26355
7184,624778,29.48095
7185,624884,46.621857
7186,625064,121.69196
7187,625193,70.34891
7188,625290,82.160995
7189,625484,12.109104
7190,625708,-32.50162
7191,625861,30.561943
7192,625938,43.323635
7193,626080,55.413815
7194,626603,106.29632
7195,626753,100.810814
7196,626819,19.996399
7197,627471,105.10688
7198,627777,112.167496
7199,627917,73.128944
7200,628166,139.77307
7201,628204,12.898997
7202,628304,38.041443
7203,628598,116.07367
7204,628767,125.86536
7205,628782,10.42416
7206,629782,352.0722
7207,630003,117.64027
7208,630297,113.47072
7209,630356,40.684994
7210,631356,356.56882
7211,631826,223.59761
7212,632029,67.08101
7213,632131,63.481953
7214,632167,37.892025
7215,632949,11.473739
7216,633129,134.83035
7217,633265,96.70137
7218,633294,24.98782
7219,633413,67.92911
7220,633449,50.06222
7221,633648,94.95972
7222,633859,105.73223
7223,634574,24.182276
7224,634679,89.02077
7225,635117,45.991222
7226,635384,96.8425
7227,635531,36.394753
7228,636104,46.82474
7229,636437,172.37527
7230,636671,125.74402
7231,636784,66.570816
7232,636911,36.056194
7233,637911,269.1721
7234,638057,80.11965
7235,638386,151.90898
7236,638467,76.47442
7237,638513,36.933445
7238,638675,92.61496
7239,638887,62.150955
7240,639234,171.99022
7241,639315,44.354713
7242,639508,113.49955
7243,640508,464.78064
7244,640726,97.84867
7245,640823,104.52219
7246,641823,318.84964
7247,641894,58.109264
7248,641949,26.35185
7249,642949,278.5984
7250,643056,97.306206
7251,643114,42.216076
7252,643435,227.68512
7253,643677,146.15662
7254,644130,162.78159
7255,644219,31.193909
7256,644428,86.77779
7257,644676,193.73997
7258,644943,134.36877
7259,645091,62.434483
7260,645113,6.260427
7261,645137,3.6199896
7262,645499,189.48178
7263,645632,110.75675
7264,645690,47.32809
7265,645704,26.701202
7266,645963,133.28354
7267,646098,49.634396
7268,646506,86.33066
7269,646751,51.8101
7270,646774,1.7953827
7271,646873,49.761856
7272,647634,244.93167
7273,647727,51.875782
7274,647776,52.99806
7275,647988,165.83562
7276,648573,132.96202
7277,648846,9.407019
7278,649158,107.379745
7279,649327,75.33894
7280,650327,184.9607
7281,650405,66.29663
7282,650609,190.64749
7283,650662,-0.34607583
7284,650997,75.860954
7285,651399,283.72644
7286,651513,100.40409
7287,652513,348.58963
7288,652671,32.882828
7289,652952,136.7425
7290,652964,14.090479
7291,653030,52.642643
7292,653077,33.569847
7293,653090,26.782816
7294,653136,4.7232084
7295,654136,182.73987
7296,654357,100.258514
7297,654501,19.087057
7298,654642,78.510056
7299,654811,63.2919
7300,654915,60.782104
7301,655915,281.60208
7302,656437,297.41772
7303,657437,221.89847
7304,657481,51.73459
7305,657505,32.441338
7306,657523,16.528461
7307,657756,69.3618
7308,657942,13.869874
7309,658061,76.93332
7310,658157,89.00289
7311,659157,283.79437
7312,659183,49.10534
7313,659424,103.12822
7314,659491,31.036388
7315,660491,256.70917
7316,661491,329.19635
7317,661651,108.324524
7318,661887,61.12733
7319,662887,186.34003
7320,663017,59.821957
7321,663074,49.977585
7322,663179,78.93049
7323,663287,79.19254
7324,663303,-6.131646
7325,663518,68.65745
7326,663820,108.32219
7327,664136,84.04644
7328,664215,25.54576
7329,664228,-2.3696043
7330,664248,11.096597
7331,664491,47.699165
7332,664521,7.409212
7333,664786,124.764694
7334,665723,359.67816
7335,665852,71.11994
7336,666028,118.65461
7337,667028,212.62245
7338,667092,20.809792
7339,667206,69.04025
7340,667330,125.46539
7341,668330,295.97977
7342,668402,42.364784
7343,669104,255.91397
7344,669147,53.054688
7345,669524,31.706959
7346,669630,62.160156
7347,669701,38.483395
7348,669779,52.711674
7349,669907,66.98049
7350,670329,-84.0357
7351,670546,104.92643
7352,670610,13.856037
7353,670644,19.145247
7354,670832,56.94714
7355,671095,51.848343
7356,671117,19.824299
7357,671462,147.68352
7358,672462,284.8555
7359,672485,46.07892
7360,672827,94.17994
7361,673082,163.9799
7362,673256,105.23004
7363,674116,243.11601
7364,674786,365.2462
7365,674953,77.91305
7366,675395,306.22675
7367,675591,120.99656
7368,675696,102.49753
7369,676008,174.42784
7370,676103,93.304306
7371,676120,13.891084
7372,676224,18.375175
7373,676365,125.19112
7374,676642,79.32549
7375,676730,57.06609
7376,676850,65.5445
7377,677257,16.262028
7378,677654,139.77657
7379,678654,416.47122
7380,678731,42.40969
7381,678795,44.431076
7382,678926,118.56885
7383,679220,230.41505
7384,679303,93.48785
7385,680303,305.53754
7386,681303,397.6226
7387,681422,81.827126
7388,681636,136.87898
7389,681785,34.81333
7390,681890,57.27521
7391,682103,-47.788483
7392,682562,180.89433
7393,682573,3.7073777
7394,682615,23.555727
7395,683431,345.52954
7396,683979,167.37753
7397,684246,158.11162
7398,684424,73.83143
7399,685120,25.034233
7400,685486,112.7643
7401,685646,113.47812
7402,685890,87.258484
7403,686890,311.54395
7404,687214,32.209343
7405,687460,156.10875
7406,687510,52.760513
7407,687801,180.54192
7408,688123,120.73204
7409,688194,60.687603
7410,688346,55.495167
7411,688383,15.389565
7412,688506,97.67331
7413,688779,-3.335544
7414,689053,121.80262
7415,689359,186.62868
7416,689426,47.750114
7417,689884,218.16862
7418,690321,78.25267
7419,691191,59.602154
7420,692191,188.03561
7421,692303,74.62559
7422,692456,93.362076
7423,692560,50.150475
7424,692586,13.540466
7425,692732,97.69709
7426,693277,174.68886
7427,693838,258.95334
7428,694074,121.93308
7429,694303,104.34643
7430,694662,77.50224
7431,694698,25.595438
7432,695232,127.54917
7433,695351,78.566605
7434,695710,49.482124
7435,695774,71.12417
7436,696216,292.42303
7437,697216,391.39606
7438,698216,297.85477
7439,698380,28.456696
7440,698555,74.066505
7441,698691,125.04757
7442,698838,-28.170517
7443,698878,36.808216
7444,699026,94.79639
7445,700026,323.88885
7446,700104,22.877113
7447,700193,36.78773
