episodio,pasos,recompensa
1,24,116.472626
2,51,132.81648
3,94,221.03595
4,118,120.66926
5,141,115.08317
6,159,82.61657
7,184,114.9341
8,214,149.48283
9,235,97.776085
10,254,92.86824
11,275,98.81249
12,292,80.50904
13,320,128.33911
14,352,161.93307
15,377,121.15372
16,395,86.06477
17,417,110.6982
18,433,75.979095
19,468,163.2945
20,494,125.636475
21,513,92.28714
22,540,130.0463
23,557,82.41861
24,578,102.84921
25,597,92.97705
26,614,80.63893
27,636,107.74573
28,655,90.261734
29,677,103.465065
30,697,97.36437
31,732,174.55475
32,753,105.88844
33,778,127.36346
34,804,124.02325
35,828,111.3995
36,845,80.71768
37,871,127.1132
38,903,159.68898
39,930,127.118065
40,950,90.80108
41,976,131.72395
42,994,82.76973
43,1014,97.85332
44,1043,140.06657
45,1076,163.70656
46,1116,202.41217
47,1145,142.31879
48,1163,86.53736
49,1194,149.87238
50,1214,97.632
51,1237,103.98757
52,1296,305.12106
53,1316,98.11994
54,1343,136.11206
55,1360,80.59506
56,1402,194.7051
57,1417,70.9898
58,1437,97.52208
59,1468,152.09915
60,1491,113.95463
61,1526,167.88528
62,1554,136.21312
63,1579,115.28078
64,1595,75.923164
65,1612,80.37623
66,1641,140.17557
67,1669,136.29799
68,1695,128.87195
69,1724,147.10031
70,1759,168.34818
71,1780,98.67041
72,1806,125.77773
73,1826,96.9556
74,1851,116.6317
75,1878,133.42873
76,1904,125.92994
77,1935,142.46022
78,1956,102.01905
79,1978,101.215775
80,2000,101.92061
81,2028,137.9917
82,2050,109.3499
83,2069,91.65803
84,2087,85.384995
85,2105,87.692764
86,2127,104.59314
87,2151,119.65712
88,2167,75.89512
89,2195,135.4187
90,2218,112.24809
91,2240,111.334816
92,2261,101.75407
93,2280,89.72588
94,2305,125.972946
95,2333,139.70634
96,2350,80.573044
97,2370,99.056046
98,2400,144.2182
99,2417,81.683205
100,2434,80.49228
101,2450,75.884476
102,2477,133.85399
103,2494,80.59995
104,2513,91.60273
105,2530,80.802155
106,2553,111.709045
107,2570,80.52965
108,2593,112.09527
109,2613,97.34065
110,2634,104.99045
111,2650,75.91513
112,2673,111.98608
113,2691,87.61335
114,2713,111.05873
115,2732,91.27108
116,2749,80.866615
117,2766,80.004974
118,2793,135.99135
119,2816,114.36377
120,2851,163.52339
121,2872,105.02233
122,2902,143.92159
123,2927,118.389755
124,2945,86.80317
125,2961,75.94873
126,2982,105.11995
127,3000,87.23705
128,3025,118.724045
129,3043,86.65175
130,3060,80.57466
131,3082,110.50629
132,3104,110.67801
133,3120,75.61663
134,3147,135.89983
135,3164,80.8295
136,3182,85.326355
137,3200,86.17006
138,3218,85.269394
139,3235,82.562325
140,3255,99.25259
141,3272,81.02566
142,3298,132.97946
143,3323,123.102066
144,3347,122.543
145,3364,80.37694
146,3384,100.29585
147,3412,141.52338
148,3430,85.62976
149,3453,115.35146
150,3473,98.42745
151,3490,80.87653
152,3508,88.137596
153,3526,85.67805
154,3549,113.079895
155,3580,148.55524
156,3610,141.05975
157,3634,120.948654
158,3651,80.51105
159,3668,80.53065
160,3688,101.2951
161,3711,115.50141
162,3728,80.661095
163,3751,112.89927
164,3767,75.74046
165,3791,115.27702
166,3808,80.43121
167,3830,110.80185
168,3848,87.512344
169,3866,85.74617
170,3883,80.7332
171,3902,91.599335
172,3924,104.44947
173,3943,93.708595
174,3962,90.84742
175,3988,128.65662
176,4010,110.725395
177,4031,103.26153
178,4049,87.774635
179,4066,80.522766
180,4093,128.3011
181,4125,150.3488
182,4146,100.534584
183,4175,127.6934
184,4201,119.89798
185,4221,97.166664
186,4242,96.57984
187,4263,100.75525
188,4295,139.46094
189,4324,129.21007
190,4344,93.28843
191,4366,102.11718
192,4393,124.17646
193,4412,89.07572
194,4444,141.05472
195,4465,101.33286
196,4489,116.03172
197,4517,125.635056
198,4548,137.61601
199,4574,117.322754
200,4608,145.79594
201,4633,119.86911
202,4663,130.55234
203,4701,170.56223
204,4722,101.404106
205,4747,116.08257
206,4770,108.52697
207,4805,161.5752
208,4827,107.46559
209,4853,126.635185
210,4872,89.486176
211,4895,110.16793
212,4925,137.13388
213,4947,102.17288
214,4975,122.693016
215,4992,80.97938
216,5026,156.16582
217,5055,132.2065
218,5074,90.249374
219,5096,105.33689
220,5119,109.19309
221,5154,159.76653
222,5178,117.355865
223,5199,100.51542
224,5217,84.906235
225,5235,86.67623
226,5268,152.24245
227,5287,91.61228
228,5322,157.46228
229,5347,114.612724
230,5376,128.7153
231,5393,80.61027
232,5418,113.80286
233,5441,109.798645
234,5460,90.75844
235,5480,95.69763
236,5499,90.029854
237,5528,137.05206
238,5552,112.764915
239,5582,134.14899
240,5613,137.25098
241,5632,91.1621
242,5655,108.04063
243,5683,123.7825
244,5709,121.3471
245,5729,94.53664
246,5753,109.6634
247,5782,130.56938
248,5816,159.58638
249,5840,113.63817
250,5860,96.402885
251,5884,113.58181
252,5911,120.07036
253,5932,99.18451
254,5957,112.87763
255,5978,97.911446
256,6010,140.19095
257,6033,108.41942
258,6062,127.05985
259,6093,143.81474
260,6118,119.05188
261,6150,147.16113
262,6167,80.33055
263,6184,80.73624
264,6204,98.67164
265,6220,75.66816
266,6236,75.89396
267,6258,108.53496
268,6275,80.709785
269,6292,80.38638
270,6309,80.744156
271,6326,80.67297
272,6342,75.86904
273,6359,80.56491
274,6379,99.113625
275,6410,147.56378
276,6428,87.03068
277,6449,104.222496
278,6465,76.187386
279,6483,85.5483
280,6513,144.26102
281,6530,80.94728
282,6551,103.52416
283,6571,97.65129
284,6589,85.84796
285,6608,92.414665
286,6628,96.940575
287,6645,80.393715
288,6662,80.760414
289,6679,80.608894
290,6696,80.71337
291,6713,80.80818
292,6730,80.83538
293,6751,103.38932
294,6770,93.555275
295,6789,91.31806
296,6807,85.80819
297,6826,93.07499
298,6842,75.78798
299,6862,96.37523
300,6883,105.17876
301,6900,80.456535
302,6932,163.54593
303,6950,86.126175
304,6976,130.55852
305,6993,80.807724
306,7010,80.63449
307,7026,76.03181
308,7043,80.37564
309,7074,158.85477
310,7091,82.35591
311,7109,85.77074
312,7127,87.21504
313,7145,85.25482
314,7164,92.13068
315,7180,76.00589
316,7205,127.12616
317,7223,86.421104
318,7240,80.64883
319,7258,86.71011
320,7278,98.78944
321,7295,80.309875
322,7313,86.85341
323,7331,85.41876
324,7350,92.23966
325,7366,75.908455
326,7383,82.558044
327,7401,86.15762
328,7419,86.09478
329,7437,85.39503
330,7459,108.28089
331,7475,75.74705
332,7496,103.87623
333,7514,85.41184
334,7534,98.910065
335,7553,91.765495
336,7570,80.49875
337,7587,80.54447
338,7604,80.4844
339,7622,85.83029
340,7640,85.41034
341,7670,154.50534
342,7687,80.665924
343,7705,85.14775
344,7722,80.71223
345,7739,82.440605
346,7756,80.619705
347,7773,81.214035
348,7793,98.82045
349,7817,117.540016
350,7835,86.1853
351,7858,114.52503
352,7874,76.00007
353,7899,125.663086
354,7924,125.44072
355,7943,91.58876
356,7974,152.59367
357,7991,81.54238
358,8008,80.71668
359,8027,92.76827
360,8045,87.746574
361,8062,80.695335
362,8082,97.53902
363,8099,80.7124
364,8115,75.80364
365,8135,99.00704
366,8155,99.28022
367,8173,86.43875
368,8194,105.09542
369,8219,127.7965
370,8262,225.41476
371,8302,210.91844
372,8322,98.14209
373,8350,142.9688
374,8388,192.92609
375,8407,92.43835
376,8436,149.46509
377,8479,225.44511
378,8507,144.5727
379,8539,164.27563
380,8564,128.49846
381,8602,195.53935
382,8629,137.86008
383,8671,223.48294
384,8693,109.05458
385,8717,124.65439
386,8750,169.8217
387,8780,153.70378
388,8814,176.79996
389,8854,208.80756
390,8896,210.89008
391,8924,144.7945
392,8962,196.50833
393,9019,316.83368
394,9045,132.3137
395,9083,191.15175
396,9112,147.5409
397,9143,157.93669
398,9167,119.46706
399,9183,75.809494
400,9206,114.90098
401,9240,172.78435
402,9277,187.84247
403,9315,199.95241
404,9336,104.00772
405,9364,145.83282
406,9407,223.30351
407,9423,75.91993
408,9454,160.85101
409,9477,116.25691
410,9514,195.80801
411,9536,113.01765
412,9563,136.74115
413,9602,203.07451
414,9627,127.979385
415,9652,130.55145
416,9677,126.38588
417,9714,192.90482
418,9751,194.54678
419,9775,122.32881
420,9803,143.16292
421,9834,159.83276
422,9873,197.42181
423,9909,185.6095
424,9932,116.30073
425,9959,137.47734
426,9976,80.328476
427,9996,98.857895
428,10052,275.88303
429,10082,154.23294
430,10108,133.20198
431,10132,122.94439
432,10153,106.5767
433,10181,141.53487
434,10207,133.072
435,10233,131.0413
436,10255,106.90869
437,10271,75.704926
438,10292,101.375984
439,10310,85.47875
440,10327,80.64301
441,10343,75.742195
442,10362,91.67039
443,10380,86.22105
444,10398,85.558174
445,10415,80.743004
446,10431,75.5943
447,10450,90.3882
448,10467,80.40614
449,10484,80.69849
450,10502,85.63911
451,10519,80.411835
452,10536,80.58312
453,10553,80.45272
454,10570,80.43767
455,10586,75.88955
456,10604,85.85718
457,10631,129.2059
458,10649,85.47907
459,10667,85.88381
460,10686,91.34134
461,10706,94.538345
462,10724,86.20523
463,10741,80.794044
464,10758,80.50277
465,10776,85.68143
466,10793,80.75025
467,10809,75.911644
468,10826,80.34701
469,10843,80.51813
470,10864,102.87764
471,10882,85.52496
472,10899,80.38942
473,10915,75.65048
474,10932,80.50199
475,10949,80.49401
476,10974,122.66836
477,10992,84.67983
478,11008,76.16865
479,11026,86.050095
480,11052,122.091774
481,11069,80.60683
482,11087,85.57686
483,11103,75.68773
484,11121,85.49756
485,11138,80.627014
486,11156,85.364944
487,11174,85.30856
488,11192,85.68759
489,11210,85.59733
490,11230,96.44253
491,11247,80.461876
492,11265,85.78888
493,11283,85.38812
494,11301,85.52618
495,11320,90.693924
496,11337,80.73735
497,11354,80.8045
498,11371,80.37732
499,11388,80.738884
500,11403,71.08244
501,11420,80.64962
502,11437,80.311844
503,11454,80.59852
504,11470,75.72672
505,11486,75.848076
506,11509,119.057236
507,11526,80.9294
508,11544,85.7593
509,11562,85.745834
510,11579,80.8037
511,11598,91.07919
512,11616,85.44754
513,11633,80.45893
514,11653,94.09265
515,11671,86.312584
516,11688,80.70986
517,11705,80.204544
518,11727,104.014
519,11745,85.76757
520,11762,80.80534
521,11779,80.653694
522,11806,129.22992
523,11822,76.03743
524,11839,80.63151
525,11856,80.25283
526,11874,85.1907
527,11891,80.38151
528,11908,80.68143
529,11924,75.86724
530,11941,81.80635
531,11960,92.470825
532,11977,80.311874
533,11995,86.07142
534,12013,86.314705
535,12030,80.54852
536,12047,80.45141
537,12064,80.68215
538,12081,80.51785
539,12098,80.3501
540,12115,81.54707
541,12132,80.65599
542,12150,86.00446
543,12168,85.98992
544,12185,80.89178
545,12202,80.59884
546,12221,90.69026
547,12239,86.463745
548,12265,120.553894
549,12282,80.29945
550,12299,81.814926
551,12316,80.419
552,12340,116.933266
553,12360,94.870995
554,12377,80.580574
555,12394,80.48777
556,12413,92.08418
557,12431,85.584114
558,12448,81.41362
559,12466,85.91921
560,12493,122.662445
561,12510,80.34154
562,12528,86.78399
563,12545,80.55702
564,12564,91.323105
565,12580,75.78829
566,12601,102.38232
567,12622,103.7799
568,12645,110.894
569,12662,81.40454
570,12683,103.38222
571,12703,98.17743
572,12719,75.7873
573,12734,70.99016
574,12754,97.72276
575,12771,82.294785
576,12787,75.85292
577,12808,98.95033
578,12830,108.42069
579,12846,74.74437
580,12869,111.1613
581,12889,98.96069
582,12911,105.16538
583,12926,71.05182
584,12943,81.081314
585,12962,92.350006
586,12980,85.867615
587,13001,101.44596
588,13018,80.520256
589,13039,102.230034
590,13064,117.588295
591,13087,112.536446
592,13111,117.23616
593,13128,80.594666
594,13146,86.60131
595,13167,103.03466
596,13184,81.777016
597,13209,123.48367
598,13234,115.01933
599,13258,114.84736
600,13279,99.61047
601,13300,99.40964
602,13321,101.58746
603,13344,114.456116
604,13369,115.788506
605,13388,92.792885
606,13405,80.2683
607,13427,101.424545
608,13449,106.85217
609,13469,97.97399
610,13500,140.04758
611,13521,100.240875
612,13544,105.0379
613,13567,113.92363
614,13590,113.20457
615,13610,97.993324
616,13629,90.84908
617,13649,95.60288
618,13674,123.453026
619,13700,128.56763
620,13718,85.48555
621,13738,98.14908
622,13755,80.59581
623,13777,108.33442
624,13799,102.99667
625,13819,98.115746
626,13840,103.00103
627,13859,89.68038
628,13875,75.932076
629,13893,86.99226
630,13913,94.75094
631,13933,94.78968
632,13952,90.81819
633,13976,123.668236
634,13993,81.33451
635,14015,108.30514
636,14036,99.289986
637,14056,91.57838
638,14073,80.27234
639,14100,128.88145
640,14121,97.47322
641,14142,98.336586
642,14163,103.950264
643,14189,118.60911
644,14206,81.95402
645,14222,75.99904
646,14238,75.63707
647,14258,95.83622
648,14280,108.25361
649,14303,112.4752
650,14320,80.58316
651,14338,87.117325
652,14355,80.71417
653,14373,86.7087
654,14395,109.52612
655,14429,170.26918
656,14445,75.82334
657,14461,75.62647
658,14479,85.78831
659,14495,75.91131
660,14512,80.86673
661,14535,111.07732
662,14552,80.915115
663,14570,86.71495
664,14602,158.6432
665,14618,76.06597
666,14637,92.66651
667,14654,80.95388
668,14674,96.75545
669,14690,75.93101
670,14724,173.22946
671,14741,80.60746
672,14762,103.68536
673,14778,75.83139
674,14795,80.62775
675,14811,75.91917
676,14828,80.626724
677,14845,81.05002
678,14880,177.80219
679,14914,178.37448
680,14930,75.79094
681,14946,75.73199
682,14971,124.36506
683,14988,80.51459
684,15011,114.8116
685,15046,177.27307
686,15065,90.1273
687,15082,80.62571
688,15122,208.85909
689,15139,80.52886
690,15158,93.40512
691,15176,86.818726
692,15194,86.48827
693,15228,171.59496
694,15245,81.61235
695,15270,123.36403
696,15287,80.66546
697,15305,85.6568
698,15322,80.7588
699,15346,116.32617
700,15363,79.66946
701,15380,80.70668
702,15411,157.94664
703,15428,80.60801
704,15444,75.92289
705,15463,91.59488
706,15480,80.82518
707,15497,80.68503
708,15514,80.40559
709,15531,80.43451
710,15548,80.633804
711,15565,80.47071
712,15582,80.472946
713,15599,80.719986
714,15615,75.9604
715,15632,80.291595
716,15649,80.62547
717,15665,75.7889
718,15681,75.81965
719,15707,127.52203
720,15724,80.56622
721,15741,80.72338
722,15759,86.96028
723,15792,169.84525
724,15808,75.791275
725,15863,284.50217
726,15879,75.92654
727,15896,81.185005
728,15913,80.585365
729,15930,80.43296
730,15947,80.7039
731,15965,85.404175
732,15981,76.06753
733,15998,80.37988
734,16020,103.97618
735,16038,85.59529
736,16064,125.11168
737,16081,81.84416
738,16098,81.00631
739,16114,75.808945
740,16144,145.90689
741,16161,80.74068
742,16199,189.91281
743,16216,80.64836
744,16236,98.415
745,16256,95.52572
746,16273,80.77202
747,16291,86.53054
748,16309,86.76202
749,16326,80.80771
750,16342,75.89948
751,16359,80.80278
752,16376,80.58192
753,16393,80.78229
754,16421,123.522224
755,16438,80.32535
756,16464,122.93091
757,16485,98.87828
758,16511,116.08282
759,16546,157.0566
760,16571,114.175186
761,16589,86.16228
762,16615,124.018585
763,16645,135.47728
764,16664,87.19949
765,16693,139.33864
766,16722,128.58745
767,16750,133.11278
768,16778,133.82277
769,16805,123.98226
770,16831,127.632965
771,16851,90.22757
772,16878,124.63869
773,16900,105.70327
774,16930,145.80843
775,16952,102.60025
776,16974,107.67172
777,16998,114.69803
778,17032,147.58994
779,17056,109.42976
780,17077,102.16041
781,17102,111.827415
782,17130,136.30246
783,17148,85.75348
784,17170,104.31283
785,17200,133.501
786,17225,113.44469
787,17249,106.83075
788,17278,137.51596
789,17304,120.3559
790,17334,131.97137
791,17361,120.81072
792,17383,106.08644
793,17411,126.13658
794,17446,165.4395
795,17469,106.4429
796,17488,89.94932
797,17519,138.8234
798,17546,118.194824
799,17575,131.08383
800,17611,165.23683
801,17628,80.5766
802,17646,83.16193
803,17682,168.9811
804,17702,95.215576
805,17724,98.07279
806,17742,85.10187
807,17767,111.58492
808,17789,104.72391
809,17821,148.9552
810,17852,147.00378
811,17884,143.32744
812,17910,116.468506
813,17937,132.57321
814,17959,106.80468
815,17985,118.87738
816,18002,80.573006
817,18027,113.357834
818,18045,85.75727
819,18072,130.6148
820,18103,150.4281
821,18123,91.919876
822,18150,122.08486
823,18180,135.1906
824,18202,104.16736
825,18221,92.958145
826,18243,104.41983
827,18264,97.43957
828,18290,115.35083
829,18314,115.87175
830,18344,131.87378
831,18371,130.60864
832,18394,112.073845
833,18422,136.00583
834,18447,117.72165
835,18474,130.25961
836,18492,85.2365
837,18514,109.2231
838,18534,97.668755
839,18551,81.36748
840,18573,111.93284
841,18591,85.70735
842,18629,184.62517
843,18660,151.72882
844,18678,85.955734
845,18708,146.69879
846,18725,80.450836
847,18756,152.89293
848,18774,86.19683
849,18801,133.65916
850,18826,120.45205
851,18844,86.35456
852,18874,147.52483
853,18894,97.09895
854,18920,128.60376
855,18940,99.093666
856,18967,132.22946
857,18984,80.48967
858,19002,85.30631
859,19032,148.52202
860,19058,138.04114
861,19088,157.92033
862,19106,85.869675
863,19132,128.41028
864,19164,156.93639
865,19204,199.34903
866,19224,98.47299
867,19252,137.15674
868,19281,144.87398
869,19318,180.40265
870,19350,160.17116
871,19368,86.67169
872,19386,86.52918
873,19413,129.46152
874,19440,131.4517
875,19463,111.99346
876,19490,136.03346
877,19509,92.51938
878,19528,92.72054
879,19546,86.26294
880,19569,112.3349
881,19595,129.52957
882,19620,128.34717
883,19638,85.60135
884,19661,113.281006
885,19679,85.646385
886,19697,86.75447
887,19717,98.50778
888,19739,106.53347
889,19757,85.45859
890,19774,81.47276
891,19793,92.55131
892,19814,101.93763
893,19840,128.64752
894,19863,111.74775
895,19882,93.27649
896,19906,115.839386
897,19923,80.653694
898,19956,164.11574
899,19975,91.16302
900,19996,101.533554
901,20026,147.81526
902,20045,91.9561
903,20068,114.15608
904,20086,85.7626
905,20104,86.359344
906,20134,149.79117
907,20156,108.90765
908,20186,143.60544
909,20218,155.5361
910,20243,122.33547
911,20264,103.285576
912,20289,122.64753
913,20308,92.73057
914,20336,134.44778
915,20358,108.70716
916,20385,134.16045
917,20420,173.82503
918,20449,157.05948
919,20478,142.475
920,20507,137.71109
921,20539,145.43726
922,20576,176.2212
923,20620,209.29434
924,20658,178.18878
925,20674,75.933426
926,20691,80.651855
927,20718,124.70699
928,20735,80.58382
929,20752,80.58151
930,20778,122.57439
931,20813,164.43333
932,20838,119.29439
933,20877,183.24619
934,20920,198.00673
935,20957,172.341
936,20982,116.49461
937,21011,135.80844
938,21028,81.358604
939,21055,126.09674
940,21091,165.96967
941,21107,75.859215
942,21153,210.62424
943,21200,224.6283
944,21216,75.85607
945,21236,97.17157
946,21272,161.1416
947,21314,191.2078
948,21363,226.06996
949,21396,156.78879
950,21414,85.450455
951,21439,117.98095
952,21474,163.43954
953,21499,120.64191
954,21537,174.13835
955,21564,126.175606
956,21580,75.74161
957,21610,143.18689
958,21648,185.29494
959,21665,80.5253
960,21709,207.02844
961,21726,81.44147
962,21755,134.71739
963,21800,213.90639
964,21815,70.88936
965,21852,166.81328
966,21871,90.24899
967,21909,177.10048
968,21941,148.50735
969,21966,117.17715
970,22008,192.84389
971,22049,187.97021
972,22077,133.05482
973,22094,80.70234
974,22116,107.38278
975,22161,232.56984
976,22179,86.569275
977,22205,124.12731
978,22237,146.48505
979,22273,166.34903
980,22311,169.66977
981,22349,170.6349
982,22375,124.898254
983,22420,199.19795
984,22436,75.94303
985,22463,131.60257
986,22497,161.96161
987,22535,163.1157
988,22562,121.96961
989,22579,81.35958
990,22597,81.70043
991,22636,182.38213
992,22658,102.346375
993,22679,97.87483
994,22701,100.65097
995,22746,193.40186
996,22767,96.359406
997,22791,109.35464
998,22813,102.02024
999,22836,107.22194
1000,22861,116.83658
1001,22877,75.87798
1002,22906,138.26485
1003,22931,113.46443
1004,22953,102.83078
1005,22993,167.5262
1006,23010,80.65346
1007,23039,132.96933
1008,23061,101.77627
1009,23076,70.89401
1010,23098,104.99306
1011,23119,95.93935
1012,23144,117.04719
1013,23161,80.762955
1014,23196,154.42189
1015,23216,90.583244
1016,23235,87.24808
1017,23251,75.69002
1018,23281,143.6553
1019,23299,82.75282
1020,23330,140.13112
1021,23351,95.601074
1022,23370,86.82901
1023,23396,124.8707
1024,23425,134.49654
1025,23451,124.08715
1026,23503,214.20451
1027,23520,80.25446
1028,23557,166.21092
1029,23579,100.48018
1030,23608,130.6667
1031,23629,97.08723
1032,23654,115.21254
1033,23678,111.34931
1034,23740,262.6208
1035,23757,80.50889
1036,23780,110.463715
1037,23800,91.66514
1038,23824,111.160965
1039,23844,93.993546
1040,23866,102.17264
1041,23885,91.55024
1042,23903,85.17435
1043,23927,112.25672
1044,23942,71.119576
1045,23960,82.41587
1046,23977,80.53972
1047,24001,108.60033
1048,24038,172.57051
1049,24079,175.11865
1050,24103,109.35375
1051,24121,83.93973
1052,24138,80.558815
1053,24155,80.33304
1054,24194,182.04451
1055,24216,101.544876
1056,24236,91.4829
1057,24262,123.10707
1058,24282,90.63223
1059,24300,83.90693
1060,24319,88.04341
1061,24351,147.0636
1062,24375,110.24502
1063,24398,106.72898
1064,24432,152.0102
1065,24455,107.701454
1066,24478,105.79626
1067,24499,95.97332
1068,24548,236.51097
1069,24571,106.729935
1070,24590,88.195045
1071,24610,98.32384
1072,24634,116.66195
1073,24655,104.52548
1074,24681,131.85332
1075,24697,75.98046
1076,24717,96.78796
1077,24737,100.41077
1078,24759,112.56012
1079,24777,89.88175
1080,24796,94.684616
1081,24816,101.56207
1082,24834,87.215324
1083,24853,93.778404
1084,24874,105.295685
1085,24896,108.16494
1086,24916,100.026665
1087,24938,106.747894
1088,24958,99.47297
1089,24980,109.79864
1090,25004,124.21041
1091,25025,103.861305
1092,25044,91.81449
1093,25069,123.64801
1094,25091,109.226036
1095,25111,97.358635
1096,25129,87.479965
1097,25149,99.72055
1098,25172,115.669716
1099,25196,118.407364
1100,25216,97.72251
1101,25240,121.01951
1102,25257,80.517006
1103,25277,100.7715
1104,25297,100.740776
1105,25319,110.287735
1106,25338,94.35692
1107,25357,95.14541
1108,25379,106.52055
1109,25401,105.36255
1110,25421,99.64458
1111,25443,107.87364
1112,25464,104.89773
1113,25491,136.79482
1114,25514,115.05974
1115,25531,80.558784
1116,25558,136.18077
1117,25582,119.89934
1118,25601,94.3872
1119,25621,99.68832
1120,25641,99.58561
1121,25658,81.169945
1122,25682,122.06707
1123,25701,92.74575
1124,25721,99.19755
1125,25740,94.246346
1126,25763,115.35014
1127,25782,92.92931
1128,25805,116.081726
1129,25823,87.9533
1130,25845,109.953125
1131,25866,105.99526
1132,25883,80.43568
1133,25907,119.643814
1134,25927,100.41535
1135,25946,93.97868
1136,25973,136.9057
1137,25992,95.15664
1138,26014,109.202866
1139,26034,98.49837
1140,26054,100.57156
1141,26073,94.70691
1142,26094,104.91973
1143,26112,86.084114
1144,26132,100.57204
1145,26151,92.77362
1146,26172,102.63428
1147,26195,114.56924
1148,26215,99.916916
1149,26239,120.23897
1150,26257,88.2067
1151,26284,136.10684
1152,26305,105.046745
1153,26324,94.85498
1154,26343,91.47595
1155,26361,85.65038
1156,26379,88.41204
1157,26398,95.28616
1158,26418,97.826454
1159,26437,92.98103
1160,26462,126.12673
1161,26485,114.77673
1162,26511,130.76279
1163,26532,104.6074
1164,26554,110.4039
1165,26576,111.70498
1166,26598,110.64996
1167,26619,105.06034
1168,26635,75.50713
1169,26651,75.77519
1170,26668,80.56201
1171,26684,75.68623
1172,26701,80.529396
1173,26716,71.13246
1174,26732,75.58286
1175,26748,75.92042
1176,26763,70.92964
1177,26780,80.30096
1178,26798,85.856544
1179,26814,76.0837
1180,26832,85.35696
1181,26847,71.02448
1182,26875,132.07037
1183,26892,80.406494
1184,26907,71.16661
1185,26922,70.77744
1186,26938,75.63027
1187,26956,85.481285
1188,26972,75.69141
1189,26988,75.92515
1190,27005,80.436554
1191,27021,75.69658
1192,27037,75.82502
1193,27054,80.4373
1194,27071,80.714035
1195,27086,70.81385
1196,27102,75.69721
1197,27118,76.03239
1198,27135,80.34622
1199,27151,75.65059
1200,27168,80.654884
1201,27184,75.68148
1202,27200,75.69751
1203,27215,71.07442
1204,27231,75.77379
1205,27247,75.60306
1206,27262,71.082146
1207,27280,85.62586
1208,27297,80.506714
1209,27313,75.896996
1210,27329,75.76092
1211,27346,80.604416
1212,27362,75.58518
1213,27378,75.60639
1214,27394,75.785225
1215,27411,80.93371
1216,27427,75.96771
1217,27443,75.667435
1218,27459,75.696014
1219,27474,71.305435
1220,27490,75.713554
1221,27508,85.35025
1222,27524,75.65034
1223,27540,75.97749
1224,27557,80.54554
1225,27585,140.16032
1226,27602,80.254074
1227,27619,80.73993
1228,27637,85.33127
1229,27653,76.02193
1230,27670,80.703255
1231,27686,76.08675
1232,27702,75.80263
1233,27718,75.66539
1234,27735,80.39347
1235,27750,71.0892
1236,27766,76.10201
1237,27782,75.75677
1238,27798,75.74203
1239,27814,75.888145
1240,27830,75.829056
1241,27846,75.831985
1242,27863,80.60983
1243,27879,75.67295
1244,27895,75.93583
1245,27911,75.79199
1246,27927,75.69804
1247,27944,80.401474
1248,27960,75.70288
1249,27977,80.5769
1250,27992,71.13011
1251,28009,80.4519
1252,28025,75.63078
1253,28042,80.74825
1254,28058,75.817345
1255,28083,111.91663
1256,28100,80.76066
1257,28117,80.646385
1258,28134,80.84306
1259,28151,80.82129
1260,28184,162.51433
1261,28201,80.453156
1262,28219,85.441475
1263,28235,75.75791
1264,28255,99.69326
1265,28271,75.774666
1266,28287,75.97143
1267,28304,80.35446
1268,28320,75.81555
1269,28337,80.733284
1270,28352,71.19269
1271,28369,80.43581
1272,28385,75.80779
1273,28400,70.96205
1274,28417,80.44906
1275,28432,71.149124
1276,28447,71.1647
1277,28464,80.490715
1278,28482,85.21519
1279,28498,75.82931
1280,28515,80.5
1281,28530,71.02201
1282,28546,75.60506
1283,28562,75.85362
1284,28579,80.55241
1285,28595,76.07674
1286,28610,70.96641
1287,28626,75.73179
1288,28642,75.83945
1289,28659,80.56422
1290,28676,80.548676
1291,28704,134.52975
1292,28723,92.28641
1293,28751,129.79105
1294,28783,152.76926
1295,28801,86.14875
1296,28826,121.08336
1297,28851,120.76218
1298,28877,126.41724
1299,28903,127.61315
1300,28921,86.43061
1301,28940,91.263504
1302,28963,114.43113
1303,28985,108.18139
1304,29016,151.54993
1305,29042,124.89711
1306,29065,114.650665
1307,29092,126.71198
1308,29116,116.80445
1309,29144,132.34142
1310,29168,120.1266
1311,29202,167.79984
1312,29220,86.0788
1313,29238,87.26635
1314,29260,110.8044
1315,29285,122.17647
1316,29319,165.23277
1317,29355,172.0443
1318,29381,123.10117
1319,29409,140.29173
1320,29434,122.059784
1321,29458,117.43172
1322,29492,172.23672
1323,29516,116.79663
1324,29541,121.19415
1325,29560,92.262405
1326,29582,106.67727
1327,29608,124.14912
1328,29632,118.18022
1329,29654,108.63625
1330,29672,86.470695
1331,29695,113.06438
1332,29718,114.692795
1333,29737,92.12144
1334,29766,138.71925
1335,29785,91.463776
1336,29806,105.632645
1337,29834,132.82654
1338,29852,86.277885
1339,29870,86.44021
1340,29889,91.325325
1341,29914,121.76685
1342,29945,149.7442
1343,29968,113.80682
1344,29996,133.96996
1345,30021,117.5084
1346,30053,157.77539
1347,30080,125.39369
1348,30106,131.38388
1349,30131,120.488525
1350,30148,80.56328
1351,30165,80.550896
1352,30184,92.04459
1353,30208,115.096504
1354,30236,135.49695
1355,30260,119.723114
1356,30278,85.95757
1357,30307,136.5796
1358,30333,130.1793
1359,30363,138.66466
1360,30385,109.77473
1361,30407,108.03674
1362,30426,92.54472
1363,30458,159.9568
1364,30482,119.868256
1365,30500,86.570366
1366,30519,92.44711
1367,30547,134.01962
1368,30565,85.54673
1369,30587,108.661736
1370,30606,92.15192
1371,30633,128.6497
1372,30656,110.432236
1373,30675,91.23435
1374,30693,86.43338
1375,30710,80.561386
1376,30748,198.30199
1377,30775,121.59765
1378,30807,140.09508
1379,30835,136.96175
1380,30881,221.47858
1381,30910,133.6343
1382,30948,183.30972
1383,30968,97.23502
1384,31002,167.84692
1385,31036,175.2312
1386,31059,112.680435
1387,31086,123.36038
1388,31106,97.09112
1389,31131,118.10454
1390,31162,157.13087
1391,31189,134.74315
1392,31213,121.90155
1393,31239,128.06065
1394,31263,118.68666
1395,31296,160.04327
1396,31317,101.637856
1397,31344,130.90952
1398,31397,259.3048
1399,31442,214.94305
1400,31473,143.25153
1401,31501,132.16473
1402,31521,91.83504
1403,31542,97.05733
1404,31578,181.287
1405,31605,130.6521
1406,31639,162.33893
1407,31662,110.0664
1408,31682,91.935524
1409,31711,135.88675
1410,31764,278.53278
1411,31802,192.46896
1412,31825,111.83496
1413,31861,174.16959
1414,31897,179.03433
1415,31916,88.901
1416,31948,154.87088
1417,31970,102.01151
1418,32005,167.63684
1419,32029,109.86619
1420,32054,118.820786
1421,32081,133.17148
1422,32106,120.17656
1423,32136,147.62048
1424,32156,97.762726
1425,32191,184.70999
1426,32221,153.28058
1427,32243,105.6647
1428,32275,155.31076
1429,32295,97.52082
1430,32316,100.64627
1431,32339,103.59714
1432,32365,130.43535
1433,32392,126.469284
1434,32413,102.782524
1435,32449,170.1584
1436,32475,126.90608
1437,32509,165.89235
1438,32528,87.2745
1439,32555,125.87785
1440,32587,151.65565
1441,32642,268.63043
1442,32669,122.852776
1443,32705,165.12645
1444,32745,203.1244
1445,32775,142.39017
1446,32790,71.30063
1447,32805,71.15783
1448,32821,75.76679
1449,32836,71.05228
1450,32853,80.4138
1451,32873,92.429924
1452,32888,71.046875
1453,32903,71.02874
1454,32919,75.9253
1455,32936,80.81198
1456,32960,110.50573
1457,32976,75.72275
1458,32992,75.63065
1459,33009,80.81471
1460,33025,75.92375
1461,33041,75.899376
1462,33057,75.82058
1463,33072,71.02962
1464,33088,75.67178
1465,33103,71.192665
1466,33118,71.0578
1467,33133,71.03207
1468,33150,80.395744
1469,33165,71.25586
1470,33181,75.71518
1471,33197,75.509834
1472,33211,66.47823
1473,33226,71.10166
1474,33242,75.82684
1475,33258,75.71561
1476,33274,75.833015
1477,33289,71.08773
1478,33304,70.874146
1479,33320,75.98202
1480,33336,75.73949
1481,33351,70.96576
1482,33367,75.554344
1483,33384,79.594734
1484,33400,75.93271
1485,33415,71.30704
1486,33430,71.32226
1487,33445,70.965744
1488,33460,70.950424
1489,33476,75.63301
1490,33493,80.83084
1491,33509,75.7231
1492,33525,76.045815
1493,33541,75.97686
1494,33556,71.062
1495,33571,70.89969
1496,33587,75.84327
1497,33602,71.12141
1498,33617,70.934105
1499,33632,71.1455
1500,33649,80.69932
1501,33666,80.32239
1502,33682,75.65411
1503,33697,71.14168
1504,33713,75.87677
1505,33727,66.41906
1506,33743,75.894966
1507,33759,75.8783
1508,33774,71.23963
1509,33790,75.9516
1510,33805,71.23202
1511,33821,75.900925
1512,33836,71.25633
1513,33854,84.550674
1514,33870,75.90908
1515,33886,75.86114
1516,33901,71.20787
1517,33916,70.93426
1518,33931,71.295654
1519,33947,75.63536
1520,33961,66.32684
1521,33977,75.75442
1522,33991,66.2961
1523,34007,75.78466
1524,34022,71.108116
1525,34037,71.26647
1526,34053,75.87149
1527,34068,70.960495
1528,34083,71.08635
1529,34099,75.77943
1530,34114,71.24312
1531,34130,75.80261
1532,34144,66.38924
1533,34159,70.99393
1534,34175,75.78015
1535,34191,75.994415
1536,34206,71.040306
1537,34221,71.0778
1538,34236,70.871124
1539,34251,71.18162
1540,34267,75.94027
1541,34283,75.94543
1542,34299,75.73395
1543,34315,75.930016
1544,34330,70.86821
1545,34345,70.89642
1546,34359,66.36879
1547,34374,71.03876
1548,34390,75.695656
1549,34406,75.804375
1550,34421,71.16561
1551,34437,75.81183
1552,34453,75.63597
1553,34468,71.34093
1554,34484,75.81177
1555,34499,70.931694
1556,34516,80.603004
1557,34533,80.506195
1558,34558,119.7664
1559,34575,80.26974
1560,34590,71.00345
1561,34606,75.70233
1562,34622,75.94155
1563,34637,71.16118
1564,34653,75.96581
1565,34669,75.70232
1566,34685,75.64978
1567,34703,84.29053
1568,34718,71.02818
1569,34734,75.85048
1570,34754,96.12422
1571,34769,70.97625
1572,34784,71.15777
1573,34800,75.82008
1574,34815,71.084724
1575,34833,85.14681
1576,34848,71.10633
1577,34863,70.95035
1578,34879,75.83075
1579,34895,75.79283
1580,34910,70.972786
1581,34925,70.94904
1582,34941,75.96574
1583,34956,71.13821
1584,34977,102.023254
1585,34992,71.15503
1586,35024,159.09444
1587,35039,71.217125
1588,35054,71.092575
1589,35070,75.954704
1590,35086,75.719574
1591,35102,75.78752
1592,35117,71.28347
1593,35133,75.7796
1594,35148,71.365036
1595,35163,70.98311
1596,35178,71.04106
1597,35193,70.95426
1598,35209,75.51358
1599,35224,70.97448
1600,35240,75.78449
1601,35255,71.00968
1602,35270,71.25506
1603,35285,71.21621
1604,35300,70.964035
1605,35315,70.87404
1606,35331,75.709
1607,35346,71.08163
1608,35374,131.49435
1609,35389,71.02343
1610,35404,71.04623
1611,35420,75.7616
1612,35435,70.896286
1613,35450,71.00466
1614,35465,71.141815
1615,35481,75.7135
1616,35497,75.46083
1617,35512,70.90842
1618,35529,80.56149
1619,35544,71.14999
1620,35559,70.93039
1621,35575,75.82206
1622,35590,71.04178
1623,35605,70.89567
1624,35620,70.98932
1625,35636,75.80049
1626,35651,71.30615
1627,35666,71.157585
1628,35682,75.840576
1629,35697,70.9687
1630,35712,71.116135
1631,35729,80.43078
1632,35744,71.21909
1633,35759,71.11583
1634,35775,75.916
1635,35830,257.19043
1636,35846,75.60487
1637,35862,75.6574
1638,35877,71.11085
1639,35892,70.96346
1640,35907,71.103
1641,35923,75.45134
1642,35938,70.90251
1643,35955,80.88015
1644,35970,70.959175
1645,35986,75.667984
1646,36002,75.72792
1647,36017,71.13139
1648,36032,71.1874
1649,36047,70.994446
1650,36062,71.21998
1651,36077,71.10027
1652,36092,71.167496
1653,36107,70.993454
1654,36122,71.01803
1655,36137,70.89062
1656,36153,75.800835
1657,36169,75.635284
1658,36188,90.29296
1659,36204,75.636505
1660,36220,75.719154
1661,36236,75.72179
1662,36251,70.85968
1663,36266,71.257614
1664,36281,71.0518
1665,36296,71.29205
1666,36314,86.94244
1667,36329,71.03437
1668,36344,70.81646
1669,36359,71.112236
1670,36374,70.9204
1671,36389,71.16673
1672,36405,75.95736
1673,36420,71.1445
1674,36436,75.71551
1675,36451,71.007545
1676,36476,127.42852
1677,36491,70.84734
1678,36507,75.82515
1679,36524,80.535324
1680,36540,75.751205
1681,36555,70.96823
1682,36570,71.28805
1683,36585,70.938515
1684,36601,75.70794
1685,36616,71.03739
1686,36631,71.022514
1687,36646,70.899734
1688,36661,70.83562
1689,36676,71.22365
1690,36692,75.59037
1691,36708,75.73096
1692,36724,75.80735
1693,36739,70.9526
1694,36754,71.27206
1695,36770,75.870186
1696,36785,70.93194
1697,36800,71.17182
1698,36815,71.23161
1699,36830,70.977905
1700,36845,70.8357
1701,36860,71.14199
1702,36878,88.28686
1703,36901,117.470566
1704,36917,75.643776
1705,36932,71.05375
1706,36951,95.74888
1707,36968,80.41757
1708,36986,84.621864
1709,37003,80.75647
1710,37019,75.54502
1711,37039,90.175354
1712,37063,120.67593
1713,37079,75.9294
1714,37105,134.14903
1715,37128,117.88436
1716,37145,80.59286
1717,37161,75.85151
1718,37177,76.1487
1719,37193,75.56326
1720,37210,84.270996
1721,37227,81.23898
1722,37245,84.872635
1723,37263,84.110405
1724,37279,76.034935
1725,37296,81.31606
1726,37317,107.25028
1727,37334,80.56619
1728,37349,70.82971
1729,37370,104.17534
1730,37393,105.65317
1731,37414,107.6434
1732,37430,75.60154
1733,37452,110.08263
1734,37470,86.89887
1735,37496,135.31631
1736,37512,75.74736
1737,37529,80.81554
1738,37558,143.32324
1739,37576,85.281006
1740,37593,82.4053
1741,37615,104.9261
1742,37637,106.79885
1743,37656,92.18866
1744,37675,87.87747
1745,37692,80.373474
1746,37714,112.92625
1747,37734,92.34131
1748,37753,90.18364
1749,37774,102.047554
1750,37802,139.28404
1751,37821,91.75792
1752,37843,102.40336
1753,37866,111.8849
1754,37884,87.8085
1755,37901,80.673706
1756,37925,119.653336
1757,37941,75.81297
1758,37963,112.24028
1759,37985,113.76269
1760,38002,80.43816
1761,38023,105.6263
1762,38049,133.71529
1763,38066,80.518166
1764,38082,75.66901
1765,38097,71.05741
1766,38116,92.38023
1767,38136,95.72835
1768,38158,108.30463
1769,38178,98.593765
1770,38197,92.75394
1771,38224,128.50597
1772,38240,75.82556
1773,38258,87.098946
1774,38275,80.69667
1775,38292,80.65944
1776,38314,112.59087
1777,38332,82.96353
1778,38354,113.71941
1779,38376,111.333984
1780,38392,75.912384
1781,38415,115.83353
1782,38433,81.705
1783,38457,121.52277
1784,38477,97.95403
1785,38496,91.90359
1786,38513,81.40215
1787,38533,94.04156
1788,38551,85.85569
1789,38569,86.15304
1790,38589,98.74792
1791,38605,75.7242
1792,38621,75.94223
1793,38657,175.51308
1794,38687,152.8991
1795,38705,86.656654
1796,38735,151.25848
1797,38756,100.28272
1798,38772,75.78102
1799,38789,83.78806
1800,38806,83.728386
1801,38824,85.23126
1802,38857,164.71707
1803,38876,95.98424
1804,38895,91.36116
1805,38911,75.69588
1806,38941,139.29608
1807,38973,159.57042
1808,39016,210.77762
1809,39049,165.51598
1810,39146,458.51147
1811,39172,131.47252
1812,39213,207.4479
1813,39241,137.10579
1814,39264,115.50308
1815,39336,357.27646
1816,39365,146.57877
1817,39394,141.4671
1818,39417,113.21283
1819,39453,190.5106
1820,39494,206.6789
1821,39517,115.06019
1822,39564,240.9915
1823,39586,105.43926
1824,39613,138.1073
1825,39671,278.68484
1826,39697,129.39198
1827,39735,198.68933
1828,39794,314.8372
1829,39830,184.844
1830,39855,125.91503
1831,39892,187.6154
1832,39943,244.91006
1833,39960,80.32744
1834,39993,168.29454
1835,40019,130.33127
1836,40045,128.73079
1837,40077,161.93102
1838,40098,104.06157
1839,40116,86.10129
1840,40147,147.56747
1841,40177,148.79143
1842,40199,110.003746
1843,40221,108.301994
1844,40254,167.57237
1845,40286,159.50064
1846,40306,97.780914
1847,40350,217.85489
1848,40392,214.73077
1849,40413,104.13344
1850,40471,292.16815
1851,40511,204.3736
1852,40553,219.38805
1853,40602,250.96214
1854,40663,321.1757
1855,40712,259.45975
1856,40763,260.0216
1857,40786,117.09001
1858,40803,80.83346
1859,40822,92.965485
1860,40868,229.08455
1861,40889,105.43396
1862,40923,173.71901
1863,40955,159.67601
1864,40980,124.069115
1865,41001,103.852135
1866,41018,80.42635
1867,41065,247.92996
1868,41082,80.86001
1869,41099,80.82669
1870,41136,184.39731
1871,41154,87.88905
1872,41171,80.5547
1873,41204,168.46985
1874,41221,80.37795
1875,41238,80.49589
1876,41281,222.50444
1877,41326,233.18916
1878,41373,253.99661
1879,41391,85.327225
1880,41412,103.18808
1881,41457,219.21501
1882,41474,80.90148
1883,41505,163.55865
1884,41545,206.06223
1885,41566,102.07437
1886,41583,80.42251
1887,41600,80.39059
1888,41617,80.413025
1889,41651,169.91783
1890,41696,233.58426
1891,41748,269.74362
1892,41765,80.35361
1893,41782,80.762085
1894,41824,212.47961
1895,41841,81.32755
1896,41876,181.99968
1897,41919,230.1901
1898,41945,135.0248
1899,41961,75.964905
1900,41987,127.63872
1901,42016,146.51099
1902,42033,81.277824
1903,42068,182.63138
1904,42085,80.65214
1905,42131,250.1085
1906,42148,80.62469
1907,42165,80.71127
1908,42185,96.3553
1909,42201,75.8648
1910,42229,138.20241
1911,42246,81.83412
1912,42282,178.98004
1913,42300,85.32609
1914,42317,80.642136
1915,42336,92.918236
1916,42382,242.71284
1917,42397,71.19227
1918,42413,75.75552
1919,42440,126.24215
1920,42480,210.5033
1921,42509,145.98018
1922,42550,214.55391
1923,42587,193.66768
1924,42632,233.06882
1925,42652,99.7691
1926,42669,80.34621
1927,42686,80.577034
1928,42727,208.48381
1929,42744,80.59261
1930,42761,81.919716
1931,42778,80.61843
1932,42795,80.67574
1933,42833,197.45755
1934,42850,80.37022
1935,42867,80.85633
1936,42883,75.92288
1937,42911,145.24911
1938,42930,92.234955
1939,42966,181.53214
1940,42983,80.41334
1941,43015,154.98839
1942,43036,103.2831
1943,43062,122.05517
1944,43087,129.42871
1945,43106,91.403015
1946,43127,101.466125
1947,43146,90.28777
1948,43166,96.69912
1949,43191,121.44834
1950,43211,95.506775
1951,43230,92.284744
1952,43249,93.41343
1953,43266,80.61596
1954,43283,80.3532
1955,43302,91.408676
1956,43319,80.93866
1957,43340,103.44028
1958,43360,95.248055
1959,43382,102.21928
1960,43400,85.86648
1961,43417,80.7508
1962,43438,99.87529
1963,43455,80.45893
1964,43473,85.173454
1965,43491,85.31905
1966,43510,91.41604
1967,43534,119.09524
1968,43553,91.75752
1969,43571,85.7507
1970,43591,96.65298
1971,43615,118.751076
1972,43636,103.70878
1973,43662,128.88567
1974,43679,80.64515
1975,43696,80.38172
1976,43714,85.167206
1977,43740,127.814575
1978,43756,75.80467
1979,43788,152.2967
1980,43806,85.37518
1981,43824,85.05388
1982,43841,80.512726
1983,43858,80.35408
1984,43876,86.11233
1985,43894,86.083015
1986,43915,101.133995
1987,43932,80.21462
1988,43949,80.53837
1989,43971,108.971466
1990,43996,124.98623
1991,44022,125.77918
1992,44041,91.819885
1993,44061,97.37192
1994,44078,80.48051
1995,44096,87.01758
1996,44115,91.78217
1997,44139,119.688385
1998,44171,163.06963
1999,44195,112.16516
2000,44212,80.48265
2001,44249,176.6806
2002,44267,86.356636
2003,44292,122.87301
2004,44318,129.77914
2005,44336,85.314674
2006,44355,90.56317
2007,44374,90.51185
2008,44395,102.21379
2009,44422,131.48108
2010,44439,80.44107
2011,44458,91.40526
2012,44476,85.28525
2013,44496,96.64487
2014,44515,92.06512
2015,44532,80.74859
2016,44550,85.099045
2017,44567,80.5556
2018,44585,85.64533
2019,44602,80.706436
2020,44624,110.43446
2021,44643,92.99252
2022,44663,98.1808
2023,44681,85.80939
2024,44700,92.399895
2025,44719,92.27674
2026,44736,80.508415
2027,44759,113.20131
2028,44777,85.301575
2029,44795,86.01105
2030,44813,85.13536
2031,44831,85.094765
2032,44849,85.32145
2033,44871,106.60801
2034,44887,75.73825
2035,44905,85.194275
2036,44922,80.41061
2037,44947,122.936035
2038,44964,80.69944
2039,44992,133.34886
2040,45013,104.183525
2041,45036,113.59135
2042,45054,85.75038
2043,45070,75.8865
2044,45087,79.612236
2045,45103,75.70322
2046,45117,66.219444
2047,45132,71.28048
2048,45150,85.39783
2049,45165,71.161064
2050,45180,71.17537
2051,45195,70.8795
2052,45211,75.83459
2053,45227,75.69497
2054,45244,80.76596
2055,45260,75.70785
2056,45275,71.12564
2057,45291,75.91976
2058,45308,80.32606
2059,45326,84.96773
2060,45342,75.73839
2061,45359,80.42842
2062,45375,75.654755
2063,45401,118.689575
2064,45416,71.13014
2065,45434,83.22402
2066,45451,80.70561
2067,45466,71.24276
2068,45482,75.746574
2069,45498,75.89021
2070,45516,83.44488
2071,45534,84.66764
2072,45549,71.26375
2073,45567,85.5267
2074,45582,70.78439
2075,45598,76.31776
2076,45614,75.835396
2077,45633,86.72558
2078,45648,71.309525
2079,45664,75.883606
2080,45680,75.73645
2081,45695,71.1595
2082,45712,80.520294
2083,45729,79.375656
2084,45746,80.635506
2085,45764,83.714264
2086,45783,86.374504
2087,45798,71.09073
2088,45813,71.17416
2089,45828,71.023895
2090,45847,90.46407
2091,45862,71.04829
2092,45882,97.18302
2093,45899,80.35042
2094,45917,83.18124
2095,45931,66.52006
2096,45947,75.51633
2097,45964,80.37913
2098,45979,71.26505
2099,45994,71.33415
2100,46008,66.19911
2101,46025,80.66995
2102,46042,80.71235
2103,46059,80.82702
2104,46095,189.54376
2105,46111,76.09186
2106,46129,82.87112
2107,46151,105.21959
2108,46167,75.75918
2109,46182,71.29875
2110,46199,80.70841
2111,46213,66.41146
2112,46231,85.755875
2113,46246,71.14729
2114,46262,75.860825
2115,46280,87.04672
2116,46297,80.46005
2117,46313,75.57334
2118,46330,80.8537
2119,46344,66.354935
2120,46361,80.15335
2121,46376,71.09314
2122,46392,75.77246
2123,46408,75.66839
2124,46425,80.01322
2125,46441,75.904724
2126,46457,76.08012
2127,46473,75.92039
2128,46504,158.51433
2129,46519,71.30951
2130,46534,71.17759
2131,46549,70.99868
2132,46567,85.29279
2133,46583,75.85368
2134,46599,75.79923
2135,46615,74.58594
2136,46629,66.24624
2137,46667,174.94176
2138,46681,66.353714
2139,46698,80.604294
2140,46715,80.47726
2141,46731,75.93147
2142,46749,85.44937
2143,46765,75.915115
2144,46782,80.684235
2145,46800,86.168434
2146,46814,66.32427
2147,46831,79.29528
2148,46848,80.67351
2149,46862,66.191826
2150,46881,90.833336
2151,46898,80.35547
2152,46915,80.51752
2153,46931,75.7083
2154,46947,75.82415
2155,46963,75.789635
2156,46979,75.659515
2157,46996,79.946625
2158,47013,80.43376
2159,47027,66.38686
2160,47045,87.03564
2161,47061,75.82283
2162,47077,75.73359
2163,47112,186.29742
2164,47129,80.973976
2165,47148,93.62059
2166,47171,113.109665
2167,47197,127.023865
2168,47223,124.70759
2169,47241,88.621735
2170,47272,144.28813
2171,47297,118.275276
2172,47317,98.28711
2173,47333,75.79115
2174,47362,134.50285
2175,47385,113.45522
2176,47410,124.178535
2177,47434,119.00823
2178,47450,76.32597
2179,47491,205.84476
2180,47515,117.65355
2181,47532,81.23598
2182,47551,92.11061
2183,47573,107.213326
2184,47598,124.203766
2185,47616,87.10447
2186,47642,123.30662
2187,47671,142.17752
2188,47705,169.17853
2189,47736,156.1813
2190,47762,123.632706
2191,47786,121.89068
2192,47803,82.44624
2193,47827,118.2453
2194,47843,76.02318
2195,47861,85.95193
2196,47882,105.19214
2197,47932,269.06384
2198,47969,161.68108
2199,47987,87.14403
2200,48019,162.00566
2201,48043,115.82091
2202,48064,105.319984
2203,48083,93.30488
2204,48105,103.94085
2205,48133,136.19348
2206,48157,118.90518
2207,48184,137.28436
2208,48200,76.3653
2209,48221,104.56135
2210,48244,114.57017
2211,48261,80.56638
2212,48283,109.20608
2213,48300,82.03568
2214,48330,147.88565
2215,48349,93.36076
2216,48369,98.982254
2217,48386,81.26978
2218,48417,155.06967
2219,48434,81.32719
2220,48450,76.145615
2221,48465,70.579735
2222,48494,137.97638
2223,48520,128.40672
2224,48540,96.428085
2225,48564,119.72416
2226,48591,134.36638
2227,48609,88.136734
2228,48640,152.61545
2229,48664,115.180725
2230,48682,88.26625
2231,48710,138.63045
2232,48729,93.505226
2233,48763,169.54372
2234,48791,138.10939
2235,48824,165.29169
2236,48844,98.533
2237,48863,93.615616
2238,48886,113.561005
2239,48903,80.45519
2240,48921,87.4655
2241,48942,96.3703
2242,48971,141.48264
2243,48990,94.40892
2244,49013,113.26323
2245,49037,114.83736
2246,49056,93.370094
2247,49081,124.18671
2248,49122,207.02673
2249,49159,186.45941
2250,49175,76.071014
2251,49199,117.11768
2252,49224,118.918465
2253,49252,141.77881
2254,49274,101.008644
2255,49315,196.09506
2256,49355,191.07637
2257,49382,132.83104
2258,49408,124.85814
2259,49436,140.73772
2260,49475,200.426
2261,49497,99.65261
2262,49525,135.25087
2263,49562,179.48643
2264,49578,75.97913
2265,49613,155.09464
2266,49640,130.39587
2267,49661,99.64255
2268,49685,120.16251
2269,49718,164.87598
2270,49735,80.71123
2271,49758,114.60355
2272,49793,156.15321
2273,49820,135.24605
2274,49848,126.139175
2275,49864,75.82506
2276,49890,124.78284
2277,49920,142.78586
2278,49958,180.86913
2279,49981,105.41469
2280,50012,159.15804
2281,50043,161.80286
2282,50061,85.54574
2283,50087,132.9592
2284,50109,109.15287
2285,50125,76.32604
2286,50158,165.86891
2287,50185,135.56291
2288,50212,133.83698
2289,50239,119.2782
2290,50271,141.0337
2291,50306,170.89337
2292,50326,98.45121
2293,50353,124.447525
2294,50384,148.78952
2295,50420,164.63669
2296,50455,158.39235
2297,50472,82.05142
2298,50509,169.05273
2299,50527,86.04003
2300,50556,128.9487
2301,50582,120.22299
2302,50608,130.98561
2303,50626,84.92376
2304,50650,116.90727
2305,50677,135.85591
2306,50702,124.69243
2307,50731,147.35617
2308,50796,328.37964
2309,50846,235.90617
2310,50866,99.26915
2311,50904,176.0315
2312,50936,153.2841
2313,50979,200.54951
2314,51016,174.28584
2315,51047,141.03398
2316,51086,186.13057
2317,51110,120.86458
2318,51139,140.7228
2319,51157,84.1082
2320,51178,102.94393
2321,51209,149.41629
2322,51248,182.65456
2323,51288,178.85036
2324,51334,207.64885
2325,51388,245.2549
2326,51415,128.45203
2327,51430,71.00938
2328,51468,176.48787
2329,51509,193.60913
2330,51547,173.74297
2331,51632,373.74176
2332,51693,271.38553
2333,51718,116.230225
2334,51755,170.56615
2335,51819,280.26755
2336,51893,338.76093
2337,51925,152.20734
2338,52005,388.37848
2339,52023,86.709785
2340,52083,273.0459
2341,52099,75.71118
2342,52133,158.94301
2343,52176,190.74826
2344,52213,175.58829
2345,52230,80.35006
2346,52279,216.10014
2347,52295,75.95006
2348,52339,206.26233
2349,52373,157.59492
2350,52400,125.67643
2351,52437,168.327
2352,52455,86.58471
2353,52506,244.45834
2354,52554,217.86185
2355,52614,287.1198
2356,52646,141.29854
2357,52674,131.12909
2358,52724,218.31268
2359,52766,198.21614
2360,52781,71.152824
2361,52817,164.2991
2362,52863,210.08699
2363,52912,220.17842
2364,52956,202.01468
2365,52994,178.87404
2366,53010,75.60711
2367,53058,224.95065
2368,53098,190.3106
2369,53158,263.20645
2370,53215,252.36658
2371,53252,169.93387
2372,53276,114.820015
2373,53327,236.35333
2374,53356,138.89964
2375,53404,209.55103
2376,53458,260.90747
2377,53475,80.65814
2378,53512,163.01138
2379,53560,227.48051
2380,53596,170.77177
2381,53612,75.88024
2382,53631,90.40229
2383,53681,247.6644
2384,53745,305.97433
2385,53800,255.46251
2386,53817,81.189575
2387,53846,137.4702
2388,53884,181.03568
2389,53912,139.87418
2390,53964,223.59933
2391,53982,84.30207
2392,53999,80.68963
2393,54025,121.01256
2394,54047,103.70685
2395,54076,129.44263
2396,54093,80.52799
2397,54142,225.78535
2398,54159,80.54826
2399,54175,75.73899
2400,54193,85.67648
2401,54241,247.24185
2402,54309,344.27222
2403,54347,171.07513
2404,54389,203.16794
2405,54449,301.67767
2406,54476,132.42218
2407,54494,84.34635
2408,54516,106.16147
2409,54534,85.75931
2410,54589,253.9321
2411,54632,212.53
2412,54680,234.079
2413,54716,175.84984
2414,54732,75.664246
2415,54784,256.31912
2416,54821,167.44855
2417,54856,160.08836
2418,54874,86.39711
2419,54895,96.102005
2420,54940,198.87666
2421,54986,203.84958
2422,55019,150.71231
2423,55038,92.35363
2424,55096,291.54053
2425,55129,157.35739
2426,55145,75.72572
2427,55186,184.73685
2428,55225,185.26936
2429,55243,86.620544
2430,55292,223.65036
2431,55334,205.59967
2432,55371,185.03462
2433,55388,80.68271
2434,55405,80.54806
2435,55442,184.61868
2436,55481,193.73497
2437,55498,80.321396
2438,55515,80.31174
2439,55536,103.53087
2440,55558,108.38948
2441,55575,80.684456
2442,55607,157.83821
2443,55648,208.34679
2444,55681,156.37016
2445,55724,217.6712
2446,55747,112.89821
2447,55786,189.4693
2448,55832,224.00946
2449,55849,80.46411
2450,55892,200.53699
2451,55909,80.31437
2452,55939,145.57607
2453,55980,205.95633
2454,56010,148.53653
2455,56027,80.79435
2456,56050,111.74371
2457,56067,80.25172
2458,56084,80.80817
2459,56101,80.415405
2460,56119,86.35538
2461,56139,97.7493
2462,56183,229.6602
2463,56212,143.48454
2464,56229,80.672325
2465,56262,161.63393
2466,56296,172.86449
2467,56313,80.64684
2468,56331,86.22651
2469,56351,98.44826
2470,56368,80.74814
2471,56385,80.59407
2472,56402,81.0303
2473,56419,80.19767
2474,56436,80.354805
2475,56453,80.64708
2476,56475,108.75309
2477,56495,98.18659
2478,56525,148.19405
2479,56546,103.00068
2480,56582,180.0734
2481,56601,93.00246
2482,56620,91.82307
2483,56659,195.47404
2484,56676,80.577995
2485,56721,227.81393
2486,56758,180.26677
2487,56776,85.35432
2488,56815,212.32281
2489,56832,80.56141
2490,56849,80.308365
2491,56881,158.1807
2492,56914,159.68924
2493,56947,163.8194
2494,56964,80.27615
2495,57020,304.12488
2496,57055,169.08282
2497,57072,80.48446
2498,57107,176.93272
2499,57127,98.428314
2500,57171,230.67125
2501,57206,175.08658
2502,57253,238.51736
2503,57291,185.4036
2504,57308,80.52862
2505,57354,238.25012
2506,57393,196.4207
2507,57415,108.382126
2508,57443,139.58612
2509,57476,162.49889
2510,57510,177.53418
2511,57530,100.4361
2512,57552,109.60723
2513,57575,116.16782
2514,57615,205.87604
2515,57662,241.79921
2516,57684,109.71111
2517,57707,114.602776
2518,57725,86.59274
2519,57746,102.14103
2520,57767,105.52936
2521,57812,223.06299
2522,57843,149.11026
2523,57879,185.07695
2524,57921,205.84866
2525,57944,114.6253
2526,57964,99.34328
2527,57985,106.519585
2528,58010,126.03895
2529,58030,99.5681
2530,58066,170.96378
2531,58095,136.81787
2532,58136,201.97581
2533,58177,205.11462
2534,58231,293.03735
2535,58273,223.25134
2536,58316,221.15929
2537,58340,118.619835
2538,58373,160.18318
2539,58416,225.00043
2540,58436,101.04409
2541,58478,220.19247
2542,58517,192.3913
2543,58543,129.42522
2544,58564,103.31782
2545,58582,87.06676
2546,58603,103.91994
2547,58645,220.09071
2548,58687,202.48846
2549,58715,145.49033
2550,58737,109.85918
2551,58755,86.336174
2552,58794,210.50871
2553,58827,168.4919
2554,58873,209.57623
2555,58920,250.71594
2556,58966,231.56494
2557,59011,243.45187
2558,59033,105.12198
2559,59070,187.35194
2560,59113,229.68771
2561,59164,257.16083
2562,59190,129.67667
2563,59237,219.99088
2564,59258,103.59316
2565,59279,102.4123
2566,59297,85.92433
2567,59327,149.20972
2568,59372,218.76755
2569,59419,244.56763
2570,59472,257.4899
2571,59520,207.2882
2572,59564,204.0592
2573,59613,236.73578
2574,59647,171.1068
2575,59665,86.41499
2576,59714,223.677
2577,59745,148.9884
2578,59777,155.6527
2579,59821,204.47656
2580,59866,203.84753
2581,59896,140.29646
2582,59919,115.06736
2583,59963,205.28406
2584,59990,134.16689
2585,60021,145.59077
2586,60058,174.3182
2587,60080,110.14192
2588,60114,165.05832
2589,60147,145.46835
2590,60192,208.672
2591,60241,217.30907
2592,60274,153.396
2593,60314,190.71892
2594,60331,80.324394
2595,60382,229.58282
2596,60405,114.195694
2597,60452,218.39369
2598,60510,277.51346
2599,60546,167.93622
2600,60565,93.2914
2601,60582,80.59551
2602,60613,145.1057
2603,60649,174.45816
2604,60721,346.0248
2605,60768,204.3876
2606,60804,169.03564
2607,60839,167.01547
2608,60894,257.3863
2609,60936,205.49098
2610,60972,157.68532
2611,61027,260.33917
2612,61066,180.05576
2613,61099,150.68372
2614,61146,211.54051
2615,61176,141.77696
2616,61236,318.0692
2617,61283,218.34636
2618,61323,196.4611
2619,61360,173.46262
2620,61411,218.52077
2621,61448,172.31401
2622,61478,145.81212
2623,61499,104.04238
2624,61524,123.252556
2625,61551,133.03378
2626,61586,182.81631
2627,61613,133.05693
2628,61640,137.04489
2629,61663,113.287605
2630,61685,108.87164
2631,61706,103.762215
2632,61729,113.46638
2633,61749,97.32433
2634,61770,103.23333
2635,61792,110.022285
2636,61812,98.589806
2637,61838,127.04409
2638,61860,108.899414
2639,61900,196.36937
2640,61922,108.563156
2641,61952,148.93478
2642,61984,153.12292
2643,62009,123.851845
2644,62042,160.9614
2645,62062,98.0259
2646,62099,187.3668
2647,62123,117.837975
2648,62170,234.87065
2649,62195,120.70669
2650,62216,103.49741
2651,62256,200.58186
2652,62283,134.34383
2653,62310,138.1667
2654,62331,101.03906
2655,62354,113.80412
2656,62375,102.65215
2657,62396,102.144516
2658,62418,106.60757
2659,62444,128.32942
2660,62468,118.17946
2661,62516,244.87242
2662,62541,123.94116
2663,62563,109.19337
2664,62591,136.13087
2665,62614,113.068436
2666,62633,91.5045
2667,62658,125.40671
2668,62692,171.17451
2669,62731,185.53238
2670,62751,97.448
2671,62772,104.63513
2672,62796,119.655174
2673,62822,127.67739
2674,62843,104.13525
2675,62869,130.33354
2676,62890,101.70061
2677,62912,108.873146
2678,62940,138.58177
2679,62962,109.78204
2680,62983,104.11959
2681,63003,97.44262
2682,63024,103.00087
2683,63048,117.94016
2684,63075,133.10423
2685,63100,120.81636
2686,63141,204.51569
2687,63163,106.80665
2688,63187,117.49283
2689,63211,116.95668
2690,63237,131.12508
2691,63260,115.98347
2692,63289,150.68007
2693,63311,106.988174
2694,63331,98.91697
2695,63358,135.45192
2696,63391,158.47768
2697,63412,101.7467
2698,63434,109.272224
2699,63457,113.004234
2700,63477,97.78822
2701,63515,190.6856
2702,63542,130.2193
2703,63560,87.78327
2704,63587,133.78903
2705,63635,244.44174
2706,63653,88.42418
2707,63670,80.60659
2708,63701,147.96883
2709,63728,133.95087
2710,63746,86.83609
2711,63764,86.78303
2712,63788,114.45871
2713,63806,86.0615
2714,63835,145.03098
2715,63862,136.0252
2716,63894,166.99174
2717,63911,82.693306
2718,63929,86.02004
2719,63957,140.27676
2720,63988,153.23499
2721,64022,172.49648
2722,64056,160.32668
2723,64085,134.73451
2724,64103,88.15237
2725,64120,82.24682
2726,64138,87.34936
2727,64165,134.78125
2728,64181,75.86315
2729,64213,167.27783
2730,64240,140.37791
2731,64279,195.00748
2732,64314,182.2814
2733,64336,108.826866
2734,64354,86.408516
2735,64393,193.10129
2736,64423,151.23206
2737,64453,144.34875
2738,64480,132.65193
2739,64498,87.48839
2740,64515,82.49872
2741,64540,131.54445
2742,64564,116.38351
2743,64582,86.28281
2744,64598,76.22996
2745,64621,113.3634
2746,64639,87.835106
2747,64706,290.50464
2748,64723,81.68566
2749,64740,81.439224
2750,64772,159.83969
2751,64788,75.876205
2752,64805,81.451126
2753,64840,187.22308
2754,64863,112.682655
2755,64905,198.80086
2756,64939,165.75072
2757,64964,125.66886
2758,64980,75.893295
2759,64998,86.36339
2760,65015,80.699036
2761,65057,213.62689
2762,65073,75.95092
2763,65104,155.72316
2764,65143,201.04562
2765,65188,221.34
2766,65213,119.345894
2767,65252,200.49278
2768,65268,75.700874
2769,65294,131.898
2770,65318,114.00076
2771,65349,155.43054
2772,65376,130.7867
2773,65419,212.41907
2774,65437,85.85357
2775,65453,75.69736
2776,65485,162.75128
2777,65505,93.33008
2778,65523,86.63729
2779,65540,81.30369
2780,65579,189.98473
2781,65617,186.32309
2782,65655,182.08615
2783,65676,102.59156
2784,65706,139.53099
2785,65744,187.81245
2786,65780,170.03348
2787,65824,216.44557
2788,65842,86.04914
2789,65860,85.1425
2790,65905,228.19933
2791,65936,152.17068
2792,65955,91.38484
2793,65988,159.4281
2794,66005,80.636284
2795,66037,162.385
2796,66070,153.86621
2797,66103,160.00587
2798,66124,100.60359
2799,66159,164.47125
2800,66189,141.65105
2801,66206,80.646484
2802,66244,187.85596
2803,66262,85.82238
2804,66305,209.43214
2805,66339,167.98889
2806,66376,183.36215
2807,66393,80.58586
2808,66412,91.80667
2809,66429,80.653656
2810,66466,181.4469
2811,66483,80.376686
2812,66504,100.51467
2813,66530,128.66492
2814,66550,98.349495
2815,66568,85.48961
2816,66595,130.92361
2817,66630,168.38464
2818,66648,85.94502
2819,66666,85.86387
2820,66700,163.603
2821,66723,112.90132
2822,66741,85.757195
2823,66780,201.10512
2824,66801,102.368866
2825,66819,85.79459
2826,66839,98.64877
2827,66857,86.18036
2828,66888,148.36842
2829,66923,168.60263
2830,66957,159.90794
2831,66975,86.57393
2832,67008,161.48055
2833,67057,237.94069
2834,67075,85.36765
2835,67094,91.437126
2836,67122,139.44229
2837,67142,94.99389
2838,67161,91.74591
2839,67185,119.88498
2840,67206,101.84301
2841,67225,92.30093
2842,67284,313.37994
2843,67325,209.099
2844,67363,184.89519
2845,67382,91.08338
2846,67412,141.02068
2847,67453,200.79657
2848,67489,177.64189
2849,67509,98.40656
2850,67530,101.28313
2851,67568,178.98463
2852,67586,85.68535
2853,67604,86.78216
2854,67628,123.3311
2855,67646,87.045944
2856,67671,126.31016
2857,67689,86.945366
2858,67708,92.0999
2859,67727,95.39336
2860,67745,86.84235
2861,67776,157.43855
2862,67809,176.64278
2863,67828,92.07227
2864,67852,125.793625
2865,67870,87.07556
2866,67890,98.91188
2867,67909,92.62971
2868,67934,122.97357
2869,67953,93.33907
2870,67973,103.19371
2871,68023,264.94852
2872,68048,127.98606
2873,68068,97.7084
2874,68086,86.97812
2875,68106,99.93671
2876,68130,122.10309
2877,68148,86.871605
2878,68166,86.9476
2879,68195,145.38506
2880,68214,92.54414
2881,68240,132.60631
2882,68266,133.95663
2883,68293,136.04028
2884,68333,218.25375
2885,68351,87.011734
2886,68391,201.21161
2887,68422,163.8366
2888,68440,87.66144
2889,68458,87.148224
2890,68476,87.77959
2891,68510,182.18498
2892,68550,206.3852
2893,68569,94.81099
2894,68603,177.59344
2895,68621,86.886055
2896,68639,86.35089
2897,68665,130.74638
2898,68686,105.41123
2899,68705,92.85226
2900,68729,118.74001
2901,68748,95.16115
2902,68784,184.92802
2903,68811,137.52351
2904,68831,100.169014
2905,68849,86.98621
2906,68873,120.005806
2907,68896,116.818275
2908,68915,93.25839
2909,68935,97.46554
2910,68955,98.40698
2911,68973,86.83255
2912,69000,136.54591
2913,69018,86.98136
2914,69039,103.51027
2915,69059,97.42594
2916,69077,86.958565
2917,69096,92.98925
2918,69122,131.89783
2919,69148,132.6057
2920,69167,92.12275
2921,69185,87.04562
2922,69203,86.624695
2923,69233,154.83815
2924,69258,127.724434
2925,69292,182.88458
2926,69314,110.70148
2927,69340,134.22173
2928,69360,101.79548
2929,69386,129.81625
2930,69404,87.29787
2931,69423,92.53958
2932,69463,207.98546
2933,69481,86.80363
2934,69513,167.82076
2935,69531,86.97073
2936,69549,86.9033
2937,69567,86.44378
2938,69588,105.54094
2939,69607,93.50783
2940,69625,87.401184
2941,69644,90.96329
2942,69674,150.76503
2943,69713,206.5448
2944,69746,168.77373
2945,69777,153.71194
2946,69798,104.09165
2947,69818,98.75643
2948,69854,186.41542
2949,69875,104.1471
2950,69911,186.59944
2951,69933,109.737305
2952,69961,141.78677
2953,69979,86.217514
2954,70017,200.64041
2955,70047,151.40569
2956,70087,204.51721
2957,70135,250.41667
2958,70155,99.44855
2959,70192,187.2374
2960,70227,175.5824
2961,70265,190.14702
2962,70312,237.86115
2963,70353,207.81633
2964,70386,167.02505
2965,70407,105.410866
2966,70444,189.52664
2967,70470,132.10793
2968,70500,151.67542
2969,70538,190.89778
2970,70571,164.73802
2971,70615,227.3539
2972,70644,143.80908
2973,70694,261.24283
2974,70727,161.14575
2975,70755,140.9032
2976,70773,87.09999
2977,70794,104.5244
2978,70831,185.33806
2979,70856,125.48618
2980,70874,87.731804
2981,70902,140.28433
2982,70934,158.86777
2983,70977,225.05344
2984,71014,188.2449
2985,71061,250.31764
2986,71091,149.02155
2987,71123,163.21376
2988,71143,97.941376
2989,71176,167.83044
2990,71217,218.0747
2991,71252,177.54037
2992,71286,169.48389
2993,71312,134.65337
2994,71348,179.4658
2995,71389,207.44191
2996,71406,80.65718
2997,71434,141.13985
2998,71468,174.85027
2999,71488,98.92114
3000,71516,142.14667
3001,71550,171.52461
3002,71567,83.43722
3003,71585,88.22742
3004,71616,150.75385
3005,71653,188.16692
3006,71696,222.15134
3007,71731,158.9855
3008,71759,128.09152
3009,71811,253.50337
3010,71858,221.00511
3011,71883,110.28711
3012,71935,222.31458
3013,71961,125.40494
3014,71984,110.93869
3015,72038,237.53839
3016,72098,260.38293
3017,72126,132.01445
3018,72154,129.85411
3019,72179,111.13066
3020,72227,229.3795
3021,72255,129.26682
3022,72286,146.82161
3023,72310,110.18127
3024,72355,202.2708
3025,72384,132.78572
3026,72414,134.45001
3027,72464,218.66975
3028,72494,130.34576
3029,72547,235.99138
3030,72578,138.04442
3031,72607,135.96521
3032,72633,116.17532
3033,72678,211.18953
3034,72727,216.48233
3035,72759,143.83865
3036,72790,146.28273
3037,72813,105.68803
3038,72864,223.4187
3039,72900,163.54321
3040,72926,116.82299
3041,72957,139.12479
3042,72982,118.78052
3043,73012,141.21579
3044,73035,107.181755
3045,73057,101.10953
3046,73087,145.11455
3047,73141,273.8736
3048,73169,131.47144
3049,73199,141.51675
3050,73227,132.14764
3051,73274,210.71245
3052,73300,118.38414
3053,73345,205.90598
3054,73367,100.5619
3055,73397,134.35266
3056,73436,188.16214
3057,73462,123.43747
3058,73516,254.83904
3059,73539,102.11931
3060,73574,166.61908
3061,73600,119.758766
3062,73656,273.87836
3063,73691,158.06343
3064,73717,119.776405
3065,73740,107.817535
3066,73757,80.414505
3067,73775,87.245804
3068,73803,130.19635
3069,73836,157.43694
3070,73876,180.43483
3071,73902,124.557915
3072,73930,128.96655
3073,73947,81.88233
3074,73971,112.97973
3075,74000,135.8561
3076,74019,92.303215
3077,74036,81.39884
3078,74073,173.94945
3079,74100,120.67399
3080,74131,151.86885
3081,74156,111.83247
3082,74198,200.6038
3083,74222,117.100525
3084,74254,149.39438
3085,74281,131.02519
3086,74309,125.92428
3087,74337,132.87949
3088,74356,92.026474
3089,74377,102.23634
3090,74394,81.7308
3091,74415,101.98478
3092,74451,169.91441
3093,74494,212.50255
3094,74531,183.42715
3095,74549,87.03345
3096,74572,105.62219
3097,74591,91.84698
3098,74616,112.56798
3099,74642,120.59947
3100,74669,123.042145
3101,74695,118.705734
3102,74725,137.11435
3103,74755,139.52829
3104,74793,175.1564
3105,74810,80.81858
3106,74841,153.28023
3107,74865,107.93594
3108,74891,127.57162
3109,74914,114.09933
3110,74932,87.11875
3111,74955,105.15269
3112,74988,152.62442
3113,75007,92.007324
3114,75027,95.49304
3115,75051,114.534454
3116,75071,92.828026
3117,75103,145.21931
3118,75123,93.53931
3119,75155,146.784
3120,75177,107.2048
3121,75196,88.03332
3122,75235,181.10396
3123,75258,106.08805
3124,75276,86.64163
3125,75294,86.940254
3126,75318,121.68914
3127,75340,107.827255
3128,75372,152.43813
3129,75398,117.527885
3130,75429,142.46304
3131,75458,139.27318
3132,75488,139.00842
3133,75525,176.70436
3134,75554,128.63174
3135,75578,109.42423
3136,75610,146.32503
3137,75627,81.26235
3138,75648,100.83701
3139,75681,164.76906
3140,75712,142.7782
3141,75741,129.65163
3142,75769,124.925316
3143,75796,132.94754
3144,75830,175.68068
3145,75848,85.3306
3146,75880,153.25989
3147,75898,85.402824
3148,75924,119.453545
3149,75957,167.38997
3150,75978,104.33619
3151,76009,147.86249
3152,76035,121.03161
3153,76066,144.75438
3154,76092,120.00811
3155,76112,96.66064
3156,76149,186.64815
3157,76168,91.70199
3158,76195,137.44812
3159,76224,132.83604
3160,76242,85.14658
3161,76259,81.23759
3162,76290,155.80225
3163,76316,119.71518
3164,76346,139.42917
3165,76382,177.77605
3166,76412,151.72057
3167,76432,95.94848
3168,76464,145.55113
3169,76481,81.12789
3170,76521,197.31963
3171,76546,121.99309
3172,76564,85.08965
3173,76595,143.49892
3174,76614,90.154366
3175,76642,130.52922
3176,76684,216.74792
3177,76701,80.418915
3178,76719,86.25273
3179,76739,98.24288
3180,76774,187.34573
3181,76801,126.54968
3182,76827,120.922585
3183,76858,149.225
3184,76893,167.65028
3185,76910,80.569305
3186,76948,201.41843
3187,76967,92.44432
3188,76991,107.256355
3189,77010,93.169685
3190,77039,133.94849
3191,77062,105.94414
3192,77084,110.58186
3193,77114,138.13055
3194,77132,85.317055
3195,77167,169.14853
3196,77201,166.25728
3197,77219,87.28803
3198,77236,80.44097
3199,77277,203.0461
3200,77315,203.28537
3201,77345,141.97397
3202,77377,149.44669
3203,77405,143.02455
3204,77439,176.66386
3205,77463,108.62036
3206,77506,227.95746
3207,77531,112.85299
3208,77575,224.4108
3209,77601,118.19814
3210,77639,194.37125
3211,77656,80.986725
3212,77697,214.97025
3213,77726,133.48004
3214,77746,98.8343
3215,77793,252.25276
3216,77821,127.76134
3217,77840,91.687294
3218,77871,154.79034
3219,77900,142.33377
3220,77916,75.76742
3221,77938,107.19204
3222,77958,99.21592
3223,77975,80.887924
3224,78007,162.30782
3225,78026,92.71242
3226,78063,192.83246
3227,78082,92.93304
3228,78119,195.03235
3229,78140,103.65866
3230,78157,80.61322
3231,78185,133.09271
3232,78202,80.69101
3233,78219,80.53004
3234,78245,122.87889
3235,78262,80.659515
3236,78281,92.26915
3237,78316,154.2672
3238,78333,81.043884
3239,78352,93.4433
3240,78384,151.25343
3241,78401,80.75286
3242,78418,80.7234
3243,78436,87.90016
3244,78460,116.05523
3245,78476,75.613174
3246,78506,148.62837
3247,78524,87.41577
3248,78540,75.90163
3249,78562,105.998604
3250,78579,80.69089
3251,78598,93.16459
3252,78617,93.14497
3253,78636,92.08883
3254,78669,154.29778
3255,78689,99.55066
3256,78707,85.43366
3257,78725,85.72672
3258,78747,109.38811
3259,78765,85.85136
3260,78810,246.73776
3261,78837,127.721214
3262,78855,86.89391
3263,78873,87.62507
3264,78892,90.89792
3265,78938,226.3746
3266,78956,87.54601
3267,79004,246.3641
3268,79051,237.21272
3269,79070,92.32578
3270,79088,85.247665
3271,79103,71.08155
3272,79127,120.63487
3273,79160,156.28763
3274,79176,75.8467
3275,79194,89.23205
3276,79213,91.97691
3277,79235,110.177376
3278,79253,86.700905
3279,79279,130.64879
3280,79297,85.06819
3281,79314,81.07452
3282,79331,80.718285
3283,79368,189.06987
3284,79384,75.96108
3285,79403,91.8001
3286,79434,138.00699
3287,79458,121.7303
3288,79479,103.43586
3289,79496,80.45296
3290,79513,80.80593
3291,79544,153.26836
3292,79563,92.13978
3293,79582,92.83235
3294,79601,92.31445
3295,79617,75.88116
3296,79635,86.156784
3297,79664,132.02762
3298,79681,80.5933
3299,79700,92.748314
3300,79733,162.62186
3301,79751,87.244316
3302,79768,80.85209
3303,79800,161.53885
3304,79818,87.749435
3305,79844,125.57726
3306,79862,86.7425
3307,79898,182.76852
3308,79916,89.598274
3309,79935,96.0007
3310,79952,80.42628
3311,79972,101.3465
3312,79989,82.53802
3313,80006,84.25738
3314,80023,84.01077
3315,80040,84.12332
3316,80060,100.517296
3317,80086,130.66275
3318,80102,75.88747
3319,80118,75.94355
3320,80135,81.43089
3321,80154,95.92021
3322,80172,87.44809
3323,80189,82.4611
3324,80211,111.94559
3325,80231,101.76845
3326,80247,75.68534
3327,80268,107.7964
3328,80286,90.54416
3329,80304,90.16804
3330,80320,75.88432
3331,80345,124.10986
3332,80367,109.28921
3333,80385,87.80001
3334,80403,91.208694
3335,80424,105.83679
3336,80447,117.073875
3337,80471,123.68523
3338,80490,94.46996
3339,80509,95.18469
3340,80532,118.194305
3341,80549,82.38859
3342,80579,152.02023
3343,80602,118.95753
3344,80622,97.48064
3345,80642,102.58508
3346,80660,90.323326
3347,80677,82.74362
3348,80693,76.08045
3349,80709,75.84832
3350,80727,87.68776
3351,80748,106.27895
3352,80765,80.491974
3353,80786,104.815796
3354,80804,89.08689
3355,80821,81.82746
3356,80843,111.74574
3357,80860,82.393906
3358,80879,93.6385
3359,80900,107.61954
3360,80916,75.968285
3361,80933,82.31057
3362,80950,82.66759
3363,80969,95.69836
3364,80989,101.32481
3365,81009,100.16637
3366,81029,100.57018
3367,81046,81.42215
3368,81068,112.89372
3369,81085,80.57429
3370,81104,94.76298
3371,81122,89.28732
3372,81139,82.104935
3373,81159,101.78757
3374,81176,82.8886
3375,81194,88.22784
3376,81213,96.318535
3377,81232,95.38887
3378,81249,82.74405
3379,81265,75.84613
3380,81285,100.903275
3381,81304,95.80419
3382,81321,80.675
3383,81344,114.2547
3384,81361,82.41325
3385,81379,89.25423
3386,81402,119.244804
3387,81421,93.75285
3388,81443,112.46209
3389,81459,75.61006
3390,81477,87.39077
3391,81495,88.396324
3392,81514,94.51987
3393,81538,121.18817
3394,81560,113.371666
3395,81579,94.37256
3396,81599,99.469696
3397,81615,75.69287
3398,81631,75.63537
3399,81648,82.365555
3400,81664,76.05837
3401,81686,112.769905
3402,81703,82.1078
3403,81722,94.301476
3404,81742,98.96893
3405,81760,88.51291
3406,81780,101.76413
3407,81796,75.86653
3408,81813,82.91985
3409,81829,75.65379
3410,81845,75.63767
3411,81868,114.99567
3412,81885,80.57658
3413,81906,106.85462
3414,81932,131.94269
3415,81979,241.6786
3416,81996,80.13603
3417,82045,261.2498
3418,82087,201.63768
3419,82103,75.70687
3420,82120,80.50355
3421,82173,256.08658
3422,82234,307.99268
3423,82276,210.82735
3424,82325,248.78857
3425,82342,80.40203
3426,82390,244.12279
3427,82417,131.86353
3428,82435,85.6511
3429,82452,80.390305
3430,82523,374.89713
3431,82540,80.57852
3432,82585,229.4679
3433,82602,80.50546
3434,82618,75.907455
3435,82635,80.35804
3436,82651,75.52168
3437,82667,75.65617
3438,82683,75.66952
3439,82699,75.68443
3440,82716,80.69485
3441,82733,80.66124
3442,82750,80.560745
3443,82801,261.86475
3444,82839,197.40646
3445,82868,144.98024
3446,82885,80.46483
3447,82901,75.54375
3448,82951,248.41565
3449,82989,187.7652
3450,83006,80.42973
3451,83042,177.60777
3452,83059,80.75936
3453,83099,214.05225
3454,83116,80.799324
3455,83167,256.74643
3456,83205,178.64536
3457,83222,80.50387
3458,83288,335.26257
3459,83344,290.66943
3460,83360,75.64687
3461,83381,104.90826
3462,83398,80.64857
3463,83467,368.6523
3464,83485,85.09794
3465,83502,80.629456
3466,83550,259.24207
3467,83606,284.967
3468,83634,138.68747
3469,83685,268.7803
3470,83703,85.75773
3471,83760,293.20523
3472,83777,80.75501
3473,83793,75.65292
3474,83810,80.42573
3475,83827,80.51905
3476,83844,80.342926
3477,83887,212.1955
3478,83904,80.45366
3479,83920,75.829445
3480,83972,266.2906
3481,84008,172.2139
3482,84026,86.28587
3483,84057,144.16891
3484,84076,91.20156
3485,84091,71.31041
3486,84114,108.19672
3487,84140,128.13287
3488,84173,154.90536
3489,84206,156.49792
3490,84227,102.470245
3491,84257,140.8325
3492,84273,75.82228
3493,84310,177.94688
3494,84344,165.43407
3495,84380,167.17719
3496,84406,119.218636
3497,84429,107.98055
3498,84459,142.38141
3499,84495,173.8305
3500,84511,75.76183
3501,84547,171.29288
3502,84575,129.37576
3503,84604,134.39629
3504,84626,107.0746
3505,84659,154.04369
3506,84680,101.04584
3507,84712,152.43521
3508,84745,157.2025
3509,84778,155.07211
3510,84813,161.62054
3511,84849,165.46605
3512,84884,166.55476
3513,84902,85.76046
3514,84932,144.7805
3515,84958,129.22063
3516,84975,81.7702
3517,85002,129.86565
3518,85037,164.76247
3519,85072,167.30469
3520,85089,80.49809
3521,85106,81.34184
3522,85124,85.447044
3523,85149,115.70328
3524,85173,111.253365
3525,85205,151.84622
3526,85230,117.41355
3527,85270,190.1874
3528,85307,173.48317
3529,85340,155.17097
3530,85377,173.78899
3531,85402,117.87646
3532,85420,86.41214
3533,85446,118.64192
3534,85480,158.91367
3535,85505,115.18457
3536,85535,137.46796
3537,85553,85.48162
3538,85569,75.93971
3539,85597,128.14957
3540,85636,193.43857
3541,85668,150.3097
3542,85698,139.51318
3543,85717,92.08174
3544,85754,169.42885
3545,85775,103.21122
3546,85815,193.7321
3547,85835,93.532814
3548,85862,131.7739
3549,85892,147.06157
3550,85927,163.45837
3551,85951,121.7405
3552,85984,158.45341
3553,86028,206.49059
3554,86047,88.42249
3555,86065,85.43548
3556,86084,90.89536
3557,86112,128.0387
3558,86136,113.817024
3559,86156,94.49677
3560,86175,93.46871
3561,86193,85.80659
3562,86214,99.46662
3563,86231,80.30467
3564,86248,80.69776
3565,86266,85.50591
3566,86285,91.64141
3567,86307,102.05514
3568,86330,107.95672
3569,86350,94.59751
3570,86376,119.44532
3571,86395,89.58269
3572,86417,105.014565
3573,86440,105.335014
3574,86487,244.69351
3575,86508,96.87789
3576,86527,91.19714
3577,86544,81.23813
3578,86568,115.3871
3579,86591,107.420715
3580,86611,95.91743
3581,86630,91.36157
3582,86654,109.34693
3583,86673,91.395035
3584,86695,100.59301
3585,86713,85.32177
3586,86736,108.11879
3587,86756,93.50536
3588,86773,80.65448
3589,86793,94.19479
3590,86813,94.435265
3591,86832,89.748314
3592,86854,105.666084
3593,86872,85.21913
3594,86892,95.97424
3595,86911,89.38956
3596,86928,80.46716
3597,86945,80.49562
3598,86966,99.06455
3599,86987,98.5039
3600,87015,140.37495
3601,87036,99.69646
3602,87053,80.951126
3603,87071,85.29849
3604,87092,99.4924
3605,87111,89.908066
3606,87133,110.61238
3607,87152,90.85494
3608,87172,95.9459
3609,87193,106.772675
3610,87210,80.536766
3611,87230,95.755844
3612,87248,85.613884
3613,87268,94.36953
3614,87288,93.36753
3615,87309,100.91536
3616,87326,80.39869
3617,87343,80.39317
3618,87360,80.66677
3619,87379,91.654526
3620,87401,104.54164
3621,87421,94.14427
3622,87439,86.73357
3623,87456,80.29293
3624,87475,90.45174
3625,87493,85.35203
3626,87511,85.174904
3627,87529,85.26066
3628,87553,109.45148
3629,87578,130.27626
3630,87598,95.43233
3631,87634,189.19936
3632,87656,101.425255
3633,87678,102.87378
3634,87702,111.72571
3635,87723,96.38733
3636,87740,80.39456
3637,87759,89.13508
3638,87780,101.00459
3639,87798,85.23786
3640,87818,95.80077
3641,87837,90.90618
3642,87855,86.75914
3643,87878,109.1205
3644,87895,80.60202
3645,87914,91.48565
3646,87931,81.02218
3647,87948,80.30192
3648,87968,95.341484
3649,87985,80.54241
3650,88003,86.36482
3651,88022,89.67774
3652,88041,89.96064
3653,88058,81.270424
3654,88085,137.4967
3655,88106,104.50289
3656,88129,110.38909
3657,88149,97.4457
3658,88169,98.76701
3659,88187,86.21328
3660,88208,102.70923
3661,88228,101.618126
3662,88246,86.49933
3663,88270,115.574814
3664,88288,86.049736
3665,88308,98.69008
3666,88331,109.028755
3667,88353,110.88479
3668,88374,105.29603
3669,88395,103.94549
3670,88417,111.64454
3671,88444,133.2498
3672,88465,102.44034
3673,88484,91.99033
3674,88506,108.051765
3675,88527,103.804985
3676,88548,100.3563
3677,88572,112.05953
3678,88599,129.79422
3679,88622,116.693115
3680,88642,95.83219
3681,88666,123.77462
3682,88690,124.38828
3683,88710,98.70162
3684,88733,111.47699
3685,88756,112.76434
3686,88779,114.32599
3687,88801,103.90064
3688,88819,85.28848
3689,88842,108.20759
3690,88868,127.80645
3691,88887,90.51318
3692,88905,87.670906
3693,88924,91.8118
3694,88944,97.15704
3695,88963,91.09194
3696,88981,86.355675
3697,89005,122.36458
3698,89024,91.8555
3699,89045,103.88694
3700,89066,103.8857
3701,89087,102.60449
3702,89107,95.9865
3703,89128,99.92809
3704,89148,100.20312
3705,89170,104.76106
3706,89190,96.58858
3707,89209,91.33717
3708,89229,97.32738
3709,89256,136.60358
3710,89278,108.19024
3711,89300,106.11041
3712,89325,129.09505
3713,89349,121.36162
3714,89368,90.15685
3715,89389,104.02393
3716,89409,97.085
3717,89431,100.473236
3718,89452,102.32279
3719,89473,99.653656
3720,89496,115.34856
3721,89515,88.702896
3722,89535,95.25023
3723,89558,112.30145
3724,89582,117.412445
3725,89610,137.47523
3726,89630,96.457245
3727,89651,99.15777
3728,89676,124.20215
3729,89697,102.3993
3730,89717,99.47599
3731,89741,114.77837
3732,89765,125.16789
3733,89786,104.2719
3734,89806,95.039314
3735,89829,116.54598
3736,89849,95.42235
3737,89868,93.25801
3738,89888,99.00558
3739,89907,91.606606
3740,89929,105.98269
3741,89948,91.926125
3742,89969,100.96493
3743,89989,94.91784
3744,90009,97.15582
3745,90028,94.46542
3746,90055,137.20395
3747,90075,98.80986
3748,90096,98.83674
3749,90118,102.99823
3750,90135,80.65077
3751,90152,80.96533
3752,90172,98.4873
3753,90191,89.28648
3754,90209,86.12066
3755,90229,99.94774
3756,90249,97.30198
3757,90268,93.84059
3758,90287,94.38505
3759,90305,85.275826
3760,90323,87.27516
3761,90341,86.80627
3762,90359,85.52548
3763,90382,103.61798
3764,90405,110.284164
3765,90433,129.00667
3766,90451,86.44221
3767,90468,80.37983
3768,90485,80.62807
3769,90502,80.37489
3770,90529,135.4844
3771,90548,93.024216
3772,90567,91.85844
3773,90584,80.68082
3774,90603,93.40059
3775,90625,103.90789
3776,90643,85.90794
3777,90663,97.183235
3778,90688,121.693184
3779,90708,97.60351
3780,90726,87.30645
3781,90744,87.06315
3782,90775,151.69742
3783,90796,103.30251
3784,90813,80.53919
3785,90830,80.57114
3786,90848,85.49535
3787,90866,86.030205
3788,90884,86.7253
3789,90904,98.31735
3790,90921,80.61661
3791,90938,80.43373
3792,90955,80.29701
3793,90972,80.419235
3794,90989,80.7152
3795,91006,80.49253
3796,91023,80.683975
3797,91043,98.84338
3798,91063,99.339485
3799,91081,85.89358
3800,91100,92.49833
3801,91118,86.10461
3802,91136,86.12399
3803,91158,109.06767
3804,91177,92.597824
3805,91195,85.78758
3806,91213,87.12233
3807,91233,98.49109
3808,91250,80.65378
3809,91268,86.99376
3810,91292,114.77227
3811,91310,86.38987
3812,91328,87.117
3813,91345,80.426704
3814,91366,103.76339
3815,91384,85.555786
3816,91401,80.63325
3817,91419,86.19699
3818,91436,80.759926
3819,91467,159.87321
3820,91485,86.371506
3821,91511,135.15366
3822,91528,80.370346
3823,91547,93.02138
3824,91565,85.46865
3825,91592,131.42111
3826,91613,104.28124
3827,91630,80.52177
3828,91658,146.47194
3829,91676,85.18117
3830,91694,86.057556
3831,91712,86.083824
3832,91730,87.29637
3833,91747,80.72817
3834,91764,80.766785
3835,91782,85.944695
3836,91820,187.04718
3837,91842,108.19112
3838,91864,98.23341
3839,91882,86.182556
3840,91899,80.211136
3841,91918,90.98064
3842,91936,85.75434
3843,91953,81.24163
3844,91970,80.91837
3845,91988,86.47668
3846,92005,80.73236
3847,92023,85.071465
3848,92042,92.0199
3849,92071,134.42941
3850,92104,163.50977
3851,92129,128.63594
3852,92147,85.17567
3853,92165,86.41726
3854,92184,91.51194
3855,92244,293.90808
3856,92268,116.43265
3857,92296,120.26796
3858,92339,204.80865
3859,92358,92.7694
3860,92388,151.28236
3861,92423,164.46825
3862,92456,164.30003
3863,92507,231.03079
3864,92541,174.45117
3865,92593,254.94415
3866,92630,193.60878
3867,92651,94.16403
3868,92682,139.6047
3869,92712,132.604
3870,92775,329.26443
3871,92812,190.07994
3872,92831,87.41947
3873,92872,199.65656
3874,92914,209.55777
3875,92960,234.11719
3876,93007,211.42717
3877,93043,187.06996
3878,93086,178.96199
3879,93108,100.32164
3880,93141,162.30106
3881,93160,91.346664
3882,93209,255.03204
3883,93235,120.5755
3884,93268,165.82042
3885,93303,180.69658
3886,93351,245.87257
3887,93386,181.97643
3888,93433,241.14746
3889,93474,196.23944
3890,93515,201.4995
3891,93557,207.04916
3892,93598,205.87314
3893,93620,99.013115
3894,93637,80.74031
3895,93664,125.452255
3896,93716,265.86194
3897,93767,226.85382
3898,93795,142.27977
3899,93830,176.08247
3900,93858,135.59799
3901,93890,159.69823
3902,93953,322.09207
3903,93984,138.94458
3904,94028,219.49467
3905,94066,192.26143
3906,94103,186.16296
3907,94148,205.39915
3908,94195,211.81252
3909,94240,217.52672
3910,94302,336.83572
3911,94369,347.02667
3912,94386,80.39368
3913,94402,75.80167
3914,94419,80.85365
3915,94436,80.711586
3916,94485,235.78493
3917,94502,80.542694
3918,94519,80.56355
3919,94536,80.554276
3920,94553,80.44948
3921,94578,127.55662
3922,94594,75.6356
3923,94612,86.95137
3924,94629,81.08472
3925,94651,109.57462
3926,94680,145.96494
3927,94697,80.545425
3928,94713,75.80252
3929,94730,80.62937
3930,94748,85.65661
3931,94765,80.390205
3932,94781,75.75776
3933,94822,208.15506
3934,94839,80.40695
3935,94855,75.903885
3936,94913,286.84824
3937,94964,262.1752
3938,95013,232.11955
3939,95029,75.84687
3940,95075,235.45563
3941,95092,80.646835
3942,95109,80.53489
3943,95126,80.660095
3944,95185,311.50977
3945,95237,257.81525
3946,95286,236.00626
3947,95323,183.16153
3948,95363,192.75574
3949,95380,80.7051
3950,95396,75.80396
3951,95411,71.21658
3952,95434,111.53511
3953,95473,186.85909
3954,95493,97.682785
3955,95511,85.68039
3956,95527,75.78554
3957,95550,114.07467
3958,95568,85.340775
3959,95585,80.69108
3960,95602,80.82146
3961,95630,135.82759
3962,95654,120.40747
3963,95671,80.73668
3964,95726,254.60725
3965,95797,349.47412
3966,95813,75.82139
3967,95830,80.44019
3968,95857,133.68797
3969,95886,134.11095
3970,95903,80.46593
3971,95920,80.517746
3972,95937,80.584175
3973,95955,86.04178
3974,95973,85.67619
3975,95990,80.90994
3976,96006,75.988945
3977,96022,75.95265
3978,96040,85.145454
3979,96057,80.61227
3980,96073,75.74341
3981,96128,277.8384
3982,96175,247.74672
3983,96192,80.3139
3984,96210,85.606224
3985,96260,236.96266
3986,96293,169.57271
3987,96312,93.37791
3988,96346,174.93253
3989,96364,86.71978
3990,96380,75.85655
3991,96397,80.88978
3992,96434,198.35127
3993,96475,216.0205
3994,96508,174.17508
3995,96547,200.4656
3996,96590,229.5808
3997,96607,80.69107
3998,96653,243.12837
3999,96671,85.77039
4000,96716,242.67201
4001,96732,75.69498
4002,96764,164.83493
4003,96781,80.57793
4004,96820,202.67758
4005,96870,269.41074
4006,96887,80.30945
4007,96904,80.4355
4008,96925,103.83111
4009,96968,229.73076
4010,97011,226.24158
4011,97054,230.2829
4012,97095,219.98495
4013,97111,75.61431
4014,97130,92.16836
4015,97173,230.0921
4016,97190,80.331184
4017,97207,80.27394
4018,97225,85.1651
4019,97260,178.34477
4020,97296,190.59032
4021,97313,80.84492
4022,97330,80.71962
4023,97350,95.94197
4024,97384,183.27992
4025,97419,185.97823
4026,97458,202.49434
4027,97493,183.70026
4028,97533,209.03828
4029,97549,75.56367
4030,97566,81.27612
4031,97583,80.73863
4032,97644,333.4098
4033,97661,81.01776
4034,97706,240.68234
4035,97726,98.07424
4036,97769,231.52234
4037,97786,80.60877
4038,97823,193.0458
4039,97839,75.70175
4040,97876,195.07375
4041,97911,187.25957
4042,97928,80.387535
4043,97946,85.245316
4044,97986,206.1419
4045,98002,75.73287
4046,98019,80.3192
4047,98035,75.69481
4048,98053,87.300896
4049,98097,237.4763
4050,98132,180.97418
4051,98170,194.85626
4052,98187,80.453415
4053,98204,80.76032
4054,98221,80.452515
4055,98238,80.48314
4056,98256,87.13666
4057,98291,180.81493
4058,98308,80.48938
4059,98329,97.89676
4060,98351,106.02761
4061,98368,80.27519
4062,98390,100.152336
4063,98411,100.144646
4064,98433,102.275826
4065,98454,99.20447
4066,98475,98.981834
4067,98492,79.98965
4068,98513,97.904434
4069,98538,111.42929
4070,98570,142.51486
4071,98590,91.4237
4072,98611,97.99881
4073,98628,80.79798
4074,98650,107.62414
4075,98672,101.40665
4076,98695,106.70718
4077,98714,89.211296
4078,98736,102.53553
4079,98758,103.58283
4080,98784,117.79416
4081,98807,109.0939
4082,98830,108.823616
4083,98853,107.94431
4084,98874,97.11979
4085,98891,81.480125
4086,98913,104.15466
4087,98934,95.023
4088,98954,94.56714
4089,98977,106.56522
4090,98998,96.609955
4091,99020,102.98493
4092,99043,107.70772
4093,99068,114.49467
4094,99100,142.90105
4095,99123,109.5991
4096,99143,92.138084
4097,99164,99.19198
4098,99186,104.635155
4099,99206,92.12808
4100,99223,80.42634
4101,99242,88.71483
4102,99266,110.09905
4103,99287,96.97879
4104,99304,80.640625
4105,99325,96.67943
4106,99342,80.42509
4107,99360,87.32956
4108,99379,90.86708
4109,99400,99.43718
4110,99421,96.76624
4111,99442,96.876335
4112,99463,100.65361
4113,99487,109.828735
4114,99508,98.744026
4115,99528,94.059074
4116,99545,80.69527
4117,99567,103.85697
4118,99587,94.98641
4119,99604,80.5837
4120,99626,104.11534
4121,99647,97.04792
4122,99675,126.40505
4123,99694,89.1951
4124,99712,85.184425
4125,99742,138.12592
4126,99765,105.779175
4127,99785,94.77332
4128,99808,105.7502
4129,99826,85.50208
4130,99843,80.850365
4131,99865,104.64655
4132,99889,111.66466
4133,99908,89.26553
4134,99929,98.10867
4135,99947,86.21883
4136,99968,97.588524
4137,99989,98.86268
4138,100011,101.26507
4139,100034,102.21048
4140,100056,104.59892
4141,100076,92.16649
4142,100098,103.36764
4143,100120,104.11856
4144,100142,102.16369
4145,100164,102.22908
4146,100187,105.96943
4147,100214,116.757744
4148,100234,96.658394
4149,100260,115.79859
4150,100285,118.207565
4151,100306,97.29294
4152,100324,84.907776
4153,100345,96.71769
4154,100362,80.43891
4155,100380,88.04441
4156,100398,85.67036
4157,100420,104.03861
4158,100438,85.17245
4159,100460,107.51124
4160,100477,80.53368
4161,100495,85.688034
4162,100517,100.7091
4163,100540,109.65052
4164,100561,101.98578
4165,100578,78.90223
4166,100597,90.23202
4167,100615,84.54022
4168,100632,80.23919
4169,100654,100.9279
4170,100678,113.74307
4171,100702,110.263985
4172,100724,100.958786
4173,100742,87.13578
4174,100767,122.46368
4175,100792,115.13697
4176,100810,84.918465
4177,100828,87.5504
4178,100846,88.26248
4179,100880,160.17522
4180,100897,81.570274
4181,100914,81.18873
4182,100933,87.167786
4183,100951,87.45102
4184,100968,80.324
4185,100989,100.69781
4186,101008,90.04187
4187,101024,75.68343
4188,101041,80.40652
4189,101074,150.37729
4190,101092,87.44292
4191,101111,90.84497
4192,101145,153.5717
4193,101163,84.903
4194,101185,106.44365
4195,101222,171.42625
4196,101246,110.23948
4197,101267,94.99356
4198,101286,88.14745
4199,101303,79.89646
4200,101326,105.35799
4201,101344,84.92462
4202,101368,111.54377
4203,101386,85.03577
4204,101403,79.88767
4205,101430,123.35567
4206,101455,120.43147
4207,101478,108.930115
4208,101497,92.57405
4209,101515,84.51303
4210,101534,88.94908
4211,101551,80.57463
4212,101567,75.69509
4213,101585,83.1756
4214,101603,85.16741
4215,101625,98.362946
4216,101645,94.72907
4217,101664,89.5831
4218,101681,79.86227
4219,101699,85.373505
4220,101727,129.86145
4221,101745,85.721725
4222,101762,80.052864
4223,101782,96.90571
4224,101800,85.57248
4225,101821,100.62791
4226,101840,91.98068
4227,101858,86.61423
4228,101875,80.32199
4229,101905,134.23364
4230,101924,88.07707
4231,101950,117.573235
4232,101967,80.32705
4233,101985,84.97143
4234,102005,94.894165
4235,102025,91.688774
4236,102048,105.45322
4237,102067,91.220055
4238,102091,111.67417
4239,102107,75.83401
4240,102125,86.05512
4241,102144,85.586365
4242,102162,85.0115
4243,102181,90.10053
4244,102201,94.15001
4245,102218,80.533554
4246,102238,90.64142
4247,102261,104.277985
4248,102282,98.968376
4249,102298,75.697296
4250,102315,80.298965
4251,102343,138.7108
4252,102373,149.34332
4253,102390,80.64743
4254,102406,75.98264
4255,102423,80.38544
4256,102443,98.518555
4257,102461,86.46147
4258,102488,136.10138
4259,102510,110.32828
4260,102527,80.72927
4261,102556,149.15158
4262,102580,120.73671
4263,102596,76.06722
4264,102613,80.59165
4265,102641,140.72058
4266,102658,81.02827
4267,102680,110.59924
4268,102702,110.14874
4269,102723,105.43197
4270,102747,121.42672
4271,102769,109.49585
4272,102796,136.952
4273,102817,105.22417
4274,102839,110.459435
4275,102864,126.71409
4276,102881,80.56239
4277,102905,120.20656
4278,102922,80.82143
4279,102940,85.87447
4280,102962,110.43551
4281,102992,155.6327
4282,103018,131.88806
4283,103036,85.60287
4284,103054,86.34715
4285,103070,75.81869
4286,103107,192.19662
4287,103129,110.830864
4288,103147,85.3293
4289,103163,75.6213
4290,103191,142.007
4291,103208,80.8365
4292,103224,76.0633
4293,103249,124.35298
4294,103273,120.517426
4295,103298,127.153595
4296,103320,110.03183
4297,103336,75.97812
4298,103360,120.4948
4299,103377,80.806145
4300,103399,108.989586
4301,103421,110.1478
4302,103445,120.94797
4303,103462,80.561
4304,103479,80.45477
4305,103496,80.55429
4306,103519,114.16796
4307,103542,115.922104
4308,103558,75.77813
4309,103574,75.64853
4310,103596,110.50255
4311,103614,89.14028
4312,103631,81.202194
4313,103662,161.32417
4314,103685,115.63868
4315,103711,134.77449
4316,103733,109.39755
4317,103751,85.38983
4318,103767,75.73852
4319,103787,98.56863
4320,103813,131.14238
4321,103835,108.610176
4322,103862,135.64902
4323,103884,111.51699
4324,103902,85.50492
4325,103923,104.24357
4326,103948,127.07768
4327,103965,80.67012
4328,103987,108.828285
4329,104004,80.59836
4330,104027,115.06772
4331,104051,121.07276
4332,104073,109.210884
4333,104106,169.17314
4334,104123,80.43986
4335,104148,125.53667
4336,104172,119.40285
4337,104190,88.44882
4338,104212,111.6167
4339,104230,86.15912
4340,104255,127.06451
4341,104273,86.017006
4342,104296,115.71037
4343,104320,120.7912
4344,104338,85.36627
4345,104360,110.41402
4346,104377,80.584526
4347,104402,124.58066
4348,104428,131.21863
4349,104452,119.69887
4350,104469,80.46025
4351,104501,159.8771
4352,104521,97.485725
4353,104538,82.00109
4354,104555,80.682556
4355,104571,75.83484
4356,104589,87.31904
4357,104605,75.79155
4358,104622,80.54843
4359,104642,97.93058
4360,104658,75.76739
4361,104677,92.582436
4362,104698,103.63819
4363,104714,75.70583
4364,104731,80.51838
4365,104746,70.98602
4366,104762,75.71924
4367,104779,80.98252
4368,104806,136.42622
4369,104822,75.841866
4370,104838,75.85931
4371,104859,102.80367
4372,104875,75.6151
4373,104892,80.83872
4374,104908,75.73949
4375,104925,81.66636
4376,104954,145.76207
4377,104969,71.05998
4378,104985,75.79957
4379,105022,176.83434
4380,105038,75.98792
4381,105054,75.74881
4382,105070,75.59148
4383,105086,76.12862
4384,105102,75.82113
4385,105140,187.3783
4386,105156,75.89319
4387,105171,71.04999
4388,105187,75.75464
4389,105204,80.485435
4390,105221,80.76122
4391,105241,99.0481
4392,105257,75.70649
4393,105293,182.25366
4394,105309,75.732605
4395,105325,75.73008
4396,105355,152.7247
4397,105370,71.256195
4398,105388,85.756294
4399,105405,80.50589
4400,105432,132.1142
4401,105449,81.09111
4402,105465,75.88296
4403,105481,76.017685
4404,105497,75.716995
4405,105514,80.45341
4406,105538,117.69131
4407,105555,80.36253
4408,105571,75.81697
4409,105587,75.82292
4410,105616,143.162
4411,105632,75.83925
4412,105648,75.93698
4413,105682,175.62802
4414,105699,80.51357
4415,105715,75.69037
4416,105747,162.23174
4417,105767,98.67505
4418,105795,136.35893
4419,105811,75.82113
4420,105826,71.07235
4421,105843,80.466385
4422,105860,81.890175
4423,105879,92.200874
4424,105899,97.040436
4425,105922,111.580505
4426,105939,80.49334
4427,105962,114.08523
4428,105985,114.45667
4429,106019,170.59819
4430,106036,80.67105
4431,106052,75.88667
4432,106068,75.71057
4433,106084,75.6955
4434,106108,117.67554
4435,106125,81.43771
4436,106144,92.432945
4437,106161,81.474335
4438,106177,75.79482
4439,106193,75.92761
4440,106209,75.819275
4441,106225,76.004074
4442,106242,81.03168
4443,106259,80.59507
4444,106275,75.73074
4445,106291,75.67517
4446,106309,87.283905
4447,106325,75.62019
4448,106359,177.8614
4449,106376,80.32392
4450,106394,87.12933
4451,106411,81.70009
4452,106430,93.492195
4453,106446,75.64248
4454,106463,80.80912
4455,106479,76.00174
4456,106517,178.41714
4457,106547,150.56506
4458,106563,75.84107
4459,106591,127.512566
4460,106607,75.990425
4461,106623,75.76764
4462,106650,135.67404
4463,106666,75.71473
4464,106682,75.745865
4465,106711,138.69273
4466,106740,138.60954
4467,106759,91.27934
4468,106778,89.161644
4469,106800,106.36233
4470,106824,114.19376
4471,106841,80.52326
4472,106862,100.66223
4473,106878,75.98243
4474,106907,137.14156
4475,106926,88.20045
4476,106948,103.98265
4477,106965,80.32931
4478,106987,101.37268
4479,107005,86.269615
4480,107021,75.95959
4481,107047,119.86335
4482,107063,75.63946
4483,107079,75.68286
4484,107103,108.54806
4485,107134,153.88681
4486,107155,102.30572
4487,107177,107.729996
4488,107194,80.65389
4489,107214,96.335236
4490,107230,75.98916
4491,107249,91.276405
4492,107270,100.986465
4493,107286,75.63446
4494,107304,87.06042
4495,107321,80.409004
4496,107349,134.63354
4497,107371,106.71279
4498,107388,80.70189
4499,107404,75.65425
4500,107421,80.56796
4501,107437,75.62604
4502,107453,75.813774
4503,107469,76.0847
4504,107489,95.07651
4505,107505,75.92954
4506,107525,99.89539
4507,107541,75.76881
4508,107558,80.45624
4509,107576,85.24437
4510,107595,91.59695
4511,107612,80.42184
4512,107628,75.74823
4513,107644,76.49586
4514,107666,105.69974
4515,107682,75.9188
4516,107711,131.66573
4517,107727,75.95905
4518,107751,108.23306
4519,107772,103.88402
4520,107790,84.25825
4521,107806,75.80507
4522,107824,85.94089
4523,107865,203.86894
4524,107890,113.79255
4525,107907,80.23527
4526,107928,99.50995
4527,107944,75.607704
4528,107963,90.99031
4529,107980,80.51903
4530,108003,111.05222
4531,108029,118.21288
4532,108046,80.41131
4533,108062,75.85326
4534,108078,75.74739
4535,108102,107.14751
4536,108120,86.57206
4537,108151,160.83488
4538,108167,75.968506
4539,108184,80.41629
4540,108218,164.7281
4541,108239,100.09883
4542,108258,91.34067
4543,108275,80.538414
4544,108291,75.64408
4545,108307,75.91999
4546,108337,143.99501
4547,108369,153.77231
4548,108385,75.92739
4549,108412,125.81882
4550,108429,80.74227
4551,108448,91.431984
4552,108465,80.59023
4553,108481,75.55325
4554,108499,85.117645
4555,108519,94.07305
4556,108556,176.20415
4557,108579,108.30695
4558,108603,114.612755
4559,108623,93.35847
4560,108652,130.11781
4561,108674,100.77351
4562,108697,107.21911
4563,108717,87.30317
4564,108733,75.911736
4565,108752,88.26209
4566,108777,112.42108
4567,108801,107.140236
4568,108821,93.91781
4569,108844,107.95426
4570,108867,103.020424
4571,108885,85.36666
4572,108916,136.66658
4573,108935,87.36475
4574,108959,113.54749
4575,108975,75.56295
4576,109002,115.468414
4577,109019,80.69435
4578,109034,70.823975
4579,109061,121.08798
4580,109078,79.8283
4581,109097,90.85365
4582,109129,148.27664
4583,109152,109.34851
4584,109172,94.36786
4585,109187,71.27697
4586,109210,105.21765
4587,109231,99.339874
4588,109254,108.10396
4589,109275,97.846855
4590,109295,94.05699
4591,109311,76.012
4592,109329,84.67711
4593,109356,124.17901
4594,109378,103.33492
4595,109398,93.839264
4596,109424,117.75799
4597,109447,112.620026
4598,109466,89.04205
4599,109488,99.164856
4600,109509,96.76604
4601,109537,133.02998
4602,109555,84.74535
4603,109583,125.05132
4604,109612,129.44464
4605,109630,86.020966
4606,109652,102.58264
4607,109675,103.86618
4608,109701,114.67864
4609,109723,103.55588
4610,109740,78.98575
4611,109757,80.42662
4612,109778,97.39325
4613,109795,79.95206
4614,109816,99.02514
4615,109842,121.72667
4616,109858,76.03665
4617,109881,105.65565
4618,109902,99.760704
4619,109919,80.454025
4620,109939,94.67791
4621,109964,119.87651
4622,109987,106.62992
4623,110009,104.785324
4624,110028,91.28788
4625,110058,133.44077
4626,110079,97.69978
4627,110108,129.72241
4628,110124,75.93018
4629,110144,95.869095
4630,110166,101.53932
4631,110186,92.74248
4632,110207,99.13541
4633,110229,101.93005
4634,110245,75.84217
4635,110270,111.07866
4636,110284,66.58125
4637,110303,89.720314
4638,110320,80.003075
4639,110347,122.585495
4640,110373,118.811165
4641,110393,93.60143
4642,110415,101.8866
4643,110441,116.6246
4644,110463,101.33193
4645,110483,94.203865
4646,110501,85.08573
4647,110527,116.221985
4648,110543,75.27444
4649,110577,163.20456
4650,110597,95.43756
4651,110616,92.41442
4652,110663,208.38388
4653,110688,116.14427
4654,110730,186.15071
4655,110766,171.25903
4656,110808,199.03928
4657,110847,173.78238
4658,110892,213.13704
4659,110930,172.31949
4660,110981,216.67726
4661,111014,159.02007
4662,111031,80.93811
4663,111075,192.66194
4664,111128,245.39166
4665,111167,194.48354
4666,111199,146.0626
4667,111242,224.86794
4668,111287,213.38203
4669,111322,175.80922
4670,111370,227.50372
4671,111442,351.32587
4672,111481,174.34828
4673,111498,80.55786
4674,111518,97.66797
4675,111556,167.58644
4676,111588,153.63678
4677,111626,167.93042
4678,111667,187.33511
4679,111708,183.90923
4680,111744,163.24211
4681,111773,138.59726
4682,111846,374.70218
4683,111892,206.26964
4684,111912,96.490944
4685,111945,148.831
4686,111981,161.42976
4687,112000,89.81334
4688,112024,112.98051
4689,112072,229.65036
4690,112090,85.23438
4691,112135,219.982
4692,112195,283.7005
4693,112221,125.308624
4694,112240,91.43827
4695,112307,319.89517
4696,112355,204.45894
4697,112383,134.48477
4698,112412,134.6207
4699,112430,85.67835
4700,112452,106.34142
4701,112496,197.95056
4702,112550,250.09341
4703,112582,141.66753
4704,112601,92.3439
4705,112638,165.6173
4706,112660,108.09058
4707,112677,80.53692
4708,112695,86.469025
4709,112712,81.78655
4710,112733,102.61242
4711,112751,86.234825
4712,112773,107.28349
4713,112792,92.01863
4714,112809,80.57456
4715,112828,91.45742
4716,112847,90.75603
4717,112865,85.68083
4718,112883,86.10348
4719,112900,80.60929
4720,112925,122.66753
4721,112941,75.73112
4722,112958,80.84333
4723,112977,91.24121
4724,112996,91.216965
4725,113014,86.736336
4726,113031,80.62448
4727,113049,85.84204
4728,113069,97.42309
4729,113087,86.36249
4730,113105,86.121025
4731,113122,80.70099
4732,113140,85.31609
4733,113167,126.4263
4734,113185,85.7414
4735,113203,85.83954
4736,113221,86.273
4737,113238,80.852104
4738,113262,117.169525
4739,113280,85.23693
4740,113297,80.54695
4741,113315,86.28128
4742,113336,102.18509
4743,113361,125.71494
4744,113380,92.71185
4745,113402,106.12395
4746,113419,81.35965
4747,113441,107.37174
4748,113466,120.07681
4749,113497,151.21768
4750,113519,109.39959
4751,113537,85.80902
4752,113554,80.6226
4753,113572,86.244736
4754,113592,97.31989
4755,113614,107.40921
4756,113632,87.43767
4757,113649,80.840935
4758,113667,86.08383
4759,113685,86.045296
4760,113703,87.156075
4761,113731,134.9718
4762,113749,86.22167
4763,113773,118.06517
4764,113792,90.724396
4765,113810,86.37384
4766,113829,90.64439
4767,113847,85.65123
4768,113869,108.94908
4769,113902,164.78809
4770,113922,96.52687
4771,113942,95.39744
4772,113960,85.909935
4773,114000,198.84155
4774,114017,80.759575
4775,114035,86.12141
4776,114053,85.78756
4777,114074,101.64699
4778,114091,81.162605
4779,114115,120.80418
4780,114136,101.10495
4781,114153,80.51642
4782,114170,80.880295
4783,114188,85.78421
4784,114206,87.17118
4785,114226,97.48754
4786,114245,91.03334
4787,114262,80.725945
4788,114280,86.02455
4789,114297,81.0581
4790,114324,134.52856
4791,114343,91.424385
4792,114361,85.500946
4793,114379,86.22651
4794,114398,91.86261
4795,114417,91.036736
4796,114434,80.58456
4797,114458,117.80861
4798,114478,98.078636
4799,114496,85.697296
4800,114514,85.91697
4801,114531,82.14592
4802,114550,92.37559
4803,114571,103.041534
4804,114589,86.31671
4805,114606,80.47123
4806,114623,80.59444
4807,114645,106.95021
4808,114668,110.20552
4809,114691,112.260414
4810,114723,155.85223
4811,114754,152.17976
4812,114780,128.76944
4813,114808,135.4096
4814,114841,157.80833
4815,114870,139.28413
4816,114900,146.0864
4817,114930,144.35779
4818,114961,152.35034
4819,114988,133.45364
4820,115014,129.09175
4821,115042,136.88187
4822,115070,137.8445
4823,115109,194.13138
4824,115136,131.8394
4825,115168,159.55469
4826,115195,134.08163
4827,115226,147.40031
4828,115257,148.40947
4829,115288,150.57439
4830,115315,132.83675
4831,115344,141.71368
4832,115371,129.94278
4833,115410,187.6817
4834,115443,163.11009
4835,115472,142.59471
4836,115500,136.6663
4837,115529,141.54689
4838,115556,133.36981
4839,115591,171.90689
4840,115622,152.8482
4841,115648,122.98965
4842,115674,124.321205
4843,115701,131.66168
4844,115725,114.10196
4845,115759,165.53331
4846,115788,137.80627
4847,115817,137.56015
4848,115849,155.99619
4849,115882,161.74979
4850,115910,137.84369
4851,115942,155.84451
4852,115969,131.63164
4853,115997,138.19768
4854,116027,147.06541
4855,116054,130.75458
4856,116084,146.35004
4857,116117,159.99052
4858,116146,140.3405
4859,116171,120.87342
4860,116200,140.02933
4861,116225,120.335976
4862,116254,139.04555
4863,116282,133.51169
4864,116310,135.80272
4865,116341,149.81812
4866,116370,140.70322
4867,116400,145.3857
4868,116428,135.649
4869,116462,164.6617
4870,116492,145.2217
4871,116518,127.024506
4872,116548,140.62233
4873,116576,135.8855
4874,116612,173.12898
4875,116639,132.95975
4876,116667,137.91895
4877,116696,142.38377
4878,116724,133.1978
4879,116753,140.2307
4880,116788,168.73138
4881,116817,142.14716
4882,116842,122.59599
4883,116882,190.25676
4884,116911,138.35144
4885,116944,158.09415
4886,116978,165.43611
4887,117009,149.79951
4888,117033,114.58785
4889,117064,146.44257
4890,117094,138.7424
4891,117128,162.11978
4892,117156,135.37659
4893,117180,114.90732
4894,117224,205.1928
4895,117254,146.32094
4896,117283,136.55843
4897,117314,149.64085
4898,117365,236.92728
4899,117399,158.70975
4900,117430,145.99599
4901,117459,138.31314
4902,117490,150.39017
4903,117520,137.6361
4904,117550,142.09703
4905,117578,132.5634
4906,117615,183.70975
4907,117645,138.71132
4908,117673,134.03651
4909,117734,311.8423
4910,117763,142.82623
4911,117781,85.20717
4912,117808,128.30145
4913,117849,202.54918
4914,117871,106.92311
4915,117899,135.69229
4916,117929,140.96724
4917,117965,168.712
4918,117988,113.53301
4919,118020,149.12903
4920,118047,129.43927
4921,118079,150.29872
4922,118114,166.84396
4923,118144,141.9397
4924,118176,153.64812
4925,118220,207.969
4926,118246,123.14171
4927,118284,181.04697
4928,118317,156.53937
4929,118356,183.49977
4930,118385,141.31578
4931,118418,160.4413
4932,118435,80.46501
4933,118473,178.71822
4934,118510,172.79144
4935,118541,142.22034
4936,118571,144.15497
4937,118603,145.11443
4938,118654,240.87967
4939,118689,162.46481
4940,118728,180.53256
4941,118759,147.64081
4942,118795,173.67879
4943,118814,90.991325
4944,118839,120.0688
4945,118857,86.06316
4946,118878,101.52067
4947,118896,86.35607
4948,118922,129.87813
4949,118940,85.25012
4950,118965,122.77159
4951,118983,86.52215
4952,119016,162.19041
4953,119036,97.99233
4954,119060,115.38168
4955,119111,250.91139
4956,119131,94.752975
4957,119156,116.618576
4958,119176,96.18641
4959,119196,96.63454
4960,119216,96.54316
4961,119234,86.31497
4962,119254,96.99977
4963,119271,80.470345
4964,119298,131.1904
4965,119345,237.97955
4966,119364,91.53807
4967,119393,135.08673
4968,119410,80.82152
4969,119431,100.18122
4970,119448,80.504616
4971,119491,205.82698
4972,119510,91.578514
4973,119527,80.63081
4974,119544,80.72536
4975,119566,106.34929
4976,119598,157.76547
4977,119636,182.72563
4978,119665,144.68428
4979,119684,92.214775
4980,119701,80.59185
4981,119722,103.46416
4982,119747,124.188805
4983,119772,120.73301
4984,119794,105.09932
4985,119820,123.85569
4986,119843,112.37736
4987,119862,91.911285
4988,119893,147.8926
4989,119913,97.73444
4990,119930,80.33003
4991,119950,96.95668
4992,119981,159.02455
4993,119998,80.29675
4994,120017,91.885345
4995,120038,102.15342
4996,120061,107.82579
4997,120078,80.65877
4998,120113,164.39041
4999,120138,123.52182
5000,120156,87.62058
5001,120176,96.50112
5002,120221,218.57779
5003,120244,112.46032
5004,120288,228.4746
5005,120305,82.58368
5006,120331,127.59821
5007,120382,245.28552
5008,120400,85.68496
5009,120420,95.82671
5010,120443,113.258354
5011,120468,123.9272
5012,120485,80.63807
5013,120504,90.933945
5014,120537,171.51352
5015,120557,97.69173
5016,120575,85.67203
5017,120594,91.610695
5018,120638,228.89973
5019,120655,80.40418
5020,120675,97.66077
5021,120696,102.62715
5022,120713,80.45634
5023,120730,80.884735
5024,120751,101.902435
5025,120771,96.965576
5026,120798,127.04721
5027,120815,80.31747
5028,120840,124.5975
5029,120863,114.61362
5030,120908,195.23167
5031,120947,201.42964
5032,120976,143.17944
5033,120997,104.20126
5034,121033,169.52264
5035,121071,173.29898
5036,121106,162.96255
5037,121121,71.241486
5038,121137,75.94284
5039,121155,87.29804
5040,121196,175.3139
5041,121230,169.32729
5042,121247,80.57706
5043,121280,157.08252
5044,121308,145.31824
5045,121329,105.47997
5046,121346,80.58342
5047,121378,164.9355
5048,121404,132.72675
5049,121439,165.6867
5050,121461,107.248604
5051,121482,106.4196
5052,121509,131.90065
5053,121544,183.6531
5054,121568,106.82138
5055,121585,81.36521
5056,121603,86.00839
5057,121619,75.68395
5058,121641,110.69647
5059,121661,98.04364
5060,121683,112.33469
5061,121704,104.62002
5062,121730,133.89595
5063,121746,75.62451
5064,121774,124.02714
5065,121792,87.8185
5066,121842,258.8917
5067,121880,167.29132
5068,121915,180.11005
5069,121934,91.228424
5070,121956,109.98616
5071,121998,191.28792
5072,122018,98.17657
5073,122060,182.51021
5074,122099,187.44734
5075,122119,100.22432
5076,122151,165.51398
5077,122174,115.617065
5078,122194,99.20845
5079,122251,282.96478
5080,122278,131.25632
5081,122312,167.65381
5082,122350,170.13802
5083,122368,85.41573
5084,122394,122.58983
5085,122414,97.28698
5086,122445,158.50673
5087,122490,210.75755
5088,122520,153.01509
5089,122550,145.46794
5090,122571,106.05743
5091,122592,101.44476
5092,122622,144.96523
5093,122641,92.66283
5094,122660,90.89202
5095,122677,81.241776
5096,122708,157.95883
5097,122726,86.93084
5098,122745,92.94489
5099,122782,156.04572
5100,122801,92.34192
5101,122836,169.48549
5102,122873,171.54286
5103,122917,212.02783
5104,122934,80.65343
5105,122953,91.753334
5106,122972,89.9996
5107,122990,85.853195
5108,123011,98.187035
5109,123029,85.685356
5110,123051,105.700966
5111,123072,98.43474
5112,123090,85.74889
5113,123109,93.00078
5114,123134,116.52399
5115,123155,97.43402
5116,123172,80.66483
5117,123192,94.253365
5118,123208,76.15825
5119,123225,81.50289
5120,123242,80.480354
5121,123261,90.428185
5122,123277,75.793686
5123,123294,80.48509
5124,123321,121.79572
5125,123339,85.55938
5126,123357,85.6149
5127,123374,80.434845
5128,123395,102.32924
5129,123413,85.77323
5130,123430,80.343994
5131,123448,86.07991
5132,123464,75.974304
5133,123483,88.259315
5134,123501,85.15077
5135,123524,107.79161
5136,123542,85.41112
5137,123561,90.39897
5138,123577,75.76034
5139,123595,85.658264
5140,123611,75.58666
5141,123631,96.6417
5142,123650,90.33451
5143,123668,87.115
5144,123685,81.01645
5145,123710,114.16896
5146,123732,103.66805
5147,123750,85.43365
5148,123767,80.97198
5149,123789,108.623116
5150,123805,75.63495
5151,123822,80.65555
5152,123839,80.69988
5153,123857,85.049805
5154,123877,97.072754
5155,123896,90.35936
5156,123914,86.34385
5157,123933,91.10528
5158,123951,86.083885
5159,123967,75.79503
5160,123986,92.41988
5161,124006,96.59498
5162,124026,93.911255
5163,124044,85.28046
5164,124069,119.66974
5165,124089,95.695816
5166,124106,80.34769
5167,124122,75.72765
5168,124139,80.407166
5169,124155,75.74288
5170,124172,80.86119
5171,124189,80.73613
5172,124209,95.83481
5173,124226,80.84594
5174,124242,75.90187
5175,124258,75.850914
5176,124275,80.443436
5177,124291,75.66014
5178,124312,97.188126
5179,124329,80.85255
5180,124346,80.90667
5181,124364,85.14313
5182,124383,90.24129
5183,124401,85.917076
5184,124419,85.627525
5185,124436,80.5071
5186,124460,112.28342
5187,124477,80.30032
5188,124494,80.64755
5189,124510,75.92584
5190,124528,86.329605
5191,124552,117.14981
5192,124573,95.59256
5193,124592,91.19729
5194,124614,104.000694
5195,124631,80.47843
5196,124649,85.467514
5197,124667,85.84174
5198,124686,90.98068
5199,124704,86.282326
5200,124730,120.15314
5201,124748,85.42742
5202,124766,85.74396
5203,124795,142.4854
5204,124818,105.9111
5205,124840,101.078995
5206,124860,94.47623
5207,124878,86.909035
5208,124895,80.71853
5209,124913,85.68167
5210,124932,89.78805
5211,124986,268.3284
5212,125017,155.79012
5213,125050,146.5632
5214,125089,181.19409
5215,125108,92.063644
5216,125133,122.854355
5217,125183,244.66873
5218,125223,198.07608
5219,125255,158.22708
5220,125294,174.15341
5221,125340,238.85281
5222,125383,205.49731
5223,125418,159.99983
5224,125458,182.34567
5225,125503,188.98164
5226,125531,137.2894
5227,125575,198.94771
5228,125604,144.95937
5229,125641,186.03639
5230,125686,224.47325
5231,125762,386.87906
5232,125780,85.680504
5233,125832,272.73367
5234,125879,224.4438
5235,125923,211.07018
5236,125961,174.92769
5237,125981,96.1127
5238,126028,235.55489
5239,126069,205.4403
5240,126112,199.08908
5241,126136,117.339584
5242,126184,241.38864
5243,126241,245.86894
5244,126292,246.01196
5245,126318,127.159996
5246,126361,178.2622
5247,126432,305.3866
5248,126454,105.02145
5249,126471,80.63567
5250,126490,91.14297
5251,126533,207.31502
5252,126572,197.38162
5253,126596,121.0634
5254,126637,207.4824
5255,126677,174.59239
5256,126752,386.25208
5257,126803,269.61142
5258,126844,197.46925
5259,126874,146.01288
5260,126901,127.69734
5261,126943,210.39346
5262,126978,171.60579
5263,127016,177.052
5264,127047,151.91014
5265,127081,161.95322
5266,127118,190.59288
5267,127140,109.39586
5268,127161,106.03748
5269,127187,125.755974
5270,127211,121.00094
5271,127232,104.83945
5272,127258,127.60332
5273,127281,114.68675
5274,127302,105.592834
5275,127324,108.34265
5276,127346,107.8326
5277,127370,117.49128
5278,127393,113.11115
5279,127416,112.20659
5280,127445,140.05658
5281,127468,113.55792
5282,127491,115.19332
5283,127516,129.68181
5284,127538,111.1372
5285,127559,104.264465
5286,127599,184.48174
5287,127621,108.2866
5288,127648,131.43883
5289,127673,123.41129
5290,127704,150.4312
5291,127726,109.355446
5292,127765,185.02087
5293,127785,99.292465
5294,127807,107.84381
5295,127837,160.83173
5296,127856,94.45056
5297,127877,103.04401
5298,127898,104.3778
5299,127919,105.194305
5300,127956,166.66475
5301,127977,105.6202
5302,128014,173.42314
5303,128036,109.515076
5304,128062,131.71413
5305,128099,181.4523
5306,128121,108.013885
5307,128144,114.615715
5308,128167,112.82636
5309,128187,98.98248
5310,128216,141.33188
5311,128240,119.64291
5312,128259,93.7998
5313,128279,98.62063
5314,128301,108.646194
5315,128325,116.249565
5316,128347,110.386826
5317,128376,139.60408
5318,128400,118.54532
5319,128432,166.56226
5320,128459,137.42891
5321,128484,128.70782
5322,128512,137.7749
5323,128532,99.84607
5324,128561,141.40834
5325,128597,172.26819
5326,128626,140.87662
5327,128647,107.94686
5328,128669,112.00171
5329,128691,110.08698
5330,128717,127.77548
5331,128739,110.11115
5332,128763,116.87898
5333,128801,178.41911
5334,128828,131.49263
5335,128868,185.54782
5336,128890,108.22898
5337,128925,170.57642
5338,128956,149.3751
5339,128980,117.81181
5340,129008,141.34131
5341,129053,239.09
5342,129099,240.73622
5343,129153,267.09897
5344,129182,146.07018
5345,129271,435.939
5346,129301,151.91159
5347,129354,290.26685
5348,129409,298.56213
5349,129455,242.23553
5350,129474,92.23425
5351,129498,121.44048
5352,129532,175.76212
5353,129556,118.7457
5354,129599,225.9478
5355,129643,231.93463
5356,129671,139.54105
5357,129701,153.42252
5358,129746,233.1861
5359,129790,230.00668
5360,129819,148.38823
5361,129844,126.32895
5362,129869,124.2184
5363,129895,130.57867
5364,129948,251.43814
5365,129978,151.32202
5366,130030,275.46136
5367,130058,141.04736
5368,130108,268.77536
5369,130167,303.58194
5370,130191,118.134415
5371,130218,134.60611
5372,130238,97.15884
5373,130268,149.88083
5374,130296,141.31143
5375,130350,278.9772
5376,130398,259.4947
5377,130448,260.1718
5378,130522,377.94708
5379,130596,384.3802
5380,130618,107.74096
5381,130646,142.16505
5382,130698,272.54358
5383,130743,236.18793
5384,130789,245.35059
5385,130835,233.04703
5386,130876,212.36557
5387,130930,288.88327
5388,130986,315.11633
5389,131029,218.07155
5390,131051,108.56633
5391,131088,188.86693
5392,131106,85.26254
5393,131123,80.47603
5394,131139,75.94435
5395,131156,80.47152
5396,131173,80.80839
5397,131189,75.755714
5398,131205,75.75409
5399,131223,86.52227
5400,131241,85.94295
5401,131256,71.11923
5402,131272,75.68249
5403,131288,75.988594
5404,131308,98.9939
5405,131324,75.64552
5406,131342,84.948685
5407,131359,80.47387
5408,131375,76.02337
5409,131392,80.25852
5410,131410,86.62799
5411,131428,85.85569
5412,131445,80.51028
5413,131461,75.53825
5414,131481,98.72351
5415,131497,75.70955
5416,131522,126.59778
5417,131538,75.70448
5418,131558,98.88756
5419,131574,75.65302
5420,131591,80.84746
5421,131608,80.31639
5422,131624,75.92174
5423,131641,80.633995
5424,131658,80.70385
5425,131683,116.864525
5426,131700,80.66647
5427,131716,75.829315
5428,131742,129.1442
5429,131759,80.56223
5430,131775,75.532555
5431,131794,92.38423
5432,131811,80.74202
5433,131828,80.49702
5434,131848,97.93871
5435,131864,75.724594
5436,131881,80.82103
5437,131898,80.451805
5438,131913,71.114975
5439,131930,80.6566
5440,131947,80.22924
5441,131964,80.72305
5442,131980,75.61056
5443,131998,85.60233
5444,132016,85.47116
5445,132034,88.07713
5446,132052,85.27456
5447,132069,80.651436
5448,132086,80.60045
5449,132105,90.70799
5450,132122,80.57913
5451,132139,80.45743
5452,132155,75.80239
5453,132172,80.35286
5454,132188,75.752106
5455,132206,85.43515
5456,132222,76.06433
5457,132240,85.68735
5458,132256,75.89524
5459,132273,80.424675
5460,132288,71.09012
5461,132304,75.73122
5462,132330,123.44501
5463,132346,75.78413
5464,132363,80.5416
5465,132379,75.838005
5466,132396,80.5126
5467,132413,80.78968
5468,132428,70.96861
5469,132445,80.58067
5470,132463,86.73427
5471,132480,80.374245
5472,132496,75.7104
5473,132512,75.81468
5474,132527,70.81338
5475,132547,97.37615
5476,132565,85.49859
5477,132582,80.58996
5478,132599,80.67472
5479,132614,71.2472
5480,132630,75.91553
5481,132647,81.33217
5482,132662,71.01848
5483,132678,75.703804
5484,132694,75.80258
5485,132713,89.83031
5486,132731,85.372574
5487,132749,86.878845
5488,132765,75.66682
5489,132784,91.54314
5490,132801,80.687485
5491,132818,80.63403
5492,132835,80.51954
5493,132852,80.45589
5494,132867,70.939
5495,132883,75.85172
5496,132899,75.893616
5497,132917,85.71822
5498,132934,80.67005
5499,132949,71.12724
5500,132965,76.04488
5501,132981,75.56788
5502,132997,75.626884
5503,133015,85.27453
5504,133031,75.91817
5505,133048,80.27927
5506,133065,80.40088
5507,133082,80.14287
5508,133104,106.682556
5509,133122,85.24526
5510,133141,91.70395
5511,133158,80.485916
5512,133185,140.82196
5513,133226,215.85931
5514,133243,80.248535
5515,133261,85.139786
5516,133279,86.848816
5517,133297,85.13807
5518,133315,85.23968
5519,133340,127.87587
5520,133366,134.27005
5521,133405,197.07324
5522,133427,114.58177
5523,133444,80.66832
5524,133462,88.38352
5525,133479,80.67291
5526,133496,81.45114
5527,133513,80.498314
5528,133531,85.328674
5529,133574,231.1331
5530,133591,80.76419
5531,133609,84.92599
5532,133627,85.63238
5533,133644,81.30088
5534,133662,87.96571
5535,133680,85.226944
5536,133698,85.1347
5537,133734,187.25607
5538,133752,86.63043
5539,133770,85.226
5540,133787,80.40018
5541,133805,85.292145
5542,133822,80.4763
5543,133839,80.48876
5544,133856,80.763466
5545,133879,113.348114
5546,133896,80.57252
5547,133914,85.542984
5548,133931,80.70704
5549,133949,85.34194
5550,133966,80.65379
5551,133997,163.24017
5552,134038,200.16455
5553,134058,101.96862
5554,134076,85.53674
5555,134094,85.46668
5556,134111,80.818115
5557,134128,80.58913
5558,134145,80.26894
5559,134163,85.30578
5560,134183,95.45566
5561,134201,85.02469
5562,134219,85.22763
5563,134241,112.40613
5564,134259,85.31991
5565,134291,166.89719
5566,134309,85.190926
5567,134327,85.4308
5568,134345,88.139755
5569,134362,80.64199
5570,134380,86.01174
5571,134397,80.50917
5572,134416,90.20519
5573,134433,80.66088
5574,134452,91.779305
5575,134471,91.27181
5576,134489,85.26543
5577,134507,85.18109
5578,134524,80.71293
5579,134541,80.32216
5580,134558,80.693115
5581,134588,158.16751
5582,134605,80.59039
5583,134623,85.59071
5584,134640,80.5324
5585,134657,81.00462
5586,134674,80.427605
5587,134691,80.7071
5588,134708,80.39503
5589,134726,85.26517
5590,134744,85.86278
5591,134762,87.44323
5592,134779,80.48566
5593,134798,90.172905
5594,134815,80.25229
5595,134833,85.4393
5596,134850,80.55219
5597,134868,85.11898
5598,134885,80.90088
5599,134903,85.138695
5600,134921,85.227356
5601,134943,114.4513
5602,134961,86.10149
5603,134979,88.33945
5604,134997,85.63643
5605,135015,85.451
5606,135033,85.88373
5607,135075,232.56508
5608,135092,80.75842
5609,135110,85.728516
5610,135127,80.5007
5611,135150,119.358154
5612,135167,80.585335
5613,135193,133.19713
5614,135236,233.43669
5615,135256,100.23793
5616,135297,223.20927
5617,135319,111.63192
5618,135355,189.50108
5619,135389,185.07533
5620,135408,94.83105
5621,135444,198.31496
5622,135474,158.26704
5623,135526,281.26157
5624,135562,193.94427
5625,135597,179.3773
5626,135619,110.84998
5627,135641,107.827675
5628,135664,117.299095
5629,135702,204.21146
5630,135720,87.25959
5631,135749,152.49774
5632,135783,182.61133
5633,135821,200.4696
5634,135842,104.67603
5635,135867,130.15398
5636,135902,188.50146
5637,135937,182.45969
5638,135971,178.0843
5639,135989,89.487274
5640,136012,118.782425
5641,136051,208.87999
5642,136075,122.165535
5643,136121,248.10277
5644,136160,208.17719
5645,136197,199.41379
5646,136223,133.4129
5647,136261,201.68274
5648,136294,171.52946
5649,136335,216.52733
5650,136353,85.60928
5651,136391,203.10065
5652,136433,224.3267
5653,136451,88.99538
5654,136487,194.26897
5655,136519,168.05046
5656,136558,207.75842
5657,136575,82.419876
5658,136608,172.60907
5659,136637,151.02347
5660,136673,192.47055
5661,136694,105.5394
5662,136714,100.2945
5663,136752,200.85162
5664,136773,106.40051
5665,136807,185.98956
5666,136850,239.33195
5667,136880,155.0827
5668,136900,99.68638
5669,136930,156.44347
5670,136960,158.68831
5671,136987,138.25365
5672,137025,202.1873
5673,137059,176.91449
5674,137102,233.79115
5675,137147,243.07504
5676,137188,226.294
5677,137218,157.051
5678,137235,80.54718
5679,137253,86.30761
5680,137273,97.798584
5681,137290,80.5715
5682,137311,102.52848
5683,137328,81.14352
5684,137347,91.06592
5685,137363,76.01015
5686,137379,75.52409
5687,137414,166.85115
5688,137449,171.69719
5689,137469,95.7721
5690,137494,118.7707
5691,137512,85.43331
5692,137538,124.05812
5693,137572,166.95355
5694,137600,133.98322
5695,137618,85.56893
5696,137635,80.44642
5697,137653,86.31994
5698,137671,86.1121
5699,137701,148.04428
5700,137719,85.995056
5701,137753,159.3902
5702,137772,92.92502
5703,137789,80.89783
5704,137807,85.47027
5705,137826,91.50235
5706,137843,81.515945
5707,137873,146.94095
5708,137900,124.039795
5709,137917,80.537224
5710,137937,97.21153
5711,137955,86.17876
5712,137981,122.93625
5713,137998,80.62758
5714,138015,80.48996
5715,138049,168.67728
5716,138076,128.68135
5717,138094,86.07977
5718,138131,190.74045
5719,138149,86.21258
5720,138168,91.26937
5721,138188,97.79433
5722,138216,131.54117
5723,138234,84.61359
5724,138258,123.069084
5725,138277,91.101746
5726,138297,96.33732
5727,138315,87.66778
5728,138353,185.46133
5729,138369,75.94808
5730,138404,179.53294
5731,138424,94.340744
5732,138452,132.92213
5733,138468,75.9603
5734,138486,85.626495
5735,138514,132.48958
5736,138531,80.89949
5737,138562,149.53787
5738,138580,86.63686
5739,138617,176.54611
5740,138637,96.002
5741,138656,92.994644
5742,138674,85.427155
5743,138691,80.582146
5744,138710,92.76198
5745,138734,114.417404
5746,138760,121.132576
5747,138785,119.44625
5748,138803,85.398285
5749,138821,85.85228
5750,138844,109.18191
5751,138863,89.71025
5752,138880,80.7321
5753,138897,81.31769
5754,138914,80.39477
5755,138943,140.89839
5756,138961,88.05081
5757,138978,80.483376
5758,138996,87.829445
5759,139016,97.10288
5760,139037,101.858345
5761,139061,119.22855
5762,139079,87.92309
5763,139113,166.1139
5764,139142,139.09178
5765,139166,116.193954
5766,139194,130.37857
5767,139212,86.07541
5768,139230,87.538795
5769,139249,90.949066
5770,139273,114.597824
5771,139290,80.725784
5772,139307,80.54078
5773,139324,80.52726
5774,139342,85.20162
5775,139361,90.617294
5776,139381,98.183495
5777,139401,97.04663
5778,139418,80.66915
5779,139435,80.43423
5780,139453,85.41339
5781,139471,85.98058
5782,139488,80.49605
5783,139506,85.77135
5784,139525,91.57249
5785,139542,80.794464
5786,139563,104.84407
5787,139582,90.58765
5788,139599,80.31086
5789,139616,80.350784
5790,139635,90.398994
5791,139653,85.430565
5792,139670,81.031006
5793,139688,85.97932
5794,139706,85.89318
5795,139724,85.70051
5796,139741,80.60386
5797,139758,80.5157
5798,139775,80.55009
5799,139792,80.211975
5800,139809,80.673904
5801,139827,86.82905
5802,139844,80.90597
5803,139861,80.60319
5804,139878,80.62341
5805,139896,85.58411
5806,139914,85.72722
5807,139931,80.72091
5808,139948,80.48008
5809,139965,80.59979
5810,139983,88.06942
5811,140001,85.80089
5812,140018,80.55281
5813,140035,80.30078
5814,140054,90.82774
5815,140071,80.603645
5816,140090,92.09169
5817,140107,80.45342
5818,140124,80.567825
5819,140143,90.61324
5820,140162,91.61146
5821,140181,89.55835
5822,140198,80.261406
5823,140217,91.13867
5824,140236,90.69727
5825,140254,85.690094
5826,140271,80.609344
5827,140288,80.38511
5828,140305,80.4165
5829,140322,80.562546
5830,140341,90.023674
5831,140360,90.92532
5832,140378,86.22899
5833,140397,90.91813
5834,140415,85.96797
5835,140432,80.4495
5836,140450,87.08093
5837,140468,86.18422
5838,140485,80.82813
5839,140503,85.64476
5840,140521,85.43503
5841,140540,90.06567
5842,140557,80.21585
5843,140574,80.69854
5844,140591,80.38518
5845,140609,87.30956
5846,140626,80.54667
5847,140643,80.29635
5848,140662,91.58302
5849,140679,80.38619
5850,140698,91.4459
5851,140716,85.408424
5852,140733,80.350815
5853,140752,91.225945
5854,140770,86.43441
5855,140788,85.38959
5856,140807,90.54799
5857,140824,80.717514
5858,140843,91.02117
5859,140861,86.049515
5860,140880,92.14832
5861,140897,80.74356
5862,140914,80.54299
5863,140931,80.616844
5864,140948,80.34168
5865,140965,80.71127
5866,140983,85.85659
5867,141000,80.46576
5868,141017,80.68297
5869,141034,80.75327
5870,141052,85.42833
5871,141070,85.41284
5872,141087,80.45998
5873,141108,102.18469
5874,141126,86.932655
5875,141143,80.3284
5876,141160,80.73507
5877,141178,86.806015
5878,141195,80.5845
5879,141213,85.28876
5880,141230,80.27794
5881,141249,91.96559
5882,141266,80.549904
5883,141283,81.0836
5884,141300,80.604195
5885,141318,87.09464
5886,141343,122.50574
5887,141403,316.4996
5888,141432,143.3576
5889,141463,148.70114
5890,141509,238.64594
5891,141549,189.72263
5892,141584,170.05373
5893,141618,162.25412
5894,141663,222.48611
5895,141708,227.6736
5896,141735,132.25949
5897,141782,239.82596
5898,141832,253.84404
5899,141857,122.06452
5900,141906,243.23445
5901,141936,147.05577
5902,141967,149.07935
5903,142029,329.10095
5904,142063,166.84735
5905,142100,182.76587
5906,142135,166.68913
5907,142193,282.19043
5908,142238,217.83322
5909,142276,187.25655
5910,142320,222.48094
5911,142341,102.97685
5912,142379,186.04425
5913,142419,189.85475
5914,142469,262.38544
5915,142502,160.57574
5916,142538,176.83842
5917,142560,106.60599
5918,142591,149.6358
5919,142625,161.2896
5920,142669,223.95137
5921,142730,312.5185
5922,142774,227.2857
5923,142797,112.354324
5924,142831,163.38307
5925,142873,208.49544
5926,142915,208.25311
5927,142948,164.56575
5928,142968,98.36598
5929,143016,238.07901
5930,143054,188.80028
5931,143093,191.4749
5932,143144,253.85992
5933,143184,206.83719
5934,143227,218.7381
5935,143262,166.21176
5936,143315,264.2469
5937,143348,160.28857
5938,143375,128.19153
5939,143397,110.14871
5940,143426,142.58203
5941,143445,91.81735
5942,143462,80.435715
5943,143479,80.27031
5944,143500,106.05204
5945,143521,104.437096
5946,143539,85.48841
5947,143567,139.56477
5948,143599,157.51218
5949,143623,117.16334
5950,143650,134.0303
5951,143674,118.60401
5952,143695,101.09867
5953,143711,75.69007
5954,143728,81.83879
5955,143746,86.6674
5956,143768,111.81907
5957,143790,111.14148
5958,143813,114.48047
5959,143841,142.19322
5960,143870,145.53596
5961,143896,127.54824
5962,143918,106.28419
5963,143936,84.711426
5964,143958,111.82503
5965,143977,89.98346
5966,143994,80.268875
5967,144012,85.91675
5968,144035,112.25871
5969,144055,93.26355
5970,144080,126.70829
5971,144109,141.56041
5972,144126,80.739555
5973,144147,106.11184
5974,144175,139.3449
5975,144193,87.37478
5976,144227,167.9552
5977,144248,106.07376
5978,144273,121.89822
5979,144290,80.72985
5980,144322,166.86235
5981,144339,80.40831
5982,144359,96.679016
5983,144382,117.24978
5984,144407,118.217186
5985,144423,75.850685
5986,144440,82.551155
5987,144467,134.14165
5988,144484,80.2149
5989,144501,80.83482
5990,144518,80.528534
5991,144536,87.88634
5992,144561,124.747375
5993,144588,134.76064
5994,144617,146.92226
5995,144640,111.01315
5996,144657,80.66506
5997,144681,117.82229
5998,144708,136.77133
5999,144728,97.65664
6000,144747,91.37613
6001,144773,136.79106
6002,144789,75.83839
6003,144811,105.31546
6004,144848,185.4126
6005,144865,80.32159
6006,144894,144.09308
6007,144916,111.354225
6008,144934,85.18804
6009,144964,147.53394
6010,144984,99.611145
6011,145003,87.759254
6012,145020,80.91525
6013,145043,109.45852
6014,145068,124.650505
6015,145085,81.00952
6016,145113,139.80055
6017,145135,109.702484
6018,145158,117.800255
6019,145196,198.02888
6020,145213,80.54341
6021,145235,106.693954
6022,145252,81.40518
6023,145277,119.69263
6024,145302,122.71429
6025,145321,91.16451
6026,145351,148.69398
6027,145367,75.92269
6028,145386,92.70758
6029,145404,86.12354
6030,145455,268.742
6031,145473,86.830475
6032,145513,206.0971
6033,145558,242.20602
6034,145601,217.90521
6035,145656,288.61322
6036,145719,344.60764
6037,145761,216.57501
6038,145804,219.33752
6039,145850,231.76968
6040,145899,259.7799
6041,145943,223.17316
6042,146002,314.57062
6043,146043,211.11845
6044,146086,223.04767
6045,146136,267.08197
6046,146184,251.31416
6047,146227,218.76154
6048,146277,260.35208
6049,146320,226.37
6050,146365,238.73929
6051,146407,215.49753
6052,146455,254.574
6053,146496,217.82016
6054,146536,208.65195
6055,146589,292.24487
6056,146640,282.4896
6057,146683,223.85918
6058,146726,220.71057
6059,146773,250.91853
6060,146825,277.08405
6061,146865,206.8877
6062,146905,207.86562
6063,146949,228.41237
6064,147001,279.09003
6065,147042,218.35716
6066,147086,232.892
6067,147104,86.27951
6068,147142,192.5519
6069,147193,272.3619
6070,147242,254.5543
6071,147279,191.55489
6072,147320,214.67833
6073,147361,216.2071
6074,147411,267.25812
6075,147462,267.11194
6076,147520,294.4237
6077,147576,279.60132
6078,147622,226.68536
6079,147658,168.67384
6080,147686,128.67258
6081,147711,115.502945
6082,147786,347.17664
6083,147827,192.64938
6084,147871,219.75952
6085,147927,277.0363
6086,147982,275.3523
6087,148039,270.06882
6088,148075,171.79675
6089,148112,172.84882
6090,148156,204.36488
6091,148214,288.58972
6092,148270,275.03308
6093,148324,275.3574
6094,148350,120.52733
6095,148408,303.16382
6096,148467,298.45953
6097,148485,85.658005
6098,148513,129.13486
6099,148551,193.65855
6100,148575,116.95516
6101,148677,496.3008
6102,148724,238.01949
6103,148749,115.18495
6104,148786,183.07344
6105,148801,71.13508
6106,148875,377.30145
6107,148940,328.58618
6108,148990,254.55772
6109,149048,288.48575
6110,149106,293.9884
6111,149181,381.60342
6112,149230,242.0133
6113,149288,267.50674
6114,149322,161.47322
6115,149362,191.77771
6116,149418,258.14615
6117,149487,350.44992
6118,149520,157.91522
6119,149540,97.64004
6120,149585,230.77144
6121,149613,143.3631
6122,149631,85.932076
6123,149648,80.545006
6124,149664,75.69887
6125,149692,129.64911
6126,149716,116.90763
6127,149740,118.16735
6128,149759,92.46307
6129,149788,145.78262
6130,149819,154.3699
6131,149855,181.88196
6132,149878,111.9831
6133,149903,124.510544
6134,149922,92.27092
6135,149952,140.09991
6136,149979,134.517
6137,149998,92.935326
6138,150025,135.00883
6139,150060,174.77779
6140,150080,98.32675
6141,150119,198.27438
6142,150142,112.85164
6143,150180,188.19832
6144,150210,147.66457
6145,150241,152.72539
6146,150271,150.25946
6147,150299,139.58319
6148,150320,103.596924
6149,150342,107.04189
6150,150368,125.8994
6151,150402,166.10384
6152,150441,205.19499
6153,150475,167.21579
6154,150502,132.10687
6155,150527,123.36684
6156,150558,154.16556
6157,150579,102.45316
6158,150606,130.36432
6159,150624,84.91985
6160,150652,137.54663
6161,150688,169.22002
6162,150716,135.32468
6163,150748,156.2574
6164,150786,191.17131
6165,150810,116.924774
6166,150840,144.20412
6167,150865,120.41634
6168,150902,189.63568
6169,150933,145.96306
6170,150968,177.46097
6171,150994,117.065956
6172,151058,307.9353
6173,151092,170.51651
6174,151127,167.5498
6175,151161,166.55714
6176,151178,81.02871
6177,151205,133.71385
6178,151241,174.86087
6179,151285,223.77382
6180,151320,172.64441
6181,151354,172.82327
6182,151389,166.8601
6183,151420,146.95721
6184,151459,200.99403
6185,151490,151.79225
6186,151515,125.36467
6187,151547,153.79408
6188,151586,200.33867
6189,151639,234.40417
6190,151673,165.68207
6191,151726,247.09549
6192,151774,235.83536
6193,151870,480.6111
6194,151913,203.07812
6195,151952,188.08249
6196,151984,151.41302
6197,152018,159.4394
6198,152064,226.9213
6199,152102,174.46269
6200,152157,246.67514
6201,152206,238.33012
6202,152245,181.4674
6203,152280,161.03867
6204,152333,252.54828
6205,152380,232.07356
6206,152439,298.04248
6207,152503,312.56857
6208,152586,393.94254
6209,152655,318.44897
6210,152709,260.84384
6211,152761,259.12778
6212,152806,211.75568
6213,152866,300.12082
6214,152929,282.86783
6215,152976,225.61201
6216,153023,218.73131
6217,153062,187.46236
6218,153100,184.56621
6219,153138,182.7715
6220,153224,440.21384
6221,153274,247.14116
6222,153317,208.10078
6223,153356,186.79065
6224,153414,295.8465
6225,153456,198.32855
6226,153493,183.04932
6227,153551,296.56262
6228,153613,313.5393
6229,153682,368.10645
6230,153730,248.21275
6231,153778,249.26126
6232,153834,283.78424
6233,153880,234.2394
6234,153935,282.56412
6235,153989,258.92105
6236,154033,219.27611
6237,154111,390.81912
6238,154173,301.72586
6239,154221,242.82254
6240,154279,289.843
6241,154322,223.9428
6242,154373,229.23932
6243,154432,307.10016
6244,154465,158.71353
6245,154519,275.47537
6246,154602,427.9344
6247,154656,280.04074
6248,154702,218.81656
6249,154771,359.19238
6250,154834,265.55127
6251,154914,415.35236
6252,154965,259.7134
6253,155003,201.10532
6254,155065,312.88904
6255,155086,103.72535
6256,155141,284.44638
6257,155233,412.37277
6258,155287,283.385
6259,155327,197.88622
6260,155370,192.92712
6261,155438,354.96167
6262,155539,498.8271
6263,155595,296.55566
6264,155653,283.26135
6265,155693,203.17065
6266,155750,287.54617
6267,155799,254.05806
6268,155856,302.72498
6269,155918,309.35797
6270,155973,288.33496
6271,156026,278.55188
6272,156075,270.9663
6273,156120,237.14629
6274,156174,281.5245
6275,156229,299.04578
6276,156286,290.7832
6277,156327,213.9111
6278,156380,289.38214
6279,156436,312.7273
6280,156486,263.04807
6281,156548,334.9031
6282,156593,233.21265
6283,156638,234.80344
6284,156685,238.96877
6285,156731,233.92632
6286,156777,218.01105
6287,156833,288.48233
6288,156882,246.52933
6289,156932,264.34
6290,156975,223.3794
6291,157044,366.7306
6292,157093,241.59634
6293,157134,209.29959
6294,157157,116.33098
6295,157235,401.12668
6296,157281,242.52982
6297,157327,235.16815
6298,157348,104.72126
6299,157399,272.52905
6300,157429,148.6622
6301,157466,181.93416
6302,157488,109.71814
6303,157537,257.13785
6304,157588,249.67863
6305,157607,92.70329
6306,157638,159.8548
6307,157682,219.67249
6308,157732,236.94681
6309,157768,204.07799
6310,157802,168.32623
6311,157848,248.65324
6312,157867,89.273895
6313,157900,186.1832
6314,157948,258.71057
6315,157983,159.31644
6316,158013,143.24911
6317,158055,237.63774
6318,158108,281.8043
6319,158155,258.14066
6320,158194,218.9983
6321,158242,234.18033
6322,158284,211.89685
6323,158307,104.0175
6324,158337,133.92986
6325,158391,288.77502
6326,158432,212.62085
6327,158476,221.6225
6328,158508,157.7112
6329,158550,215.6681
6330,158617,332.97055
6331,158658,194.90533
6332,158701,244.95215
6333,158751,274.5134
6334,158801,277.0537
6335,158848,250.59406
6336,158895,255.3946
6337,158919,108.09252
6338,158950,171.44037
6339,159004,281.76553
6340,159046,237.59705
6341,159103,275.25955
6342,159135,153.14464
6343,159168,147.36009
6344,159188,101.87749
6345,159237,271.6748
6346,159270,149.38762
6347,159289,89.22308
6348,159331,207.26625
6349,159381,274.99625
6350,159413,145.84534
6351,159437,107.989655
6352,159491,259.55908
6353,159530,184.24889
6354,159571,192.62393
6355,159623,248.09816
6356,159660,163.53229
6357,159688,122.3513
6358,159737,259.53644
6359,159774,170.93738
6360,159805,148.35162
6361,159835,142.28984
6362,159872,174.54526
6363,159901,134.55217
6364,159920,87.541824
6365,159951,151.39772
6366,159991,191.61717
6367,160024,158.41411
6368,160057,157.95917
6369,160108,225.59445
6370,160127,86.30071
6371,160154,131.56525
6372,160194,189.38602
6373,160226,150.09474
6374,160268,201.3705
6375,160311,195.61272
6376,160358,234.89163
6377,160397,172.20538
6378,160430,155.42249
6379,160467,176.81812
6380,160511,210.0034
6381,160539,129.66217
6382,160579,183.8571
6383,160604,114.542465
6384,160644,184.26453
6385,160666,103.3297
6386,160701,177.91669
6387,160737,165.7018
6388,160792,260.4782
6389,160826,161.46631
6390,160852,119.90023
6391,160882,139.31767
6392,160913,145.54529
6393,160957,214.13948
6394,160995,179.0755
6395,161026,138.1392
6396,161058,152.28595
6397,161105,232.5463
6398,161163,273.46005
6399,161195,149.76878
6400,161227,144.76942
6401,161278,233.51988
6402,161331,253.39122
6403,161398,335.77808
6404,161432,160.94676
6405,161496,313.8694
6406,161530,156.9144
6407,161575,216.1295
6408,161601,122.088806
6409,161632,147.34703
6410,161700,333.9268
6411,161739,187.58665
6412,161766,127.79851
6413,161876,558.0499
6414,161926,262.28006
6415,161973,249.4556
6416,162032,323.16415
6417,162079,245.58835
6418,162131,265.37592
6419,162178,245.61562
6420,162233,293.82538
6421,162286,281.41214
6422,162331,236.20827
6423,162380,256.20102
6424,162435,289.33966
6425,162481,241.39142
6426,162526,237.43027
6427,162575,264.14453
6428,162628,282.07504
6429,162669,209.4646
6430,162719,267.13132
6431,162768,260.86014
6432,162813,228.20546
6433,162847,167.32588
6434,162892,237.9109
6435,162938,243.05894
6436,162985,239.30235
6437,163036,266.951
6438,163073,189.64288
6439,163120,252.15277
6440,163161,208.94868
6441,163205,227.28995
6442,163252,242.06963
6443,163309,307.0789
6444,163344,177.72363
6445,163395,277.26508
6446,163447,282.17145
6447,163494,245.6256
6448,163537,225.12221
6449,163587,273.57782
6450,163623,184.63408
6451,163668,240.95628
6452,163717,264.07596
6453,163754,185.31851
6454,163790,184.66254
6455,163833,224.08113
6456,163864,154.70909
6457,163889,116.80316
6458,163913,113.70247
6459,163941,130.53749
6460,163972,147.0491
6461,163998,124.2503
6462,164023,118.820305
6463,164051,128.99146
6464,164073,101.25872
6465,164097,115.82435
6466,164125,130.37927
6467,164156,146.45581
6468,164187,146.64691
6469,164212,114.469345
6470,164238,121.36061
6471,164266,129.04883
6472,164292,123.54092
6473,164315,110.98153
6474,164340,118.37599
6475,164367,127.5454
6476,164392,122.18452
6477,164418,120.52239
6478,164445,122.25833
6479,164469,114.4369
6480,164492,110.052444
6481,164518,124.20551
6482,164543,118.60668
6483,164570,125.62922
6484,164594,114.04767
6485,164618,110.42424
6486,164643,118.23292
6487,164674,145.67116
6488,164699,119.77308
6489,164724,120.436775
6490,164749,116.76004
6491,164772,110.60075
6492,164791,91.5414
6493,164817,121.57846
6494,164843,120.87522
6495,164866,106.37705
6496,164900,158.12961
6497,164924,115.58635
6498,164955,144.19264
6499,164978,111.06612
6500,165006,126.87325
6501,165034,130.83275
6502,165061,129.83795
6503,165087,120.8756
6504,165115,127.95695
6505,165141,118.56879
6506,165165,116.21234
6507,165197,151.08354
6508,165225,129.58778
6509,165248,110.79813
6510,165270,106.96957
6511,165295,114.46155
6512,165321,118.11828
6513,165359,180.16623
6514,165385,125.383
6515,165410,115.10997
6516,165436,117.690186
6517,165461,120.58954
6518,165485,114.781494
6519,165511,121.74354
6520,165539,136.10751
6521,165570,147.52647
6522,165600,137.08969
6523,165636,169.7709
6524,165660,110.20425
6525,165685,117.19152
6526,165714,134.42734
6527,165742,129.63026
6528,165764,100.29305
6529,165788,116.170975
6530,165811,111.623886
6531,165843,146.50676
6532,165874,142.83252
6533,165907,156.74544
6534,165929,102.606606
6535,165948,87.3221
6536,165975,122.41244
6537,165997,100.96486
6538,166030,144.114
6539,166049,86.9087
6540,166071,100.15822
6541,166093,99.416466
6542,166113,92.74812
6543,166134,97.15618
6544,166153,88.21014
6545,166187,151.42201
6546,166208,96.24765
6547,166230,101.05515
6548,166257,122.17918
6549,166277,91.2224
6550,166298,96.58103
6551,166320,100.56071
6552,166339,87.43117
6553,166362,104.745735
6554,166384,100.494354
6555,166408,110.20337
6556,166431,104.46323
6557,166455,108.22535
6558,166477,100.31029
6559,166504,122.92346
6560,166523,88.180534
6561,166545,99.0653
6562,166572,122.9801
6563,166594,99.81928
6564,166619,113.376205
6565,166639,92.47053
6566,166661,99.3428
6567,166679,83.11208
6568,166700,96.5079
6569,166721,96.317566
6570,166744,104.53183
6571,166763,87.61394
6572,166799,159.77881
6573,166820,96.76875
6574,166847,122.89463
6575,166867,91.119644
6576,166890,105.77487
6577,166911,96.67091
6578,166934,105.53475
6579,166956,101.18957
6580,166975,88.51698
6581,167000,114.06821
6582,167023,105.56645
6583,167046,104.746735
6584,167067,96.05273
6585,167090,103.91958
6586,167111,96.22732
6587,167136,113.62867
6588,167158,101.52721
6589,167180,100.549934
6590,167202,99.84746
6591,167224,101.89746
6592,167248,110.07896
6593,167283,153.97153
6594,167306,105.589096
6595,167326,92.09098
6596,167345,87.5548
6597,167371,117.09142
6598,167391,92.21507
6599,167413,99.63556
6600,167434,96.38411
6601,167453,88.71146
6602,167476,103.09371
6603,167497,96.76854
6604,167522,114.7249
6605,167548,118.54163
6606,167567,88.07612
6607,167589,100.43992
6608,167611,101.53521
6609,167634,102.91954
6610,167653,87.85637
6611,167673,91.984474
6612,167698,116.84629
6613,167728,132.5117
6614,167750,100.23392
6615,167784,151.46542
6616,167803,87.979034
6617,167823,94.75654
6618,167847,108.58447
6619,167873,118.34549
6620,167896,105.599686
6621,167921,115.02651
6622,167940,88.3622
6623,167958,86.16268
6624,167995,187.12228
6625,168014,93.565
6626,168032,87.67651
6627,168053,106.13213
6628,168071,88.19156
6629,168099,147.55896
6630,168118,93.969666
6631,168135,80.51225
6632,168154,92.22562
6633,168192,192.25159
6634,168230,190.53331
6635,168251,103.38283
6636,168268,82.762245
6637,168287,93.217735
6638,168309,110.74821
6639,168337,142.073
6640,168356,92.83421
6641,168391,178.21721
6642,168409,86.03038
6643,168426,80.88369
6644,168461,183.27565
6645,168478,80.3953
6646,168497,93.25664
6647,168513,75.83988
6648,168530,80.476
6649,168551,103.02493
6650,168582,153.47212
6651,168619,188.95932
6652,168640,103.74811
6653,168671,154.92075
6654,168696,125.75957
6655,168714,87.44712
6656,168740,131.5265
6657,168778,189.89735
6658,168795,82.10987
6659,168813,85.34176
6660,168831,85.59848
6661,168847,76.016205
6662,168865,84.47487
6663,168886,105.241905
6664,168904,85.825584
6665,168931,138.50919
6666,168963,156.17952
6667,168983,99.51442
6668,169014,149.5834
6669,169031,80.746994
6670,169067,185.88629
6671,169102,167.99614
6672,169122,98.03083
6673,169151,144.45749
6674,169184,167.22363
6675,169213,149.58586
6676,169263,263.80716
6677,169281,86.75436
6678,169298,81.38613
6679,169330,157.88461
6680,169368,192.64128
6681,169389,105.05403
6682,169405,75.65178
6683,169425,97.08357
6684,169446,104.64692
6685,169484,184.37576
6686,169510,134.78172
6687,169547,185.08864
6688,169570,112.68883
6689,169608,186.28076
6690,169626,85.55226
6691,169670,233.29504
6692,169692,109.953926
6693,169710,86.42868
6694,169731,103.925934
6695,169759,140.76616
6696,169775,75.75135
6697,169799,121.50414
6698,169834,169.97684
6699,169866,153.44641
6700,169892,134.71466
6701,169926,177.9053
6702,169956,148.13629
6703,169981,126.38869
6704,169997,75.89496
6705,170014,80.471954
6706,170046,164.87372
6707,170063,80.54645
6708,170108,217.79567
6709,170129,96.27264
6710,170162,168.20561
6711,170181,90.01536
6712,170215,151.58113
6713,170248,167.08957
6714,170276,140.44794
6715,170308,162.61348
6716,170343,180.89572
6717,170386,198.30415
6718,170427,209.75095
6719,170460,169.78033
6720,170521,321.3192
6721,170558,194.36156
6722,170581,108.6483
6723,170601,92.9304
6724,170623,104.74773
6725,170641,85.860374
6726,170668,126.10898
6727,170708,207.03464
6728,170733,117.914375
6729,170782,254.77823
6730,170802,95.28962
6731,170821,90.28112
6732,170863,218.90967
6733,170898,178.44649
6734,170926,140.86076
6735,170958,164.04631
6736,170984,125.02778
6737,171017,168.53482
6738,171043,120.03017
6739,171066,108.99289
6740,171084,85.30387
6741,171100,75.70016
6742,171137,189.3169
6743,171169,157.32915
6744,171187,84.96875
6745,171206,90.31686
6746,171222,76.034454
6747,171255,155.09215
6748,171288,167.26877
6749,171314,123.45384
6750,171345,156.92036
6751,171366,99.80864
6752,171385,90.33629
6753,171403,84.372314
6754,171427,114.65581
6755,171461,174.4935
6756,171478,80.612976
6757,171497,90.64523
6758,171517,94.85305
6759,171545,142.66374
6760,171564,89.45272
6761,171582,85.415436
6762,171621,199.37419
6763,171640,90.10206
6764,171669,147.54755
6765,171698,141.98926
6766,171736,188.50963
6767,171753,80.47582
6768,171788,178.72586
6769,171810,107.24286
6770,171840,151.65706
6771,171857,80.67758
6772,171889,160.49536
6773,171914,122.81882
6774,171939,124.580086
6775,171980,208.21652
6776,172008,138.2665
6777,172034,122.17023
6778,172053,82.63227
6779,172075,95.63549
6780,172097,111.06697
6781,172114,81.81401
6782,172132,78.45434
6783,172151,83.4558
6784,172168,77.58878
6785,172185,80.10773
6786,172203,78.86862
6787,172221,79.98606
6788,172237,75.80324
6789,172272,180.12616
6790,172289,75.568214
6791,172306,81.18593
6792,172325,82.16225
6793,172341,75.68302
6794,172357,75.69987
6795,172382,104.146225
6796,172399,80.50263
6797,172418,82.939766
6798,172435,81.285
6799,172452,75.76431
6800,172468,75.97635
6801,172489,104.66467
6802,172505,75.832726
6803,172521,75.670166
6804,172536,71.20719
6805,172552,75.59042
6806,172568,75.707275
6807,172587,94.53882
6808,172603,75.86
6809,172632,146.03485
6810,172648,73.243576
6811,172665,80.553925
6812,172680,71.19834
6813,172697,80.68096
6814,172714,80.61441
6815,172750,186.10307
6816,172771,100.469894
6817,172787,75.11418
6818,172803,75.62981
6819,172825,96.29979
6820,172840,71.06515
6821,172871,132.64763
6822,172888,81.30628
6823,172922,149.35687
6824,172939,81.26954
6825,172957,80.26188
6826,172992,179.29999
6827,173008,75.93583
6828,173026,84.48031
6829,173043,81.911354
6830,173077,174.36157
6831,173093,75.0791
6832,173108,71.358475
6833,173130,92.82614
6834,173164,179.80519
6835,173181,81.26927
6836,173210,147.95279
6837,173226,75.938644
6838,173245,91.42234
6839,173282,186.65578
6840,173299,76.08241
6841,173317,86.15099
6842,173333,75.79335
6843,173351,78.11706
6844,173368,81.09498
6845,173383,71.015495
6846,173419,179.54955
6847,173435,76.0714
6848,173452,75.91679
6849,173468,75.748116
6850,173503,182.3932
6851,173519,75.813515
6852,173534,71.17541
6853,173550,75.486435
6854,173567,76.58865
6855,173583,75.94171
6856,173599,75.83087
6857,173616,80.40275
6858,173645,128.11179
6859,173666,88.93943
6860,173683,75.92912
6861,173699,73.61563
6862,173716,80.557495
6863,173732,75.310234
6864,173754,110.899994
6865,173780,108.17382
6866,173814,177.86116
6867,173830,76.09668
6868,173845,71.0884
6869,173879,168.3187
6870,173895,75.9388
6871,173917,105.87643
6872,173946,145.16333
6873,173965,83.1635
6874,173991,131.12584
6875,174015,102.9701
6876,174042,136.27338
6877,174057,71.2514
6878,174073,75.94937
6879,174098,118.00623
6880,174138,219.42819
6881,174190,235.27988
6882,174257,321.46326
6883,174291,164.67464
6884,174325,161.69464
6885,174366,193.5855
6886,174443,337.11267
6887,174511,356.63965
6888,174566,243.57495
6889,174611,205.17195
6890,174659,228.99565
6891,174715,248.46637
6892,174748,155.47496
6893,174807,267.19852
6894,174834,130.62082
6895,174851,80.77902
6896,174902,223.0704
6897,174923,101.3581
6898,174950,130.20912
6899,174995,217.87534
6900,175044,208.51935
6901,175079,164.80788
6902,175126,209.08307
6903,175155,139.18697
6904,175223,317.5782
6905,175267,199.06535
6906,175298,146.96895
6907,175360,279.6582
6908,175408,227.43422
6909,175441,156.61888
6910,175490,216.54198
6911,175525,165.90839
6912,175558,160.90172
6913,175594,168.68442
6914,175621,130.2339
6915,175657,164.38565
6916,175708,223.52467
6917,175759,235.55072
6918,175805,206.84792
6919,175849,196.87643
6920,175916,317.42636
6921,175947,149.48042
6922,175972,123.33999
6923,176023,229.02931
6924,176046,113.51009
6925,176085,190.09448
6926,176115,143.49408
6927,176153,184.8825
6928,176187,165.20833
6929,176204,80.51945
6930,176240,172.94008
6931,176256,75.64017
6932,176280,116.05279
6933,176299,91.993515
6934,176332,156.24405
6935,176369,181.53603
6936,176385,75.9713
6937,176402,81.90295
6938,176427,120.38447
6939,176453,124.30435
6940,176492,193.76088
6941,176526,160.5217
6942,176552,125.740906
6943,176585,159.4251
6944,176602,80.703674
6945,176653,244.75797
6946,176693,188.20259
6947,176714,102.29325
6948,176744,143.11562
6949,176773,137.6683
6950,176794,103.08588
6951,176822,132.0518
6952,176842,96.48642
6953,176865,114.594
6954,176901,170.07979
6955,176929,136.07568
6956,176972,204.17912
6957,177016,211.39465
6958,177042,127.77757
6959,177091,234.4273
6960,177107,75.987
6961,177142,169.51495
6962,177158,75.646965
6963,177194,172.84262
6964,177215,101.22829
6965,177257,205.77727
6966,177285,140.1895
6967,177317,155.10455
6968,177370,262.48868
6969,177402,158.6325
6970,177437,178.02708
6971,177476,189.39711
6972,177500,117.21014
6973,177534,165.3182
6974,177567,163.0583
6975,177584,80.512634
6976,177602,85.74675
6977,177619,80.6467
6978,177651,153.0766
6979,177678,126.73621
6980,177695,80.455475
6981,177727,155.10194
6982,177745,86.19313
6983,177773,135.58861
6984,177804,149.39148
6985,177823,92.894936
6986,177852,138.9713
6987,177897,220.1625
6988,177942,220.4169
6989,177988,227.51411
6990,178027,185.61787
6991,178051,116.88267
6992,178087,178.63252
6993,178107,94.33476
6994,178123,75.771515
6995,178154,150.54279
6996,178172,85.067345
6997,178222,242.14067
6998,178254,145.07054
6999,178287,148.51926
7000,178311,108.02271
7001,178332,96.53239
7002,178365,147.07753
7003,178385,90.523125
7004,178414,129.154
7005,178444,136.85329
7006,178488,193.72684
7007,178525,166.85014
7008,178552,122.48684
7009,178580,125.822136
7010,178607,122.45114
7011,178634,121.27862
7012,178670,158.60721
7013,178700,134.75932
7014,178730,134.19928
7015,178759,127.642845
7016,178782,102.79457
7017,178813,140.09128
7018,178843,133.79991
7019,178872,130.51181
7020,178897,112.49517
7021,178928,137.46486
7022,178956,125.767456
7023,178987,139.43399
7024,179016,130.6529
7025,179042,118.33214
7026,179066,109.689865
7027,179102,159.8679
7028,179140,171.78732
7029,179164,109.14333
7030,179190,119.02249
7031,179216,117.34046
7032,179237,96.78893
7033,179262,111.09904
7034,179285,104.98254
7035,179310,113.18739
7036,179336,116.13752
7037,179367,138.08719
7038,179400,147.75905
7039,179423,103.116325
7040,179454,138.2617
7041,179476,98.603325
7042,179500,108.16641
7043,179521,95.03387
7044,179543,100.20255
7045,179570,123.4917
7046,179598,124.785835
7047,179622,108.119965
7048,179650,126.26514
7049,179684,154.02573
7050,179710,116.69529
7051,179739,129.2313
7052,179768,129.7288
7053,179793,112.06186
7054,179824,137.40706
7055,179851,121.51717
7056,179878,122.27877
7057,179906,125.70064
7058,179935,128.45702
7059,179965,132.84268
7060,179997,141.27324
7061,180036,174.45312
7062,180062,116.77216
7063,180092,134.2406
7064,180121,132.20955
7065,180147,117.82054
7066,180171,108.817986
7067,180203,142.79355
7068,180250,209.9404
7069,180280,149.73332
7070,180314,174.79153
7071,180348,166.94911
7072,180380,162.51482
7073,180409,141.02719
7074,180435,130.0742
7075,180468,167.0086
7076,180485,81.11953
7077,180515,146.4967
7078,180543,135.1732
7079,180576,160.73131
7080,180610,169.44398
7081,180640,148.323
7082,180684,237.21959
7083,180714,149.30853
7084,180745,155.46472
7085,180778,162.19157
7086,180810,158.32553
7087,180836,129.92535
7088,180871,176.36139
7089,180900,141.9764
7090,180938,194.67798
7091,180967,143.30983
7092,180998,150.89188
7093,181027,136.94395
7094,181066,194.35359
7095,181102,179.69547
7096,181139,184.37964
7097,181167,139.41724
7098,181198,153.99869
7099,181235,188.12505
7100,181266,148.74118
7101,181299,162.33778
7102,181328,135.44502
7103,181367,197.92804
7104,181396,138.75606
7105,181428,155.48895
7106,181465,184.04831
7107,181500,170.946
7108,181530,144.7461
7109,181563,162.14113
7110,181596,162.60858
7111,181627,150.45662
7112,181663,176.6263
7113,181684,104.12922
7114,181721,190.32405
7115,181754,163.64214
7116,181784,146.06963
7117,181816,158.77228
7118,181853,191.31325
7119,181884,150.42813
7120,181913,145.80374
7121,181942,141.70583
7122,181975,160.85168
7123,182006,158.13652
7124,182047,209.62848
7125,182080,168.88393
7126,182112,164.34373
7127,182128,76.12969
7128,182164,177.42816
7129,182199,175.11252
7130,182230,152.7323
7131,182270,204.14417
7132,182286,75.970375
7133,182315,134.56018
7134,182333,84.03144
7135,182359,136.27586
7136,182383,109.566444
7137,182416,167.48602
7138,182448,156.57764
7139,182486,187.93878
7140,182520,169.75699
7141,182552,154.44586
7142,182584,150.48091
7143,182602,81.53169
7144,182618,75.80253
7145,182647,137.18427
7146,182664,79.37269
7147,182683,85.709045
7148,182701,83.722755
7149,182717,75.83542
7150,182734,80.26595
7151,182766,155.42497
7152,182782,75.77866
7153,182803,101.64909
7154,182823,94.027
7155,182848,131.83145
7156,182882,169.63582
7157,182901,85.72878
7158,182923,112.60628
7159,182942,86.04717
7160,182974,155.45348
7161,182993,88.49047
7162,183014,96.91925
7163,183034,98.44014
7164,183065,153.1472
7165,183086,93.283325
7166,183103,80.498795
7167,183130,127.02414
7168,183145,71.301865
7169,183169,122.05281
7170,183190,94.89866
7171,183206,75.73409
7172,183226,97.01063
7173,183254,135.09814
7174,183275,97.86461
7175,183303,140.06883
7176,183333,139.36401
7177,183351,83.04249
7178,183369,84.61482
7179,183386,80.57038
7180,183412,120.291466
7181,183432,95.96123
7182,183460,134.18056
7183,183486,125.7396
7184,183524,188.81148
7185,183553,132.927
7186,183581,132.06174
7187,183598,80.404816
7188,183630,156.81963
7189,183658,145.98639
7190,183691,163.98805
7191,183720,143.81352
7192,183738,84.702
7193,183769,143.29529
7194,183798,127.86001
7195,183825,125.53685
7196,183843,82.92007
7197,183861,85.33123
7198,183888,126.58201
7199,183906,87.91003
7200,183924,85.16494
7201,183942,84.3108
7202,183969,140.40262
7203,183990,107.23889
7204,184016,133.30124
7205,184032,75.84773
7206,184057,120.15431
7207,184086,133.67154
7208,184107,93.60772
7209,184123,75.95855
7210,184146,121.048065
7211,184162,75.99984
7212,184186,112.211205
7213,184219,158.37103
7214,184244,122.17124
7215,184261,80.47501
7216,184280,87.00949
7217,184302,104.468254
7218,184322,89.108086
7219,184363,204.02916
7220,184409,242.73114
7221,184481,379.2779
7222,184535,250.5354
7223,184601,357.07593
7224,184678,369.66736
7225,184761,416.15625
7226,184858,458.0883
7227,184915,314.0605
7228,184969,250.26913
7229,185035,307.6215
7230,185081,246.79523
7231,185164,437.2332
7232,185252,458.32376
7233,185312,315.72202
7234,185386,378.49414
7235,185464,402.83102
7236,185526,324.04208
7237,185569,206.92139
7238,185626,279.52356
7239,185689,333.3823
7240,185749,315.41385
7241,185826,350.6376
7242,185902,398.1513
7243,185949,252.48701
7244,186009,309.22418
7245,186071,328.9888
7246,186134,331.2259
7247,186191,304.39728
7248,186232,219.76443
7249,186293,321.09824
7250,186350,287.24246
7251,186418,322.56946
7252,186464,236.51736
7253,186513,259.46954
7254,186560,236.59691
7255,186606,224.50243
7256,186639,157.72809
7257,186685,228.43776
7258,186721,170.29832
7259,186767,236.76706
7260,186798,146.56357
7261,186845,232.8563
7262,186877,152.01135
7263,186931,281.13623
7264,186964,158.42662
7265,186999,169.6904
7266,187029,142.68742
7267,187058,137.37314
7268,187090,151.57828
7269,187140,255.02164
7270,187191,260.01447
7271,187240,248.53383
7272,187281,200.6449
7273,187311,145.54265
7274,187346,168.51663
7275,187381,174.09132
7276,187421,198.5302
7277,187460,192.02184
7278,187485,118.1703
7279,187515,136.80101
7280,187555,199.6786
7281,187585,140.02939
7282,187639,286.96844
7283,187683,231.8893
7284,187715,152.06438
7285,187747,151.43373
7286,187785,186.94398
7287,187817,162.81943
7288,187848,146.13844
7289,187879,152.66194
7290,187918,199.18378
7291,187960,208.01733
7292,187992,148.60208
7293,188025,159.50478
7294,188061,172.84737
7295,188090,140.63675
7296,188125,168.4922
7297,188167,209.28397
7298,188198,149.4155
7299,188233,173.0747
7300,188273,199.08257
7301,188306,157.29819
7302,188351,224.03378
7303,188405,249.64597
7304,188457,270.7011
7305,188504,250.58368
7306,188550,243.97198
7307,188568,86.5851
7308,188626,305.49173
7309,188642,75.85911
7310,188685,218.28351
7311,188725,196.01176
7312,188788,313.9649
7313,188832,230.20218
7314,188882,251.80113
7315,188916,170.45557
7316,188933,80.35375
7317,188993,307.431
7318,189042,254.21938
7319,189059,82.160225
7320,189108,264.6619
7321,189169,322.4472
7322,189188,93.9442
7323,189231,229.94067
7324,189277,234.08376
7325,189327,264.1072
7326,189344,80.56288
7327,189386,213.00496
7328,189429,221.67546
7329,189463,178.21704
7330,189507,231.87714
7331,189559,272.42648
7332,189604,238.04176
7333,189622,87.35501
7334,189662,200.39622
7335,189720,317.97128
7336,189736,75.81892
7337,189787,260.32114
7338,189859,390.6213
7339,189893,173.02225
7340,189935,226.82684
7341,189952,81.19684
7342,190013,326.00446
7343,190058,237.11754
7344,190077,93.45882
7345,190131,283.75348
7346,190150,93.2665
7347,190171,104.079475
7348,190188,80.254005
7349,190225,188.86755
7350,190242,80.68873
7351,190298,295.19913
7352,190365,341.5729
7353,190419,288.7718
7354,190456,184.09012
7355,190496,202.9541
7356,190546,266.66544
7357,190592,245.00316
7358,190632,210.33113
7359,190667,177.31293
7360,190719,291.87375
7361,190757,190.27829
7362,190806,258.6305
7363,190847,215.31157
7364,190896,266.56815
7365,190938,213.50243
7366,190986,250.49097
7367,191028,213.28365
7368,191076,259.52472
7369,191113,186.7412
7370,191152,197.87778
7371,191223,384.81796
7372,191267,226.86308
7373,191313,241.86395
7374,191347,171.57184
7375,191394,249.53906
7376,191434,208.00284
7377,191483,275.65286
7378,191530,247.686
7379,191568,190.18535
7380,191625,308.88278
7381,191674,261.7649
7382,191717,221.78506
7383,191756,198.50983
7384,191801,238.35612
7385,191851,263.41525
7386,191886,176.311
7387,191928,221.01192
7388,191971,225.18959
7389,192010,195.27895
7390,192059,262.0627
7391,192095,182.30899
7392,192140,238.0095
7393,192190,267.87497
7394,192230,199.80333
7395,192276,246.71968
7396,192327,278.0444
7397,192376,263.6473
7398,192424,257.02005
7399,192462,191.16725
7400,192503,209.48602
7401,192538,180.46861
7402,192561,112.283966
7403,192578,81.66738
7404,192611,169.3576
7405,192629,88.906845
7406,192645,75.92838
7407,192662,80.77808
7408,192683,105.480286
7409,192701,87.447784
7410,192722,105.179695
7411,192743,104.9643
7412,192762,94.16966
7413,192784,108.15589
7414,192802,87.90077
7415,192820,89.265884
7416,192844,120.098755
7417,192864,98.34375
7418,192890,132.95473
7419,192907,80.446884
7420,192924,80.39569
7421,192958,173.15579
7422,192978,98.814766
7423,192994,75.87485
7424,193011,80.59407
7425,193031,98.23947
7426,193048,81.899635
7427,193064,75.734
7428,193097,169.2743
7429,193123,130.70738
7430,193140,80.60054
7431,193158,86.707184
7432,193176,87.172554
7433,193193,81.87923
7434,193213,99.94355
7435,193232,92.45832
7436,193248,75.81275
7437,193264,75.70118
7438,193282,87.86808
7439,193301,92.87599
7440,193317,75.76316
7441,193334,81.549675
7442,193354,96.638794
7443,193372,87.62139
7444,193391,93.96425
7445,193413,109.85472
7446,193432,95.29544
7447,193450,86.24401
7448,193467,80.938416
7449,193482,71.24825
7450,193500,89.11002
7451,193524,119.35811
7452,193546,110.744064
7453,193578,159.21045
7454,193594,75.7266
7455,193621,138.41757
7456,193640,93.30865
7457,193658,89.62976
7458,193678,99.19927
7459,193698,98.45637
7460,193718,99.70124
7461,193742,119.987724
7462,193770,142.01662
7463,193795,125.74116
7464,193814,91.60424
7465,193831,80.719124
7466,193850,92.88699
7467,193869,94.23255
7468,193888,92.27879
7469,193907,94.37549
7470,193944,174.1776
7471,193964,101.062805
7472,193982,86.924576
7473,194000,87.84253
7474,194022,107.986305
7475,194041,95.24116
7476,194061,99.51199
7477,194080,94.129654
7478,194097,82.81886
7479,194114,80.51879
7480,194131,80.628174
7481,194148,81.26883
7482,194175,134.8698
7483,194215,197.55702
7484,194231,75.90258
7485,194251,100.45094
7486,194276,123.820404
7487,194306,156.12878
7488,194324,88.13412
7489,194342,87.32074
7490,194361,92.94797
7491,194392,160.70815
7492,194408,75.65896
7493,194432,119.85511
7494,194449,80.85715
7495,194470,106.22858
7496,194492,109.08393
7497,194521,137.09637
7498,194540,93.25259
7499,194558,88.673836
7500,194603,207.90237
7501,194635,157.15521
7502,194695,305.20908
7503,194738,218.70055
7504,194767,134.18924
7505,194795,131.101
7506,194833,191.50429
7507,194864,148.31992
7508,194893,137.3145
7509,194938,225.21758
7510,194968,136.12901
7511,195014,233.15335
7512,195044,142.13884
7513,195090,227.27347
7514,195134,227.65495
7515,195180,228.92082
7516,195210,144.46014
7517,195242,153.34076
7518,195271,135.2076
7519,195299,129.75206
7520,195353,271.28143
7521,195384,146.88776
7522,195416,141.15659
7523,195445,132.11485
7524,195478,155.56001
7525,195519,202.86096
7526,195567,239.32242
7527,195603,181.91222
7528,195637,156.18074
7529,195683,235.12877
7530,195728,229.45148
7531,195763,184.00728
7532,195805,210.7411
7533,195841,177.73045
7534,195877,175.639
7535,195902,116.56646
7536,195946,214.41673
7537,195976,145.22768
7538,196008,150.21054
7539,196042,154.74034
7540,196081,186.82903
7541,196126,225.74854
7542,196176,242.64148
7543,196217,191.40126
7544,196259,206.82654
7545,196309,255.75302
7546,196344,178.46574
7547,196374,140.10515
7548,196413,191.45073
7549,196443,136.68254
7550,196474,144.90306
7551,196502,129.82326
7552,196538,172.97609
7553,196570,163.70815
7554,196598,127.93639
7555,196642,190.16364
7556,196665,113.83446
7557,196681,75.94124
7558,196701,98.90665
7559,196725,120.33702
7560,196740,70.97337
7561,196757,80.38518
7562,196781,120.009895
7563,196806,125.6872
7564,196822,75.78953
7565,196838,75.5564
7566,196862,120.36441
7567,196887,126.352554
7568,196911,119.81729
7569,196927,75.80251
7570,196949,109.93956
7571,196966,80.9047
7572,196982,75.6783
7573,196998,76.02273
7574,197022,119.947685
7575,197047,126.87063
7576,197063,75.89651
7577,197086,114.383095
7578,197102,75.77293
7579,197120,86.97713
7580,197136,75.67364
7581,197163,135.9877
7582,197187,120.59259
7583,197203,75.90491
7584,197220,80.39378
7585,197236,75.777
7586,197252,75.674034
7587,197277,125.14293
7588,197301,120.612656
7589,197325,122.198845
7590,197341,76.242165
7591,197364,114.404366
7592,197385,104.02901
7593,197407,110.377014
7594,197432,126.42287
7595,197449,81.05105
7596,197464,70.93244
7597,197488,122.01371
7598,197504,75.856575
7599,197528,119.45364
7600,197544,75.60449
7601,197564,98.174065
7602,197580,75.78675
7603,197604,119.60279
7604,197628,120.92349
7605,197651,115.57275
7606,197674,114.027596
7607,197690,75.573746
7608,197705,71.12131
7609,197730,125.723885
7610,197754,119.6373
7611,197773,92.37695
7612,197789,76.05777
7613,197809,98.80232
7614,197826,80.754456
7615,197841,71.05029
7616,197866,126.0992
7617,197882,75.90145
7618,197898,75.68367
7619,197915,81.62845
7620,197931,75.93967
7621,197947,75.94602
7622,197972,125.50034
7623,197988,75.98176
7624,198004,75.89073
7625,198028,121.98381
7626,198052,120.61808
7627,198068,75.845314
7628,198106,190.93382
7629,198131,127.52275
7630,198147,75.682594
7631,198163,75.697296
7632,198182,93.60469
7633,198198,75.8273
7634,198214,75.708046
7635,198230,75.97989
7636,198247,80.98783
7637,198263,76.28896
7638,198279,75.745705
7639,198296,80.67871
7640,198313,80.6874
7641,198341,142.60889
7642,198358,80.62156
7643,198374,76.04461
7644,198400,131.44522
7645,198416,75.92829
7646,198432,75.98904
7647,198456,120.777
7648,198472,76.80912
7649,198488,75.57599
7650,198504,75.72307
7651,198528,119.7901
7652,198553,125.541954
7653,198569,75.67312
7654,198585,75.750275
7655,198600,71.09476
7656,198625,126.16564
7657,198646,104.32066
7658,198694,246.81407
7659,198760,361.77567
7660,198846,425.43573
7661,198950,502.726
7662,199061,508.36172
7663,199129,334.96307
7664,199181,268.8434
7665,199236,279.54996
7666,199302,322.82062
7667,199391,393.0226
7668,199449,293.03143
7669,199528,397.92276
7670,199622,480.49216
7671,199691,298.2146
7672,199777,442.86105
7673,199856,365.72083
7674,199931,384.7244
7675,200004,315.97476
7676,200102,491.08597
7677,200197,486.96045
7678,200297,459.00632
7679,200372,363.66226
7680,200454,423.43344
7681,200519,311.43802
7682,200600,415.0218
7683,200649,240.12614
7684,200701,254.56174
7685,200722,107.63549
7686,200753,148.62114
7687,200774,102.08639
7688,200797,118.891235
7689,200824,141.65694
7690,200851,130.84525
7691,200872,106.47068
7692,200898,135.54077
7693,200919,106.498665
7694,200944,132.3719
7695,200966,112.67658
7696,200988,110.857025
7697,201011,118.374565
7698,201042,159.16283
7699,201062,100.4878
7700,201090,149.27754
7701,201113,120.89901
7702,201143,159.36612
7703,201163,100.47604
7704,201187,126.458115
7705,201212,133.48648
7706,201229,81.04299
7707,201247,85.03931
7708,201273,142.88069
7709,201295,113.00795
7710,201312,80.347275
7711,201335,120.255936
7712,201359,126.373146
7713,201380,106.288925
7714,201399,93.625916
7715,201416,79.332214
7716,201439,119.84109
7717,201462,118.46133
7718,201482,99.70475
7719,201503,107.20771
7720,201525,111.96831
7721,201549,121.69117
7722,201571,113.29001
7723,201597,119.660416
7724,201618,99.85546
7725,201637,93.84351
7726,201659,112.94344
7727,201684,129.50986
7728,201704,100.54833
7729,201726,112.338264
7730,201746,99.61043
7731,201766,100.3439
7732,201786,100.49018
7733,201813,135.44153
7734,201835,113.46867
7735,201856,101.40787
7736,201874,88.192955
7737,201892,85.58378
7738,201913,107.092545
7739,201934,104.51686
7740,201956,112.23805
7741,201982,141.1919
7742,202000,86.09285
7743,202025,129.76375
7744,202045,99.822426
7745,202068,120.98467
7746,202088,99.86263
7747,202111,119.541725
7748,202136,127.39593
7749,202163,132.21141
7750,202183,101.343994
7751,202207,122.06755
7752,202229,115.35352
7753,202251,111.46476
7754,202275,127.1817
7755,202296,106.25302
7756,202323,138.7598
7757,202343,100.63548
7758,202366,120.42762
7759,202391,130.86145
7760,202413,112.06534
7761,202434,107.033165
7762,202461,130.28062
7763,202481,100.072075
7764,202503,111.81231
7765,202524,104.45405
7766,202553,140.11111
7767,202577,120.70959
7768,202598,106.75869
7769,202623,134.04745
7770,202645,111.751595
7771,202670,136.91989
7772,202690,100.63796
7773,202713,119.03227
7774,202733,101.133316
7775,202751,88.701065
7776,202822,359.92377
7777,202863,193.09254
7778,202907,223.63672
7779,202958,269.76474
7780,203007,237.39328
7781,203048,201.11075
7782,203094,241.30147
7783,203137,210.69325
7784,203185,251.58858
7785,203227,203.2596
7786,203283,281.44052
7787,203325,208.80067
7788,203448,621.0147
7789,203487,186.40923
7790,203531,210.29193
7791,203577,220.7247
7792,203629,266.63303
7793,203674,241.1998
7794,203716,201.06963
7795,203752,168.93416
7796,203799,226.5848
7797,203861,329.48257
7798,203903,194.47592
7799,203954,255.96263
7800,204005,251.43834
7801,204041,166.88472
7802,204093,252.30847
7803,204139,216.40549
7804,204177,177.54659
7805,204219,198.00575
7806,204263,210.89941
7807,204302,192.11432
7808,204345,210.25293
7809,204395,256.2268
7810,204438,214.15509
7811,204486,238.54997
7812,204517,149.35445
7813,204567,232.1923
7814,204619,250.54628
7815,204665,219.52745
7816,204712,217.37624
7817,204749,172.77615
7818,204786,175.30215
7819,204826,194.04994
7820,204866,193.0131
7821,204928,337.44855
7822,204980,245.45532
7823,205023,217.14816
7824,205066,212.29254
7825,205117,246.47366
7826,205162,221.75082
7827,205211,224.80092
7828,205262,266.92233
7829,205331,364.1373
7830,205379,224.30112
7831,205417,185.46971
7832,205458,189.63168
7833,205500,210.1061
7834,205565,329.14557
7835,205624,302.7582
7836,205671,231.86142
7837,205724,293.7429
7838,205779,271.12857
7839,205817,194.6327
7840,205872,281.70135
7841,205917,239.51747
7842,205966,254.98738
7843,206015,237.75223
7844,206063,247.12456
7845,206096,166.9752
7846,206136,203.86774
7847,206173,179.08868
7848,206208,178.48251
7849,206255,252.47578
7850,206336,412.28146
7851,206398,293.59744
7852,206437,195.64745
7853,206493,285.9722
7854,206534,201.8969
7855,206590,289.69348
7856,206647,288.44418
7857,206695,233.31233
7858,206746,254.33012
7859,206789,210.78304
7860,206826,164.21117
7861,206866,192.38162
7862,206924,302.37744
7863,206961,186.22743
7864,207016,286.19592
7865,207072,289.6407
7866,207115,213.66682
7867,207167,265.91382
7868,207210,218.98167
7869,207268,282.97653
7870,207321,264.2551
7871,207372,254.90364
7872,207419,235.1341
7873,207515,459.5796
7874,207566,263.778
7875,207628,319.24167
7876,207672,214.88708
7877,207730,295.44284
7878,207791,315.71695
7879,207836,238.10855
7880,207871,174.20203
7881,207926,244.4399
7882,207975,225.32648
7883,208020,230.76791
7884,208066,231.86232
7885,208135,358.70554
7886,208185,248.71416
7887,208219,165.12842
7888,208266,247.69632
7889,208305,197.71928
7890,208347,203.80383
7891,208391,231.03186
7892,208452,280.4541
7893,208493,204.00688
7894,208547,259.0298
7895,208600,262.75992
7896,208687,458.464
7897,208744,284.08124
7898,208780,178.74324
7899,208822,207.83412
7900,208865,217.22153
7901,208932,321.36252
7902,208971,192.55853
7903,209003,160.33853
7904,209052,259.75757
7905,209068,75.88438
7906,209086,85.924126
7907,209105,92.34137
7908,209134,141.36734
7909,209173,203.99689
7910,209190,80.865616
7911,209208,85.87006
7912,209227,92.365166
7913,209251,121.67571
7914,209268,80.311615
7915,209305,176.37306
7916,209321,75.91964
7917,209338,80.59272
7918,209355,80.86942
7919,209385,156.53595
7920,209419,166.26825
7921,209437,86.0488
7922,209455,85.562454
7923,209472,80.572784
7924,209492,98.924446
7925,209511,91.90264
7926,209529,85.92462
7927,209569,205.39938
7928,209594,124.43544
7929,209611,81.08313
7930,209646,179.64175
7931,209664,86.49574
7932,209686,109.88556
7933,209706,98.02065
7934,209725,92.08345
7935,209756,152.89963
7936,209772,75.7904
7937,209789,80.74679
7938,209841,270.5243
7939,209858,80.56525
7940,209879,104.575096
7941,209896,80.689705
7942,209913,80.927246
7943,209944,161.42322
7944,209962,85.872
7945,209979,80.70786
7946,210002,113.93485
7947,210021,91.77478
7948,210048,134.75066
7949,210070,106.91638
7950,210089,91.475685
7951,210105,75.80972
7952,210121,75.6444
7953,210140,92.71253
7954,210175,179.36436
7955,210220,232.93025
7956,210246,127.0757
7957,210262,75.76458
7958,210278,75.8651
7959,210310,159.8131
7960,210326,75.9069
7961,210343,80.79195
7962,210362,90.39753
7963,210388,129.86847
7964,210405,80.71569
7965,210421,75.76637
7966,210440,91.67413
7967,210458,86.057755
7968,210476,86.00847
7969,210528,274.92825
7970,210553,120.272835
7971,210571,86.02228
7972,210589,85.97643
7973,210606,80.75436
7974,210622,75.89638
7975,210638,76.00776
7976,210656,85.38275
7977,210673,80.522156
7978,210689,75.99842
7979,210705,75.76636
7980,210746,200.2725
7981,210793,253.53903
7982,210846,267.38632
7983,210864,85.54721
7984,210880,75.79768
7985,210899,91.987144
7986,210916,80.97076
7987,210932,75.63869
7988,210971,214.10246
7989,210996,129.39049
7990,211019,117.97957
7991,211043,123.61269
7992,211064,104.42129
7993,211090,132.21451
7994,211109,92.14842
7995,211139,155.70378
7996,211159,100.659386
7997,211181,113.61953
7998,211203,110.69535
7999,211224,103.31283
8000,211247,117.4605
8001,211269,111.47123
8002,211285,75.81984
8003,211302,82.36229
8004,211320,84.9498
8005,211337,80.46327
8006,211354,80.56708
8007,211379,127.591064
8008,211404,123.33705
8009,211424,99.960785
8010,211441,80.6809
8011,211459,87.31712
8012,211480,105.54644
8013,211508,146.27408
8014,211524,75.51048
8015,211548,122.71888
8016,211577,147.80394
8017,211600,117.54613
8018,211616,75.62216
8019,211633,81.07652
8020,211655,111.912704
8021,211671,76.00953
8022,211694,118.012146
8023,211724,158.14758
8024,211742,88.55865
8025,211766,121.71567
8026,211792,132.50005
8027,211809,82.46652
8028,211832,118.02616
8029,211851,93.80803
8030,211876,127.069115
8031,211896,99.50026
8032,211916,98.04788
8033,211943,136.80746
8034,211969,133.03064
8035,211985,76.94239
8036,212004,87.05218
8037,212025,106.27682
8038,212050,128.1801
8039,212078,147.0581
8040,212100,112.686775
8041,212126,131.41376
8042,212142,75.82769
8043,212160,88.19055
8044,212183,110.959724
8045,212212,153.9397
8046,212236,124.15808
8047,212257,102.53829
8048,212291,160.06798
8049,212313,113.18474
8050,212328,71.06475
8051,212348,99.62348
8052,212373,127.380554
8053,212394,107.756836
8054,212411,80.37883
8055,212435,121.233795
8056,212455,99.63508
8057,212477,111.84542
8058,212505,147.87955
8059,212525,99.63811
8060,212548,115.89801
8061,212572,121.40496
8062,212593,107.0657
8063,212613,101.41642
8064,212630,81.442085
8065,212656,135.0671
8066,212685,152.63922
8067,212703,84.74709
8068,212727,123.39453
8069,212756,152.34077
8070,212776,100.60564
8071,212797,106.151085
8072,212818,105.318504
8073,212844,132.69812
8074,212865,105.36321
8075,212892,130.45601
8076,212908,75.75693
8077,212931,117.95369
8078,212953,111.40607
8079,212969,75.617096
8080,212985,75.85288
8081,213011,132.88889
8082,213033,114.244606
8083,213058,128.54561
8084,213082,124.637
8085,213102,93.39046
8086,213131,145.87741
8087,213155,124.2078
8088,213179,124.43702
8089,213203,123.50354
8090,213227,125.19767
8091,213246,94.06788
8092,213263,81.76475
8093,213288,130.68016
8094,213312,124.69765
8095,213329,80.759766
8096,213354,128.88371
8097,213370,76.01865
8098,213396,131.48285
8099,213412,75.74419
8100,213434,113.09586
8101,213457,110.83186
8102,213483,134.13785
8103,213504,107.52271
8104,213531,139.93526
8105,213553,113.64841
8106,213580,141.6353
8107,213599,94.775276
8108,213619,96.79738
8109,213646,140.7404
8110,213671,124.5104
8111,213695,125.461464
8112,213718,121.07293
8113,213741,118.98304
8114,213767,135.27701
8115,213790,118.36906
8116,213819,150.90659
8117,213844,133.1926
8118,213862,85.77484
8119,213890,149.96973
8120,213922,170.40985
8121,213945,120.44533
8122,213969,124.194046
8123,213992,119.448975
8124,214019,141.97061
8125,214047,148.7488
8126,214068,106.17721
8127,214094,136.73749
8128,214121,133.51848
8129,214144,121.022964
8130,214172,146.82652
8131,214193,108.58974
8132,214215,113.231575
8133,214241,137.93184
8134,214267,135.73373
8135,214290,119.55335
8136,214310,101.409966
8137,214338,148.28827
8138,214362,125.867134
8139,214388,135.31357
8140,214412,124.18611
8141,214428,75.90758
8142,214449,108.74589
8143,214479,157.52008
8144,214505,136.4542
8145,214524,93.62663
8146,214546,111.92361
8147,214570,123.34308
8148,214592,112.513
8149,214621,153.7899
8150,214639,86.398895
8151,214663,123.86931
8152,214686,118.51034
8153,214712,136.55473
8154,214738,134.06027
8155,214762,121.15923
8156,214786,122.61387
8157,214812,133.90262
8158,214834,113.796135
8159,214858,125.076584
8160,214878,100.31076
8161,214906,144.6846
8162,214930,126.09994
8163,214956,134.65512
8164,214983,138.97086
8165,215010,139.59735
8166,215026,75.997345
8167,215054,149.04172
8168,215075,102.088356
8169,215096,103.5702
8170,215120,116.71495
8171,215137,80.4025
8172,215159,107.28854
8173,215188,148.28339
8174,215211,113.03644
8175,215229,85.6257
8176,215249,95.31857
8177,215266,80.42408
8178,215283,81.11224
8179,215309,127.33667
8180,215332,113.69832
8181,215349,80.50366
8182,215373,117.13405
8183,215397,116.00496
8184,215432,174.24345
8185,215450,85.55927
8186,215493,224.14352
8187,215509,75.79619
8188,215532,112.27941
8189,215555,113.094925
8190,215572,80.48022
8191,215594,107.55022
8192,215632,179.64127
8193,215649,80.45719
8194,215667,86.80765
8195,215685,86.45024
8196,215705,94.52412
8197,215724,91.730064
8198,215743,90.06503
8199,215759,75.656456
8200,215779,97.18092
8201,215817,191.52805
8202,215838,99.75027
8203,215859,100.86158
8204,215877,86.805824
8205,215902,124.40656
8206,215922,96.76114
8207,215959,178.2751
8208,215978,91.16526
8209,216019,211.59752
8210,216036,80.73205
8211,216054,85.446976
8212,216070,75.733315
8213,216091,102.08696
8214,216121,142.07759
8215,216145,115.94177
8216,216166,99.75182
8217,216189,113.302536
8218,216205,75.591965
8219,216226,102.017426
8220,216245,91.08406
8221,216270,124.55092
8222,216297,128.02419
8223,216317,96.90251
8224,216342,124.48793
8225,216364,105.77556
8226,216388,115.190315
8227,216412,118.99415
8228,216464,280.95984
8229,216480,75.90814
8230,216498,85.54878
8231,216516,85.413
8232,216533,80.69877
8233,216554,99.59048
8234,216570,75.83697
8235,216592,105.74476
8236,216626,157.60405
8237,216643,80.32692
8238,216662,92.08166
8239,216678,75.91915
8240,216695,80.240265
8241,216713,86.16331
8242,216735,106.395546
8243,216752,80.22195
8244,216770,86.09041
8245,216800,143.39558
8246,216818,85.64986
8247,216845,136.06807
8248,216864,90.88707
8249,216887,111.80892
8250,216911,116.37623
8251,216928,80.72501
8252,216945,80.58595
8253,216965,95.32786
8254,216991,129.42892
8255,217009,86.61591
8256,217028,90.862755
8257,217061,157.5818
8258,217081,95.61942
8259,217098,80.635574
8260,217113,71.03791
8261,217128,70.81359
8262,217144,75.41576
8263,217198,250.1923
8264,217213,71.06697
8265,217236,107.71648
8266,217290,245.2893
8267,217305,71.138695
8268,217336,153.33124
8269,217393,260.5861
8270,217423,138.6699
8271,217477,250.24232
8272,217552,351.4244
8273,217567,71.19612
8274,217620,276.28293
8275,217674,243.11992
8276,217760,421.61865
8277,217796,181.34705
8278,217813,79.2541
8279,217840,125.09479
8280,217855,71.21251
8281,217905,235.14365
8282,217926,96.49255
8283,217971,212.51898
8284,218005,160.08107
8285,218058,251.89723
8286,218081,105.403885
8287,218134,238.38731
8288,218150,74.38285
8289,218178,139.18878
8290,218211,148.0851
8291,218282,314.08508
8292,218330,236.74544
8293,218346,75.71593
8294,218365,88.96291
8295,218383,82.58079
8296,218459,377.89487
8297,218483,110.21068
8298,218523,201.09132
8299,218574,247.88928
8300,218590,75.01245
8301,218605,71.255646
8302,218661,267.28467
8303,218685,109.22106
8304,218700,71.13923
8305,218759,279.73367
8306,218775,75.28077
8307,218819,210.83946
8308,218836,79.21557
8309,218911,316.8463
8310,218949,166.12213
8311,218995,224.30554
8312,219047,231.32666
8313,219062,70.80076
8314,219089,119.139915
8315,219108,87.887115
8316,219158,224.89403
8317,219196,201.87227
8318,219233,191.8579
8319,219254,108.14761
8320,219279,125.903915
8321,219306,140.85654
8322,219356,260.65143
8323,219379,119.65901
8324,219414,184.78215
8325,219440,130.00534
8326,219480,208.96315
8327,219523,223.18791
8328,219538,71.14686
8329,219561,114.46106
8330,219603,222.17133
8331,219634,160.12927
8332,219677,225.24733
8333,219692,71.00492
8334,219728,188.32239
8335,219762,174.54565
8336,219799,196.67224
8337,219844,237.66182
8338,219873,145.58342
8339,219899,130.78043
8340,219923,124.64691
8341,219955,163.55754
8342,219998,221.67416
8343,220031,166.98969
8344,220047,75.62047
8345,220075,140.9622
8346,220091,75.899254
8347,220107,75.77269
8348,220142,184.1017
8349,220176,178.26076
8350,220204,142.35858
8351,220220,75.942505
8352,220257,190.9804
8353,220296,204.31903
8354,220321,128.2319
8355,220353,163.02133
8356,220378,130.10324
8357,220409,154.94458
8358,220425,75.56544
8359,220462,194.25352
8360,220490,142.32819
8361,220512,113.58302
8362,220539,133.93323
8363,220564,126.16202
8364,220580,75.952805
8365,220615,182.92639
8366,220639,125.641914
8367,220676,194.76056
8368,220699,115.752365
8369,220737,201.92653
8370,220753,75.619995
8371,220768,71.13325
8372,220795,135.05194
8373,220837,224.70393
8374,220861,119.88381
8375,220891,152.26453
8376,220926,183.53844
8377,220964,196.87923
8378,221007,227.41533
8379,221031,120.33804
8380,221066,183.29756
8381,221110,231.49516
8382,221147,193.49811
8383,221163,76.646706
8384,221191,149.74673
8385,221230,195.10008
8386,221265,165.23164
8387,221302,182.94664
8388,221343,196.83244
8389,221377,162.51694
8390,221417,185.52141
8391,221453,171.04411
8392,221486,162.82065
8393,221520,160.59637
8394,221555,159.4602
8395,221591,167.76212
8396,221623,145.90132
8397,221653,138.15175
8398,221681,128.70314
8399,221717,173.64713
8400,221740,116.32928
8401,221772,149.33606
8402,221802,145.72176
8403,221831,135.00702
8404,221858,130.19023
8405,221885,125.96631
8406,221914,139.51866
8407,221937,101.63882
8408,221958,96.32723
8409,221987,132.2539
8410,222009,105.73957
8411,222028,87.19385
8412,222058,140.34912
8413,222094,173.88539
8414,222126,145.51443
8415,222163,172.76825
8416,222198,163.4748
8417,222225,132.24696
8418,222251,117.76554
8419,222284,149.06326
8420,222323,190.67668
8421,222342,87.15046
8422,222369,124.85401
8423,222400,142.82086
8424,222434,161.79161
8425,222454,90.45949
8426,222487,161.65443
8427,222523,170.90031
8428,222555,146.48012
8429,222582,128.61942
8430,222613,146.53702
8431,222649,169.25671
8432,222670,96.08347
8433,222690,90.96532
8434,222727,177.88666
8435,222761,162.15915
8436,222797,166.70653
8437,222838,194.866
8438,222872,157.4927
8439,222908,174.96472
8440,222940,151.62627
8441,222983,213.15517
8442,223024,203.02986
8443,223052,134.22931
8444,223082,139.82771
8445,223112,144.46858
8446,223133,97.27799
8447,223158,108.25374
8448,223181,102.47319
8449,223209,132.93414
8450,223243,156.60928
8451,223290,253.33994
8452,223354,307.83774
8453,223402,253.40718
8454,223420,85.764534
8455,223501,360.39096
8456,223551,265.64948
8457,223599,254.23007
8458,223650,259.82413
8459,223668,87.61245
8460,223721,283.26764
8461,223745,120.37079
8462,223789,228.04263
8463,223835,241.17949
8464,223880,235.53058
8465,223923,230.94185
8466,223977,291.09244
8467,224066,418.86563
8468,224108,220.23244
8469,224126,86.42287
8470,224195,369.4897
8471,224244,257.72314
8472,224282,195.97418
8473,224327,235.74908
8474,224378,267.96106
8475,224432,278.33698
8476,224489,308.25525
8477,224545,302.03668
8478,224565,98.06065
8479,224608,220.22313
8480,224649,216.12338
8481,224670,104.08794
8482,224688,86.15288
8483,224738,238.6725
8484,224782,227.02844
8485,224800,86.61713
8486,224850,273.06732
8487,224909,319.8047
8488,224927,87.88034
8489,225050,557.753
8490,225103,283.9608
8491,225131,138.1291
8492,225175,228.57712
8493,225225,269.73328
8494,225242,80.82348
8495,225298,297.8462
8496,225341,211.95758
8497,225375,156.18565
8498,225416,205.3688
8499,225446,137.88437
8500,225508,307.28348
8501,225567,265.234
8502,225598,145.04416
8503,225672,379.40842
8504,225734,299.5445
8505,225787,254.42755
8506,225823,170.54863
8507,225856,154.54251
8508,225882,119.01535
8509,225915,154.6022
8510,225939,116.24078
8511,225970,148.84586
8512,226004,162.93506
8513,226044,202.98347
8514,226078,162.09602
8515,226112,157.88693
8516,226165,270.239
8517,226224,284.58914
8518,226322,439.63528
8519,226359,175.04427
8520,226390,147.36465
8521,226434,199.31137
8522,226484,232.36382
8523,226537,265.70618
8524,226565,130.82338
8525,226598,157.65132
8526,226644,233.4278
8527,226677,151.76364
8528,226710,155.56432
8529,226741,142.65193
8530,226790,236.97498
8531,226838,237.11885
8532,226875,175.80682
8533,226912,179.81128
8534,226944,148.30557
8535,226978,155.55536
8536,227010,149.2928
8537,227051,208.97678
8538,227123,308.5115
8539,227171,237.22841
8540,227199,133.89062
8541,227235,168.72162
8542,227264,134.19029
8543,227312,245.5004
8544,227356,217.76196
8545,227372,75.93261
8546,227415,176.95018
8547,227432,80.67392
8548,227448,75.794044
8549,227488,168.71089
8550,227505,80.55296
8551,227540,148.11887
8552,227557,80.51066
8553,227573,76.0327
8554,227590,80.33527
8555,227620,126.41605
8556,227637,80.53345
8557,227654,81.43129
8558,227673,92.45395
8559,227689,75.89734
8560,227708,91.52305
8561,227735,121.63383
8562,227752,80.69377
8563,227769,80.84566
8564,227799,125.58096
8565,227816,80.51407
8566,227850,148.92046
8567,227885,151.42447
8568,227902,80.29666
8569,227934,139.87964
8570,227951,80.69399
8571,227967,75.63845
8572,227983,75.95892
8573,228000,80.79077
8574,228034,144.30853
8575,228051,80.55355
8576,228068,80.690315
8577,228085,80.58394
8578,228101,75.674736
8579,228117,75.84776
8580,228146,129.16568
8581,228162,75.813126
8582,228179,80.91922
8583,228212,141.22662
8584,228228,75.80322
8585,228245,80.65519
8586,228261,75.58864
8587,228278,80.519325
8588,228306,123.06841
8589,228322,75.89452
8590,228339,80.63441
8591,228360,102.61232
8592,228377,80.29082
8593,228408,146.91844
8594,228426,85.33232
8595,228466,169.78564
8596,228498,136.68976
8597,228515,80.752914
8598,228552,158.84157
8599,228580,126.56428
8600,228608,136.92238
8601,228626,85.18603
8602,228643,80.343994
8603,228675,139.59363
8604,228693,86.51866
8605,228731,161.51888
8606,228747,75.85283
8607,228764,80.65683
8608,228780,75.86238
8609,228808,117.51554
8610,228826,85.38106
8611,228843,80.40643
8612,228872,130.79887
8613,228888,75.771126
8614,228925,155.82133
8615,228962,160.31151
8616,228978,75.822105
8617,229010,136.47934
8618,229033,110.17166
8619,229072,164.7814
8620,229089,80.55296
8621,229127,157.31061
8622,229144,80.93796
8623,229177,136.91792
8624,229193,75.69826
8625,229211,86.362656
8626,229228,80.50763
8627,229260,134.88176
8628,229289,128.29794
8629,229320,135.23814
8630,229338,85.26521
8631,229355,80.579445
8632,229372,80.4605
8633,229424,265.75574
8634,229481,278.55798
8635,229525,227.55635
8636,229567,206.43076
8637,229626,284.2203
8638,229689,309.72098
8639,229787,482.81406
8640,229844,274.5842
8641,229897,267.76367
8642,229949,272.94385
8643,230022,354.863
8644,230074,248.19664
8645,230132,284.67624
8646,230192,310.79526
8647,230248,254.57999
8648,230297,237.80008
8649,230342,217.78604
8650,230392,245.59003
8651,230460,343.92273
8652,230504,222.27678
8653,230556,255.5588
8654,230598,214.031
8655,230692,434.61404
8656,230761,366.74323
8657,230813,258.99182
8658,230880,318.64606
8659,230934,261.07278
8660,230977,207.23825
8661,231038,309.01056
8662,231098,285.5074
8663,231150,256.36926
8664,231204,262.72833
8665,231252,227.72023
8666,231351,467.31937
8667,231415,301.77353
8668,231435,99.97841
8669,231452,80.64395
8670,231468,75.89924
8671,231484,75.73874
8672,231511,140.6114
8673,231533,104.350136
8674,231550,80.33451
8675,231567,80.71694
8676,231584,80.85009
8677,231613,132.91696
8678,231630,80.26986
8679,231648,85.43966
8680,231675,132.8512
8681,231693,85.72509
8682,231710,81.77142
8683,231727,80.546425
8684,231743,75.7899
8685,231761,84.69794
8686,231777,75.79722
8687,231794,81.12614
8688,231825,148.19238
8689,231862,165.73396
8690,231879,80.76513
8691,231895,75.96256
8692,231922,136.54265
8693,231938,75.72075
8694,231962,118.10233
8695,231979,80.58032
8696,232005,123.86194
8697,232024,91.842575
8698,232054,157.66093
8699,232071,80.85504
8700,232089,85.40305
8701,232120,146.4977
8702,232137,80.83049
8703,232153,76.18732
8704,232179,128.79366
8705,232195,75.81479
8706,232212,81.250854
8707,232241,140.08627
8708,232262,104.705826
8709,232282,95.94861
8710,232301,94.4361
8711,232328,126.42982
8712,232344,75.62119
8713,232360,75.945305
8714,232377,80.81419
8715,232403,122.603355
8716,232419,75.78352
8717,232436,80.40551
8718,232456,96.58127
8719,232473,80.93657
8720,232493,98.65944
8721,232510,80.85219
8722,232528,85.22403
8723,232546,85.21104
8724,232563,80.38491
8725,232585,107.61317
8726,232602,80.8044
8727,232618,75.666725
8728,232647,132.10764
8729,232672,121.9869
8730,232688,75.89858
8731,232718,146.80843
8732,232741,112.615135
8733,232758,80.77304
8734,232775,80.526794
8735,232793,85.734
8736,232825,156.766
8737,232860,169.38605
8738,232884,117.91004
8739,232901,80.566826
8740,232918,80.402435
8741,232935,80.2309
8742,232976,188.88756
8743,232995,92.2402
8744,233013,86.05159
8745,233030,80.58447
8746,233047,80.34742
8747,233064,80.56842
8748,233081,80.68196
8749,233098,80.411964
8750,233115,80.84864
8751,233142,130.2327
8752,233159,80.65731
8753,233186,128.97166
8754,233204,84.93952
8755,233242,200.64658
8756,233259,80.819305
8757,233279,96.03508
8758,233296,80.616135
8759,233314,86.510796
8760,233331,80.40269
8761,233360,137.0887
8762,233376,75.63209
8763,233403,137.25325
8764,233420,82.18317
8765,233436,75.77534
8766,233464,136.27454
8767,233481,80.47663
8768,233499,86.18312
8769,233516,80.40245
8770,233533,81.22129
8771,233574,212.91821
8772,233609,177.38849
8773,233643,172.49306
8774,233659,76.05108
8775,233677,86.2906
8776,233713,185.2925
8777,233736,113.60883
8778,233752,75.88501
8779,233769,80.88001
8780,233786,80.46247
8781,233803,81.08424
8782,233850,250.13396
8783,233898,252.71997
8784,233915,81.89108
8785,233957,220.95212
8786,234001,234.08743
8787,234020,92.306076
8788,234041,101.60217
8789,234059,86.72198
8790,234075,77.05333
8791,234093,86.242065
8792,234118,125.21219
8793,234149,154.76555
8794,234187,190.64572
8795,234223,181.57259
8796,234253,149.80214
8797,234269,75.8876
8798,234285,75.81723
8799,234300,71.2394
8800,234316,75.70335
8801,234340,119.49782
8802,234381,210.02792
8803,234397,76.04431
8804,234412,70.87247
8805,234428,75.965065
8806,234450,107.173836
8807,234467,80.68177
8808,234484,80.615555
8809,234499,70.964355
8810,234531,160.82297
8811,234580,256.08783
8812,234615,179.4959
8813,234632,80.501595
8814,234652,96.368614
8815,234680,135.5463
8816,234696,75.853935
8817,234731,174.94522
8818,234767,183.6796
8819,234802,178.15308
8820,234819,81.13956
8821,234865,241.61707
8822,234904,201.10738
8823,234953,251.85315
8824,234970,80.913895
8825,235005,174.4822
8826,235036,157.9651
8827,235077,212.28748
8828,235119,214.02727
8829,235135,75.85527
8830,235161,131.23178
8831,235177,75.95426
8832,235193,75.78493
8833,235238,239.14352
8834,235255,80.73585
8835,235275,97.9914
8836,235303,136.41989
8837,235344,201.04344
8838,235362,85.82045
8839,235402,205.96217
8840,235424,108.3446
8841,235439,71.03212
8842,235455,75.723045
8843,235484,146.34315
8844,235512,143.09749
8845,235565,282.4994
8846,235614,260.17953
8847,235659,229.50865
8848,235707,255.2055
8849,235756,255.15552
8850,235804,253.3708
8851,235850,242.53186
8852,235894,232.96133
8853,235942,255.86539
8854,235989,245.22507
8855,236030,213.01709
8856,236074,231.86801
8857,236125,270.1548
8858,236173,254.69786
8859,236212,199.70921
8860,236272,313.72296
8861,236318,240.68422
8862,236369,246.77089
8863,236414,238.17462
8864,236453,197.18427
8865,236514,326.35797
8866,236553,196.36661
8867,236609,297.74417
8868,236655,241.40666
8869,236700,233.86041
8870,236748,252.54764
8871,236798,257.25333
8872,236866,343.13922
8873,236911,232.16713
8874,236962,263.58948
8875,236998,182.94572
8876,237049,261.92145
8877,237089,203.61147
8878,237135,237.23749
8879,237181,243.71059
8880,237202,102.75674
8881,237258,283.52286
8882,237306,248.02248
8883,237336,149.15826
8884,237424,413.06393
8885,237470,244.97557
8886,237514,225.07942
8887,237555,211.9394
8888,237589,172.08911
8889,237606,80.49471
8890,237624,86.497444
8891,237643,92.946884
8892,237663,97.03339
8893,237682,92.36192
8894,237700,86.56769
8895,237755,306.57993
8896,237781,131.31902
8897,237799,85.892395
8898,237817,87.52054
8899,237835,85.471115
8900,237853,86.4774
8901,237872,92.50942
8902,237897,126.36011
8903,237915,85.609085
8904,237933,87.00013
8905,237976,232.81947
8906,238023,253.92471
8907,238063,214.55267
8908,238082,91.145874
8909,238107,125.60729
8910,238125,86.12429
8911,238142,80.470024
8912,238161,92.16496
8913,238180,91.726364
8914,238199,92.37633
8915,238224,124.31399
8916,238253,148.68082
8917,238270,81.00063
8918,238289,92.36736
8919,238306,80.8867
8920,238323,80.81006
8921,238342,90.95074
8922,238361,91.84628
8923,238381,98.04368
8924,238400,92.35695
8925,238418,86.697914
8926,238438,97.937614
8927,238489,286.18
8928,238508,92.248116
8929,238527,91.79364
8930,238583,315.59125
8931,238606,114.678566
8932,238625,92.40282
8933,238659,175.5598
8934,238677,85.51903
8935,238699,108.38263
8936,238718,91.73037
8937,238737,91.705635
8938,238756,92.49677
8939,238773,80.39808
8940,238792,92.3667
8941,238810,86.25075
8942,238828,86.08315
8943,238847,92.31795
8944,238877,152.02087
8945,238895,87.47199
8946,238914,92.294106
8947,238932,85.8707
8948,238951,92.39404
8949,238970,92.26041
8950,238989,92.31436
8951,239008,91.83938
8952,239027,91.35823
8953,239046,91.701004
8954,239065,92.7092
8955,239084,92.234856
8956,239103,92.57841
8957,239147,235.61812
8958,239165,85.62585
8959,239183,86.85852
8960,239205,109.29847
8961,239223,85.31697
8962,239240,80.63944
8963,239259,92.54285
8964,239281,107.830956
8965,239300,92.55198
8966,239326,129.59389
8967,239352,131.57036
8968,239377,126.37817
8969,239396,92.31512
8970,239415,92.72298
8971,239433,86.42358
8972,239462,147.18347
8973,239500,198.12642
8974,239523,113.19792
8975,239575,293.08673
8976,239594,91.98402
8977,239660,364.00427
8978,239730,307.00156
8979,239767,180.21097
8980,239822,250.83066
8981,239884,288.82858
8982,239938,245.59438
8983,239982,199.675
8984,240030,221.4441
8985,240078,220.63184
8986,240124,219.66983
8987,240174,233.98666
8988,240216,199.18172
8989,240259,201.7356
8990,240292,153.14552
8991,240340,225.47643
8992,240392,248.04358
8993,240426,156.19261
8994,240468,199.16356
8995,240516,226.26122
8996,240569,238.23926
8997,240610,191.04617
8998,240663,236.29698
8999,240714,225.18289
9000,240768,247.99925
9001,240816,227.3566
9002,240862,213.73097
9003,240917,254.90518
9004,240972,253.07259
9005,241021,228.12108
9006,241087,303.2689
9007,241137,233.08052
9008,241184,214.60345
9009,241251,319.6346
9010,241298,218.9883
9011,241345,214.4983
9012,241403,256.3252
9013,241454,230.8165
9014,241499,204.5086
9015,241543,202.33746
9016,241602,273.62805
9017,241649,221.66602
9018,241727,374.83374
9019,241771,234.37238
9020,241813,219.9286
9021,241854,214.72188
9022,241903,262.06717
9023,241939,185.06187
9024,241981,222.597
9025,242024,223.8577
9026,242056,161.72856
9027,242092,183.91357
9028,242132,207.45993
9029,242169,189.46867
9030,242209,207.52289
9031,242251,222.30933
9032,242296,233.22824
9033,242331,177.8497
9034,242374,228.2849
9035,242411,189.00764
9036,242448,190.3047
9037,242493,238.68736
9038,242539,244.66823
9039,242575,184.92351
9040,242626,272.42603
9041,242662,183.19331
9042,242702,207.29524
9043,242744,219.80417
9044,242793,263.4334
9045,242831,195.58498
9046,242870,204.80232
9047,242908,193.76274
9048,242953,238.03308
9049,242990,192.79816
9050,243030,206.29655
9051,243071,213.19304
9052,243110,203.78477
9053,243155,236.73753
9054,243201,241.90636
9055,243245,232.20578
9056,243283,196.48842
9057,243319,184.22884
9058,243356,188.64787
9059,243393,190.54857
9060,243432,200.9533
9061,243474,218.23961
9062,243517,230.24261
9063,243561,234.28435
9064,243594,166.9706
9065,243631,189.37222
9066,243668,190.91496
9067,243709,212.70706
9068,243757,248.2143
9069,243775,85.50778
9070,243800,125.4534
9071,243840,204.88171
9072,243857,80.32699
9073,243875,85.59226
9074,243893,85.47289
9075,243935,209.83789
9076,243987,247.84987
9077,244030,212.41905
9078,244083,269.89493
9079,244155,373.21503
9080,244205,253.53326
9081,244223,85.64934
9082,244273,247.69348
9083,244325,264.00934
9084,244346,101.35388
9085,244369,113.982796
9086,244427,290.99008
9087,244484,269.72787
9088,244502,85.96139
9089,244537,172.13728
9090,244555,85.6963
9091,244574,91.05636
9092,244592,85.85209
9093,244610,85.77178
9094,244627,80.43142
9095,244671,204.36963
9096,244689,85.880714
9097,244720,155.06326
9098,244779,287.95273
9099,244841,318.31314
9100,244902,277.92053
9101,244926,116.73172
9102,244944,85.98528
9103,244962,86.00913
9104,244980,85.72227
9105,244996,75.83717
9106,245016,96.596924
9107,245063,236.90504
9108,245115,249.7548
9109,245177,318.0868
9110,245195,85.79181
9111,245214,90.92772
9112,245232,85.57463
9113,245250,85.78944
9114,245271,101.246216
9115,245289,85.718506
9116,245323,167.63583
9117,245367,207.80482
9118,245397,151.85368
9119,245416,92.128784
9120,245440,115.365814
9121,245458,85.814415
9122,245476,85.72111
9123,245523,235.89388
9124,245541,85.85677
9125,245559,86.001366
9126,245577,85.945015
9127,245595,85.74051
9128,245637,205.28317
9129,245655,85.90988
9130,245698,212.1865
9131,245716,85.85559
9132,245779,316.8179
9133,245802,115.110374
9134,245823,102.23352
9135,245845,111.48596
9136,245902,301.38977
9137,245922,98.9008
9138,245956,181.79292
9139,245975,90.08
9140,245996,105.67822
9141,246018,106.695595
9142,246039,105.76748
9143,246073,174.39749
9144,246101,140.89757
9145,246145,223.52626
9146,246192,243.0965
9147,246224,162.2915
9148,246258,172.98047
9149,246285,138.35033
9150,246313,140.77405
9151,246344,161.38135
9152,246378,183.57683
9153,246398,99.77165
9154,246454,305.47095
9155,246474,99.80147
9156,246498,120.36936
9157,246520,110.25237
9158,246547,138.67172
9159,246589,220.75883
9160,246618,152.74026
9161,246654,183.51857
9162,246674,99.388626
9163,246694,97.22773
9164,246717,115.96794
9165,246737,99.2523
9166,246757,100.22929
9167,246809,267.90048
9168,246836,135.01329
9169,246881,238.90054
9170,246925,233.40556
9171,246953,145.17372
9172,246974,105.074165
9173,246995,105.41063
9174,247021,128.8435
9175,247071,264.5313
9176,247124,277.37973
9177,247142,85.67776
9178,247192,246.74901
9179,247240,234.11758
9180,247261,104.849304
9181,247298,198.80179
9182,247318,98.73088
9183,247359,209.35767
9184,247379,100.63806
9185,247410,156.3184
9186,247429,91.492485
9187,247463,174.19888
9188,247483,95.068275
9189,247522,202.33763
9190,247547,129.67989
9191,247567,97.35882
9192,247588,105.867004
9193,247614,134.79034
9194,247651,196.10382
9195,247669,85.574486
9196,247701,170.31163
9197,247738,200.68488
9198,247771,172.10799
9199,247806,181.20589
9200,247827,103.40148
9201,247906,408.87524
9202,247960,242.81978
9203,248014,279.2041
9204,248058,220.68114
9205,248165,494.39667
9206,248212,243.91766
9207,248264,272.14014
9208,248304,191.49411
9209,248350,237.53287
9210,248399,234.82527
9211,248417,85.51098
9212,248450,153.76784
9213,248482,158.29729
9214,248532,259.20584
9215,248600,337.37363
9216,248657,298.68768
9217,248695,195.40704
9218,248755,316.84354
9219,248796,180.02748
9220,248834,180.07286
9221,248880,217.32228
9222,248931,259.34982
9223,248985,258.45963
9224,249074,423.68103
9225,249090,75.695885
9226,249117,130.90047
9227,249156,205.63766
9228,249190,166.0742
9229,249207,80.85954
9230,249262,301.53674
9231,249301,200.73584
9232,249352,231.18962
9233,249394,214.99585
9234,249453,300.45886
9235,249514,274.43448
9236,249560,220.07436
9237,249598,184.04866
9238,249615,80.704346
9239,249653,195.44168
9240,249726,364.96655
9241,249744,85.678894
9242,249811,333.29282
9243,249828,80.38593
9244,249861,153.17609
9245,249903,219.55597
9246,249944,203.50699
9247,249973,148.39784
9248,250015,206.07466
9249,250044,151.95226
9250,250081,189.21947
9251,250138,303.27692
9252,250193,295.9515
9253,250219,129.74426
9254,250264,234.233
9255,250290,123.94716
9256,250341,264.3076
9257,250377,186.27783
9258,250405,143.79459
9259,250441,172.65714
9260,250477,176.21478
9261,250520,209.40002
9262,250565,231.05302
9263,250603,190.72034
9264,250623,97.75644
9265,250650,121.05853
9266,250669,92.14178
9267,250697,146.89536
9268,250738,208.69832
9269,250771,166.97168
9270,250801,148.11519
9271,250834,178.86798
9272,250861,137.67082
9273,250894,159.90068
9274,250929,184.83664
9275,250968,209.68468
9276,251009,206.92865
9277,251057,264.40118
9278,251099,219.40181
9279,251136,191.98953
9280,251175,208.2654
9281,251233,305.57904
9282,251270,197.41129
9283,251310,211.51276
9284,251342,154.23157
9285,251400,302.38577
9286,251437,195.7323
9287,251456,91.767044
9288,251490,163.52736
9289,251519,149.0672
9290,251548,141.61789
9291,251576,143.2474
9292,251607,158.90877
9293,251643,189.95972
9294,251669,123.21972
9295,251695,130.23917
9296,251729,177.79305
9297,251766,174.14233
9298,251796,148.0048
9299,251828,170.6557
9300,251859,157.45921
9301,251900,216.98427
9302,251958,272.34937
9303,251987,147.79846
9304,252039,247.13055
9305,252093,247.13019
9306,252137,215.75162
9307,252172,175.37724
9308,252192,101.598885
9309,252237,216.95885
9310,252280,200.36882
9311,252297,80.34293
9312,252338,195.336
9313,252385,219.41481
9314,252441,295.74866
9315,252476,172.48851
9316,252531,251.02469
9317,252568,180.01035
9318,252606,168.73415
9319,252658,267.5144
9320,252707,233.80914
9321,252737,146.89153
9322,252771,154.61392
9323,252788,80.67779
9324,252836,229.1377
9325,252870,172.74988
9326,252937,322.24377
9327,252958,95.448395
9328,252997,198.20161
9329,253042,221.32028
9330,253094,261.79437
9331,253112,85.6832
9332,253144,154.65404
9333,253192,221.18806
9334,253276,401.9538
9335,253307,147.03015
9336,253325,83.95718
9337,253362,178.09535
9338,253415,253.61101
9339,253447,150.43474
9340,253497,267.4091
9341,253542,211.36388
9342,253575,148.67197
9343,253617,195.52602
9344,253643,118.3515
9345,253667,123.43005
9346,253708,197.9712
9347,253759,230.60027
9348,253793,166.13551
9349,253834,194.51527
9350,253868,165.12952
9351,253909,206.78575
9352,253985,380.25323
9353,254013,131.35683
9354,254046,163.02315
9355,254067,101.37864
9356,254085,83.446106
9357,254114,129.80174
9358,254132,83.33695
9359,254160,138.23328
9360,254187,126.23083
9361,254211,106.92295
9362,254228,80.18246
9363,254249,96.63671
9364,254274,119.50653
9365,254292,83.65146
9366,254313,97.853584
9367,254339,118.22606
9368,254359,93.14092
9369,254388,134.34378
9370,254418,140.98108
9371,254446,126.5219
9372,254464,83.85559
9373,254484,91.41073
9374,254504,90.917915
9375,254538,172.27977
9376,254558,94.18091
9377,254586,136.05887
9378,254611,114.50578
9379,254634,106.995155
9380,254660,125.13859
9381,254691,144.12994
9382,254720,127.60731
9383,254750,147.9942
9384,254774,110.55534
9385,254792,83.38472
9386,254824,156.37036
9387,254851,124.02726
9388,254881,144.22763
9389,254899,84.26003
9390,254929,150.35527
9391,254956,135.46587
9392,254975,88.76943
9393,255002,120.65423
9394,255020,84.55402
9395,255040,95.36902
9396,255062,102.18732
9397,255084,99.05578
9398,255110,115.57624
9399,255129,86.27497
9400,255159,143.62122
9401,255177,83.42772
9402,255197,96.86597
9403,255223,122.191895
9404,255251,125.56281
9405,255270,91.06933
9406,255297,123.87514
9407,255315,83.884
9408,255333,83.66421
9409,255357,113.393684
9410,255386,130.14214
9411,255404,85.10456
9412,255431,122.66677
9413,255453,100.93073
9414,255481,139.73969
9415,255508,119.448235
9416,255537,143.45808
9417,255567,146.99849
9418,255600,162.50945
9419,255633,159.98534
9420,255653,91.78246
9421,255674,95.884834
9422,255698,106.8048
9423,255717,85.99545
9424,255742,114.624794
9425,255773,147.28831
9426,255792,88.16597
9427,255819,130.49141
9428,255836,80.70277
9429,255858,98.93554
9430,255882,114.60738
9431,255903,97.167915
9432,255930,122.00084
9433,255961,155.45468
9434,255979,84.08204
9435,255997,85.24552
9436,256012,71.05382
9437,256028,75.657486
9438,256043,70.80447
9439,256061,84.70272
9440,256087,119.70976
9441,256102,71.12848
9442,256118,75.577255
9443,256134,75.86234
9444,256149,71.1597
9445,256166,80.386215
9446,256181,71.104164
9447,256198,78.79904
9448,256213,71.173615
9449,256238,115.76458
9450,256254,75.776405
9451,256271,80.256134
9452,256288,78.51883
9453,256303,71.209755
9454,256332,132.25105
9455,256357,113.0428
9456,256372,70.83085
9457,256400,139.67863
9458,256416,75.79652
9459,256433,80.52529
9460,256447,66.2233
9461,256465,86.9775
9462,256480,70.938835
9463,256496,75.77471
9464,256511,71.08934
9465,256529,85.78174
9466,256557,140.93044
9467,256572,71.34143
9468,256598,124.322784
9469,256616,86.233894
9470,256633,80.23244
9471,256649,75.68778
9472,256665,75.494446
9473,256679,66.32339
9474,256693,66.17582
9475,256709,75.87625
9476,256724,71.15023
9477,256740,75.45741
9478,256756,75.95845
9479,256773,80.05232
9480,256789,75.802536
9481,256805,75.47562
9482,256822,80.36993
9483,256845,113.391136
9484,256860,71.04742
9485,256884,113.61954
9486,256898,66.446075
9487,256914,75.841515
9488,256929,70.98122
9489,256944,71.33209
9490,256958,66.38252
9491,256975,80.52623
9492,256992,78.19863
9493,257006,66.39341
9494,257028,112.10871
9495,257042,66.36047
9496,257071,130.27118
9497,257086,70.788635
9498,257104,86.768196
9499,257120,75.62926
9500,257136,75.57721
9501,257152,75.43395
9502,257168,75.46143
9503,257186,83.94052
9504,257212,125.37394
9505,257229,80.380226
9506,257244,70.953835
9507,257259,71.28882
9508,257275,75.21509
9509,257293,86.07556
9510,257309,75.88553
9511,257326,81.17619
9512,257343,78.051155
9513,257370,126.54242
9514,257393,109.00371
9515,257410,78.15254
9516,257427,80.55794
9517,257448,99.2002
9518,257465,80.75471
9519,257482,80.50499
9520,257498,75.94184
9521,257513,70.953415
9522,257529,75.98783
9523,257545,75.85574
9524,257560,70.79199
9525,257577,80.80555
9526,257594,80.23173
9527,257610,75.56819
9528,257625,71.34293
9529,257643,86.13528
9530,257658,71.14513
9531,257674,75.5183
9532,257690,75.66863
9533,257707,80.28479
9534,257723,75.83719
9535,257737,66.3739
9536,257753,75.711044
9537,257768,70.94031
9538,257789,99.51628
9539,257804,71.03915
9540,257820,75.855865
9541,257836,75.66243
9542,257853,77.70531
9543,257867,66.48887
9544,257882,70.97069
9545,257897,71.23845
9546,257914,78.38911
9547,257930,75.82413
9548,257946,75.776726
9549,257962,74.794136
9550,257978,75.58384
9551,257992,66.26784
9552,258009,80.46935
9553,258034,112.82333
9554,258051,79.925644
9555,258070,90.71722
9556,258104,169.0099
9557,258132,143.30103
9558,258149,80.84444
9559,258168,94.478806
9560,258195,117.641304
9561,258221,127.046974
9562,258256,189.03227
9563,258277,103.52756
9564,258304,134.72208
9565,258335,137.89952
9566,258352,80.518654
9567,258380,141.07991
9568,258396,75.95211
9569,258420,105.71266
9570,258441,106.45229
9571,258468,120.05479
9572,258484,75.76353
9573,258513,149.49406
9574,258530,80.488464
9575,258558,142.61723
9576,258578,99.57255
9577,258597,93.05875
9578,258623,132.03452
9579,258650,137.3466
9580,258676,130.52466
9581,258714,183.4901
9582,258731,82.1051
9583,258760,141.72864
9584,258778,85.22157
9585,258796,85.13093
9586,258812,75.7077
9587,258833,104.42637
9588,258850,81.15351
9589,258876,130.77753
9590,258904,141.75334
9591,258921,80.28681
9592,258939,85.04895
9593,258967,145.49094
9594,258992,112.069084
9595,259019,130.32967
9596,259035,75.83851
9597,259060,127.77657
9598,259088,135.93326
9599,259111,116.16905
9600,259138,119.323975
9601,259160,99.93098
9602,259178,85.57494
9603,259206,135.85234
9604,259231,115.17756
9605,259258,118.54546
9606,259286,138.04152
9607,259311,117.96981
9608,259327,75.85531
9609,259356,132.92606
9610,259376,99.289085
9611,259394,85.18643
9612,259411,80.60304
9613,259441,152.75293
9614,259468,129.12967
9615,259494,132.19896
9616,259520,129.90714
9617,259539,90.78137
9618,259555,76.00867
9619,259592,158.7116
9620,259608,76.08772
9621,259633,123.51202
9622,259666,151.99785
9623,259683,80.76506
9624,259708,128.22702
9625,259724,75.87359
9626,259749,127.79065
9627,259780,162.87772
9628,259803,112.544014
9629,259826,114.79757
9630,259855,126.63556
9631,259877,111.14693
9632,259903,114.49643
9633,259920,80.34909
9634,259947,126.92484
9635,259981,176.57722
9636,259998,80.81549
9637,260016,85.53106
9638,260032,75.81654
9639,260048,76.22673
9640,260066,86.861694
9641,260093,118.39834
9642,260120,137.15877
9643,260190,377.9589
9644,260250,323.36984
9645,260324,386.47208
9646,260394,376.87927
9647,260442,237.5827
9648,260503,319.07794
9649,260575,382.44397
9650,260647,382.39075
9651,260748,541.3789
9652,260813,348.2002
9653,260849,168.89719
9654,260908,265.86398
9655,260986,397.57947
9656,261064,425.86337
9657,261125,335.56308
9658,261186,323.53696
9659,261245,298.99936
9660,261302,286.42105
9661,261372,377.28268
9662,261421,247.78069
9663,261499,358.1877
9664,261563,329.6631
9665,261646,447.91223
9666,261714,371.18387
9667,261782,354.2754
9668,261842,323.32895
9669,261944,518.99554
9670,262031,463.55307
9671,262084,258.89825
9672,262144,313.9756
9673,262182,205.06282
9674,262205,117.50034
9675,262248,217.83852
9676,262297,267.75168
9677,262332,173.22215
9678,262370,198.28249
9679,262414,226.0839
9680,262453,209.17406
9681,262487,189.14882
9682,262517,156.14886
9683,262540,117.631226
9684,262582,230.87286
9685,262624,230.38397
9686,262668,227.19331
9687,262699,167.81592
9688,262731,172.09102
9689,262766,189.41681
9690,262805,213.34767
9691,262844,207.96707
9692,262877,173.76205
9693,262906,154.49251
9694,262933,142.53253
9695,262958,130.45541
9696,262977,93.89233
9697,263022,224.24849
9698,263062,197.17715
9699,263099,199.48628
9700,263138,207.66003
9701,263173,191.24393
9702,263220,258.68756
9703,263251,161.55469
9704,263299,262.3032
9705,263345,254.11896
9706,263387,218.95638
9707,263429,226.84496
9708,263458,154.03288
9709,263497,202.48605
9710,263527,155.86485
9711,263568,222.367
9712,263604,198.52748
9713,263643,211.59767
9714,263683,203.90149
9715,263703,99.85729
9716,263743,219.52975
9717,263778,187.93738
9718,263819,226.98228
9719,263838,93.27549
9720,263894,314.2271
9721,263917,117.63468
9722,263951,180.31287
9723,263982,164.65305
9724,264006,124.12374
9725,264032,135.5277
9726,264071,212.64095
9727,264101,160.52376
9728,264139,193.66548
9729,264168,156.19162
9730,264204,191.3768
9731,264248,243.79034
9732,264276,131.50899
9733,264302,117.77017
9734,264324,99.04017
9735,264356,155.56244
9736,264393,207.19734
9737,264429,201.29039
9738,264464,162.43616
9739,264502,188.11412
9740,264555,297.38885
9741,264596,200.5746
9742,264619,105.04997
9743,264641,100.508316
9744,264674,166.41052
9745,264714,207.75346
9746,264744,156.80952
9747,264786,218.6217
9748,264816,143.57782
9749,264847,139.97913
9750,264872,123.2511
9751,264925,290.75137
9752,264962,185.87206
9753,265002,221.25311
9754,265030,128.53784
9755,265049,86.34379
9756,265072,106.69689
9757,265100,135.33936
9758,265124,101.11422
9759,265149,112.51315
9760,265191,203.98427
9761,265215,110.25817
9762,265243,129.66843
9763,265275,152.16702
9764,265310,177.48701
9765,265357,246.87225
9766,265385,132.8851
9767,265429,226.791
9768,265461,153.48993
9769,265485,101.16485
9770,265523,203.26198
9771,265541,86.12444
9772,265558,78.11102
9773,265594,191.55072
9774,265626,163.97467
9775,265646,89.91019
9776,265690,219.19684
9777,265716,110.84966
9778,265755,209.67082
9779,265791,193.82898
9780,265819,126.96726
9781,265843,101.443886
9782,265860,80.53462
9783,265898,188.74902
9784,265931,160.04372
9785,265954,96.46381
9786,265994,204.67958
9787,266014,91.31934
9788,266048,170.81758
9789,266080,145.08891
9790,266118,206.19817
9791,266148,133.28455
9792,266176,130.14911
9793,266219,239.94037
9794,266244,133.23668
9795,266281,175.54439
9796,266325,224.45982
9797,266377,271.78516
9798,266413,175.56082
9799,266451,183.85556
9800,266495,219.75163
9801,266533,186.64139
9802,266570,181.70819
9803,266610,197.24461
9804,266650,201.3861
9805,266687,179.63248
9806,266719,148.63118
9807,266765,230.29184
9808,266807,213.63591
9809,266864,302.55765
9810,266903,188.55367
9811,266943,196.8463
9812,266989,229.54173
9813,267030,204.7741
9814,267075,227.8389
9815,267114,188.71687
9816,267147,153.55273
9817,267186,191.86589
9818,267232,231.20691
9819,267282,259.11014
9820,267334,266.24927
9821,267367,154.583
9822,267414,241.3153
9823,267449,168.84235
9824,267492,219.10916
9825,267533,202.47144
9826,267573,199.89062
9827,267611,183.87341
9828,267662,265.10184
9829,267698,167.63129
9830,267737,193.48805
9831,267775,181.6319
9832,267813,182.76183
9833,267849,171.1641
9834,267891,208.50803
9835,267926,165.68083
9836,267961,166.47432
9837,268010,257.4878
9838,268049,191.25008
9839,268098,251.4743
9840,268150,265.99048
9841,268194,220.90236
9842,268233,189.92004
9843,268268,171.69916
9844,268307,188.69122
9845,268346,179.2368
9846,268394,211.99835
9847,268478,384.7372
9848,268562,407.5979
9849,268598,166.82939
9850,268653,281.71118
9851,268705,258.67572
9852,268742,161.44444
9853,268787,208.96532
9854,268823,170.35832
9855,268878,288.7134
9856,268937,308.36945
9857,269024,371.2877
9858,269076,263.31793
9859,269132,285.25674
9860,269179,216.06277
9861,269212,151.31767
9862,269258,221.32875
9863,269305,225.43924
9864,269342,162.85562
9865,269401,301.1413
9866,269448,221.59142
9867,269499,261.43634
9868,269580,406.87915
9869,269641,310.31912
9870,269686,222.65132
9871,269744,296.03528
9872,269786,191.55309
9873,269849,333.82346
9874,269904,292.08832
9875,269948,204.30421
9876,270006,298.9488
9877,270075,315.24396
9878,270146,357.86743
9879,270191,200.56256
9880,270250,300.06287
9881,270307,279.88394
9882,270374,330.0571
9883,270422,244.96768
9884,270466,209.94298
9885,270500,161.80016
9886,270549,247.02222
9887,270603,284.3851
9888,270643,202.10948
9889,270697,280.38895
9890,270747,243.8714
9891,270786,184.75517
9892,270830,228.72562
9893,270865,169.02379
9894,270912,251.43794
9895,270951,200.50818
9896,270989,184.92609
9897,271028,186.4694
9898,271087,315.90527
9899,271113,127.22602
9900,271145,159.94487
9901,271190,230.12022
9902,271230,200.12608
9903,271297,351.85065
9904,271339,210.07417
9905,271384,215.85783
9906,271416,154.17145
9907,271461,225.23563
9908,271514,276.4351
9909,271585,379.728
9910,271630,216.50781
9911,271668,187.54915
9912,271701,156.97229
9913,271733,152.08374
9914,271784,260.8846
9915,271823,189.78748
9916,271857,169.86064
9917,271893,174.1294
9918,271930,179.49075
9919,271979,256.14542
9920,272037,293.73117
9921,272080,219.84944
9922,272134,281.2814
9923,272179,217.9729
9924,272214,173.91048
9925,272251,176.65323
9926,272282,146.1065
9927,272322,202.10922
9928,272357,165.76842
9929,272418,322.94443
9930,272434,75.62529
9931,272470,179.60545
9932,272531,295.99713
9933,272605,382.98264
9934,272631,130.87532
9935,272676,223.1577
9936,272731,248.77258
9937,272761,149.42728
9938,272790,148.90256
9939,272873,430.89343
9940,272924,244.28741
9941,272996,343.9187
9942,273056,299.628
9943,273145,432.72397
9944,273196,259.20267
9945,273241,221.75284
9946,273318,374.18655
9947,273366,238.60744
9948,273461,392.5096
9949,273540,405.463
9950,273599,286.37662
9951,273664,308.92368
9952,273692,140.86095
9953,273731,193.36356
9954,273789,284.1394
9955,273851,290.04892
9956,273878,133.11469
9957,273956,381.03162
9958,274011,267.0312
9959,274072,305.2831
9960,274102,145.65654
9961,274184,430.17233
9962,274260,339.14484
9963,274287,138.73753
9964,274358,362.9728
9965,274386,129.17433
9966,274439,267.3757
9967,274456,80.67783
9968,274473,80.48023
9969,274503,150.76614
9970,274519,75.9923
9971,274536,80.815636
9972,274565,140.21565
9973,274581,76.03874
9974,274615,175.49908
9975,274632,80.522835
9976,274649,80.431625
9977,274666,80.26317
9978,274684,83.6243
9979,274715,156.97261
9980,274734,88.82711
9981,274750,75.957146
9982,274772,107.31371
9983,274802,148.41812
9984,274820,87.49687
9985,274849,139.8927
9986,274866,80.530045
9987,274884,84.05949
9988,274915,153.53424
9989,274931,75.76656
9990,274956,119.88083
9991,274989,167.6058
9992,275019,148.08049
9993,275045,125.16882
9994,275079,175.45734
9995,275096,80.51714
9996,275112,76.06056
9997,275139,128.3598
9998,275171,154.4633
9999,275187,75.99574
10000,275213,127.00191
10001,275233,98.992485
10002,275250,81.88229
10003,275269,89.755646
10004,275285,75.73974
10005,275304,92.705246
10006,275321,80.828865
10007,275340,88.45759
10008,275356,75.62628
10009,275373,80.6659
10010,275405,168.80222
10011,275423,84.32941
10012,275441,84.77234
10013,275476,179.0447
10014,275493,80.511154
10015,275514,99.8695
10016,275545,153.79974
10017,275563,87.08047
10018,275581,85.32203
10019,275602,103.55583
10020,275621,94.09304
10021,275639,85.25683
10022,275656,80.78508
10023,275672,75.58066
10024,275689,80.589874
10025,275706,80.12123
10026,275728,105.32215
10027,275749,109.134384
10028,275767,85.81746
10029,275783,75.949135
10030,275804,100.17141
10031,275821,80.55578
10032,275853,171.23045
10033,275870,79.67662
10034,275888,84.96169
10035,275905,80.52411
10036,275933,132.31416
10037,275952,89.60952
10038,275970,84.808846
10039,275990,92.1766
10040,276006,75.66211
10041,276042,183.39467
10042,276059,80.66679
10043,276090,153.87611
10044,276119,144.02971
10045,276136,80.25282
10046,276153,80.570984
10047,276170,80.49937
10048,276186,76.013435
10049,276205,92.80752
10050,276223,86.37702
10051,276243,101.69963
10052,276262,96.06049
10053,276291,146.11102
10054,276309,84.14165
10055,276340,152.34357
10056,276359,89.25306
10057,276377,86.8357
10058,276394,80.7349
10059,276412,85.07243
10060,276430,84.770645
10061,276447,80.43076
10062,276464,80.43796
10063,276481,80.61267
10064,276499,86.89997
10065,276521,110.24847
10066,276555,170.71075
10067,276580,119.66258
10068,276603,116.538994
10069,276630,130.87112
10070,276647,81.31975
10071,276678,153.33916
10072,276695,81.310814
10073,276731,183.09523
10074,276749,86.61749
10075,276768,92.93489
10076,276787,91.80833
10077,276810,113.34795
10078,276833,110.300064
10079,276854,103.17342
10080,276873,92.38417
10081,276893,98.13259
10082,276912,91.554886
10083,276962,263.6343
10084,276980,87.29025
10085,277004,118.45135
10086,277025,105.54341
10087,277044,92.304825
10088,277063,91.6163
10089,277110,251.09639
10090,277130,100.34253
10091,277153,113.94835
10092,277172,91.92717
10093,277195,113.487686
10094,277213,85.96459
10095,277236,113.76332
10096,277254,86.053055
10097,277272,87.0242
10098,277291,92.82904
10099,277311,100.25967
10100,277349,194.60977
10101,277366,80.706436
10102,277382,75.6752
10103,277413,153.80014
10104,277432,92.61741
10105,277460,139.82951
10106,277482,106.049416
10107,277499,80.84666
10108,277515,75.98779
10109,277533,88.222336
10110,277562,145.40648
10111,277585,113.43932
10112,277608,112.8169
10113,277625,80.7378
10114,277649,119.7327
10115,277667,88.4679
10116,277684,81.52969
10117,277704,98.18693
10118,277728,118.29949
10119,277751,111.7967
10120,277768,80.39598
10121,277788,98.53617
10122,277806,86.81502
10123,277827,102.068596
10124,277852,124.85477
10125,277874,110.19632
10126,277916,227.75504
10127,277938,108.01803
10128,277956,86.40531
10129,277973,81.5057
10130,277990,81.50896
10131,278010,97.76057
10132,278028,86.99387
10133,278057,147.38397
10134,278078,102.82668
10135,278099,102.732544
10136,278118,95.25877
10137,278140,107.47605
10138,278157,80.354294
10139,278174,81.73521
10140,278200,129.33295
10141,278218,87.788704
10142,278264,239.28966
10143,278282,86.63051
10144,278302,97.01038
10145,278328,129.39102
10146,278348,97.55105
10147,278364,75.673584
10148,278395,157.97038
10149,278417,107.198105
10150,278433,75.92855
10151,278458,128.03903
10152,278480,110.58717
10153,278503,113.49084
10154,278523,98.63229
10155,278597,347.00082
10156,278654,290.77872
10157,278722,305.5109
10158,278779,278.59445
10159,278838,295.09842
10160,278912,369.50775
10161,278973,312.53983
10162,279030,281.1481
10163,279094,297.94757
10164,279146,266.07477
10165,279211,322.32147
10166,279265,262.67947
10167,279316,251.91177
10168,279371,269.443
10169,279432,300.70795
10170,279493,309.3932
10171,279557,335.06512
10172,279622,321.5212
10173,279691,383.49448
10174,279749,302.66788
10175,279830,430.50073
10176,279893,322.4813
10177,279946,264.42892
10178,280006,301.91714
10179,280068,325.46066
10180,280122,275.0263
10181,280176,267.90033
10182,280227,247.896
10183,280277,226.2407
10184,280333,280.18524
10185,280399,348.31467
10186,280453,270.288
10187,280510,292.28525
10188,280571,303.04868
10189,280591,100.19492
10190,280620,135.54535
10191,280645,122.648285
10192,280668,120.5179
10193,280711,224.72113
10194,280753,212.04869
10195,280788,168.55011
10196,280821,173.51208
10197,280855,166.62059
10198,280889,164.35785
10199,280926,185.68803
10200,280983,295.89728
10201,281028,218.15628
10202,281058,155.39503
10203,281091,167.95535
10204,281130,181.30046
10205,281181,238.78436
10206,281221,202.35019
10207,281255,166.14748
10208,281301,248.82457
10209,281319,87.49069
10210,281358,192.88823
10211,281391,158.52339
10212,281425,167.07173
10213,281456,149.15398
10214,281503,234.73558
10215,281543,204.7578
10216,281561,85.43585
10217,281579,86.14201
10218,281603,119.20276
10219,281621,87.51229
10220,281653,152.76453
10221,281694,202.58208
10222,281716,108.90733
10223,281771,288.75693
10224,281800,137.84846
10225,281847,240.53683
10226,281880,164.51434
10227,281902,108.0819
10228,281919,81.83249
10229,281938,92.31956
10230,281976,200.33255
10231,282013,184.46371
10232,282032,91.84079
10233,282069,177.30212
10234,282110,205.33577
10235,282141,149.54208
10236,282159,86.31242
10237,282201,208.34598
10238,282236,166.0051
10239,282285,240.9704
10240,282322,182.50603
10241,282361,194.78242
10242,282395,171.58258
10243,282437,220.92798
10244,282465,133.60959
10245,282506,212.15984
10246,282527,103.59292
10247,282554,136.45377
10248,282603,265.1058
10249,282624,105.35702
10250,282639,71.11105
10251,282654,71.16689
10252,282669,71.02196
10253,282684,71.06187
10254,282698,66.25669
10255,282713,71.0653
10256,282727,66.486115
10257,282742,71.13743
10258,282757,71.346275
10259,282772,70.829384
10260,282787,70.87989
10261,282801,66.29506
10262,282816,70.98508
10263,282832,76.09457
10264,282848,75.777725
10265,282863,71.0365
10266,282878,71.29751
10267,282893,70.947784
10268,282908,71.19769
10269,282923,70.9478
10270,282937,66.23652
10271,282952,71.27022
10272,282968,75.83552
10273,282984,75.700806
10274,282999,71.203186
10275,283018,86.8656
10276,283034,75.874794
10277,283049,70.9704
10278,283064,71.41294
10279,283079,71.34725
10280,283120,178.56816
10281,283137,80.4708
10282,283152,70.99645
10283,283166,66.607124
10284,283181,71.02106
10285,283196,70.72061
10286,283211,71.08986
10287,283226,70.94863
10288,283241,71.294655
10289,283255,66.44827
10290,283269,66.09959
10291,283284,71.08564
10292,283299,71.26518
10293,283314,71.07324
10294,283330,75.96543
10295,283345,70.96146
10296,283360,70.94843
10297,283375,71.181564
10298,283390,71.282715
10299,283405,71.27832
10300,283420,70.97633
10301,283435,71.17529
10302,283450,71.19699
10303,283466,76.02278
10304,283481,71.01338
10305,283496,71.019104
10306,283513,79.54494
10307,283529,75.68681
10308,283544,71.24715
10309,283560,75.69498
10310,283574,66.31986
10311,283590,75.9862
10312,283605,71.08956
10313,283620,71.30335
10314,283635,70.9718
10315,283650,70.891335
10316,283665,71.05471
10317,283680,71.289085
10318,283695,71.185715
10319,283710,71.218216
10320,283725,71.159065
10321,283740,70.96866
10322,283755,70.9487
10323,283769,66.24737
10324,283785,75.744446
10325,283800,71.29764
10326,283815,71.117714
10327,283831,75.793465
10328,283846,71.15918
10329,283861,71.21139
10330,283876,71.13905
10331,283891,71.11454
10332,283906,71.191505
10333,283921,71.17058
10334,283936,70.98609
10335,283952,75.70351
10336,283967,71.00626
10337,283981,66.59082
10338,283996,71.14107
10339,284011,71.05555
10340,284025,66.71316
10341,284041,75.92412
10342,284056,71.07533
10343,284071,71.01724
10344,284086,71.08309
10345,284102,76.07312
10346,284117,71.216156
10347,284131,66.375595
10348,284145,66.444336
10349,284160,71.17227
10350,284175,71.22946
10351,284189,66.30271
10352,284204,71.17734
10353,284219,70.94053
10354,284234,71.24235
10355,284250,75.89509
10356,284266,75.84167
10357,284281,71.30557
10358,284296,71.14002
10359,284311,71.270676
10360,284326,71.33714
10361,284341,71.30423
10362,284356,70.93245
10363,284370,66.30944
10364,284385,71.09409
10365,284399,66.469635
10366,284415,75.96318
10367,284431,76.00332
10368,284446,71.05087
10369,284461,70.92502
10370,284476,71.13101
10371,284491,71.07867
10372,284505,66.57404
10373,284520,70.937004
10374,284537,80.37764
10375,284552,71.00476
10376,284567,71.01786
10377,284588,95.20022
10378,284602,66.417725
10379,284619,80.32675
10380,284635,75.48854
10381,284651,76.00128
10382,284665,66.28442
10383,284683,84.41021
10384,284727,234.27832
10385,284759,146.89703
10386,284794,166.28654
10387,284838,222.67302
10388,284872,169.69272
10389,284915,230.15161
10390,284959,227.7629
10391,285018,302.2536
10392,285055,183.50322
10393,285093,194.11171
10394,285134,207.94551
10395,285173,198.9115
10396,285191,85.7425
10397,285232,211.37775
10398,285268,178.11794
10399,285316,229.50873
10400,285361,232.61244
10401,285397,183.44289
10402,285439,219.0174
10403,285482,226.34105
10404,285523,214.29645
10405,285565,216.71303
10406,285613,247.68481
10407,285631,85.419266
10408,285667,182.16919
10409,285718,265.9249
10410,285761,222.59557
10411,285808,249.10294
10412,285853,235.60094
10413,285900,244.974
10414,285946,240.81624
10415,285983,188.70232
10416,286022,195.91293
10417,286057,179.96518
10418,286098,212.03181
10419,286138,199.23024
10420,286183,236.20844
10421,286212,143.5094
10422,286250,196.36398
10423,286294,229.7025
10424,286337,220.97992
10425,286375,196.18272
10426,286405,134.4566
10427,286452,245.28964
10428,286493,208.83319
10429,286538,234.64726
10430,286555,80.70279
10431,286597,214.97704
10432,286635,194.14307
10433,286683,253.37038
10434,286722,196.98262
10435,286801,404.22232
10436,286856,276.3208
10437,286942,455.16504
10438,287001,303.5805
10439,287049,256.42084
10440,287110,326.31027
10441,287179,339.384
10442,287232,274.2053
10443,287305,371.05225
10444,287359,267.80002
10445,287420,329.90607
10446,287480,312.8261
10447,287571,465.07977
10448,287651,413.60446
10449,287740,440.26086
10450,287812,389.98404
10451,287876,330.45963
10452,287945,367.4635
10453,288021,400.4083
10454,288072,272.82578
10455,288187,575.41956
10456,288225,177.67111
10457,288322,479.36795
10458,288405,431.047
10459,288459,289.53253
10460,288514,260.4676
10461,288572,306.87244
10462,288643,331.0993
10463,288723,427.99298
10464,288785,290.1811
10465,288837,232.89626
10466,288868,138.5958
10467,288898,135.12831
10468,288927,131.10963
10469,288958,139.48772
10470,288995,169.93767
10471,289031,157.6706
10472,289058,122.13096
10473,289089,139.88115
10474,289124,155.7542
10475,289163,173.88136
10476,289196,149.97806
10477,289227,139.61586
10478,289256,129.32874
10479,289286,133.07523
10480,289314,126.03673
10481,289343,130.07393
10482,289378,160.50334
10483,289410,143.88551
10484,289440,134.93619
10485,289472,142.956
10486,289515,193.91576
10487,289542,122.12158
10488,289571,132.453
10489,289601,137.65529
10490,289643,195.69612
10491,289672,131.65047
10492,289715,192.10414
10493,289750,165.36052
10494,289785,157.25064
10495,289834,236.5571
10496,289876,190.66638
10497,289910,154.97899
10498,289940,133.85878
10499,289970,134.4089
10500,289994,106.47679
10501,290035,178.051
10502,290092,273.1584
10503,290127,160.05603
10504,290157,137.82292
10505,290186,131.21655
10506,290225,175.6068
10507,290262,166.93034
10508,290288,119.487015
10509,290321,150.98763
10510,290385,279.798
10511,290417,144.7255
10512,290455,168.65025
10513,290486,141.05219
10514,290520,153.89912
10515,290573,245.05783
10516,290606,149.39337
10517,290639,148.71353
10518,290671,143.9596
10519,290712,190.63557
10520,290743,140.7115
10521,290780,168.7867
10522,290810,136.79225
10523,290840,134.87141
10524,290878,169.66513
10525,290911,152.0504
10526,290939,132.86823
10527,290973,159.78838
10528,291016,195.06076
10529,291041,117.53124
10530,291077,165.78873
10531,291117,190.90599
10532,291146,136.3681
10533,291179,156.68257
10534,291199,96.34099
10535,291237,177.13228
10536,291272,158.03006
10537,291313,188.23027
10538,291334,103.19296
10539,291358,112.94364
10540,291388,137.67308
10541,291425,167.20316
10542,291460,164.9214
10543,291484,112.82523
10544,291521,189.21216
10545,291542,101.619286
10546,291580,170.09062
10547,291611,147.20216
10548,291642,142.32191
10549,291669,126.44494
10550,291701,160.44174
10551,291720,88.9031
10552,291746,113.60094
10553,291768,103.5836
10554,291791,113.26535
10555,291825,158.73285
10556,291844,89.506325
10557,291866,105.55735
10558,291896,142.00566
10559,291935,186.79565
10560,291975,181.61127
10561,292001,121.994026
10562,292022,95.49526
10563,292053,135.32594
10564,292074,102.73677
10565,292103,131.79631
10566,292122,92.181335
10567,292142,93.59633
10568,292164,107.676445
10569,292189,112.71017
10570,292221,147.39233
10571,292250,127.16878
10572,292286,162.10411
10573,292316,142.76512
10574,292342,119.71514
10575,292375,150.68466
10576,292401,121.14011
10577,292431,133.46613
10578,292464,155.42589
10579,292504,196.02264
10580,292543,175.6799
10581,292567,114.115036
10582,292600,143.00786
10583,292629,134.51714
10584,292655,123.18077
10585,292691,159.3624
10586,292711,94.89263
10587,292737,123.78989
10588,292765,125.70782
10589,292802,180.27072
10590,292823,101.11725
10591,292851,126.280975
10592,292878,136.9223
10593,292931,273.59393
10594,292969,202.32448
10595,293009,216.39919
10596,293038,136.87115
10597,293078,210.04913
10598,293129,268.2567
10599,293159,141.53496
10600,293177,86.04411
10601,293210,175.69519
10602,293244,179.48738
10603,293288,221.06053
10604,293323,179.39854
10605,293355,159.86642
10606,293395,212.64452
10607,293428,159.23425
10608,293457,140.849
10609,293481,124.686966
10610,293508,136.90166
10611,293548,201.35895
10612,293583,173.64264
10613,293615,166.65248
10614,293658,233.90775
10615,293694,173.59181
10616,293725,154.6021
10617,293770,249.0973
10618,293808,202.07089
10619,293826,84.97212
10620,293873,243.75735
10621,293908,183.91237
10622,293940,169.35597
10623,293973,175.17711
10624,294018,235.31548
10625,294050,157.18393
10626,294101,263.0667
10627,294132,158.39685
10628,294176,232.57388
10629,294207,152.56517
10630,294243,193.13248
10631,294269,133.74077
10632,294303,165.35469
10633,294350,247.75162
10634,294387,183.45525
10635,294447,314.43283
10636,294489,222.83868
10637,294516,138.67152
10638,294554,186.21983
10639,294586,161.14946
10640,294629,208.65932
10641,294671,216.93803
10642,294702,157.23819
10643,294737,187.76595
10644,294798,319.55838
10645,294834,189.34131
10646,294859,131.08186
10647,294897,187.5515
10648,294950,284.57343
10649,295012,319.1101
10650,295057,229.11974
10651,295114,288.46048
10652,295166,266.81207
10653,295212,228.10541
10654,295263,264.10458
10655,295286,112.1973
10656,295325,195.39673
10657,295354,141.6739
10658,295371,80.76009
10659,295414,213.53189
10660,295435,101.78566
10661,295478,202.5905
10662,295529,262.70438
10663,295576,237.38115
10664,295596,96.81974
10665,295621,120.468124
10666,295650,140.64456
10667,295689,199.32516
10668,295732,212.52576
10669,295786,273.17795
10670,295846,315.81564
10671,295900,288.7294
10672,295952,262.3176
10673,296001,237.59451
10674,296049,252.3282
10675,296094,220.19875
10676,296136,215.23686
10677,296211,370.65958
10678,296258,240.91534
10679,296303,227.69385
10680,296350,243.54681
10681,296389,188.53743
10682,296445,291.9082
10683,296471,128.13808
10684,296521,255.56348
10685,296568,242.11234
10686,296590,108.50508
10687,296655,338.4683
10688,296698,217.95818
10689,296715,80.85047
10690,296757,210.76791
10691,296796,188.62526
10692,296829,158.13362
10693,296879,250.25168
10694,296908,138.90404
10695,296961,268.29266
10696,296981,97.97978
10697,297011,152.83385
10698,297062,274.26938
10699,297098,186.6745
10700,297119,103.30417
10701,297173,258.7534
10702,297211,189.63026
10703,297271,298.46225
10704,297305,164.28162
10705,297354,244.58392
10706,297393,192.44653
10707,297433,203.73836
10708,297476,217.91098
10709,297513,191.08711
10710,297546,163.77916
10711,297600,264.84723
10712,297649,237.80981
10713,297713,328.627
10714,297756,209.9511
10715,297817,335.06335
10716,297853,188.68845
10717,297890,186.39713
10718,297916,122.836395
10719,297943,135.43633
10720,297987,227.14336
10721,298063,398.1736
10722,298111,247.3962
10723,298176,363.65082
10724,298219,210.7339
10725,298275,286.47723
10726,298332,286.27606
10727,298398,319.66757
10728,298424,126.98148
10729,298467,212.66553
10730,298518,250.38666
10731,298574,282.75894
10732,298597,117.871155
10733,298633,186.44873
10734,298682,220.91254
10735,298715,163.63626
10736,298767,272.5448
10737,298805,193.57611
10738,298886,406.722
10739,298912,122.6441
10740,298981,363.35498
10741,299059,413.3134
10742,299103,194.81544
10743,299151,226.80086
10744,299194,205.04803
10745,299241,239.86095
10746,299294,249.64473
10747,299330,183.29842
10748,299388,282.095
10749,299439,250.0662
10750,299492,247.22809
10751,299539,221.66074
10752,299608,342.88864
10753,299651,193.01472
10754,299701,238.49811
10755,299743,205.08664
10756,299809,318.5424
10757,299855,214.2943
10758,299906,234.65385
10759,299971,315.73877
10760,300021,221.64107
10761,300059,190.31842
10762,300151,419.03226
10763,300186,161.03542
10764,300232,217.58257
10765,300268,178.98383
10766,300334,321.515
10767,300387,242.01024
10768,300441,248.32101
10769,300491,248.11151
10770,300528,168.6398
10771,300578,252.21335
10772,300661,362.5587
10773,300716,259.6542
10774,300769,265.14374
10775,300816,221.13583
10776,300866,241.2108
10777,300910,203.26958
10778,300982,331.0327
10779,301038,273.48123
10780,301080,192.7176
10781,301125,205.71347
10782,301179,269.4979
10783,301232,250.48817
10784,301259,122.92297
10785,301277,84.1298
10786,301307,138.46477
10787,301338,134.69545
10788,301367,135.58618
10789,301415,231.31839
10790,301438,103.64997
10791,301484,210.93709
10792,301544,268.61884
10793,301591,228.50871
10794,301632,196.98883
10795,301654,104.39276
10796,301686,137.7425
10797,301727,176.43268
10798,301785,287.85986
10799,301837,255.04689
10800,301870,148.48041
10801,301908,174.36377
10802,301944,167.33096
10803,302024,388.83975
10804,302070,221.7331
10805,302103,150.94589
10806,302147,206.31972
10807,302198,232.52672
10808,302224,122.66407
10809,302279,250.77356
10810,302307,124.95443
10811,302334,122.02089
10812,302357,103.154915
10813,302422,323.87875
10814,302458,163.4253
10815,302501,191.8225
10816,302545,189.43129
10817,302576,145.66388
10818,302633,264.97733
10819,302719,402.42026
10820,302771,255.3096
10821,302808,171.25288
10822,302847,182.42711
10823,302868,99.949196
10824,302887,86.812546
10825,302921,157.29356
10826,302954,145.30983
10827,303022,364.16638
10828,303060,188.01741
10829,303120,314.8664
10830,303161,211.7474
10831,303209,257.77023
10832,303256,251.94225
10833,303310,300.47464
10834,303354,235.75334
10835,303399,239.14294
10836,303447,258.10446
10837,303492,242.1424
10838,303543,278.06097
10839,303588,243.75874
10840,303639,282.14542
10841,303683,237.43184
10842,303731,261.48572
10843,303777,251.24794
10844,303821,234.98972
10845,303861,207.70505
10846,303907,248.28221
10847,303950,231.80652
10848,303996,248.87476
10849,304046,274.92166
10850,304089,227.87125
10851,304136,252.89275
10852,304184,255.98776
10853,304226,221.9152
10854,304277,276.20828
10855,304330,294.58997
10856,304375,244.56346
10857,304423,258.21292
10858,304468,239.23334
10859,304512,237.78386
10860,304559,253.25784
10861,304607,260.85666
10862,304654,250.76666
10863,304704,268.79205
10864,304754,271.02094
10865,304803,264.86804
10866,304852,265.08878
10867,304902,271.67987
10868,304951,268.0477
10869,305004,291.9999
10870,305051,253.70091
10871,305098,252.73953
10872,305143,239.41064
10873,305180,180.81155
10874,305209,141.69907
10875,305253,206.316
10876,305305,272.8824
10877,305364,293.1798
10878,305422,281.85144
10879,305465,209.834
10880,305523,284.97302
10881,305556,153.54391
10882,305588,149.66502
10883,305639,249.32341
10884,305699,288.4712
10885,305718,90.67577
10886,305782,314.84512
10887,305835,244.43117
10888,305855,97.01379
10889,305901,228.01
10890,305956,276.35217
10891,306009,248.92789
10892,306039,152.01183
10893,306080,198.37903
10894,306139,326.77222
10895,306186,226.63272
10896,306244,282.57217
10897,306290,223.58633
10898,306340,245.30147
10899,306398,271.25104
10900,306448,245.44507
10901,306499,238.2858
10902,306564,325.72495
10903,306598,164.26405
10904,306628,145.09836
10905,306671,207.84021
10906,306724,245.85582
10907,306770,218.41234
10908,306824,275.1062
10909,306866,207.34808
10910,306914,236.27724
10911,306967,254.99594
10912,307003,164.88153
10913,307056,256.82462
10914,307084,134.29199
10915,307142,274.90652
10916,307194,258.6238
10917,307248,290.59726
10918,307302,280.0505
10919,307362,322.04312
10920,307420,314.42517
10921,307471,263.33072
10922,307547,392.06555
10923,307608,325.71255
10924,307662,291.47855
10925,307722,311.40076
10926,307770,252.21666
10927,307823,283.633
10928,307875,278.23242
10929,307947,381.88428
10930,307996,262.19955
10931,308046,265.3303
10932,308104,310.7132
10933,308164,324.58975
10934,308222,305.78723
10935,308277,285.5858
10936,308342,332.07635
10937,308404,335.27805
10938,308455,275.9073
10939,308509,281.02368
10940,308569,321.83035
10941,308629,319.76334
10942,308683,289.6418
10943,308732,263.26093
10944,308782,233.96588
10945,308834,279.36676
10946,308901,357.72955
10947,308948,245.48228
10948,308992,235.69226
10949,309035,223.12976
10950,309093,305.56274
10951,309160,353.39752
10952,309217,312.30304
10953,309272,268.26404
10954,309306,171.45401
10955,309351,221.82661
10956,309439,463.0447
10957,309531,479.3533
10958,309580,234.73973
10959,309614,168.0846
10960,309650,174.5531
10961,309728,375.36688
10962,309786,298.40082
10963,309867,399.53314
10964,309911,215.96725
10965,309951,199.47798
10966,310002,247.67851
10967,310070,328.37482
10968,310105,174.60452
10969,310147,202.71085
10970,310203,285.61136
10971,310298,522.5393
10972,310341,211.74187
10973,310381,195.3475
10974,310408,135.32912
10975,310484,363.74954
10976,310538,260.78125
10977,310579,198.57454
10978,310638,287.97382
10979,310680,201.31569
10980,310769,468.85867
10981,310805,178.5817
10982,310845,194.64833
10983,310889,210.9104
10984,310941,253.2028
10985,311028,455.68756
10986,311078,247.3122
10987,311170,444.81454
10988,311207,189.8356
10989,311251,216.1875
10990,311298,230.17589
10991,311355,309.14395
10992,311409,292.96896
10993,311464,289.57376
10994,311525,333.1329
10995,311578,286.69635
10996,311626,258.89767
10997,311669,221.89157
10998,311730,329.81955
10999,311769,201.47704
11000,311839,372.11572
11001,311900,331.0576
11002,311955,303.0309
11003,312015,330.15683
11004,312052,200.43614
11005,312111,313.7468
11006,312162,273.9366
11007,312229,358.3619
11008,312278,267.30472
11009,312340,330.2454
11010,312376,187.74997
11011,312413,196.94893
11012,312472,323.16306
11013,312509,197.75174
11014,312555,237.19681
11015,312613,316.08286
11016,312675,337.70364
11017,312695,98.05001
11018,312749,282.63513
11019,312801,273.41275
11020,312852,274.39655
11021,312914,324.86462
11022,312957,231.57843
11023,313020,346.67847
11024,313055,182.61613
11025,313115,331.32382
11026,313170,301.91858
11027,313230,321.03958
11028,313291,331.9812
11029,313311,98.43397
11030,313366,291.83755
11031,313419,278.232
11032,313489,360.27695
11033,313547,306.7025
11034,313593,238.72128
11035,313660,357.8495
11036,313729,364.3944
11037,313779,263.37692
11038,313820,211.72362
11039,313878,306.83118
11040,313929,272.7194
11041,313977,248.33871
11042,314035,306.56244
11043,314088,278.82028
11044,314143,296.7108
11045,314200,298.5962
11046,314266,353.38235
11047,314329,334.49335
11048,314374,235.3305
11049,314427,282.33398
11050,314475,257.2232
11051,314534,311.01767
11052,314571,189.61151
11053,314621,260.09793
11054,314660,197.9104
11055,314719,306.0994
11056,314769,261.68216
11057,314812,223.22163
11058,314871,308.823
11059,314940,372.78012
11060,315003,330.03677
11061,315060,305.2659
11062,315118,302.39145
11063,315168,249.81985
11064,315209,201.62476
11065,315255,234.20024
11066,315299,229.81648
11067,315354,289.26797
11068,315414,322.33517
11069,315436,112.852325
11070,315455,94.90919
11071,315478,115.004105
11072,315503,115.037506
11073,315523,100.92944
11074,315551,143.7239
11075,315570,94.874756
11076,315591,105.18126
11077,315615,119.88546
11078,315633,85.54887
11079,315653,98.08612
11080,315675,112.15345
11081,315696,105.14992
11082,315714,88.032425
11083,315733,94.926994
11084,315757,120.64335
11085,315777,95.476524
11086,315799,112.1261
11087,315829,137.07576
11088,315858,147.36089
11089,315883,126.75346
11090,315907,120.624214
11091,315932,124.03915
11092,315955,114.73312
11093,315976,104.06192
11094,315995,95.15885
11095,316015,99.72979
11096,316035,96.08074
11097,316056,108.17033
11098,316079,116.633934
11099,316103,120.88417
11100,316123,98.438675
11101,316142,92.827515
11102,316164,109.38728
11103,316182,86.419304
11104,316202,99.52444
11105,316229,139.45508
11106,316247,85.26135
11107,316267,101.5183
11108,316293,133.19073
11109,316315,111.14506
11110,316334,94.21569
11111,316358,121.15513
11112,316376,86.51333
11113,316395,95.20828
11114,316415,100.90515
11115,316438,114.56654
11116,316457,94.26935
11117,316480,113.188354
11118,316500,95.96389
11119,316518,87.398705
11120,316541,115.39007
11121,316566,122.57955
11122,316588,112.00055
11123,316621,162.26196
11124,316641,99.59036
11125,316662,105.76591
11126,316683,106.309494
11127,316703,100.66525
11128,316722,94.94735
11129,316743,104.09587
11130,316765,113.03666
11131,316787,114.08158
11132,316828,180.842
11133,316859,153.73434
11134,316878,91.62851
11135,316900,109.96911
11136,316926,133.07982
11137,316958,155.8288
11138,316982,121.459526
11139,317002,100.67042
11140,317026,122.21999
11141,317048,113.872314
11142,317073,122.25471
11143,317111,180.93568
11144,317131,101.23009
11145,317150,94.73296
11146,317173,109.44597
11147,317196,112.05075
11148,317214,86.02648
11149,317233,95.06522
11150,317256,108.80253
11151,317288,155.15462
11152,317309,105.185265
11153,317331,112.24182
11154,317350,94.29878
11155,317370,99.55394
11156,317400,147.88388
11157,317421,106.07246
11158,317442,102.17071
11159,317460,85.543724
11160,317488,117.659996
11161,317511,102.467514
11162,317528,78.933235
11163,317552,111.74191
11164,317581,147.73503
11165,317605,119.16296
11166,317636,131.4323
11167,317657,95.879135
11168,317682,125.355835
11169,317700,86.15291
11170,317717,80.30375
11171,317741,107.51998
11172,317760,91.42316
11173,317781,94.232864
11174,317798,80.48308
11175,317817,89.29575
11176,317834,80.396576
11177,317855,96.29366
11178,317873,84.699265
11179,317897,106.97826
11180,317923,135.24818
11181,317944,97.163605
11182,317968,112.7152
11183,317996,139.89195
11184,318013,79.806786
11185,318042,135.9362
11186,318060,85.52149
11187,318088,124.24579
11188,318112,108.77929
11189,318136,123.56246
11190,318163,132.29921
11191,318181,85.37477
11192,318201,97.55827
11193,318233,141.36316
11194,318252,87.963165
11195,318275,106.24837
11196,318300,112.04708
11197,318317,80.58102
11198,318336,90.76196
11199,318354,85.16682
11200,318379,124.1765
11201,318409,151.89099
11202,318426,80.87697
11203,318444,86.239624
11204,318474,131.81854
11205,318491,80.79716
11206,318508,80.48865
11207,318526,84.70662
11208,318542,75.717415
11209,318560,84.00164
11210,318579,90.57654
11211,318597,83.5653
11212,318622,120.651726
11213,318640,83.77363
11214,318663,117.22781
11215,318692,126.17648
11216,318714,102.15806
11217,318742,142.8973
11218,318771,127.872894
11219,318807,178.97316
11220,318826,94.66457
11221,318844,84.901955
11222,318867,113.430984
11223,318890,105.41905
11224,318912,100.339714
11225,318929,80.06434
11226,318947,86.293236
11227,318964,80.845955
11228,318987,104.00447
11229,319014,136.79868
11230,319032,84.405014
11231,319056,118.55972
11232,319082,117.43905
11233,319099,80.3641
11234,319117,84.95863
11235,319148,159.40831
11236,319172,120.52503
11237,319195,102.77094
11238,319215,99.31133
11239,319234,89.91469
11240,319253,88.78218
11241,319276,104.171646
11242,319294,86.14746
11243,319313,93.220024
11244,319339,116.66498
11245,319356,80.72724
11246,319373,80.47989
11247,319389,75.96923
11248,319411,97.90132
11249,319434,103.44282
11250,319451,79.87425
11251,319475,118.77187
11252,319505,128.95277
11253,319565,327.6811
11254,319602,183.83424
11255,319652,243.91267
11256,319713,305.84064
11257,319750,179.12152
11258,319793,206.0636
11259,319862,357.08942
11260,319898,177.09659
11261,319931,162.43384
11262,319995,348.5295
11263,320054,315.59268
11264,320107,273.57877
11265,320161,275.7084
11266,320206,230.47498
11267,320246,200.06052
11268,320302,295.52838
11269,320352,261.555
11270,320385,162.64355
11271,320420,170.69545
11272,320455,170.44742
11273,320523,355.65915
11274,320570,238.26422
11275,320640,376.80786
11276,320700,318.14417
11277,320731,151.07657
11278,320791,297.59988
11279,320851,308.44666
11280,320882,148.06792
11281,320912,144.43556
11282,320967,301.84674
11283,321004,187.66518
11284,321042,187.88513
11285,321115,395.17166
11286,321154,195.1724
11287,321189,172.78818
11288,321224,170.86627
11289,321286,338.06363
11290,321318,154.02946
11291,321356,184.77937
11292,321396,196.0442
11293,321427,145.08693
11294,321465,184.66689
11295,321503,188.16187
11296,321541,187.9264
11297,321585,222.35152
11298,321632,233.13985
11299,321665,160.80469
11300,321711,238.98502
11301,321762,260.97833
11302,321805,210.86931
11303,321855,250.99927
11304,321904,246.98697
11305,321973,349.71057
11306,322033,287.6404
11307,322091,284.16565
11308,322126,172.6345
11309,322153,133.99704
11310,322202,244.91934
11311,322262,310.82025
11312,322317,291.97614
11313,322369,269.12805
11314,322428,309.09518
11315,322489,315.61307
11316,322591,493.532
11317,322627,175.63512
11318,322666,193.69499
11319,322709,208.90486
11320,322759,245.67783
11321,322816,298.6273
11322,322866,250.34444
11323,322909,214.31882
11324,322955,226.93152
11325,323006,268.61935
11326,323030,120.503555
11327,323073,213.36847
11328,323125,258.40982
11329,323168,215.15671
11330,323253,438.60794
11331,323293,196.84457
11332,323343,254.88998
11333,323385,213.20134
11334,323435,262.78598
11335,323506,378.46295
11336,323553,238.60954
11337,323615,325.3501
11338,323666,268.31015
11339,323722,294.66772
11340,323767,228.20862
11341,323808,214.59355
11342,323863,287.71982
11343,323909,239.2204
11344,323959,259.68317
11345,323995,182.06685
11346,324031,181.98642
11347,324079,252.46259
11348,324126,245.32431
11349,324172,238.68642
11350,324212,200.2726
11351,324250,188.2035
11352,324301,256.5479
11353,324342,209.61122
11354,324391,253.7153
11355,324438,242.4425
11356,324498,315.17706
11357,324538,202.71214
11358,324583,235.564
11359,324634,264.51837
11360,324681,238.86423
11361,324729,244.36055
11362,324775,234.7821
11363,324817,213.09805
11364,324859,214.80583
11365,324906,241.48077
11366,324952,232.76576
11367,325003,258.86234
11368,325079,404.02484
11369,325128,249.62245
11370,325182,282.5375
11371,325227,227.5459
11372,325277,257.84232
11373,325320,218.86621
11374,325364,224.18922
11375,325412,245.17125
11376,325455,220.39752
11377,325496,208.88724
11378,325542,237.48816
11379,325602,321.82303
11380,325643,199.26776
11381,325663,99.19812
11382,325682,93.27327
11383,325702,99.68735
11384,325721,93.38307
11385,325741,99.31496
11386,325759,87.73095
11387,325777,87.98764
11388,325794,81.627556
11389,325814,98.568954
11390,325835,104.0569
11391,325854,92.96167
11392,325874,98.66062
11393,325894,98.83115
11394,325915,104.63404
11395,325936,104.548035
11396,325958,109.282166
11397,325979,104.68534
11398,325999,98.563866
11399,326017,88.0166
11400,326035,87.36151
11401,326076,218.30325
11402,326096,98.39929
11403,326117,103.13619
11404,326134,81.383835
11405,326174,213.5119
11406,326204,154.848
11407,326222,87.881226
11408,326240,87.47556
11409,326261,104.48113
11410,326306,240.32913
11411,326326,97.895546
11412,326372,244.46046
11413,326391,93.470825
11414,326410,93.39358
11415,326431,103.5553
11416,326451,98.71024
11417,326470,93.430534
11418,326491,104.12352
11419,326509,87.0382
11420,326527,87.900085
11421,326545,87.22345
11422,326565,98.73306
11423,326587,109.2711
11424,326609,110.3311
11425,326628,93.289246
11426,326646,87.87142
11427,326664,87.67277
11428,326683,92.94646
11429,326702,93.10282
11430,326722,98.734146
11431,326741,93.405266
11432,326766,126.63485
11433,326785,93.26178
11434,326803,88.21426
11435,326822,93.321304
11436,326841,93.00946
11437,326859,87.04689
11438,326877,87.74292
11439,326914,195.15598
11440,326953,206.75012
11441,326971,87.40081
11442,326990,93.26133
11443,327009,93.74912
11444,327031,109.613945
11445,327069,201.91478
11446,327087,87.92914
11447,327139,267.42307
11448,327158,93.047295
11449,327177,93.39747
11450,327195,88.222244
11451,327235,213.37903
11452,327273,201.77597
11453,327293,98.169685
11454,327313,99.49061
11455,327332,92.79111
11456,327353,104.8094
11457,327374,104.63857
11458,327393,92.72268
11459,327411,87.78784
11460,327429,88.078705
11461,327449,98.791214
11462,327468,93.29122
11463,327486,88.24929
11464,327509,115.547646
11465,327529,98.2396
11466,327548,92.72922
11467,327567,93.07167
11468,327586,93.628494
11469,327605,94.50952
11470,327623,87.13803
11471,327663,213.13808
11472,327680,81.49621
11473,327732,271.24667
11474,327767,179.07013
11475,327807,199.97035
11476,327832,124.74512
11477,327866,166.72606
11478,327919,277.94537
11479,327942,112.954285
11480,327986,227.07124
11481,328003,80.77695
11482,328020,80.386894
11483,328038,85.96154
11484,328055,80.34942
11485,328073,86.38319
11486,328117,224.65453
11487,328134,80.93304
11488,328153,91.96114
11489,328199,232.59619
11490,328217,86.680435
11491,328236,91.212135
11492,328271,176.59396
11493,328308,190.36996
11494,328354,233.17357
11495,328403,254.84695
11496,328421,86.22868
11497,328460,196.7592
11498,328504,226.50943
11499,328552,251.06956
11500,328593,207.96445
11501,328647,284.53546
11502,328664,80.91672
11503,328697,165.17598
11504,328716,91.166885
11505,328768,257.30316
11506,328820,271.39597
11507,328867,238.9524
11508,328902,177.57387
11509,328944,210.4785
11510,328967,113.12949
11511,329000,162.7024
11512,329040,209.31543
11513,329059,91.19651
11514,329115,289.36267
11515,329168,267.38068
11516,329199,150.15733
11517,329221,108.09198
11518,329241,96.79782
11519,329300,303.64865
11520,329351,259.30557
11521,329371,97.49865
11522,329424,278.0023
11523,329442,86.27377
11524,329491,248.3503
11525,329536,232.8733
11526,329570,172.69429
11527,329590,95.02203
11528,329630,206.827
11529,329685,283.26718
11530,329722,188.64142
11531,329738,75.61104
11532,329755,80.534805
11533,329773,86.503395
11534,329790,80.80109
11535,329807,80.858185
11536,329828,102.9053
11537,329845,80.50365
11538,329863,86.77451
11539,329882,92.192535
11540,329899,80.572716
11541,329918,92.83152
11542,329942,119.65643
11543,329959,80.720276
11544,329976,81.197716
11545,329993,80.85088
11546,330012,92.24026
11547,330029,80.37014
11548,330047,87.07082
11549,330067,97.34673
11550,330086,92.80555
11551,330103,80.923355
11552,330120,80.67664
11553,330139,91.84512
11554,330155,75.74408
11555,330172,80.59976
11556,330190,86.82398
11557,330208,87.144684
11558,330225,80.48451
11559,330245,97.746925
11560,330262,80.48628
11561,330279,80.60265
11562,330296,80.25168
11563,330332,181.89468
11564,330351,93.44293
11565,330372,103.43334
11566,330411,200.47832
11567,330428,80.4315
11568,330445,80.64088
11569,330464,92.98469
11570,330482,86.918365
11571,330500,86.89552
11572,330519,92.16005
11573,330536,80.55132
11574,330553,80.5006
11575,330570,80.51841
11576,330588,87.418015
11577,330612,116.29609
11578,330629,80.763176
11579,330648,92.01253
11580,330665,80.7853
11581,330695,151.9936
11582,330713,87.09532
11583,330730,80.454865
11584,330751,104.13415
11585,330769,86.95315
11586,330786,80.50534
11587,330806,98.17897
11588,330823,80.47737
11589,330840,80.54414
11590,330857,80.324234
11591,330878,102.96629
11592,330895,80.321754
11593,330912,80.76404
11594,330931,92.73045
11595,330953,108.17575
11596,330972,92.33683
11597,331022,253.15408
11598,331041,92.7901
11599,331065,120.022224
11600,331082,80.66014
11601,331099,80.49249
11602,331117,86.172775
11603,331134,81.05903
11604,331152,86.74142
11605,331170,85.88029
11606,331187,80.72513
11607,331204,80.44699
11608,331221,80.383545
11609,331238,80.65888
11610,331280,214.07901
11611,331320,206.05673
11612,331338,87.438
11613,331355,80.6167
11614,331372,80.38681
11615,331397,124.53939
11616,331414,80.43923
11617,331431,80.56825
11618,331448,81.06535
11619,331465,80.487114
11620,331506,213.22539
11621,331523,80.365326
11622,331542,92.99587
11623,331559,80.68511
11624,331576,80.51129
11625,331593,80.18094
11626,331610,80.75991
11627,331627,80.86148
11628,331645,86.925285
11629,331662,80.383736
11630,331679,80.452965
11631,331696,80.53656
11632,331714,87.18639
11633,331731,80.69548
11634,331748,80.2458
11635,331771,115.08558
11636,331808,183.55864
11637,331857,256.5965
11638,331908,273.99493
11639,331953,232.79514
11640,332000,244.28331
11641,332050,262.82428
11642,332091,211.83905
11643,332139,251.36766
11644,332199,320.48914
11645,332241,218.63187
11646,332290,254.80817
11647,332339,256.3042
11648,332384,236.42918
11649,332428,231.57907
11650,332488,318.10156
11651,332530,217.82442
11652,332575,235.54665
11653,332612,185.88637
11654,332657,239.47157
11655,332700,222.83145
11656,332747,248.03973
11657,332792,234.9356
11658,332839,245.49509
11659,332885,239.4278
11660,332928,222.35307
11661,332973,236.16515
11662,333016,223.22455
11663,333061,235.62315
11664,333107,239.25334
11665,333147,205.75024
11666,333199,274.67923
11667,333249,266.61462
11668,333304,289.45743
11669,333349,233.919
11670,333408,313.14114
11671,333462,288.3676
11672,333517,294.18228
11673,333566,258.2866
11674,333613,247.79027
11675,333659,240.69598
11676,333705,238.83632
11677,333755,265.2123
11678,333797,218.00082
11679,333839,217.76527
11680,333863,111.29329
11681,333889,122.88174
11682,333928,190.55894
11683,333947,86.3492
11684,333965,83.99095
11685,333982,78.75381
11686,334007,116.72362
11687,334024,80.790726
11688,334041,78.41247
11689,334062,94.34736
11690,334086,116.28087
11691,334105,86.91759
11692,334129,111.18667
11693,334147,83.02224
11694,334163,75.01821
11695,334181,82.89801
11696,334199,82.13217
11697,334218,89.91196
11698,334236,83.438484
11699,334255,86.647446
11700,334275,90.60277
11701,334294,86.831985
11702,334312,82.706726
11703,334342,142.12007
11704,334361,87.33068
11705,334379,81.77928
11706,334397,82.70204
11707,334428,147.19205
11708,334447,89.74295
11709,334466,86.20919
11710,334489,107.65996
11711,334518,138.80295
11712,334539,95.1115
11713,334555,73.86413
11714,334574,91.04761
11715,334592,84.23351
11716,334614,102.58454
11717,334634,95.93169
11718,334653,86.674225
11719,334672,88.459236
11720,334697,114.50987
11721,334715,85.464516
11722,334732,80.22595
11723,334749,77.97361
11724,334767,83.58461
11725,334787,94.996895
11726,334805,83.271454
11727,334826,99.254906
11728,334846,95.67086
11729,334864,82.9641
11730,334885,98.56129
11731,334902,79.96658
11732,334919,79.04598
11733,334939,94.62142
11734,334958,86.39503
11735,334979,99.969505
11736,334998,87.38131
11737,335015,78.41726
11738,335035,95.18675
11739,335058,101.480576
11740,335078,91.095894
11741,335098,95.437195
11742,335116,82.73529
11743,335138,104.191124
11744,335156,82.78941
11745,335175,87.066216
11746,335195,93.8667
11747,335225,138.2859
11748,335245,89.23167
11749,335264,85.937065
11750,335284,94.4635
11751,335303,86.69864
11752,335321,84.02125
11753,335344,103.215515
11754,335367,109.96685
11755,335385,83.954735
11756,335405,92.43931
11757,335427,97.701775
11758,335447,90.371
11759,335463,73.785706
11760,335483,91.41182
11761,335503,92.79797
11762,335521,82.07179
11763,335539,82.432076
11764,335559,93.63623
11765,335587,132.32657
11766,335620,157.26846
11767,335646,125.13717
11768,335666,92.61255
11769,335684,82.73928
11770,335706,103.91023
11771,335730,115.14814
11772,335747,80.09334
11773,335765,83.56769
11774,335799,160.6091
11775,335816,79.82106
11776,335835,87.067184
11777,335860,124.88068
11778,335877,80.637856
11779,335898,107.54023
11780,335914,75.68213
11781,335934,101.033875
11782,335953,94.267
11783,335977,120.3202
11784,336004,135.42332
11785,336028,120.1803
11786,336054,130.08014
11787,336077,114.94183
11788,336109,154.48988
11789,336134,127.49851
11790,336161,136.30023
11791,336189,139.74234
11792,336215,132.53963
11793,336234,93.64404
11794,336253,93.63103
11795,336276,117.64363
11796,336302,132.58109
11797,336321,93.558136
11798,336342,107.10451
11799,336358,75.689705
11800,336384,133.06792
11801,336403,96.58955
11802,336426,117.3795
11803,336447,107.391365
11804,336471,122.31199
11805,336509,192.03812
11806,336534,127.00595
11807,336557,116.71999
11808,336584,138.52849
11809,336606,110.98933
11810,336635,146.75409
11811,336655,99.64371
11812,336690,182.02747
11813,336711,107.06514
11814,336739,142.30687
11815,336768,146.62045
11816,336787,95.03592
11817,336813,134.23819
11818,336850,172.43497
11819,336866,75.766685
11820,336895,146.14012
11821,336927,160.61131
11822,336959,153.89774
11823,336983,122.96287
11824,337009,132.36188
11825,337047,188.69058
11826,337072,126.71171
11827,337088,75.69231
11828,337104,75.904434
11829,337128,122.31505
11830,337155,138.9744
11831,337176,106.45787
11832,337200,119.53913
11833,337235,171.16646
11834,337259,120.81938
11835,337282,117.2948
11836,337305,114.75345
11837,337328,116.84713
11838,337376,239.49178
11839,337396,101.32605
11840,337420,120.48461
11841,337435,70.94203
11842,337454,93.48957
11843,337473,93.67052
11844,337500,135.06712
11845,337519,93.801636
11846,337543,122.70465
11847,337571,134.71393
11848,337596,128.28944
11849,337611,71.171196
11850,337630,93.84116
11851,337649,94.42053
11852,337670,102.62575
11853,337689,92.57662
11854,337715,131.60425
11855,337735,100.896515
11856,337773,196.90747
11857,337792,92.849594
11858,337816,122.16169
11859,337836,100.082664
11860,337880,230.48787
11861,337901,106.43657
11862,337930,147.95886
11863,337953,104.44917
11864,337985,141.2046
11865,338008,102.10075
11866,338042,153.84305
11867,338073,133.02112
11868,338106,149.28015
11869,338136,134.75081
11870,338162,114.28903
11871,338183,94.33488
11872,338202,87.43146
11873,338233,134.64153
11874,338254,94.44226
11875,338278,106.86622
11876,338309,136.9664
11877,338342,148.6716
11878,338368,112.559494
11879,338399,141.42377
11880,338447,249.08339
11881,338469,97.80967
11882,338493,108.161
11883,338530,193.51863
11884,338558,127.06232
11885,338582,107.40177
11886,338603,102.91045
11887,338627,106.2215
11888,338649,99.632675
11889,338681,160.49397
11890,338708,119.658714
11891,338738,128.00204
11892,338761,103.210266
11893,338782,94.371864
11894,338806,106.71385
11895,338840,151.22733
11896,338870,133.72768
11897,338895,111.31615
11898,338937,195.51447
11899,338977,221.30542
11900,339004,121.20188
11901,339032,122.54986
11902,339057,109.137505
11903,339089,140.62604
11904,339119,128.4494
11905,339140,94.74347
11906,339164,107.42221
11907,339195,134.72177
11908,339223,118.88834
11909,339242,87.512794
11910,339266,107.58641
11911,339301,154.04877
11912,339322,94.24809
11913,339349,120.565895
11914,339372,109.03901
11915,339403,140.26195
11916,339433,130.29172
11917,339458,109.717636
11918,339486,118.9322
11919,339517,136.63727
11920,339545,123.44273
11921,339568,102.86991
11922,339600,144.21407
11923,339623,102.85506
11924,339665,194.55469
11925,339689,107.87147
11926,339719,132.33112
11927,339746,118.36438
11928,339777,137.7077
11929,339809,144.8839
11930,339842,147.51788
11931,339875,144.55896
11932,339907,144.89758
11933,339941,149.3673
11934,339962,95.7195
11935,339991,136.31711
11936,340038,233.46983
11937,340072,171.1293
11938,340107,167.96906
11939,340164,310.68387
11940,340192,134.33905
11941,340240,238.75117
11942,340305,326.5766
11943,340355,255.47157
11944,340397,208.00201
11945,340431,169.22574
11946,340464,163.40501
11947,340527,302.69006
11948,340561,167.1799
11949,340600,195.12642
11950,340650,250.84875
11951,340696,220.0762
11952,340750,268.13837
11953,340794,214.74689
11954,340850,292.50586
11955,340880,142.4628
11956,340908,136.31335
11957,340951,216.7875
11958,340984,159.65218
11959,341033,247.53986
11960,341060,129.29845
11961,341114,279.43832
11962,341179,341.6017
11963,341232,260.78775
11964,341278,228.26064
11965,341307,147.153
11966,341348,199.48769
11967,341392,219.90466
11968,341424,155.39783
11969,341457,159.51772
11970,341507,243.0668
11971,341545,183.56615
11972,341595,250.58043
11973,341643,236.97937
11974,341694,261.49405
11975,341753,317.79428
11976,341785,156.68643
11977,341830,227.24812
11978,341874,210.07588
11979,341926,280.65103
11980,341972,232.1405
11981,342006,163.55775
11982,342050,221.91528
11983,342121,338.94193
11984,342164,195.85706
11985,342213,240.56525
11986,342252,197.72263
11987,342301,223.61017
11988,342344,216.55762
11989,342402,278.8336
11990,342450,229.42036
11991,342493,213.28386
11992,342568,376.00766
11993,342631,301.07214
11994,342666,169.62392
11995,342719,265.7848
11996,342773,265.11526
11997,342820,232.09114
11998,342861,204.25072
11999,342908,230.84131
12000,342971,315.5203
12001,343012,203.38011
12002,343050,190.58533
12003,343114,314.9279
12004,343168,271.88467
12005,343221,261.56738
12006,343273,253.03096
12007,343337,285.61896
12008,343388,236.18459
12009,343423,169.45387
12010,343480,279.01978
12011,343520,200.87361
12012,343601,412.987
12013,343639,192.3571
12014,343673,166.79759
12015,343730,288.58054
12016,343768,191.13174
12017,343815,218.55634
12018,343852,181.64511
12019,343891,194.95639
12020,343959,333.9682
12021,344013,273.6733
12022,344084,332.47195
12023,344131,245.78108
12024,344173,213.90965
12025,344217,231.2404
12026,344271,279.61838
12027,344327,282.29465
12028,344385,307.87094
12029,344430,232.77849
12030,344474,230.2357
12031,344529,289.65933
12032,344584,293.3
12033,344640,296.71286
12034,344689,250.67319
12035,344737,239.5448
12036,344787,255.44278
12037,344841,289.49316
12038,344884,226.07025
12039,344931,241.5404
12040,344984,271.74084
12041,345041,303.28793
12042,345092,268.75266
12043,345141,264.83344
12044,345188,242.45898
12045,345232,223.19664
12046,345281,257.5605
12047,345329,252.46252
12048,345372,218.7697
12049,345424,284.76358
12050,345473,252.90434
12051,345518,231.56636
12052,345565,245.29163
12053,345608,225.5233
12054,345658,253.86569
12055,345710,268.4578
12056,345759,254.04857
12057,345798,192.35257
12058,345844,230.39334
12059,345891,240.22144
12060,345935,231.89468
12061,345988,274.54312
12062,346034,243.54364
12063,346098,343.00644
12064,346132,172.85767
12065,346162,154.95576
12066,346203,202.08423
12067,346284,392.18716
12068,346313,134.64452
12069,346358,242.26414
12070,346396,202.74397
12071,346413,82.93625
12072,346498,450.8448
12073,346525,136.13028
12074,346549,112.947754
12075,346575,130.58235
12076,346623,260.9934
12077,346642,94.15519
12078,346674,162.66573
12079,346708,178.86601
12080,346736,141.37271
12081,346762,130.02692
12082,346799,197.14374
12083,346825,131.34508
12084,346875,266.2451
12085,346920,244.61641
12086,346967,260.09628
12087,346994,119.58267
12088,347019,115.091995
12089,347052,171.20352
12090,347100,260.12518
12091,347145,209.82622
12092,347175,153.62627
12093,347200,124.424995
12094,347243,228.44917
12095,347286,232.33856
12096,347339,248.48398
12097,347365,121.78828
12098,347384,93.052345
12099,347412,134.40993
12100,347464,280.56177
12101,347501,177.11351
12102,347524,111.51574
12103,347567,231.01604
12104,347592,117.60003
12105,347610,88.42134
12106,347653,231.50842
12107,347694,218.20769
12108,347730,164.36774
12109,347775,244.49738
12110,347808,151.94035
12111,347852,213.27313
12112,347883,160.6247
12113,347926,230.75827
12114,347952,118.41435
12115,347996,238.16011
12116,348031,184.7239
12117,348055,119.9984
12118,348075,99.89565
12119,348114,209.59027
12120,348157,201.0095
12121,348233,400.6425
12122,348325,466.14603
12123,348388,328.19138
12124,348483,442.3288
12125,348544,309.215
12126,348599,293.75967
12127,348632,160.08626
12128,348692,311.7603
12129,348769,394.9252
12130,348850,382.13315
12131,348911,288.31805
12132,348946,174.19936
12133,349010,344.96472
12134,349085,389.7886
12135,349142,294.64835
12136,349195,286.43018
12137,349253,264.23914
12138,349349,490.30392
12139,349399,246.44446
12140,349476,398.6291
12141,349541,345.4546
12142,349608,313.28656
12143,349652,219.9619
12144,349720,363.2015
12145,349783,336.89615
12146,349852,373.23407
12147,349906,266.41675
12148,349978,384.18546
12149,350015,187.05421
12150,350071,268.60306
12151,350157,441.46057
12152,350207,268.21326
12153,350232,116.22502
12154,350257,110.10181
12155,350281,106.93687
12156,350307,115.38797
12157,350332,110.79854
12158,350347,71.18734
12159,350366,87.37599
12160,350381,70.979546
12161,350396,71.08514
12162,350421,110.92604
12163,350446,110.88988
12164,350469,102.87241
12165,350489,91.25606
12166,350510,95.35016
12167,350532,98.50677
12168,350547,70.86819
12169,350572,110.27299
12170,350595,102.12311
12171,350619,105.74129
12172,350634,71.32424
12173,350659,111.379425
12174,350682,102.46922
12175,350705,102.080986
12176,350723,82.686806
12177,350749,115.18715
12178,350774,112.662926
12179,350800,115.20554
12180,350821,95.59947
12181,350844,102.66516
12182,350869,111.43201
12183,350893,105.95165
12184,350918,111.42905
12185,350942,105.92849
12186,350965,102.57844
12187,350980,71.17341
12188,351004,107.13383
12189,351027,102.24494
12190,351043,75.453674
12191,351068,111.03927
12192,351094,115.65002
12193,351118,107.07019
12194,351143,109.70192
12195,351164,95.35399
12196,351189,110.93918
12197,351212,102.66797
12198,351227,70.930084
12199,351243,75.6669
12200,351269,114.41866
12201,351284,71.18761
12202,351300,75.76253
12203,351323,101.69675
12204,351346,101.68541
12205,351370,106.67951
12206,351394,106.58758
12207,351418,109.085686
12208,351443,110.10522
12209,351456,61.58882
12210,351481,110.8172
12211,351505,105.926216
12212,351532,118.96327
12213,351557,111.284546
12214,351577,90.519424
12215,351601,107.318375
12216,351626,110.44237
12217,351651,111.050446
12218,351677,117.74435
12219,351696,86.4731
12220,351710,66.58178
12221,351734,106.650894
12222,351759,110.21991
12223,351784,110.750305
12224,351804,91.57514
12225,351829,110.964745
12226,351853,107.23211
12227,351877,105.99922
12228,351894,80.15091
12229,351907,61.538677
12230,351928,96.12617
12231,351952,107.18982
12232,351977,111.39482
12233,351995,84.565125
12234,352020,110.36581
12235,352035,70.88045
12236,352050,71.05297
12237,352073,102.72998
12238,352096,102.00955
12239,352121,110.92124
12240,352146,109.7436
12241,352161,71.01802
12242,352186,112.325226
12243,352210,105.50137
12244,352235,110.82655
12245,352259,106.508995
12246,352277,86.82514
12247,352294,81.75579
12248,352354,303.6015
12249,352371,81.78997
12250,352418,233.68994
12251,352464,235.51918
12252,352510,234.16243
12253,352576,350.61142
12254,352626,252.72462
12255,352681,282.08432
12256,352721,200.53848
12257,352766,222.95508
12258,352783,81.7245
12259,352826,212.2936
12260,352880,279.77252
12261,352935,280.98962
12262,352984,255.88612
12263,353030,227.90408
12264,353079,249.48808
12265,353137,295.53973
12266,353154,81.500946
12267,353205,251.3489
12268,353257,273.16864
12269,353307,251.25336
12270,353356,239.43733
12271,353426,329.65665
12272,353474,238.15091
12273,353511,178.01659
12274,353528,81.66082
12275,353545,81.66323
12276,353590,227.46078
12277,353634,223.23524
12278,353677,211.46245
12279,353738,323.53604
12280,353787,241.73454
12281,353835,242.82008
12282,353874,189.55963
12283,353895,101.84079
12284,353912,81.679504
12285,353959,232.9876
12286,353976,82.07748
12287,354023,231.23428
12288,354066,217.84912
12289,354085,91.62204
12290,354143,296.14136
12291,354160,81.447945
12292,354206,233.84032
12293,354257,256.11835
12294,354300,217.95616
12295,354319,88.53894
12296,354336,79.84257
12297,354353,79.025406
12298,354373,90.56265
12299,354399,117.103165
12300,354414,70.97665
12301,354439,115.54256
12302,354454,70.58477
12303,354485,134.07869
12304,354500,70.64843
12305,354522,100.239494
12306,354541,86.31906
12307,354588,207.86542
12308,354666,376.95996
12309,354682,75.22986
12310,354710,123.91938
12311,354748,160.42123
12312,354765,80.1855
12313,354780,70.94444
12314,354798,82.502815
12315,354813,70.495445
12316,354828,70.65269
12317,354843,70.63748
12318,354885,180.77559
12319,354899,66.27478
12320,354930,141.24577
12321,354945,70.73887
12322,354973,125.85097
12323,355003,129.46173
12324,355047,199.8
12325,355062,70.97062
12326,355077,71.025665
12327,355108,140.65176
12328,355138,136.82758
12329,355172,153.75963
12330,355190,83.345795
12331,355212,98.074585
12332,355253,184.64723
12333,355268,70.4815
12334,355284,74.97174
12335,355327,192.63219
12336,355341,66.272804
12337,355356,70.42415
12338,355397,188.5086
12339,355446,213.78062
12340,355506,257.98193
12341,355522,74.79114
12342,355569,212.08823
12343,355589,90.66571
12344,355607,82.40643
12345,355627,92.43146
12346,355645,83.16774
12347,355725,369.93756
12348,355772,209.0534
12349,355838,295.82602
12350,355884,197.9858
12351,355916,143.43488
12352,355951,154.53154
12353,355966,70.98721
12354,356010,188.7915
12355,356027,79.33777
12356,356042,70.90811
12357,356071,128.48256
12358,356086,70.980194
12359,356103,79.770096
12360,356120,79.030396
12361,356150,131.16888
12362,356207,245.5848
12363,356241,159.88062
12364,356296,253.73167
12365,356312,74.851906
12366,356331,86.69975
12367,356354,103.1791
12368,356419,349.30457
12369,356469,260.98862
12370,356519,269.97653
12371,356590,378.47003
12372,356646,319.02673
12373,356699,280.55124
12374,356749,260.827
12375,356811,336.62402
12376,356868,308.5765
12377,356919,275.78787
12378,356972,285.35992
12379,357029,302.16443
12380,357091,336.90482
12381,357152,343.09558
12382,357205,285.57947
12383,357289,405.73532
12384,357356,350.69846
12385,357400,233.81361
12386,357453,293.3811
12387,357511,310.00385
12388,357580,372.8305
12389,357655,396.52325
12390,357719,348.6649
12391,357765,240.81952
12392,357816,265.69635
12393,357860,236.33572
12394,357923,333.47513
12395,357977,294.4514
12396,358030,280.1408
12397,358082,279.15662
12398,358142,324.4397
12399,358193,276.1695
12400,358248,300.35446
12401,358304,293.53223
12402,358352,256.53046
12403,358399,251.47987
12404,358461,327.88965
12405,358511,225.00037
12406,358570,270.6513
12407,358619,219.76642
12408,358681,293.12323
12409,358753,328.3987
12410,358793,192.24599
12411,358882,425.49487
12412,358924,192.21378
12413,358991,351.07187
12414,359038,211.96548
12415,359096,247.96475
12416,359139,195.56493
12417,359204,306.78592
12418,359248,204.9767
12419,359311,282.07986
12420,359378,288.2326
12421,359439,264.14832
12422,359514,385.92294
12423,359579,302.47098
12424,359665,385.88538
12425,359724,270.20285
12426,359792,287.7244
12427,359853,273.04282
12428,359906,253.41998
12429,360002,484.0611
12430,360050,216.7559
12431,360121,314.1968
12432,360175,245.24652
12433,360210,168.79527
12434,360267,253.54463
12435,360311,201.5456
12436,360343,158.17615
12437,360401,254.08615
12438,360463,270.72925
12439,360488,118.3705
12440,360541,264.88092
12441,360590,239.05385
12442,360640,246.716
12443,360686,229.05916
12444,360718,152.48488
12445,360752,162.61989
12446,360791,184.23929
12447,360817,121.62698
12448,360865,233.30457
12449,360905,191.5533
12450,360942,185.19527
12451,360983,193.33842
12452,361025,209.12932
12453,361067,200.78612
12454,361100,157.01164
12455,361140,193.62656
12456,361179,187.59415
12457,361222,207.30615
12458,361257,167.03105
12459,361296,189.92422
12460,361329,160.15964
12461,361371,207.71687
12462,361411,194.52332
12463,361449,181.23495
12464,361491,207.96002
12465,361532,199.87991
12466,361570,181.73964
12467,361595,118.196304
12468,361631,172.2458
12469,361659,134.51883
12470,361701,198.34406
12471,361746,219.06566
12472,361790,222.85234
12473,361829,181.92905
12474,361871,196.7886
12475,361914,202.37524
12476,361954,192.5407
12477,361990,174.88652
12478,362032,200.7294
12479,362066,162.90459
12480,362104,185.94852
12481,362179,386.006
12482,362218,187.44011
12483,362262,221.51294
12484,362310,235.7271
12485,362353,208.06714
12486,362385,154.58948
12487,362428,211.62608
12488,362462,169.78714
12489,362488,121.840576
12490,362536,235.67838
12491,362575,192.87932
12492,362614,193.31989
12493,362652,187.23341
12494,362695,216.5951
12495,362734,194.99007
12496,362769,171.38625
12497,362808,190.6913
12498,362851,212.447
12499,362892,205.33394
12500,362928,177.60825
12501,362969,202.95544
12502,363010,202.77222
12503,363047,180.63731
12504,363084,183.26071
12505,363126,210.4062
12506,363158,156.31766
12507,363191,160.97382
12508,363228,183.77303
12509,363265,181.8718
12510,363302,182.67862
12511,363341,193.27419
12512,363375,165.6181
12513,363416,206.82906
12514,363449,162.11116
12515,363496,236.21536
12516,363531,171.95955
12517,363574,215.6754
12518,363615,203.71371
12519,363658,214.92403
12520,363695,184.12161
12521,363735,197.95454
12522,363776,203.57289
12523,363811,171.40862
12524,363848,182.1419
12525,363890,211.3963
12526,363927,183.76166
12527,363965,189.84955
12528,363998,163.2011
12529,364040,211.7249
12530,364078,188.16678
12531,364113,172.04118
12532,364155,211.9408
12533,364198,216.04768
12534,364234,176.3197
12535,364274,202.18355
12536,364322,242.08841
12537,364364,206.24223
12538,364406,209.63637
12539,364440,165.28633
12540,364478,185.01376
12541,364515,181.43623
12542,364561,232.06041
12543,364620,281.53833
12544,364669,235.14981
12545,364706,181.54303
12546,364765,288.7384
12547,364836,354.81116
12548,364872,178.08336
12549,364901,140.60327
12550,364948,211.2219
12551,365003,252.03769
12552,365036,158.81715
12553,365089,249.44016
12554,365137,217.16061
12555,365211,338.62146
12556,365290,374.10443
12557,365344,261.61295
12558,365408,304.90103
12559,365435,131.26451
12560,365488,255.3529
12561,365536,248.09985
12562,365584,221.18704
12563,365629,226.42754
12564,365671,194.359
12565,365734,316.0113
12566,365772,188.75467
12567,365825,244.22247
12568,365866,181.11682
12569,365917,239.75417
12570,365947,144.57219
12571,365975,138.06313
12572,366018,217.63715
12573,366052,164.295
12574,366099,232.27309
12575,366159,305.94037
12576,366237,421.39816
12577,366282,214.19897
12578,366327,215.81021
12579,366360,160.2482
12580,366394,177.78845
12581,366426,148.01909
12582,366480,245.25638
12583,366546,294.5223
12584,366616,330.19095
12585,366686,358.3397
12586,366753,332.9978
12587,366815,310.48788
12588,366874,301.19067
12589,366947,361.59332
12590,367003,284.24136
12591,367043,198.14223
12592,367100,299.8644
12593,367151,247.74026
12594,367210,296.723
12595,367279,337.5814
12596,367321,206.47243
12597,367357,176.21986
12598,367419,308.71585
12599,367511,431.51987
12600,367569,298.23557
12601,367615,220.2085
12602,367714,456.06732
12603,367780,341.42007
12604,367857,396.477
12605,367914,308.33075
12606,367958,211.59157
12607,368014,289.57346
12608,368071,294.879
12609,368172,436.39655
12610,368234,311.27982
12611,368330,471.4731
12612,368363,157.71825
12613,368457,478.2749
12614,368520,311.06992
12615,368608,401.9635
12616,368657,239.83179
12617,368687,120.502754
12618,368721,136.35558
12619,368754,138.95372
12620,368789,141.72577
12621,368814,109.36731
12622,368842,120.46164
12623,368868,112.87703
12624,368900,130.37372
12625,368930,126.950905
12626,368961,127.24897
12627,368993,132.99797
12628,369023,124.36825
12629,369052,122.10323
12630,369082,123.59447
12631,369115,132.8276
12632,369143,119.47812
12633,369173,126.77803
12634,369217,173.34685
12635,369245,119.15569
12636,369274,120.23852
12637,369310,147.92363
12638,369335,108.778404
12639,369370,145.90553
12640,369395,108.92933
12641,369425,123.186356
12642,369454,121.48651
12643,369477,101.56051
12644,369502,109.149414
12645,369534,130.53435
12646,369565,131.43837
12647,369588,100.76874
12648,369617,119.84737
12649,369646,121.09194
12650,369677,127.16115
12651,369705,119.9405
12652,369736,124.77048
12653,369768,129.75531
12654,369792,104.995285
12655,369821,119.366035
12656,369854,136.86617
12657,369881,113.258385
12658,369910,119.247696
12659,369940,126.43329
12660,369971,127.95375
12661,370003,130.08008
12662,370028,109.896675
12663,370051,101.194626
12664,370075,105.15879
12665,370098,100.89366
12666,370125,116.95225
12667,370155,121.42062
12668,370185,129.2381
12669,370213,115.78073
12670,370245,132.566
12671,370281,148.10486
12672,370318,153.4117
12673,370351,137.45113
12674,370384,135.55347
12675,370420,147.68652
12676,370451,124.477516
12677,370488,154.44359
12678,370514,112.23965
12679,370547,138.37845
12680,370577,125.266365
12681,370607,122.56213
12682,370629,96.6659
12683,370661,127.79291
12684,370689,120.81193
12685,370738,244.72087
12686,370775,183.7547
12687,370818,204.32896
12688,370863,223.53137
12689,370913,232.2149
12690,370951,172.03326
12691,371013,313.4021
12692,371071,278.31403
12693,371102,136.88376
12694,371152,246.97614
12695,371203,236.26102
12696,371242,193.00482
12697,371295,267.32837
12698,371337,206.5941
12699,371390,270.14432
12700,371461,339.32645
12701,371501,198.96205
12702,371548,235.95287
12703,371606,268.1378
12704,371638,152.73047
12705,371677,195.85439
12706,371720,209.54324
12707,371755,170.5589
12708,371785,144.02777
12709,371827,210.28961
12710,371862,172.94423
12711,371914,235.9235
12712,371947,164.8001
12713,372000,242.87445
12714,372034,163.7675
12715,372076,209.2017
12716,372133,263.84756
12717,372178,223.0895
12718,372230,247.51237
12719,372281,231.08984
12720,372343,334.62704
12721,372386,214.22017
12722,372429,190.04384
12723,372466,180.66803
12724,372496,136.72147
12725,372530,164.7471
12726,372565,169.81148
12727,372591,129.30441
12728,372638,249.48178
12729,372685,224.55054
12730,372728,198.97435
12731,372776,209.13593
12732,372824,247.60612
12733,372851,137.97871
12734,372891,207.38934
12735,372930,200.51108
12736,372971,218.75769
12737,373019,242.34558
12738,373066,230.5652
12739,373085,90.34528
12740,373117,159.20232
12741,373150,152.31874
12742,373180,143.48502
12743,373218,188.32974
12744,373272,276.25055
12745,373314,211.31644
12746,373359,238.90143
12747,373399,189.18764
12748,373435,166.55626
12749,373481,229.12508
12750,373532,272.96057
12751,373572,206.97205
12752,373604,157.92194
12753,373645,213.28535
12754,373696,266.88007
12755,373742,226.20688
12756,373779,185.60164
12757,373824,230.67867
12758,373873,261.05936
12759,373914,207.12848
12760,373958,222.36937
12761,373982,117.002426
12762,374031,248.37286
12763,374071,209.56549
12764,374116,218.81668
12765,374147,153.79364
12766,374209,314.0387
12767,374249,203.08907
12768,374295,236.3802
12769,374340,215.25249
12770,374377,186.57806
12771,374416,193.04572
12772,374458,213.10274
12773,374492,172.4038
12774,374533,201.04517
12775,374570,178.87193
12776,374618,232.53564
12777,374655,191.78447
12778,374694,193.0243
12779,374735,205.7292
12780,374755,94.08783
12781,374806,269.1258
12782,374831,113.831245
12783,374850,90.72316
12784,374869,88.82204
12785,374899,165.50542
12786,374927,123.691696
12787,374971,226.20894
12788,374988,80.51155
12789,375006,86.51182
12790,375029,106.362625
12791,375067,184.97945
12792,375124,284.296
12793,375144,91.61296
12794,375184,198.7756
12795,375213,146.98428
12796,375269,274.3872
12797,375288,89.10535
12798,375321,154.23856
12799,375368,237.18417
12800,375384,75.692184
12801,375418,174.15402
12802,375436,85.243935
12803,375470,151.66972
12804,375494,120.427155
12805,375514,98.13536
12806,375549,176.99721
12807,375585,193.6714
12808,375624,195.98418
12809,375656,149.97282
12810,375694,183.99068
12811,375728,172.53941
12812,375769,204.2887
12813,375803,171.14471
12814,375838,175.46944
12815,375875,186.99158
12816,375907,162.87984
12817,375943,183.28714
12818,375983,193.5518
12819,376026,207.15506
12820,376050,109.182205
12821,376070,99.171814
12822,376107,178.41064
12823,376131,114.22943
12824,376155,113.18867
12825,376183,146.35071
12826,376219,172.79184
12827,376239,96.565025
12828,376280,209.41908
12829,376314,163.23709
12830,376345,143.24776
12831,376375,150.1899
12832,376420,218.0985
12833,376440,94.45171
12834,376457,79.93766
12835,376496,200.96393
12836,376527,165.3468
12837,376594,341.38416
12838,376639,225.28325
12839,376674,165.02205
12840,376691,80.6163
12841,376708,80.4889
12842,376737,152.68266
12843,376775,193.07544
12844,376794,90.39615
12845,376812,83.03776
12846,376847,165.48036
12847,376881,165.36604
12848,376926,233.7373
12849,376992,342.3522
12850,377027,168.80617
12851,377060,161.10876
12852,377094,163.59033
12853,377130,180.50372
12854,377188,306.89163
12855,377227,193.59357
12856,377291,337.3485
12857,377344,276.86063
12858,377399,280.08124
12859,377460,326.02164
12860,377516,312.84195
12861,377550,165.19424
12862,377595,219.83768
12863,377647,263.8357
12864,377697,247.34512
12865,377745,240.83669
12866,377819,434.60382
12867,377870,260.42325
12868,377918,232.16978
12869,377969,258.1767
12870,378001,148.41808
12871,378053,273.30975
12872,378101,239.74783
12873,378149,248.30243
12874,378195,240.33783
12875,378241,238.31337
12876,378298,303.22488
12877,378375,382.33334
12878,378401,120.36429
12879,378444,218.46548
12880,378493,243.99417
12881,378545,270.49664
12882,378580,176.52113
12883,378623,205.75291
12884,378657,165.49547
12885,378704,249.10762
12886,378753,265.23978
12887,378813,311.7856
12888,378857,216.88516
12889,378901,223.57555
12890,378939,171.91888
12891,378965,119.363655
12892,378989,106.868744
12893,379025,164.18376
12894,379062,174.3314
12895,379086,110.060844
12896,379115,135.78568
12897,379153,172.41327
12898,379186,148.87419
12899,379233,215.88112
12900,379270,168.40565
12901,379302,143.14578
12902,379332,142.52655
12903,379375,202.0068
12904,379404,133.3305
12905,379440,165.68532
12906,379472,147.04736
12907,379510,179.07947
12908,379543,157.31758
12909,379575,144.12306
12910,379603,126.42583
12911,379632,136.29842
12912,379667,160.96486
12913,379695,125.88419
12914,379723,126.180374
12915,379748,114.6666
12916,379782,156.22066
12917,379808,117.09948
12918,379834,119.304344
12919,379862,125.57939
12920,379905,200.80673
12921,379935,137.79634
12922,379964,129.98665
12923,379994,142.23756
12924,380028,155.32986
12925,380056,127.04577
12926,380086,135.61433
12927,380120,162.89343
12928,380149,135.7376
12929,380175,119.774086
12930,380213,175.01978
12931,380242,132.33731
12932,380276,155.345
12933,380308,149.3446
12934,380339,142.41914
12935,380369,136.00964
12936,380406,169.51845
12937,380437,145.39981
12938,380492,272.90775
12939,380532,188.99731
12940,380565,151.33914
12941,380599,156.7712
12942,380627,129.31773
12943,380659,150.85956
12944,380687,126.4998
12945,380714,121.49455
12946,380746,146.26799
12947,380780,153.4727
12948,380822,189.23961
12949,380868,212.21391
12950,380917,226.65305
12951,380956,190.76622
12952,380983,130.58728
12953,381029,212.17715
12954,381063,156.78543
12955,381096,168.21443
12956,381146,232.3307
12957,381191,201.26932
12958,381216,118.89673
12959,381255,171.53065
12960,381294,193.79115
12961,381349,272.51364
12962,381391,194.83487
12963,381428,180.51111
12964,381482,224.59837
12965,381523,182.82419
12966,381577,229.63614
12967,381597,98.31876
12968,381651,278.3849
12969,381711,299.04016
12970,381745,160.78928
12971,381772,135.17755
12972,381805,159.68571
12973,381891,406.08182
12974,381919,136.40392
12975,381941,107.96567
12976,381982,201.90688
12977,382022,186.11403
12978,382043,104.462234
12979,382069,130.68443
12980,382147,398.45923
12981,382184,183.25131
12982,382235,241.78632
12983,382299,301.56165
12984,382358,271.85876
12985,382394,167.39929
12986,382453,268.22794
12987,382499,215.32457
12988,382538,190.97372
12989,382560,108.82059
12990,382608,233.77336
12991,382655,243.04102
12992,382702,234.31053
12993,382765,321.61505
12994,382793,134.0934
12995,382821,138.61449
12996,382912,467.30588
12997,382942,141.89787
12998,382996,256.15512
12999,383028,159.12279
13000,383079,269.66782
13001,383131,278.0305
13002,383192,330.68655
13003,383284,493.38663
13004,383326,219.48514
13005,383371,234.67126
13006,383414,225.41754
13007,383466,248.03816
13008,383484,86.09798
13009,383547,325.94638
13010,383590,222.86362
13011,383635,237.34355
13012,383708,379.2412
13013,383729,103.81623
13014,383762,162.46707
13015,383810,252.429
13016,383856,234.05713
13017,383884,144.27927
13018,383924,207.53743
13019,383984,307.5362
13020,384004,97.986755
13021,384046,219.23546
13022,384082,185.84258
13023,384133,263.28278
13024,384154,103.43174
13025,384206,280.08765
13026,384267,327.6397
13027,384322,295.26773
13028,384373,269.3881
13029,384426,278.14902
13030,384471,226.8771
13031,384531,309.08545
13032,384578,238.0286
13033,384624,237.70229
13034,384664,209.634
13035,384709,229.11905
13036,384748,195.5519
13037,384809,329.28076
13038,384859,255.54651
13039,384920,316.83826
13040,384961,207.17854
13041,385010,238.86758
13042,385057,248.77524
13043,385109,272.4643
13044,385160,257.79776
13045,385222,277.59863
13046,385282,301.9988
13047,385339,276.31604
13048,385416,358.44427
13049,385469,281.55054
13050,385525,300.4793
13051,385566,192.8828
13052,385644,416.6231
13053,385696,270.15012
13054,385763,340.98618
13055,385816,271.54257
13056,385854,192.82297
13057,385919,335.89215
13058,385990,372.91696
13059,386027,186.0476
13060,386106,421.65817
13061,386145,201.5031
13062,386184,185.59491
13063,386244,324.75262
13064,386319,399.4688
13065,386371,269.7134
13066,386423,268.1368
13067,386474,254.12956
13068,386538,335.47232
13069,386591,280.258
13070,386635,220.06352
13071,386674,200.17705
13072,386721,235.50072
13073,386783,326.90158
13074,386838,286.83527
13075,386883,212.76944
13076,386942,304.37943
13077,386974,159.88986
13078,387016,198.17862
13079,387098,459.8317
13080,387158,320.0359
13081,387228,329.8166
13082,387285,282.39948
13083,387352,307.09763
13084,387441,474.28632
13085,387502,310.0436
13086,387566,289.49902
13087,387638,366.43597
13088,387714,350.66595
13089,387793,366.66055
13090,387844,269.6667
13091,387911,352.81738
13092,387999,466.70932
13093,388050,261.08334
13094,388133,443.88348
13095,388202,363.36557
13096,388271,368.60632
13097,388328,298.5611
13098,388401,321.13666
13099,388484,428.19144
13100,388527,212.3622
13101,388608,430.25333
13102,388683,392.79822
13103,388744,268.97314
13104,388822,357.67438
13105,388901,410.3728
13106,388955,264.1749
13107,389022,335.13956
13108,389079,250.80281
13109,389157,380.01117
13110,389209,262.73828
13111,389294,436.86926
13112,389348,283.53784
13113,389396,242.35976
13114,389437,204.16571
13115,389499,327.7757
13116,389556,290.96823
13117,389601,230.41206
13118,389653,280.0383
13119,389701,250.04773
13120,389778,387.30927
13121,389820,212.23306
13122,389870,269.04935
13123,389925,298.6115
13124,389967,210.77182
13125,390022,285.09598
13126,390071,245.76176
13127,390092,102.73396
13128,390145,279.64944
13129,390193,246.58662
13130,390250,304.5945
13131,390305,285.16977
13132,390342,184.01096
13133,390382,194.92477
13134,390412,150.33002
13135,390447,178.48529
13136,390500,279.46167
13137,390555,299.87347
13138,390613,315.80502
13139,390660,237.019
13140,390698,192.41006
13141,390744,240.50722
13142,390785,207.5314
13143,390831,229.22871
13144,390885,286.35983
13145,390938,277.9875
13146,390987,255.78775
13147,391033,230.651
13148,391084,269.05994
13149,391153,377.9094
13150,391212,307.60446
13151,391245,170.00037
13152,391263,86.23695
13153,391293,156.26584
13154,391332,205.73137
13155,391359,139.98944
13156,391392,175.12808
13157,391426,180.41696
13158,391483,304.28802
13159,391513,156.69212
13160,391539,131.30785
13161,391605,300.07394
13162,391635,155.72404
13163,391675,206.53352
13164,391709,177.31607
13165,391741,165.35233
13166,391770,151.5486
13167,391806,187.93001
13168,391838,166.07985
13169,391868,156.55946
13170,391902,175.64757
13171,391932,154.39647
13172,391948,75.66596
13173,391983,184.25865
13174,392010,138.09245
13175,392035,128.06918
13176,392067,165.26819
13177,392138,349.4827
13178,392174,186.71776
13179,392205,161.897
13180,392241,188.69931
13181,392279,204.22116
13182,392311,168.32422
13183,392349,199.60402
13184,392378,149.96211
13185,392412,178.36201
13186,392429,80.459885
13187,392464,182.8659
13188,392500,183.08829
13189,392533,174.45473
13190,392566,168.88731
13191,392604,203.97284
13192,392661,298.39172
13193,392693,166.30609
13194,392723,156.91321
13195,392757,177.85054
13196,392802,210.89758
13197,392828,135.92162
13198,392861,172.05621
13199,392893,166.53691
13200,392921,143.37563
13201,392954,163.08334
13202,392992,202.87578
13203,393021,150.17853
13204,393063,216.4885
13205,393082,94.938896
13206,393117,177.01976
13207,393163,246.0408
13208,393196,172.74275
13209,393229,172.22719
13210,393248,88.01299
13211,393273,113.18524
13212,393297,109.224464
13213,393317,93.44814
13214,393336,88.70745
13215,393357,94.245674
13216,393378,97.18351
13217,393397,87.927124
13218,393420,105.453545
13219,393440,93.55954
13220,393461,97.80267
13221,393479,82.58361
13222,393498,87.43289
13223,393519,98.783
13224,393539,92.49579
13225,393558,85.19068
13226,393582,113.02402
13227,393602,92.09455
13228,393624,102.9361
13229,393644,94.056854
13230,393671,129.35538
13231,393693,97.66851
13232,393714,98.22144
13233,393742,124.35084
13234,393763,97.77317
13235,393782,88.910416
13236,393802,89.00402
13237,393822,92.908966
13238,393842,93.87503
13239,393862,93.27787
13240,393888,123.738205
13241,393907,88.94707
13242,393926,88.20638
13243,393946,91.775764
13244,393967,98.275116
13245,393990,106.74534
13246,394009,87.91955
13247,394029,92.83016
13248,394049,93.447876
13249,394069,90.372086
13250,394089,93.45591
13251,394108,89.71557
13252,394130,102.49295
13253,394150,92.034706
13254,394174,110.31761
13255,394195,98.060646
13256,394214,87.60996
13257,394233,87.48835
13258,394252,86.11326
13259,394272,93.53287
13260,394294,103.94957
13261,394321,126.37223
13262,394341,92.70058
13263,394360,87.35099
13264,394380,93.57356
13265,394402,103.06138
13266,394425,106.67485
13267,394446,98.25122
13268,394465,88.871185
13269,394485,93.23983
13270,394507,102.578
13271,394526,87.967415
13272,394546,89.33354
13273,394566,93.35552
13274,394587,98.84665
13275,394606,87.876625
13276,394624,83.49409
13277,394645,93.57452
13278,394665,93.41718
13279,394686,98.95875
13280,394707,97.383705
13281,394728,94.23434
13282,394749,97.891426
13283,394770,97.13795
13284,394794,114.08232
13285,394815,98.67059
13286,394835,93.13037
13287,394856,97.71015
13288,394876,89.55099
13289,394896,93.29859
13290,394917,96.96085
13291,394936,88.01893
13292,394956,89.30977
13293,394977,98.074135
13294,394996,88.53244
13295,395014,82.798965
13296,395036,101.81107
13297,395063,129.9288
13298,395081,83.052734
13299,395100,88.41842
13300,395123,102.145805
13301,395143,89.001564
13302,395163,91.538574
13303,395182,86.82184
13304,395200,83.006775
13305,395220,89.079666
13306,395242,102.31024
13307,395261,88.33915
13308,395329,301.58148
13309,395452,564.1078
13310,395550,508.87115
13311,395620,352.35785
13312,395687,318.66977
13313,395746,308.3603
13314,395777,140.95798
13315,395834,288.986
13316,395884,243.02055
13317,395919,171.017
13318,395990,367.52164
13319,396035,221.9177
13320,396068,153.00896
13321,396138,332.9389
13322,396187,249.33406
13323,396226,182.55522
13324,396277,248.87575
13325,396322,226.62593
13326,396369,224.37059
13327,396431,315.77383
13328,396481,240.37657
13329,396522,196.15897
13330,396582,291.67358
13331,396648,336.82187
13332,396684,163.16962
13333,396736,251.47336
13334,396772,168.84802
13335,396826,269.71564
13336,396906,379.9957
13337,396966,299.61768
13338,397031,327.52264
13339,397064,159.7289
13340,397095,151.99286
13341,397127,159.1444
13342,397209,408.24084
13343,397251,207.20375
13344,397301,239.97174
13345,397338,171.33551
13346,397372,160.43678
13347,397411,184.14403
13348,397464,283.38718
13349,397509,232.057
13350,397534,117.83723
13351,397569,159.90971
13352,397601,151.70074
13353,397642,215.50128
13354,397700,292.23676
13355,397728,128.445
13356,397755,126.68804
13357,397786,142.62277
13358,397813,129.70479
13359,397847,160.39032
13360,397866,91.35232
13361,397901,163.54457
13362,397929,134.28154
13363,397959,141.66435
13364,398000,199.99626
13365,398044,219.63008
13366,398074,144.17384
13367,398095,99.97866
13368,398127,148.13385
13369,398155,131.16185
13370,398182,129.06036
13371,398218,160.89705
13372,398257,189.70558
13373,398291,161.84404
13374,398320,136.97757
13375,398356,172.26389
13376,398397,200.94408
13377,398443,228.84004
13378,398463,95.26407
13379,398499,170.86598
13380,398519,95.533394
13381,398552,154.84216
13382,398588,179.90677
13383,398621,158.54527
13384,398655,159.5193
13385,398688,151.76018
13386,398718,146.81294
13387,398746,133.33817
13388,398775,134.29092
13389,398816,198.37581
13390,398847,146.01802
13391,398887,191.92372
13392,398927,192.81201
13393,398960,166.16386
13394,398988,132.00282
13395,399023,170.12617
13396,399066,229.14722
13397,399093,125.071655
13398,399120,127.2245
13399,399145,117.713104
13400,399165,95.02732
13401,399198,156.97845
13402,399244,223.09409
13403,399270,123.5648
13404,399307,190.66399
13405,399337,142.98247
13406,399358,99.527626
13407,399400,205.31088
13408,399426,129.5445
13409,399462,165.98087
13410,399510,225.73227
13411,399549,198.44481
13412,399575,128.9749
13413,399599,117.00955
13414,399626,134.61456
13415,399652,127.68232
13416,399692,199.78755
13417,399724,151.94107
13418,399749,123.61324
13419,399810,297.29965
13420,399835,125.37228
13421,399860,122.67594
13422,399898,191.55023
13423,399923,123.63307
13424,399948,121.376724
13425,399977,144.23785
13426,400012,172.73796
13427,400045,163.83664
13428,400068,117.062256
13429,400093,125.58636
13430,400139,227.32481
13431,400165,128.57321
13432,400191,130.35493
13433,400237,239.61281
13434,400274,185.11075
13435,400303,152.99307
13436,400338,177.17686
13437,400377,201.44897
13438,400403,121.9284
13439,400428,111.449
13440,400455,136.60909
13441,400479,117.86379
13442,400530,257.97662
13443,400556,128.8164
13444,400581,123.58099
13445,400609,139.6913
13446,400638,140.99806
13447,400662,118.36005
13448,400691,144.0614
13449,400718,133.51755
13450,400747,137.79213
13451,400771,118.119385
13452,400796,123.42269
13453,400824,138.01761
13454,400854,150.55296
13455,400876,109.21344
13456,400916,189.19955
13457,400940,122.23964
13458,400974,166.49127
13459,401001,124.51078
13460,401047,228.13708
13461,401099,272.58374
13462,401153,260.5369
13463,401179,128.455
13464,401218,193.98044
13465,401262,220.16722
13466,401294,162.67596
13467,401336,208.52228
13468,401363,132.70924
13469,401387,117.90869
13470,401413,130.52023
13471,401452,186.27292
13472,401487,171.68137
13473,401557,377.99432
13474,401595,190.666
13475,401648,266.97324
13476,401699,262.6298
13477,401741,217.63423
13478,401781,192.54504
13479,401823,222.01707
13480,401862,196.00902
13481,401915,243.34715
13482,401939,120.091896
13483,401967,141.16548
13484,401999,161.62817
13485,402046,221.79749
13486,402067,101.39704
13487,402123,306.2741
13488,402188,308.04288
13489,402247,313.50885
13490,402272,111.91283
13491,402325,259.7031
13492,402367,189.89096
13493,402426,296.53625
13494,402468,207.5646
13495,402512,235.86179
13496,402562,246.92918
13497,402583,103.81656
13498,402628,235.46931
13499,402662,169.93298
13500,402721,306.68604
13501,402743,107.2513
13502,402764,103.10178
13503,402813,258.24423
13504,402833,95.14504
13505,402871,184.23459
13506,402888,81.90091
13507,402918,150.44296
13508,402962,220.85085
13509,403018,261.11996
13510,403042,121.02667
13511,403079,187.02081
13512,403119,191.38075
13513,403154,180.76602
13514,403193,206.23003
13515,403240,219.03722
13516,403262,109.007614
13517,403284,108.20213
13518,403319,165.4878
13519,403389,325.6815
13520,403425,175.14168
13521,403471,236.62985
13522,403526,261.69287
13523,403575,243.35492
13524,403652,369.99738
13525,403712,278.8751
13526,403767,267.91003
13527,403830,292.5538
13528,403888,263.5167
13529,403942,262.80823
13530,403990,228.06311
13531,404038,214.16138
13532,404085,220.00272
13533,404131,211.37172
13534,404183,253.99696
13535,404239,274.85284
13536,404286,212.00526
13537,404338,230.20045
13538,404387,235.3748
13539,404452,308.60626
13540,404515,292.04874
13541,404575,288.38367
13542,404635,298.5827
13543,404681,220.71074
13544,404742,285.76434
13545,404799,262.51276
13546,404853,259.2318
13547,404921,325.67758
13548,404982,278.79727
13549,405029,230.21666
13550,405081,247.00795
13551,405121,189.36946
13552,405160,177.81512
13553,405216,274.7117
13554,405276,291.4396
13555,405336,281.2697
13556,405391,266.67813
13557,405424,158.38217
13558,405480,259.73804
13559,405530,235.44919
13560,405557,136.56592
13561,405578,103.92733
13562,405599,103.41193
13563,405618,91.72666
13564,405639,104.93481
13565,405673,168.93321
13566,405706,159.58672
13567,405728,108.57739
13568,405759,155.85242
13569,405779,98.23758
13570,405815,180.2921
13571,405835,98.32336
13572,405856,104.32815
13573,405876,98.04473
13574,405895,92.06304
13575,405915,97.70737
13576,405950,174.91
13577,405978,139.67473
13578,406012,170.50966
13579,406037,125.32573
13580,406063,126.554016
13581,406099,177.96404
13582,406130,152.87933
13583,406151,105.25607
13584,406173,109.71208
13585,406204,154.52612
13586,406224,98.161766
13587,406243,91.74926
13588,406273,152.08543
13589,406299,129.89365
13590,406318,92.38936
13591,406361,211.45256
13592,406398,185.40952
13593,406423,126.870895
13594,406445,108.03367
13595,406464,92.02308
13596,406493,145.0997
13597,406515,108.72947
13598,406558,210.35306
13599,406582,118.82969
13600,406601,92.62131
13601,406631,151.3444
13602,406651,98.26997
13603,406671,97.46828
13604,406693,109.31793
13605,406714,103.71677
13606,406749,173.7397
13607,406774,125.438385
13608,406799,126.115776
13609,406826,134.74911
13610,406859,167.18715
13611,406890,153.39969
13612,406927,181.66965
13613,406956,148.0653
13614,406993,183.69768
13615,407012,92.22584
13616,407031,92.09801
13617,407050,91.56227
13618,407087,182.02858
13619,407119,156.5114
13620,407139,96.97709
13621,407169,149.53664
13622,407201,158.53328
13623,407238,185.91777
13624,407264,131.1923
13625,407285,103.4611
13626,407311,130.39215
13627,407334,114.68478
13628,407353,91.709755
13629,407378,123.98838
13630,407414,181.75983
13631,407442,139.62671
13632,407476,166.9786
13633,407499,114.31467
13634,407520,103.47161
13635,407539,93.22382
13636,407588,248.06892
13637,407619,162.64662
13638,407667,241.74104
13639,407708,205.12347
13640,407741,164.73558
13641,407793,261.16196
13642,407831,184.94182
13643,407867,174.08444
13644,407917,265.948
13645,407952,175.7364
13646,407991,193.64018
13647,408037,235.53116
13648,408081,230.84424
13649,408110,138.88669
13650,408170,313.91815
13651,408193,112.777855
13652,408228,182.49176
13653,408245,80.20532
13654,408274,149.07738
13655,408321,249.25255
13656,408365,227.42305
13657,408382,80.572845
13658,408424,213.98782
13659,408455,160.70328
13660,408491,175.65536
13661,408532,216.29585
13662,408566,168.07913
13663,408603,183.1814
13664,408643,196.79005
13665,408693,258.60486
13666,408737,225.38972
13667,408755,86.50075
13668,408798,220.53874
13669,408832,171.20445
13670,408849,81.93303
13671,408868,92.207
13672,408900,157.35616
13673,408932,157.80289
13674,408962,154.21481
13675,409000,198.65495
13676,409047,232.79768
13677,409099,270.76288
13678,409131,152.85301
13679,409171,203.92186
13680,409199,144.0199
13681,409255,296.84998
13682,409291,180.52615
13683,409336,232.05656
13684,409375,191.50043
13685,409401,132.57431
13686,409433,158.16945
13687,409479,242.45602
13688,409533,277.7905
13689,409583,247.47292
13690,409627,231.55038
13691,409643,75.90379
13692,409659,75.63547
13693,409675,75.709694
13694,409691,75.74166
13695,409706,70.91157
13696,409721,70.97177
13697,409737,75.71846
13698,409753,75.71451
13699,409769,75.68799
13700,409784,71.198006
13701,409799,70.95285
13702,409814,70.83909
13703,409830,75.823975
13704,409846,75.821266
13705,409862,75.91683
13706,409878,75.672455
13707,409894,75.95284
13708,409910,75.870575
13709,409926,75.8548
13710,409942,76.053116
13711,409958,75.823586
13712,409973,71.03734
13713,409988,71.12373
13714,410003,71.06184
13715,410019,75.630585
13716,410034,71.185844
13717,410050,75.92338
13718,410066,75.72994
13719,410082,75.91538
13720,410097,71.07454
13721,410113,75.74861
13722,410128,71.193565
13723,410143,71.006485
13724,410159,75.78831
13725,410174,71.07024
13726,410189,70.90422
13727,410205,75.693756
13728,410220,71.064316
13729,410236,75.89935
13730,410252,75.76032
13731,410267,71.320854
13732,410283,75.87331
13733,410299,75.748795
13734,410314,71.194664
13735,410330,75.95221
13736,410346,75.79535
13737,410362,75.646706
13738,410378,75.7947
13739,410393,71.31271
13740,410409,75.92456
13741,410425,75.72629
13742,410441,75.890396
13743,410457,75.90432
13744,410472,71.180786
13745,410488,75.853226
13746,410504,75.72719
13747,410520,75.837204
13748,410536,75.78987
13749,410552,75.73059
13750,410568,75.888
13751,410584,75.78163
13752,410600,76.09486
13753,410616,75.73432
13754,410632,75.86106
13755,410648,75.99976
13756,410664,75.794395
13757,410680,75.68275
13758,410695,71.042046
13759,410710,71.12501
13760,410725,71.06428
13761,410741,75.895744
13762,410756,71.01018
13763,410772,75.931274
13764,410788,75.99758
13765,410804,75.97924
13766,410820,75.61435
13767,410835,71.02331
13768,410851,75.97579
13769,410866,71.288574
13770,410881,70.97929
13771,410897,75.94312
13772,410912,70.85058
13773,410927,71.04209
13774,410943,75.63925
13775,410958,71.07095
13776,410974,75.67139
13777,410989,71.06416
13778,411005,75.78157
13779,411021,75.691444
13780,411037,75.85989
13781,411053,75.69636
13782,411069,75.585434
13783,411085,75.75081
13784,411101,75.93802
13785,411116,71.22615
13786,411132,75.726654
13787,411148,75.655945
13788,411164,75.53303
13789,411179,71.27313
13790,411195,75.63208
13791,411211,75.8676
13792,411226,70.95079
13793,411241,71.10987
13794,411256,71.111855
13795,411272,75.81412
13796,411287,71.23179
13797,411302,71.20064
13798,411318,75.93989
13799,411334,75.80094
13800,411350,75.83925
13801,411366,75.91331
13802,411381,71.096306
13803,411396,71.06794
13804,411412,75.563324
13805,411428,75.61853
13806,411444,75.72594
13807,411460,75.705956
13808,411476,75.873955
13809,411492,75.60826
13810,411507,70.972755
13811,411522,71.22445
13812,411538,75.738266
13813,411553,71.0442
13814,411569,75.76913
13815,411585,75.88346
13816,411601,75.985115
13817,411617,75.71698
13818,411632,70.94574
13819,411648,75.90751
13820,411704,287.92
13821,411741,182.34505
13822,411789,253.05443
13823,411837,246.51157
13824,411915,405.41623
13825,411958,223.53354
13826,412002,232.23799
13827,412037,173.84653
13828,412099,330.188
13829,412164,358.14
13830,412216,269.68195
13831,412259,216.01224
13832,412302,222.70392
13833,412348,235.07242
13834,412393,234.85324
13835,412452,330.1889
13836,412478,128.36153
13837,412530,264.6583
13838,412571,217.19104
13839,412614,220.59315
13840,412672,295.94992
13841,412793,594.4777
13842,412837,223.52849
13843,412882,224.36115
13844,412920,191.93488
13845,412965,231.60715
13846,413011,231.11684
13847,413077,347.57718
13848,413121,226.56967
13849,413141,97.22512
13850,413180,196.33228
13851,413210,146.24417
13852,413250,204.09836
13853,413304,282.58795
13854,413335,154.20535
13855,413367,163.84055
13856,413410,224.34277
13857,413461,271.0308
13858,413505,224.57095
13859,413545,200.37875
13860,413603,312.99997
13861,413637,170.27876
13862,413700,337.23172
13863,413740,186.32399
13864,413772,145.66742
13865,413829,254.33347
13866,413858,139.17813
13867,413879,95.11734
13868,413934,245.57495
13869,413965,144.7479
13870,413998,149.73096
13871,414034,168.0415
13872,414062,125.14905
13873,414094,146.04268
13874,414143,225.45465
13875,414174,141.6301
13876,414204,135.61629
13877,414236,149.92838
13878,414276,183.96974
13879,414307,144.77805
13880,414333,120.52911
13881,414383,232.224
13882,414418,163.71144
13883,414444,115.68469
13884,414482,179.60999
13885,414534,241.34007
13886,414562,132.61102
13887,414588,119.198296
13888,414621,155.94756
13889,414638,80.85819
13890,414667,133.7324
13891,414688,99.2934
13892,414714,124.258606
13893,414763,222.88889
13894,414806,198.45392
13895,414834,123.746796
13896,414887,243.08264
13897,414935,216.4934
13898,414952,80.4985
13899,415003,241.83833
13900,415037,158.42848
13901,415064,125.7754
13902,415116,232.62494
13903,415174,269.3354
13904,415195,97.152756
13905,415227,148.62384
13906,415279,251.887
13907,415309,141.29637
13908,415359,225.41129
13909,415395,161.81166
13910,415421,119.2101
13911,415474,246.65213
13912,415505,145.90923
13913,415540,159.71904
13914,415569,135.62386
13915,415606,163.0813
13916,415648,192.93707
13917,415676,128.62822
13918,415693,80.516464
13919,415789,408.23364
13920,415837,245.27809
13921,415903,348.82468
13922,415941,198.61455
13923,415997,310.12292
13924,416037,207.27074
13925,416098,331.30603
13926,416148,259.14508
13927,416195,248.68254
13928,416256,328.89056
13929,416306,273.3717
13930,416367,334.7868
13931,416441,385.68423
13932,416484,225.75975
13933,416522,198.34409
13934,416576,288.31406
13935,416642,336.7233
13936,416703,334.2802
13937,416741,205.24992
13938,416794,272.33978
13939,416885,476.59903
13940,416938,282.91495
13941,416989,280.18106
13942,417059,358.64062
13943,417132,373.0424
13944,417183,267.70444
13945,417243,318.92926
13946,417300,304.08243
13947,417346,245.31282
13948,417392,245.35431
13949,417435,226.79033
13950,417504,360.16385
13951,417544,214.11977
13952,417603,314.4597
13953,417676,388.01764
13954,417742,339.79318
13955,417789,251.23952
13956,417833,239.30933
13957,417888,283.93024
13958,417938,254.26178
13959,418015,394.1003
13960,418057,200.40186
13961,418117,319.67383
13962,418164,225.20605
13963,418224,318.15448
13964,418286,320.62332
13965,418357,378.42358
13966,418413,260.56525
13967,418476,290.9451
13968,418537,315.04346
13969,418585,222.69186
13970,418669,365.8345
13971,418725,293.72372
13972,418773,231.91832
13973,418851,395.53772
13974,418922,358.2366
13975,418965,225.26187
13976,419008,204.92574
13977,419056,232.9469
13978,419127,301.71637
13979,419179,267.49
13980,419263,387.5219
13981,419335,360.30386
13982,419364,142.76286
13983,419410,214.70581
13984,419447,173.2728
13985,419492,211.7315
13986,419538,215.18611
13987,419607,326.1201
13988,419650,199.92921
13989,419721,362.25952
13990,419814,430.2807
13991,419873,305.59195
13992,419923,255.82443
13993,419977,290.97693
13994,420018,203.74454
13995,420069,246.68608
13996,420115,236.19359
13997,420158,216.76141
13998,420216,305.468
13999,420266,265.7997
14000,420319,279.59045
14001,420367,241.13565
14002,420426,312.51782
14003,420482,302.55554
14004,420538,290.95413
14005,420584,240.5362
14006,420634,268.28305
14007,420682,247.45045
14008,420726,224.74516
14009,420785,307.05008
14010,420828,218.66321
14011,420881,280.95493
14012,420933,267.41882
14013,420994,315.5434
14014,421045,258.54034
14015,421101,299.7612
14016,421154,286.2423
14017,421201,245.2067
14018,421252,269.0972
14019,421304,259.8416
14020,421349,224.62457
14021,421401,253.97841
14022,421452,270.20798
14023,421502,246.41843
14024,421534,158.75958
14025,421596,326.75674
14026,421644,238.37215
14027,421696,274.569
14028,421741,228.72835
14029,421796,288.76093
14030,421854,308.3058
14031,421897,218.3814
14032,421942,235.98256
14033,422002,331.7535
14034,422051,251.83582
14035,422109,282.54892
14036,422161,249.24037
14037,422217,297.62204
14038,422258,201.9168
14039,422319,327.23352
14040,422388,355.88684
14041,422446,309.47037
14042,422491,208.64215
14043,422556,341.40582
14044,422616,330.59885
14045,422687,374.70352
14046,422704,80.639534
14047,422768,331.4736
14048,422828,328.58035
14049,422878,243.4527
14050,422908,140.82076
14051,422982,407.1784
14052,423036,295.2953
14053,423094,310.54114
14054,423141,243.06981
14055,423185,221.56549
14056,423243,310.6628
14057,423333,486.99542
14058,423409,403.5726
14059,423477,345.48026
14060,423526,262.0311
14061,423579,279.47073
14062,423675,429.53784
14063,423734,317.0553
14064,423799,338.27582
14065,423868,370.62378
14066,423926,311.14432
14067,423955,144.15762
14068,423980,117.69999
14069,424026,216.20021
14070,424083,271.21524
14071,424108,114.746056
14072,424151,205.52301
14073,424196,237.68715
14074,424216,97.587616
14075,424250,155.46793
14076,424273,104.65603
14077,424320,219.54706
14078,424354,167.35822
14079,424388,172.4886
14080,424408,91.29602
14081,424432,109.6409
14082,424456,117.68861
14083,424481,117.96043
14084,424505,111.11285
14085,424533,139.36307
14086,424576,216.83423
14087,424604,139.45125
14088,424619,71.01675
14089,424663,207.10823
14090,424687,113.39917
14091,424717,143.47061
14092,424732,71.1582
14093,424747,70.94735
14094,424762,70.90171
14095,424795,164.41542
14096,424814,87.32726
14097,424838,113.06984
14098,424865,125.922356
14099,424897,159.38426
14100,424932,166.80408
14101,424960,132.75737
14102,425004,215.90453
14103,425044,188.04477
14104,425058,66.34476
14105,425098,201.00166
14106,425113,70.93253
14107,425159,210.22496
14108,425184,117.855286
14109,425206,101.62695
14110,425224,83.953186
14111,425256,144.87604
14112,425286,151.79034
14113,425304,82.813
14114,425352,235.20227
14115,425382,144.25975
14116,425407,118.43802
14117,425436,134.80795
14118,425460,113.60318
14119,425490,151.07542
14120,425511,104.57984
14121,425536,118.24598
14122,425575,207.11853
14123,425599,114.138145
14124,425624,117.61981
14125,425652,134.11865
14126,425699,231.78638
14127,425748,226.51437
14128,425789,199.71646
14129,425840,238.0015
14130,425864,112.228065
14131,425879,71.23439
14132,425893,66.15075
14133,425908,71.15749
14134,425932,106.87962
14135,425958,124.10193
14136,425985,128.97754
14137,426006,101.604416
14138,426024,86.072365
14139,426051,130.23416
14140,426076,121.962265
14141,426152,370.09613
14142,426191,183.36269
14143,426221,144.97588
14144,426273,245.22516
14145,426298,121.22444
14146,426359,295.63095
14147,426404,209.72772
14148,426447,218.20258
14149,426504,266.04303
14150,426553,213.88004
14151,426587,166.34601
14152,426617,146.74406
14153,426638,101.02146
14154,426662,116.352295
14155,426721,298.55902
14156,426760,198.94472
14157,426794,152.8586
14158,426830,168.53833
14159,426882,252.42505
14160,426921,194.7684
14161,426957,169.37361
14162,426997,195.0854
14163,427015,85.72956
14164,427064,248.45442
14165,427089,123.96498
14166,427146,286.86133
14167,427204,276.6822
14168,427233,139.54544
14169,427271,171.48071
14170,427321,240.6713
14171,427345,115.86967
14172,427385,196.23502
14173,427429,210.46268
14174,427484,260.44638
14175,427507,110.115326
14176,427532,120.03067
14177,427588,261.03156
14178,427632,218.98134
14179,427653,100.5965
14180,427681,134.6387
14181,427754,338.85898
14182,427786,151.1672
14183,427817,147.51976
14184,427854,167.89842
14185,427906,228.22432
14186,427939,156.85065
14187,427986,219.99454
14188,428022,166.98695
14189,428054,155.8258
14190,428121,342.9478
14191,428185,313.0578
14192,428287,477.2352
14193,428371,381.87698
14194,428448,351.09024
14195,428504,244.8433
14196,428603,513.6082
14197,428646,210.23958
14198,428812,793.5186
14199,428929,594.6419
14200,429011,356.94757
14201,429092,354.67593
14202,429188,432.45206
14203,429246,268.98306
14204,429287,203.18114
14205,429397,550.3947
14206,429476,408.66953
14207,429531,260.31207
14208,429589,247.99782
14209,429649,280.84055
14210,429737,445.04834
14211,429834,514.73395
14212,429910,389.86884
14213,429993,385.72034
14214,430045,217.43817
14215,430088,205.25156
14216,430130,186.2931
14217,430189,291.0231
14218,430234,197.34183
14219,430290,246.63231
14220,430343,247.46574
14221,430398,247.15132
14222,430450,228.73764
14223,430489,175.14354
14224,430537,220.2317
14225,430575,175.3554
14226,430639,291.00858
14227,430692,243.98784
14228,430743,226.77783
14229,430812,319.57196
14230,430856,195.26271
14231,430911,254.84982
14232,430977,307.47113
14233,431016,184.42621
14234,431056,185.22244
14235,431099,195.64299
14236,431200,503.17972
14237,431262,289.30084
14238,431319,269.6272
14239,431366,214.68706
14240,431398,149.55055
14241,431462,274.6947
14242,431522,256.69
14243,431561,177.85231
14244,431612,239.4194
14245,431703,410.27835
14246,431743,187.25229
14247,431797,241.31041
14248,431861,284.78937
14249,431894,152.95407
14250,431924,141.71326
14251,431992,316.9424
14252,432043,235.05963
14253,432084,186.49654
14254,432135,230.51936
14255,432177,224.78258
14256,432230,288.4936
14257,432280,271.49927
14258,432327,255.67516
14259,432378,273.2522
14260,432419,219.56825
14261,432473,300.62415
14262,432520,255.58894
14263,432568,258.50726
14264,432613,243.76826
14265,432659,251.3148
14266,432708,266.15
14267,432751,230.49721
14268,432805,293.6199
14269,432851,248.14137
14270,432899,260.25168
14271,432942,232.2826
14272,432984,226.3585
14273,433031,251.80547
14274,433073,227.34775
14275,433115,226.82074
14276,433157,221.4007
14277,433202,244.08336
14278,433248,259.29068
14279,433293,243.19238
14280,433339,246.89156
14281,433390,274.02582
14282,433438,267.39685
14283,433488,273.62326
14284,433536,262.49814
14285,433583,255.49457
14286,433632,262.37247
14287,433676,235.95467
14288,433715,203.0909
14289,433759,238.8266
14290,433802,232.61078
14291,433847,243.84047
14292,433894,254.29993
14293,433941,260.06375
14294,433988,252.55533
14295,434035,255.7217
14296,434081,252.68645
14297,434123,226.03639
14298,434167,236.1876
14299,434188,103.57315
14300,434232,220.33664
14301,434269,170.6035
14302,434317,236.02147
14303,434368,246.53302
14304,434406,179.09436
14305,434458,269.82422
14306,434494,167.04688
14307,434532,177.91211
14308,434568,168.93169
14309,434604,171.5841
14310,434656,256.19952
14311,434704,250.3228
14312,434747,210.24774
14313,434783,168.18678
14314,434829,225.39465
14315,434871,195.6632
14316,434912,194.24107
14317,434949,173.94815
14318,434994,213.54004
14319,435032,175.12167
14320,435091,316.72137
14321,435131,191.13713
14322,435169,175.38538
14323,435210,198.73416
14324,435247,175.74002
14325,435281,161.29564
14326,435318,175.49625
14327,435352,157.027
14328,435395,209.81412
14329,435434,184.17798
14330,435473,184.76105
14331,435509,171.2893
14332,435548,179.83632
14333,435589,194.02422
14334,435626,173.12321
14335,435662,167.8416
14336,435704,208.50877
14337,435744,189.72054
14338,435785,193.45578
14339,435827,204.9901
14340,435865,176.68373
14341,435904,183.30106
14342,435942,181.16579
14343,435999,293.4669
14344,436039,191.0488
14345,436089,245.26857
14346,436137,231.13931
14347,436173,168.77875
14348,436209,168.54112
14349,436268,310.31458
14350,436312,227.0587
14351,436359,246.60184
14352,436406,250.34073
14353,436456,265.72272
14354,436511,291.6058
14355,436562,269.8699
14356,436610,253.77875
14357,436658,255.577
14358,436713,294.63058
14359,436765,279.63763
14360,436814,255.56532
14361,436867,283.81668
14362,436920,282.13724
14363,436974,285.6441
14364,437020,240.43904
14365,437067,247.72957
14366,437112,240.3491
14367,437163,270.02637
14368,437210,244.05281
14369,437260,268.06088
14370,437308,255.07095
14371,437356,258.3897
14372,437405,260.64005
14373,437451,244.07143
14374,437494,224.83994
14375,437552,312.77173
14376,437602,265.96347
14377,437655,286.78876
14378,437713,308.9746
14379,437759,238.61934
14380,437806,247.16817
14381,437848,217.36472
14382,437898,258.75342
14383,437944,245.1816
14384,437991,247.62105
14385,438034,224.2294
14386,438078,227.95895
14387,438132,288.10632
14388,438183,275.8639
14389,438235,277.2098
14390,438285,265.72708
14391,438342,277.35364
14392,438407,338.682
14393,438451,219.22636
14394,438502,257.41724
14395,438551,252.87862
14396,438610,294.67953
14397,438663,250.22002
14398,438738,392.15344
14399,438784,226.08955
14400,438852,343.4852
14401,438892,185.18358
14402,438950,289.2539
14403,439008,273.38364
14404,439066,296.23575
14405,439111,222.41718
14406,439168,287.60382
14407,439236,349.86978
14408,439306,356.52356
14409,439359,268.94843
14410,439412,263.54752
14411,439471,301.98914
14412,439523,257.63232
14413,439556,160.53764
14414,439600,218.8148
14415,439640,195.52582
14416,439692,270.03088
14417,439753,309.51166
14418,439813,285.91406
14419,439870,287.61896
14420,439921,247.55573
14421,440005,414.86777
14422,440064,309.05066
14423,440153,460.18643
14424,440211,291.8287
14425,440263,250.23277
14426,440354,451.4165
14427,440398,238.03989
14428,440423,125.835205
14429,440466,225.35323
14430,440488,108.79872
14431,440528,211.2804
14432,440571,232.78859
14433,440613,220.94205
14434,440659,248.03717
14435,440700,218.63226
14436,440737,193.52296
14437,440779,226.8781
14438,440814,182.302
14439,440855,215.82947
14440,440893,198.61456
14441,440940,256.06125
14442,440984,227.49974
14443,441029,245.33455
14444,441072,224.51138
14445,441110,202.74805
14446,441161,268.77615
14447,441203,225.87915
14448,441248,238.1034
14449,441284,187.96318
14450,441320,188.10942
14451,441363,228.4503
14452,441406,233.58952
14453,441444,198.64697
14454,441465,104.10003
14455,441511,249.17445
14456,441555,237.35728
14457,441600,244.10815
14458,441644,239.00392
14459,441690,253.6757
14460,441730,210.99074
14461,441772,225.8023
14462,441816,238.8176
14463,441857,218.90918
14464,441900,224.54535
14465,441948,253.08401
14466,441987,206.54883
14467,442032,244.76894
14468,442074,228.21515
14469,442110,185.24564
14470,442155,245.74504
14471,442202,246.61136
14472,442240,193.99483
14473,442289,267.34982
14474,442325,184.95547
14475,442369,237.62947
14476,442399,138.21506
14477,442433,156.3659
14478,442472,168.64563
14479,442499,127.06345
14480,442560,280.99954
14481,442594,154.6072
14482,442625,143.63206
14483,442676,215.8005
14484,442706,137.4022
14485,442746,172.16687
14486,442782,161.89119
14487,442857,343.33923
14488,442913,267.2176
14489,442948,156.45486
14490,442987,172.48149
14491,443021,152.9345
14492,443065,206.4384
14493,443094,130.83612
14494,443132,173.7897
14495,443180,210.14247
14496,443231,221.55157
14497,443264,152.31133
14498,443330,279.5225
14499,443367,167.17563
14500,443399,141.65784
14501,443427,129.34024
14502,443459,144.8985
14503,443531,306.8036
14504,443568,172.03105
14505,443603,156.74762
14506,443640,162.86043
14507,443684,193.53061
14508,443720,171.22319
14509,443756,154.4863
14510,443798,191.08311
14511,443838,179.60162
14512,443903,313.27527
14513,443983,355.6596
14514,444043,241.6456
14515,444075,147.7921
14516,444107,151.42964
14517,444157,241.29254
14518,444188,133.38846
14519,444225,168.01266
14520,444256,150.75803
14521,444280,115.60958
14522,444317,168.8732
14523,444337,89.0796
14524,444381,200.8047
14525,444414,150.66306
14526,444463,267.64084
14527,444521,294.91785
14528,444564,217.5343
14529,444608,227.34692
14530,444651,220.34581
14531,444687,179.24329
14532,444740,265.1892
14533,444785,223.42546
14534,444833,249.50014
14535,444880,230.84464
14536,444927,238.99977
14537,444974,245.5906
14538,445032,308.8664
14539,445085,283.6247
14540,445121,183.52753
14541,445174,292.9771
14542,445208,166.56058
14543,445240,153.88359
14544,445285,216.86012
14545,445339,277.83496
14546,445390,265.2043
14547,445443,274.27362
14548,445495,278.0437
14549,445549,284.47543
14550,445604,256.62747
14551,445640,176.61913
14552,445678,192.06421
14553,445715,183.77464
14554,445754,199.27422
14555,445792,188.63757
14556,445836,223.05782
14557,445878,215.00331
14558,445924,234.94858
14559,445955,149.46783
14560,446011,303.81506
14561,446076,334.21527
14562,446117,208.1675
14563,446166,246.67325
14564,446212,235.01599
14565,446273,320.34006
14566,446325,252.09378
14567,446368,218.3334
14568,446418,254.68614
14569,446439,104.55267
14570,446480,212.36075
14571,446501,101.54525
14572,446543,219.59262
14573,446564,104.13684
14574,446582,86.24201
14575,446614,172.20404
14576,446631,80.77793
14577,446657,130.7261
14578,446687,153.28264
14579,446708,104.03911
14580,446733,122.8992
14581,446761,140.62798
14582,446792,163.55856
14583,446820,142.7649
14584,446843,113.047516
14585,446865,107.5509
14586,446888,114.55357
14587,446910,107.57018
14588,446933,114.62841
14589,446955,107.604675
14590,446984,152.10397
14591,447005,104.6062
14592,447026,103.27684
14593,447048,109.409195
14594,447084,185.95403
14595,447118,175.19225
14596,447149,162.40442
14597,447184,184.47775
14598,447204,98.49901
14599,447223,92.37716
14600,447260,188.74274
14601,447282,108.68197
14602,447309,136.57735
14603,447349,195.08058
14604,447375,130.46942
14605,447401,129.90047
14606,447427,130.29968
14607,447464,188.30276
14608,447486,109.74012
14609,447518,164.59708
14610,447549,151.52254
14611,447579,147.43056
14612,447606,138.35689
14613,447628,111.499664
14614,447651,113.44365
14615,447678,140.98349
14616,447709,153.3496
14617,447735,135.01566
14618,447756,103.98391
14619,447782,124.449646
14620,447816,178.86261
14621,447840,121.810974
14622,447870,150.78972
14623,447892,110.35422
14624,447937,221.11649
14625,447959,109.137566
14626,447978,92.057594
14627,448006,142.04694
14628,448030,117.945145
14629,448060,147.01923
14630,448082,108.51393
14631,448112,149.93231
14632,448129,81.57577
14633,448159,159.70943
14634,448180,104.00142
14635,448213,172.8823
14636,448242,155.53749
14637,448273,157.94403
14638,448295,111.65153
14639,448317,107.51985
14640,448352,170.74667
14641,448387,179.05698
14642,448410,111.167076
14643,448430,98.41359
14644,448457,137.8045
14645,448487,155.28711
14646,448508,105.28486
14647,448561,290.2959
14648,448632,358.95898
14649,448680,237.83693
14650,448733,260.3988
14651,448788,280.05273
14652,448864,388.2199
14653,448925,298.2871
14654,449000,395.42477
14655,449097,499.2761
14656,449142,219.74724
14657,449205,318.7317
14658,449278,369.00693
14659,449348,370.43918
14660,449428,405.05844
14661,449476,229.76022
14662,449530,271.29553
14663,449598,336.99463
14664,449653,271.5145
14665,449732,396.74304
14666,449822,478.80298
14667,449899,393.5933
14668,449977,392.04727
14669,450028,249.93997
14670,450121,453.1073
14671,450180,301.2429
14672,450247,317.2965
14673,450327,361.19382
14674,450379,260.40305
14675,450440,306.95068
14676,450499,299.27026
14677,450550,251.82199
14678,450609,266.94748
14679,450664,299.52167
14680,450717,268.95584
14681,450762,239.34398
14682,450819,302.41153
14683,450877,305.5919
14684,450921,224.75351
14685,450984,311.6486
14686,451035,258.6471
14687,451087,270.71387
14688,451143,296.56894
14689,451189,246.06773
14690,451236,248.13098
14691,451287,250.02647
14692,451341,285.81543
14693,451401,314.55286
14694,451454,278.02615
14695,451511,302.03445
14696,451558,248.28085
14697,451605,245.5094
14698,451653,257.29514
14699,451704,269.61127
14700,451748,229.91837
14701,451813,349.53314
14702,451862,255.1747
14703,451906,219.90631
14704,451960,277.5273
14705,452015,290.3878
14706,452056,201.17305
14707,452103,244.10098
14708,452144,209.83708
14709,452203,301.0439
14710,452253,263.33893
14711,452307,280.55093
14712,452354,248.48065
14713,452402,254.74344
14714,452439,184.4321
14715,452483,229.65425
14716,452527,231.77554
14717,452566,201.58708
14718,452617,272.8946
14719,452657,196.02893
14720,452693,179.24297
14721,452730,187.81152
14722,452769,200.53072
14723,452820,256.3468
14724,452866,236.57574
14725,452934,338.85428
14726,452985,268.7597
14727,453027,215.53357
14728,453075,249.98135
14729,453123,249.16809
14730,453166,218.95164
14731,453211,235.63232
14732,453269,300.1507
14733,453309,208.37335
14734,453353,226.29503
14735,453409,295.41867
14736,453462,275.35956
14737,453504,213.28905
14738,453578,365.9169
14739,453679,457.2733
14740,453723,227.37897
14741,453803,419.8201
14742,453873,340.78693
14743,453919,239.33852
14744,453957,187.14366
14745,454024,342.6598
14746,454062,193.16829
14747,454115,245.82553
14748,454173,298.5842
14749,454213,203.20975
14750,454256,225.8142
14751,454310,278.10693
14752,454358,237.39154
14753,454412,280.1088
14754,454448,176.23465
14755,454488,203.56006
14756,454536,251.90862
14757,454579,224.72734
14758,454649,344.17584
14759,454688,189.61539
14760,454732,209.42613
14761,454779,226.50755
14762,454822,207.37085
14763,454871,232.58826
14764,454921,238.13538
14765,454975,259.49683
14766,455020,212.67725
14767,455066,216.61507
14768,455115,230.56674
14769,455152,176.84517
14770,455198,219.252
14771,455250,249.05139
14772,455292,198.58258
14773,455340,226.36255
14774,455384,215.58963
14775,455432,229.38751
14776,455490,271.47955
14777,455532,201.59648
14778,455580,227.9185
14779,455626,217.57617
14780,455675,229.70586
14781,455722,221.00793
14782,455764,203.2601
14783,455815,241.36049
14784,455872,266.36462
14785,455913,193.41216
14786,455965,250.55559
14787,456009,212.95135
14788,456051,196.7973
14789,456096,210.7918
14790,456142,219.65486
14791,456189,228.63358
14792,456239,242.2143
14793,456296,267.96753
14794,456337,195.83202
14795,456385,226.74808
14796,456434,235.20015
14797,456476,199.47726
14798,456538,284.0185
14799,456589,246.06328
14800,456633,210.6164
14801,456686,248.11502
14802,456761,334.21884
14803,456796,157.12764
14804,456842,232.78552
14805,456881,187.61087
14806,456922,203.47394
14807,456960,177.94336
14808,457003,212.71544
14809,457039,169.77512
14810,457081,197.04578
14811,457126,226.4281
14812,457167,201.8113
14813,457195,129.01567
14814,457238,213.29814
14815,457282,217.69884
14816,457325,212.23326
14817,457359,159.18669
14818,457405,228.01157
14819,457443,179.49252
14820,457486,208.48645
14821,457527,202.85739
14822,457568,196.01678
14823,457610,200.97385
14824,457649,181.94116
14825,457686,170.6201
14826,457724,179.96907
14827,457764,188.29657
14828,457800,165.39857
14829,457842,196.81003
14830,457887,227.87164
14831,457924,176.09888
14832,457969,219.94737
14833,457995,121.58681
14834,458026,141.5085
14835,458055,132.61906
14836,458108,275.1006
14837,458148,184.70091
14838,458187,188.34683
14839,458228,190.58878
14840,458279,256.59988
14841,458317,177.05086
14842,458358,201.89394
14843,458390,146.91394
14844,458425,161.08087
14845,458469,217.21425
14846,458498,135.35524
14847,458527,133.95827
14848,458563,174.97653
14849,458605,202.41203
14850,458639,158.50623
14851,458673,158.04933
14852,458709,165.40099
14853,458746,177.31403
14854,458796,262.53012
14855,458837,189.12372
14856,458880,211.94984
14857,458924,222.80736
14858,458969,224.04555
14859,459012,207.49692
14860,459054,207.11333
14861,459098,220.43164
14862,459141,195.4227
14863,459191,252.4059
14864,459245,267.48764
14865,459297,268.101
14866,459349,271.11716
14867,459390,204.09933
14868,459440,247.85089
14869,459481,204.75983
14870,459518,175.76274
14871,459555,170.65332
14872,459608,256.1364
14873,459652,217.60608
14874,459692,199.41891
14875,459736,215.97815
14876,459782,231.25128
14877,459828,230.24554
14878,459867,187.66554
14879,459906,185.66463
14880,459956,264.38055
14881,459997,200.12462
14882,460036,182.50066
14883,460074,182.06494
14884,460120,231.94577
14885,460163,214.98557
14886,460202,175.31465
14887,460239,179.41068
14888,460277,181.93901
14889,460320,214.94867
14890,460355,168.14659
14891,460401,220.54594
14892,460448,236.48524
14893,460493,227.70058
14894,460536,213.73074
14895,460579,200.45222
14896,460624,211.03693
14897,460671,238.7227
14898,460711,186.7706
14899,460757,227.75635
14900,460801,226.58073
14901,460840,183.28987
14902,460886,225.66881
14903,460919,165.09442
14904,460992,315.70386
14905,461026,154.26096
14906,461095,341.3462
14907,461129,168.03242
14908,461189,285.52582
14909,461222,150.782
14910,461317,426.63522
14911,461386,335.08383
14912,461449,285.1758
14913,461510,306.31268
14914,461545,171.60516
14915,461643,433.25516
14916,461733,384.81046
14917,461777,222.35231
14918,461821,216.60011
14919,461873,245.07623
14920,461898,125.9601
14921,461945,220.4504
14922,462030,372.61148
14923,462093,307.26688
14924,462144,245.3762
14925,462202,253.26187
14926,462260,287.6463
14927,462315,281.7826
14928,462355,194.91507
14929,462412,259.06396
14930,462466,258.07452
14931,462485,92.69599
14932,462510,125.33963
14933,462547,182.8814
14934,462621,354.99283
14935,462651,148.89563
14936,462712,278.19498
14937,462746,171.50545
14938,462789,225.2935
14939,462849,287.7882
14940,462892,222.24709
14941,462939,242.03072
14942,462979,209.5852
14943,463026,251.46277
14944,463078,281.8887
14945,463128,267.45572
14946,463182,291.76788
14947,463237,295.79684
14948,463285,254.2553
14949,463331,248.36267
14950,463386,299.76175
14951,463442,303.29846
14952,463485,223.68823
14953,463536,273.4853
14954,463588,281.88245
14955,463638,266.31348
14956,463686,248.09169
14957,463737,272.02875
14958,463790,284.00635
14959,463846,298.87424
14960,463896,266.71585
14961,463950,286.51984
14962,464005,299.21826
14963,464056,270.38858
14964,464107,276.924
14965,464162,293.4747
14966,464217,302.8089
14967,464259,220.56395
14968,464319,331.11362
14969,464381,339.212
14970,464436,301.66696
14971,464491,294.91843
14972,464540,260.4586
14973,464588,254.69536
14974,464644,303.6847
14975,464687,222.60367
14976,464736,263.2182
14977,464788,278.8377
14978,464833,230.19164
14979,464894,334.67798
14980,464959,332.33997
14981,465001,176.50531
14982,465061,257.44348
14983,465085,122.8465
14984,465133,213.88455
14985,465165,145.91232
14986,465209,180.09155
14987,465278,310.45465
14988,465318,171.42093
14989,465351,139.52075
14990,465380,131.98149
14991,465419,183.51108
14992,465451,142.79933
14993,465477,134.77867
14994,465520,195.20677
14995,465570,220.29845
14996,465604,153.1431
14997,465646,182.42477
14998,465712,271.1384
14999,465753,182.27086
15000,465792,170.12433
15001,465855,310.81033
15002,465881,134.49747
15003,465908,141.51448
15004,465950,197.72565
15005,466002,209.58353
15006,466046,197.23898
15007,466073,142.65085
15008,466111,160.09146
15009,466147,155.5132
15010,466195,219.31377
15011,466252,249.6212
15012,466302,201.82965
15013,466326,122.80915
15014,466350,123.54851
15015,466418,277.78873
15016,466442,123.210884
15017,466498,255.65215
15018,466537,162.24908
15019,466563,135.4015
15020,466620,235.99223
15021,466646,131.54858
15022,466685,168.67307
15023,466725,163.72453
15024,466776,227.54478
15025,466806,152.40488
15026,466852,221.7876
15027,466898,206.89323
15028,466951,228.33632
15029,467059,524.59717
15030,467178,588.39246
15031,467236,298.93692
15032,467310,393.75937
15033,467365,284.3513
15034,467416,264.8768
15035,467482,348.80167
15036,467530,232.27417
15037,467604,387.74982
15038,467671,350.38742
15039,467709,181.6222
15040,467774,339.3638
15041,467828,290.3029
15042,467874,225.41418
15043,467940,340.84583
15044,468010,370.00998
15045,468111,530.1857
15046,468164,263.4687
15047,468227,338.49298
15048,468300,367.69214
15049,468366,327.80286
15050,468468,537.63873
15051,468548,412.51517
15052,468612,301.1072
15053,468692,423.985
15054,468800,504.86127
15055,468855,282.30383
15056,468919,346.41394
15057,468965,232.56784
15058,469018,281.14825
15059,469037,87.33055
15060,469057,91.13796
15061,469082,116.808556
15062,469099,80.09327
15063,469128,138.17596
15064,469183,255.64381
15065,469202,87.21206
15066,469236,158.23729
15067,469269,151.82678
15068,469287,85.10728
15069,469312,117.66097
15070,469343,147.30168
15071,469368,113.286766
15072,469384,76.03841
15073,469420,169.5734
15074,469445,117.07687
15075,469477,149.05374
15076,469509,148.89711
15077,469527,86.81275
15078,469558,144.81061
15079,469581,102.65448
15080,469600,90.77433
15081,469633,147.29347
15082,469657,111.60208
15083,469676,91.85163
15084,469701,109.579315
15085,469733,148.20923
15086,469766,157.50665
15087,469813,225.2261
15088,469836,109.644325
15089,469853,80.47295
15090,469870,80.82388
15091,469893,105.083534
15092,469910,80.541306
15093,469929,87.19084
15094,469947,85.45942
15095,469964,80.72182
15096,469983,91.68719
15097,470000,80.58153
15098,470028,129.92714
15099,470052,118.430984
15100,470076,106.36656
15101,470100,110.364204
15102,470118,85.73311
15103,470140,106.42218
15104,470158,83.33219
15105,470181,113.9222
15106,470199,85.222534
15107,470216,81.53475
15108,470244,132.95515
15109,470270,119.19556
15110,470288,85.47308
15111,470306,85.82876
15112,470323,80.96997
15113,470341,87.23799
15114,470367,117.227066
15115,470385,85.64679
15116,470401,75.89502
15117,470421,97.229324
15118,470443,101.819336
15119,470478,167.07213
15120,470497,88.44871
15121,470523,123.58011
15122,470549,121.73574
15123,470573,110.61099
15124,470611,187.05905
15125,470647,170.47173
15126,470670,102.9275
15127,470695,115.08433
15128,470712,80.8238
15129,470738,118.199554
15130,470771,159.9346
15131,470790,93.75564
15132,470813,104.410904
15133,470830,80.54707
15134,470864,161.28711
15135,470884,97.173256
15136,470904,91.68355
15137,470935,150.13295
15138,470972,171.56502
15139,470993,104.75842
15140,471011,84.61634
15141,471030,90.53373
15142,471103,351.9828
15143,471162,310.66965
15144,471217,274.20786
15145,471271,279.92593
15146,471330,307.4166
15147,471394,334.20728
15148,471456,319.22882
15149,471520,336.0352
15150,471586,339.17883
15151,471650,338.38455
15152,471707,301.90198
15153,471770,327.24036
15154,471827,299.95126
15155,471891,335.91052
15156,471946,290.7534
15157,472008,323.8729
15158,472065,295.79675
15159,472128,330.21945
15160,472196,355.99124
15161,472265,360.4631
15162,472335,360.0354
15163,472393,302.80164
15164,472455,323.80865
15165,472521,347.04453
15166,472579,299.4474
15167,472644,340.4024
15168,472709,340.13394
15169,472767,305.56638
15170,472829,325.01996
15171,472897,352.12796
15172,472953,286.85498
15173,473016,333.71024
15174,473092,398.03888
15175,473132,207.00945
15176,473164,158.2701
15177,473198,167.93402
15178,473235,183.25418
15179,473257,110.0663
15180,473288,152.6768
15181,473320,158.67946
15182,473352,157.60205
15183,473385,163.24129
15184,473417,157.97392
15185,473453,183.26903
15186,473484,152.21632
15187,473526,218.34988
15188,473564,194.51767
15189,473598,168.6602
15190,473635,190.97157
15191,473666,150.99228
15192,473703,188.76265
15193,473734,151.85692
15194,473765,151.74934
15195,473802,190.14265
15196,473834,157.03546
15197,473865,151.55249
15198,473896,152.4831
15199,473930,168.14606
15200,473962,159.41794
15201,474002,206.34308
15202,474034,158.78378
15203,474071,187.34517
15204,474110,200.51001
15205,474145,173.44756
15206,474179,166.191
15207,474216,190.59657
15208,474255,200.98593
15209,474290,175.49832
15210,474326,180.0351
15211,474359,162.85577
15212,474397,193.53375
15213,474430,163.34236
15214,474462,158.16795
15215,474497,178.48216
15216,474532,177.13527
15217,474566,170.80763
15218,474604,194.32538
15219,474636,155.85843
15220,474672,181.66304
15221,474707,176.0251
15222,474746,197.8774
15223,474779,161.56267
15224,474817,196.37715
15225,474848,151.1662
15226,474880,156.38367
15227,474912,156.09372
15228,474948,183.27554
15229,474978,147.36884
15230,475020,219.92847
15231,475052,155.9972
15232,475085,164.52515
15233,475118,163.55263
15234,475167,256.69208
15235,475217,271.20508
15236,475280,331.9726
15237,475325,237.74884
15238,475362,186.66414
15239,475405,226.78494
15240,475449,231.86986
15241,475503,288.63272
15242,475547,227.76868
15243,475583,182.12488
15244,475621,193.14214
15245,475677,290.89413
15246,475723,242.47522
15247,475761,188.93768
15248,475801,208.01645
15249,475840,201.95189
15250,475894,280.92636
15251,475933,190.78052
15252,475985,272.7833
15253,476038,279.22937
15254,476089,263.66684
15255,476139,267.3649
15256,476193,284.9713
15257,476242,263.09073
15258,476287,238.0501
15259,476331,231.64291
15260,476383,274.66443
15261,476434,269.03882
15262,476485,264.94803
15263,476533,248.64891
15264,476570,186.45316
15265,476620,269.57825
15266,476665,223.5323
15267,476704,201.20583
15268,476741,185.88956
15269,476786,237.9609
15270,476831,235.61615
15271,476878,249.62032
15272,476925,252.43524
15273,476959,171.95352
15274,476997,193.26253
15275,477043,243.3958
15276,477088,239.35945
15277,477147,306.1048
15278,477191,233.07965
15279,477255,304.5479
15280,477320,324.25742
15281,477386,326.9153
15282,477445,291.40497
15283,477508,339.7633
15284,477572,326.99615
15285,477609,192.79451
15286,477667,313.78577
15287,477727,306.00983
15288,477792,358.00568
15289,477849,299.63272
15290,477958,511.55844
15291,478018,297.63782
15292,478096,373.556
15293,478134,195.76839
15294,478210,360.62573
15295,478262,246.80208
15296,478310,254.05331
15297,478356,227.93527
15298,478423,349.18103
15299,478482,302.9949
15300,478553,391.84732
15301,478628,391.08655
15302,478689,310.6154
15303,478765,370.26706
15304,478809,229.29568
15305,478885,388.27487
15306,478972,463.5995
15307,479021,249.01468
15308,479085,316.12677
15309,479135,252.0002
15310,479189,268.59543
15311,479282,505.00247
15312,479369,480.59464
15313,479434,368.2208
15314,479491,318.17853
15315,479559,360.37326
15316,479607,269.53925
15317,479677,379.9344
15318,479712,187.23225
15319,479759,259.85675
15320,479841,444.3074
15321,479960,624.7663
15322,480012,269.13867
15323,480063,273.79532
15324,480123,316.74194
15325,480176,291.69394
15326,480231,306.4781
15327,480276,246.39575
15328,480342,300.16235
15329,480392,264.65222
15330,480434,222.97723
15331,480499,352.0491
15332,480583,464.1371
15333,480639,317.31613
15334,480724,454.17123
15335,480810,448.81644
15336,480871,327.88492
15337,480908,200.3672
15338,480963,303.9269
15339,481014,286.8993
15340,481093,401.13864
15341,481161,377.59366
15342,481254,521.8513
15343,481319,340.63608
15344,481391,384.123
15345,481451,293.60782
15346,481500,245.61732
15347,481539,185.75427
15348,481604,345.00323
15349,481670,329.4485
15350,481719,243.77092
15351,481769,252.75374
15352,481833,346.7363
15353,481897,335.6138
15354,481959,312.50183
15355,482040,381.71115
15356,482082,207.01942
15357,482168,454.4416
15358,482236,369.68872
15359,482293,280.4641
15360,482348,302.12564
15361,482403,291.49896
15362,482442,197.17699
15363,482500,284.31097
15364,482578,402.91074
15365,482652,366.10745
15366,482737,414.3969
15367,482812,387.79434
15368,482867,260.58237
15369,482923,297.7065
15370,482963,201.17833
15371,483007,222.25604
15372,483057,252.62866
15373,483103,235.17473
15374,483157,295.39175
15375,483213,278.4447
15376,483277,339.33853
15377,483328,253.27092
15378,483393,345.88718
15379,483460,356.99905
15380,483528,370.03342
15381,483576,253.13351
15382,483627,272.1543
15383,483690,332.6104
15384,483742,273.4949
15385,483806,347.28705
15386,483865,316.4948
15387,483929,342.67728
15388,483984,290.2991
15389,484036,275.0236
15390,484093,306.3654
15391,484148,297.22964
15392,484206,308.8861
15393,484261,299.623
15394,484319,305.10876
15395,484381,323.6783
15396,484436,290.89868
15397,484501,343.26187
15398,484560,310.89304
15399,484625,351.4836
15400,484686,324.88947
15401,484741,295.12918
15402,484795,289.9721
15403,484844,261.8537
15404,484896,279.19855
15405,484959,335.49548
15406,485015,299.172
15407,485065,267.60294
15408,485114,260.64832
15409,485159,236.34361
15410,485212,282.53378
15411,485275,339.59775
15412,485337,332.63495
15413,485404,364.95245
15414,485466,321.88553
15415,485519,262.9592
15416,485569,263.7246
15417,485630,320.9922
15418,485675,233.2293
15419,485733,311.4744
15420,485795,320.55606
15421,485849,263.48425
15422,485917,351.90634
15423,485977,318.72427
15424,486043,340.74185
15425,486119,413.0889
15426,486187,353.1521
15427,486251,321.51346
15428,486311,303.2404
15429,486367,285.50986
15430,486416,244.10849
15431,486482,342.20013
15432,486560,378.9036
15433,486619,287.2558
15434,486675,290.382
15435,486721,228.92845
15436,486788,342.10245
15437,486841,278.12497
15438,486894,279.5595
15439,486941,241.48573
15440,486995,284.61304
15441,487053,297.37143
15442,487116,322.92596
15443,487179,325.7714
15444,487236,294.76392
15445,487295,303.87238
15446,487345,262.0393
15447,487400,285.75674
15448,487466,337.0435
15449,487518,251.92073
15450,487561,218.23239
15451,487638,362.11804
15452,487688,256.9896
15453,487744,266.23703
15454,487804,299.2172
15455,487854,249.16417
15456,487908,274.57748
15457,487957,228.82198
15458,488024,329.60028
15459,488094,319.94418
15460,488145,241.62436
15461,488196,257.0233
15462,488252,290.1512
15463,488320,346.14224
15464,488367,236.97916
15465,488418,254.91342
15466,488483,313.34235
15467,488536,266.09488
15468,488615,376.06982
15469,488657,206.82977
15470,488711,272.22183
15471,488763,272.37598
15472,488805,213.5243
15473,488862,258.95633
15474,488906,217.91254
15475,488956,258.37488
15476,489004,238.66612
15477,489042,187.73227
15478,489096,261.21945
15479,489145,251.18034
15480,489214,340.09076
15481,489262,225.65358
15482,489329,333.63156
15483,489374,225.29245
15484,489411,175.75359
15485,489461,256.11075
15486,489504,205.3644
15487,489543,187.34952
15488,489632,455.15634
15489,489670,194.5695
15490,489720,250.21861
15491,489811,461.4811
15492,489870,310.10284
15493,489938,349.95294
15494,489994,286.0919
15495,490060,339.4892
15496,490135,333.5965
15497,490179,218.62894
15498,490257,380.47794
15499,490348,495.02362
15500,490423,379.7246
15501,490497,389.32468
15502,490556,272.3078
15503,490616,302.32736
15504,490658,203.11783
15505,490710,263.1479
15506,490779,326.58356
15507,490861,452.5468
15508,490932,378.7263
15509,491002,361.66
15510,491049,235.12158
15511,491128,395.2907
15512,491188,315.81384
15513,491238,255.94604
15514,491293,280.8819
15515,491364,380.60724
15516,491427,327.38165
15517,491491,340.56018
15518,491554,312.22015
15519,491571,80.40486
15520,491625,281.56766
15521,491681,275.46863
15522,491765,432.09103
15523,491837,363.2573
15524,491911,381.4503
15525,491953,205.52434
15526,492002,234.17154
15527,492052,236.08708
15528,492107,261.06265
15529,492191,379.26984
15530,492251,292.14
15531,492295,204.08199
15532,492343,232.08841
15533,492396,238.2187
15534,492452,243.96638
15535,492530,375.6816
15536,492571,193.09798
15537,492626,267.2208
15538,492710,406.27893
15539,492736,124.40296
15540,492789,240.0091
15541,492862,377.25024
15542,492894,145.67915
15543,492951,283.43982
15544,493003,248.87584
15545,493081,395.4498
15546,493131,231.33612
15547,493178,230.24501
15548,493234,255.76964
15549,493284,219.96353
15550,493344,304.25836
15551,493426,355.7734
15552,493469,207.0622
15553,493508,168.76736
15554,493567,292.4735
15555,493643,399.33145
15556,493698,271.8036
15557,493756,271.5137
15558,493810,265.33597
15559,493887,384.09192
15560,493929,199.58984
15561,493975,224.1187
15562,494013,181.17967
15563,494071,285.51407
15564,494123,253.76768
15565,494190,340.70538
15566,494231,200.57153
15567,494273,203.22043
15568,494341,361.31238
15569,494387,227.81091
15570,494429,199.56093
15571,494476,223.91046
15572,494528,258.10327
15573,494572,205.2304
15574,494614,203.44034
15575,494706,456.90955
15576,494746,192.36568
15577,494816,354.47772
15578,494853,170.42847
15579,494918,314.407
15580,494961,215.32979
15581,495000,185.75978
15582,495034,156.52477
15583,495091,274.53198
15584,495196,525.0917
15585,495268,365.38373
15586,495321,263.7379
15587,495364,204.05524
15588,495402,179.35797
15589,495450,260.14236
15590,495487,172.93704
15591,495537,236.67609
15592,495593,282.2455
15593,495699,567.9702
15594,495746,224.70561
15595,495833,440.61713
15596,495940,538.79315
15597,496040,445.0452
15598,496077,171.23045
15599,496148,318.63608
15600,496221,367.35516
15601,496312,417.8309
15602,496360,224.61877
15603,496439,337.9563
15604,496533,477.4679
15605,496644,554.2159
15606,496684,183.92482
15607,496766,406.264
15608,496850,417.62833
15609,496926,381.19415
15610,497037,499.66574
15611,497164,633.1061
15612,497252,412.79404
15613,497354,503.3738
15614,497427,375.20975
15615,497510,404.12128
15616,497560,246.57796
15617,497622,307.88977
15618,497690,294.35153
15619,497730,206.40504
15620,497788,300.04526
15621,497822,170.65657
15622,497866,231.07494
15623,497916,262.59164
15624,497956,203.77336
15625,497995,194.01738
15626,498029,166.43787
15627,498078,258.6096
15628,498119,207.93532
15629,498162,223.84764
15630,498206,235.33112
15631,498249,218.73157
15632,498312,333.96533
15633,498350,191.84155
15634,498409,300.94724
15635,498467,314.03793
15636,498514,248.39548
15637,498554,200.10056
15638,498596,214.1099
15639,498642,241.28537
15640,498683,209.32465
15641,498720,189.88779
15642,498764,226.31474
15643,498801,180.55045
15644,498840,197.91985
15645,498882,215.81178
15646,498933,266.9323
15647,498966,163.56618
15648,499008,220.63347
15649,499058,263.61862
15650,499098,205.35202
15651,499137,190.71417
15652,499178,211.53537
15653,499220,218.00574
15654,499262,221.14986
15655,499301,194.36601
15656,499352,266.12286
15657,499392,207.20853
15658,499429,183.93361
15659,499478,249.30824
15660,499545,359.4893
15661,499587,223.4199
15662,499632,235.09418
15663,499678,242.41563
15664,499725,254.08038
15665,499772,246.164
15666,499829,291.8053
15667,499877,243.8391
15668,499946,374.74173
15669,500007,296.4393
15670,500069,329.85147
15671,500106,190.49696
15672,500150,209.8124
15673,500179,134.46933
15674,500234,274.33716
15675,500298,316.43033
15676,500342,226.80983
15677,500390,236.34915
15678,500427,182.35341
15679,500482,279.28418
15680,500534,272.8453
15681,500599,338.39835
15682,500653,276.718
15683,500718,322.99048
15684,500771,284.4685
15685,500828,272.05847
15686,500907,390.6654
15687,500966,300.0941
15688,501012,222.75774
15689,501045,163.88329
15690,501104,313.38126
15691,501154,258.38315
15692,501207,269.98898
15693,501289,420.371
15694,501317,138.38213
15695,501367,247.68295
15696,501420,248.17606
15697,501466,218.35693
15698,501519,260.3816
15699,501598,382.3033
15700,501645,233.0058
15701,501682,183.903
15702,501716,155.44092
15703,501767,256.9872
15704,501811,224.63185
15705,501853,209.45674
15706,501924,378.28207
15707,501978,300.1356
15708,502022,220.50224
15709,502065,222.91714
15710,502133,366.16074
15711,502170,179.9915
15712,502221,269.53488
15713,502279,305.41647
15714,502352,373.68176
15715,502393,213.88557
15716,502473,380.5114
15717,502534,309.01035
15718,502570,180.75911
15719,502613,220.86484
15720,502676,286.35193
15721,502711,168.19308
15722,502743,160.54814
15723,502794,269.63983
15724,502885,471.70132
15725,502947,336.91443
15726,502987,204.63167
15727,503022,180.43343
15728,503056,179.24525
15729,503118,301.1557
15730,503185,349.36206
15731,503260,400.76428
15732,503291,155.95432
15733,503328,187.45392
15734,503356,135.28056
15735,503383,135.98238
15736,503418,182.05411
15737,503461,221.8524
15738,503508,244.81512
15739,503603,486.24203
15740,503635,161.93877
15741,503716,402.39508
15742,503781,348.39352
15743,503845,328.7411
15744,503927,430.66772
15745,504049,565.6255
15746,504110,273.33038
15747,504194,383.43515
15748,504259,293.86206
15749,504304,191.81303
15750,504388,454.15424
15751,504470,454.38553
15752,504548,348.79547
15753,504578,141.43636
15754,504654,399.7633
15755,504713,279.7255
15756,504817,532.41986
15757,504882,300.2562
15758,504947,325.74402
15759,505023,383.44852
15760,505092,357.74622
15761,505164,344.97177
15762,505232,319.22037
15763,505275,219.16698
15764,505355,363.2839
15765,505399,194.1747
15766,505459,262.52954
15767,505538,380.14737
15768,505562,109.52538
15769,505633,375.19824
15770,505678,226.28795
15771,505770,496.26334
15772,505829,287.75708
15773,505871,192.74336
15774,505920,252.80544
15775,505963,218.84329
15776,506000,187.35762
15777,506040,200.65274
15778,506081,213.13985
15779,506128,246.37244
15780,506172,225.32097
15781,506223,272.56018
15782,506262,195.09805
15783,506310,238.04535
15784,506357,242.17783
15785,506393,181.78842
15786,506429,179.7601
15787,506472,217.77776
15788,506517,233.26546
15789,506559,216.39224
15790,506590,152.99654
15791,506638,250.78592
15792,506682,223.06682
15793,506721,198.60243
15794,506764,218.87947
15795,506810,236.44159
15796,506856,239.41217
15797,506901,229.51381
15798,506946,230.15738
15799,506995,251.41069
15800,507037,211.21242
15801,507079,211.65134
15802,507100,101.887474
15803,507144,217.7284
15804,507185,208.98965
15805,507226,200.13701
15806,507269,221.66289
15807,507308,197.48036
15808,507348,206.23122
15809,507395,245.59308
15810,507435,200.54645
15811,507478,225.76839
15812,507513,176.34802
15813,507560,250.0702
15814,507596,182.88809
15815,507638,213.59343
15816,507681,219.69482
15817,507712,148.85934
15818,507752,201.90045
15819,507797,231.36777
15820,507835,195.29446
15821,507873,193.57498
15822,507919,240.84293
15823,507972,264.5587
15824,508003,150.01685
15825,508073,361.33286
15826,508095,100.630196
15827,508170,339.06992
15828,508234,292.26373
15829,508282,235.522
15830,508334,242.65747
15831,508372,172.98296
15832,508461,452.9592
15833,508507,203.49448
15834,508565,255.17525
15835,508615,232.4319
15836,508657,214.54234
15837,508735,367.04926
15838,508786,254.49937
15839,508846,265.97757
15840,508904,278.50284
15841,508957,243.62537
15842,508996,184.44522
15843,509065,347.40274
15844,509109,200.65988
15845,509184,348.98352
15846,509252,285.79993
15847,509322,320.38953
15848,509349,131.11269
15849,509414,324.0079
15850,509482,317.93805
15851,509539,255.4741
15852,509581,206.77325
15853,509670,462.27863
15854,509700,143.88052
15855,509761,320.48038
15856,509810,223.36346
15857,509876,312.01736
15858,509940,334.06384
15859,510006,293.24136
15860,510052,245.10815
15861,510101,255.55981
15862,510149,251.64862
15863,510198,254.61548
15864,510256,306.31934
15865,510306,264.20026
15866,510354,253.05255
15867,510411,306.785
15868,510469,308.0873
15869,510519,269.73178
15870,510566,248.9234
15871,510620,285.85803
15872,510676,290.63037
15873,510734,295.84366
15874,510779,238.96715
15875,510820,215.2994
15876,510865,236.73843
15877,510915,262.60654
15878,510965,262.58575
15879,511014,260.75244
15880,511051,192.03821
15881,511104,284.93027
15882,511164,318.7784
15883,511209,225.5017
15884,511259,252.90813
15885,511311,264.1996
15886,511365,280.56345
15887,511414,253.97775
15888,511480,356.50974
15889,511555,391.06158
15890,511593,197.98798
15891,511643,266.02698
15892,511709,356.9126
15893,511767,298.45016
15894,511828,324.73715
15895,511869,212.60667
15896,511927,310.93246
15897,511975,251.52263
15898,512026,259.17206
15899,512052,117.604675
15900,512080,126.04654
15901,512108,126.41758
15902,512136,127.3746
15903,512164,126.6232
15904,512190,117.19378
15905,512216,116.841125
15906,512243,120.697075
15907,512271,126.51632
15908,512301,136.18935
15909,512330,130.64484
15910,512358,126.90236
15911,512387,131.3934
15912,512414,121.8051
15913,512444,135.74255
15914,512473,131.71126
15915,512501,127.81731
15916,512528,120.76841
15917,512557,130.58641
15918,512585,126.028
15919,512614,132.16423
15920,512640,117.571106
15921,512667,123.34622
15922,512695,127.182846
15923,512724,132.21803
15924,512753,132.58888
15925,512781,127.22
15926,512807,118.27311
15927,512836,131.41197
15928,512862,118.15336
15929,512890,127.49846
15930,512916,117.11352
15931,512944,126.83195
15932,512972,127.493744
15933,512999,121.719536
15934,513028,132.33102
15935,513053,112.85666
15936,513082,131.02533
15937,513109,122.83282
15938,513137,126.80944
15939,513164,122.49396
15940,513192,127.29041
15941,513220,127.15591
15942,513247,122.623276
15943,513272,112.299515
15944,513301,132.3295
15945,513327,116.729515
15946,513353,117.601074
15947,513381,125.64074
15948,513408,121.98971
15949,513435,122.482994
15950,513464,130.4602
15951,513491,122.960175
15952,513518,122.1469
15953,513545,122.07321
15954,513574,131.32849
15955,513602,125.85882
15956,513630,125.78221
15957,513656,117.58862
15958,513685,131.65816
15959,513713,126.729126
15960,513741,127.55612
15961,513770,130.21527
15962,513798,127.61097
15963,513825,121.75899
15964,513853,125.96886
15965,513881,127.01088
15966,513909,124.705765
15967,513937,127.387405
15968,513965,126.534645
15969,513992,122.16716
15970,514018,118.56058
15971,514045,121.36919
15972,514077,149.63057
15973,514123,232.75122
15974,514164,199.76753
15975,514192,141.85191
15976,514212,95.234505
15977,514253,203.12048
15978,514276,111.568405
15979,514311,184.77994
15980,514332,101.18194
15981,514362,155.52783
15982,514427,305.82687
15983,514459,146.01338
15984,514514,287.78085
15985,514545,155.21884
15986,514595,235.85999
15987,514611,76.55528
15988,514660,237.41286
15989,514701,195.21355
15990,514719,87.86704
15991,514741,106.232704
15992,514760,95.359924
15993,514797,191.56802
15994,514850,263.87173
15995,514875,128.66664
15996,514901,135.47507
15997,514934,160.26741
15998,514969,172.37613
15999,514996,135.57399
16000,515018,106.32162
16001,515056,194.53708
16002,515089,161.22633
16003,515139,226.9422
16004,515160,103.6853
16005,515200,199.75218
16006,515242,196.30928
16007,515304,310.2397
16008,515322,85.2435
16009,515375,243.23285
16010,515400,126.80894
16011,515426,136.47041
16012,515445,95.4486
16013,515468,112.870575
16014,515517,237.97733
16015,515553,175.92705
16016,515595,199.62932
16017,515652,295.8775
16018,515679,140.94656
16019,515712,149.96986
16020,515774,299.2185
16021,515832,281.2107
16022,515848,75.72919
16023,515910,272.94516
16024,515946,182.65192
16025,515967,108.19408
16026,516003,181.21033
16027,516026,112.497986
16028,516050,117.68656
16029,516092,212.24275
16030,516142,249.1621
16031,516191,243.90485
16032,516234,220.4389
16033,516278,209.96631
16034,516324,227.08102
16035,516352,139.52303
16036,516401,242.0375
16037,516429,146.39992
16038,516463,167.33266
16039,516499,171.11389
16040,516534,171.63892
16041,516573,188.5277
16042,516622,243.88885
16043,516666,221.52377
16044,516709,219.16393
16045,516754,228.49872
16046,516795,200.23418
16047,516828,159.4655
16048,516868,198.80481
16049,516911,215.70332
16050,516947,175.39658
16051,516988,205.70401
16052,517045,289.85806
16053,517082,195.59015
16054,517121,192.36723
16055,517167,232.37276
16056,517202,180.95512
16057,517233,152.21451
16058,517271,187.0131
16059,517311,188.43929
16060,517353,217.65005
16061,517391,185.60823
16062,517427,187.31065
16063,517459,154.68552
16064,517495,175.87386
16065,517539,221.92491
16066,517582,217.78777
16067,517618,186.81018
16068,517658,199.8969
16069,517700,205.63531
16070,517725,124.553535
16071,517765,195.13637
16072,517796,148.07108
16073,517843,244.81299
16074,517879,176.051
16075,517922,213.62152
16076,517960,187.19298
16077,518002,208.33826
16078,518047,218.36087
16079,518087,198.04448
16080,518135,236.40459
16081,518185,248.32129
16082,518252,320.22144
16083,518340,426.73584
16084,518372,154.52693
16085,518429,293.49796
16086,518495,351.54272
16087,518546,268.609
16088,518613,351.0947
16089,518657,215.76112
16090,518709,268.89944
16091,518777,348.95602
16092,518852,397.09937
16093,518912,301.5129
16094,518969,288.3567
16095,519020,258.00323
16096,519090,361.03128
16097,519147,297.61115
16098,519198,242.85371
16099,519252,272.81256
16100,519290,187.93889
16101,519347,285.4773
16102,519394,234.30296
16103,519465,360.6745
16104,519526,279.14825
16105,519602,395.0844
16106,519647,218.22177
16107,519700,258.96643
16108,519753,272.89014
16109,519847,489.64276
16110,519878,155.40128
16111,519947,354.7774
16112,520008,303.68622
16113,520052,225.25514
16114,520092,198.16716
16115,520156,322.58438
16116,520214,307.61
16117,520286,347.40967
16118,520313,120.80129
16119,520348,164.00253
16120,520387,181.35638
16121,520438,256.49112
16122,520504,329.48032
16123,520528,105.18087
16124,520583,260.26715
16125,520653,345.33777
16126,520730,355.6485
16127,520784,264.28668
16128,520815,143.9401
16129,520869,258.30167
16130,520953,369.65723
16131,521005,249.7913
16132,521064,297.63565
16133,521134,312.96512
16134,521165,143.29883
16135,521185,90.80469
16136,521231,227.50049
16137,521286,271.8774
16138,521307,94.02006
16139,521359,251.62904
16140,521399,185.67387
16141,521431,148.72876
16142,521481,234.47919
16143,521539,287.0511
16144,521572,156.74167
16145,521618,218.21301
16146,521676,293.12604
16147,521750,363.04358
16148,521791,175.97029
16149,521839,220.30234
16150,521875,163.98767
16151,521905,133.04251
16152,521965,296.71588
16153,521994,134.18877
16154,522028,160.19493
16155,522094,326.20798
16156,522169,376.55267
16157,522205,166.28278
16158,522234,140.3967
16159,522261,124.61535
16160,522295,156.92125
16161,522321,118.20898
16162,522353,146.31204
16163,522378,113.55203
16164,522460,407.4726
16165,522489,132.63033
16166,522514,118.52411
16167,522537,102.946304
16168,522561,116.1332
16169,522590,132.80229
16170,522621,148.44315
16171,522656,166.02779
16172,522683,122.25917
16173,522754,361.81567
16174,522780,120.65115
16175,522810,137.7892
16176,522895,451.68887
16177,522920,113.11993
16178,522946,121.562004
16179,522975,134.74165
16180,523005,137.34608
16181,523035,139.43526
16182,523063,140.21028
16183,523092,132.38881
16184,523117,116.4328
16185,523151,159.5368
16186,523185,155.2116
16187,523210,113.7983
16188,523277,335.64456
16189,523309,149.8123
16190,523335,117.62323
16191,523361,120.02623
16192,523391,138.78906
16193,523420,135.3757
16194,523448,128.65749
16195,523478,136.4044
16196,523505,126.32877
16197,523530,120.74295
16198,523556,117.92288
16199,523580,107.851776
16200,523600,91.82111
16201,523625,114.987076
16202,523657,143.5486
16203,523680,106.720184
16204,523711,145.9818
16205,523733,98.24851
16206,523760,123.78091
16207,523795,170.95345
16208,523818,105.2073
16209,523841,101.98232
16210,523870,130.36627
16211,523899,130.99884
16212,523962,327.9881
16213,523985,106.00139
16214,524013,128.36636
16215,524039,121.69773
16216,524067,126.78977
16217,524094,122.12861
16218,524117,105.282875
16219,524142,114.03317
16220,524165,105.36083
16221,524200,162.98328
16222,524222,99.299126
16223,524245,102.91101
16224,524277,154.11443
16225,524309,146.29218
16226,524379,353.11795
16227,524437,293.21997
16228,524485,250.43343
16229,524507,103.74671
16230,524529,106.24629
16231,524593,322.9384
16232,524682,446.6602
16233,524763,394.9057
16234,524839,386.79855
16235,524916,350.31534
16236,524992,378.9574
16237,525014,104.79286
16238,525039,120.636734
16239,525063,115.08948
16240,525179,534.7932
16241,525309,599.54156
16242,525426,529.74835
16243,525478,274.34833
16244,525545,306.57474
16245,525630,434.35263
16246,525677,242.18626
16247,525753,362.39517
16248,525903,696.271
16249,525968,326.29935
16250,526064,472.9706
16251,526090,123.52211
16252,526148,295.18396
16253,526222,380.083
16254,526290,333.07315
16255,526319,136.515
16256,526392,387.09146
16257,526434,218.88275
16258,526471,188.90218
16259,526516,234.05173
16260,526557,205.21024
16261,526602,228.32436
16262,526647,227.88342
16263,526691,220.95747
16264,526740,263.61383
16265,526782,216.7356
16266,526835,271.2782
16267,526878,223.2491
16268,526904,131.36526
16269,526935,154.78929
16270,526978,217.55713
16271,527030,264.00174
16272,527079,263.08942
16273,527131,284.83517
16274,527178,234.73969
16275,527231,290.44144
16276,527276,229.43083
16277,527322,235.08131
16278,527373,265.61575
16279,527416,218.73563
16280,527462,245.43367
16281,527512,252.49266
16282,527561,253.62341
16283,527606,235.4038
16284,527643,190.64249
16285,527691,247.0626
16286,527724,165.22691
16287,527769,224.71437
16288,527810,208.41348
16289,527855,229.21881
16290,527904,260.09888
16291,527948,223.87433
16292,527991,218.5423
16293,528030,193.83931
16294,528078,256.51758
16295,528122,239.89429
16296,528164,213.1556
16297,528217,287.81808
16298,528266,247.84698
16299,528310,229.68907
16300,528360,262.3383
16301,528409,258.43707
16302,528468,304.132
16303,528530,321.66895
16304,528581,263.7195
16305,528640,306.8377
16306,528702,319.703
16307,528760,286.92877
16308,528823,320.57715
16309,528900,391.00235
16310,528950,259.21
16311,529022,364.18176
16312,529088,340.09442
16313,529141,278.2979
16314,529201,315.82785
16315,529272,356.947
16316,529333,318.21393
16317,529386,276.27472
16318,529452,339.6298
16319,529507,287.40402
16320,529569,313.95148
16321,529625,290.32318
16322,529691,331.37357
16323,529771,411.2274
16324,529833,320.13623
16325,529884,255.28128
16326,529936,265.43866
16327,530007,362.99136
16328,530060,272.26495
16329,530131,365.96777
16330,530188,294.5955
16331,530244,281.53564
16332,530301,294.75137
16333,530360,308.66644
16334,530424,331.01877
16335,530480,293.131
16336,530538,310.2363
16337,530589,275.50305
16338,530640,262.84415
16339,530701,324.23996
16340,530748,227.78848
16341,530767,91.80837
16342,530818,280.03537
16343,530866,239.24625
16344,530887,102.82479
16345,530928,202.46323
16346,530972,223.38937
16347,531030,313.05725
16348,531109,382.65036
16349,531148,195.2794
16350,531220,369.68088
16351,531280,306.6622
16352,531314,169.99852
16353,531368,299.55457
16354,531422,278.6416
16355,531486,320.0411
16356,531542,313.15482
16357,531589,246.76662
16358,531638,254.13586
16359,531694,291.32187
16360,531755,340.78226
16361,531804,231.39407
16362,531829,116.94867
16363,531878,247.54724
16364,531925,249.55276
16365,531947,110.338615
16366,532002,296.6464
16367,532075,413.25296
16368,532109,164.81102
16369,532160,260.163
16370,532213,269.7365
16371,532270,293.07
16372,532317,233.59712
16373,532355,189.51112
16374,532396,206.05771
16375,532447,272.0347
16376,532498,272.43393
16377,532542,210.33899
16378,532598,277.19928
16379,532628,150.23692
16380,532665,170.12883
16381,532692,134.65778
16382,532713,102.28399
16383,532757,215.43633
16384,532791,159.05547
16385,532845,273.87943
16386,532876,155.16016
16387,532896,92.15071
16388,532935,204.27542
16389,532962,135.89119
16390,532996,163.72679
16391,533036,199.68497
16392,533073,179.8628
16393,533115,212.87383
16394,533148,157.76994
16395,533212,317.25842
16396,533246,173.85295
16397,533284,190.78937
16398,533328,223.64049
16399,533370,209.05624
16400,533410,210.25385
16401,533448,201.32794
16402,533480,153.25757
16403,533516,191.47742
16404,533560,217.67036
16405,533578,85.35987
16406,533596,86.289246
16407,533631,170.55109
16408,533690,309.76157
16409,533736,226.6135
16410,533771,168.90034
16411,533821,265.759
16412,533848,137.41812
16413,533866,84.268196
16414,533893,139.90617
16415,533910,81.02569
16416,533954,224.38712
16417,533984,144.00444
16418,534013,139.57675
16419,534038,126.850914
16420,534080,206.26877
16421,534113,159.70255
16422,534149,169.80984
16423,534176,139.56757
16424,534209,163.97858
16425,534251,206.32257
16426,534293,206.25659
16427,534323,151.16547
16428,534352,147.13782
16429,534391,205.60692
16430,534452,290.66324
16431,534483,158.91852
16432,534501,86.29476
16433,534533,165.92877
16434,534579,211.52408
16435,534641,290.73395
16436,534695,257.62244
16437,534755,270.4612
16438,534818,302.13452
16439,534874,255.27965
16440,534937,302.29108
16441,534988,243.4846
16442,535048,282.72565
16443,535090,197.54686
16444,535147,265.06042
16445,535197,231.99828
16446,535269,338.34467
16447,535348,369.4875
16448,535415,313.77655
16449,535477,277.15887
16450,535522,215.27292
16451,535566,210.48082
16452,535616,236.97604
16453,535673,274.83954
16454,535723,230.648
16455,535767,207.31161
16456,535812,203.21799
16457,535854,198.23932
16458,535910,259.99002
16459,535974,307.37408
16460,536028,257.6497
16461,536077,226.6428
16462,536137,279.81015
16463,536195,296.31567
16464,536251,255.60345
16465,536282,151.68286
16466,536327,215.62633
16467,536374,223.7998
16468,536460,420.67642
16469,536545,381.35605
16470,536596,237.3883
16471,536625,145.96266
16472,536673,251.55489
16473,536691,86.859474
16474,536712,103.39647
16475,536746,167.9486
16476,536774,134.93784
16477,536802,138.58452
16478,536835,164.57854
16479,536867,165.16153
16480,536912,238.37344
16481,536933,102.93819
16482,536955,109.96302
16483,536987,164.59802
16484,537012,123.82069
16485,537042,148.86719
16486,537064,107.155525
16487,537094,145.9537
16488,537119,123.32138
16489,537143,117.29427
16490,537174,151.6419
16491,537204,151.56088
16492,537228,120.32975
16493,537254,130.80392
16494,537281,130.85884
16495,537307,130.9739
16496,537333,125.77754
16497,537364,151.71191
16498,537395,153.24529
16499,537423,136.29118
16500,537445,108.27587
16501,537470,123.36935
16502,537501,152.29448
16503,537531,146.9507
16504,537550,92.54738
16505,537574,118.32502
16506,537601,131.4528
16507,537629,136.32074
16508,537654,121.78081
16509,537681,133.1663
16510,537715,170.95573
16511,537735,97.14568
16512,537766,151.78717
16513,537793,133.48676
16514,537812,92.74788
16515,537841,141.94087
16516,537862,103.75169
16517,537888,128.3526
16518,537914,127.75158
16519,537946,155.47375
16520,537968,108.13156
16521,538001,165.25119
16522,538035,166.20471
16523,538053,86.52572
16524,538077,117.79178
16525,538099,108.05404
16526,538120,103.29223
16527,538139,93.93452
16528,538162,113.44367
16529,538187,122.81463
16530,538208,102.87846
16531,538238,154.43295
16532,538276,189.17258
16533,538296,98.28899
16534,538329,164.71068
16535,538346,80.71991
16536,538367,103.77822
16537,538410,217.2612
16538,538444,176.41263
16539,538473,142.09958
16540,538503,147.82059
16541,538530,131.09988
16542,538560,146.36427
16543,538590,146.86154
16544,538610,97.77575
16545,538646,194.67342
16546,538692,230.24727
16547,538737,235.90036
16548,538772,172.18452
16549,538819,252.06783
16550,538867,255.77
16551,538908,198.04448
16552,538949,211.56967
16553,538989,199.95164
16554,539030,203.80064
16555,539075,236.58711
16556,539111,174.4416
16557,539155,233.8193
16558,539211,313.38998
16559,539253,209.12402
16560,539299,236.27147
16561,539341,212.19562
16562,539380,208.24197
16563,539428,257.07047
16564,539475,226.47522
16565,539517,208.89403
16566,539562,223.73404
16567,539613,258.48636
16568,539656,227.39845
16569,539695,194.66432
16570,539736,208.67674
16571,539789,273.9043
16572,539831,212.49371
16573,539885,282.69882
16574,539930,237.34459
16575,539981,277.98376
16576,540025,242.96812
16577,540080,288.5501
16578,540117,170.36046
16579,540170,283.74283
16580,540212,233.90337
16581,540258,237.07167
16582,540304,251.83807
16583,540344,193.71286
16584,540390,230.80652
16585,540429,192.37616
16586,540464,176.43484
16587,540510,229.9773
16588,540564,274.45416
16589,540609,233.51628
16590,540647,183.99185
16591,540691,228.6294
16592,540742,266.7454
16593,540792,262.41003
16594,540841,260.97516
16595,540893,268.77008
16596,540933,208.4121
16597,540976,223.82632
16598,541023,242.50346
16599,541063,206.52971
16600,541108,237.59218
16601,541152,230.69064
16602,541205,278.77396
16603,541252,249.4572
16604,541303,269.36703
16605,541351,255.92453
16606,541402,269.96268
16607,541453,266.07138
16608,541499,240.3005
16609,541544,234.91127
16610,541593,255.72614
16611,541642,257.31033
16612,541691,256.01746
16613,541742,267.7769
16614,541793,268.87848
16615,541842,258.93503
16616,541892,261.78192
16617,541943,270.13748
16618,541990,248.06042
16619,542036,240.76665
16620,542083,244.50323
16621,542136,282.16986
16622,542196,312.31894
16623,542243,246.675
16624,542290,250.30238
16625,542337,245.18306
16626,542387,266.41376
16627,542441,290.61633
16628,542493,272.5674
16629,542542,254.92918
16630,542592,260.0746
16631,542644,277.332
16632,542695,270.11877
16633,542747,275.50168
16634,542789,197.1723
16635,542858,337.86514
16636,542923,329.48096
16637,542993,351.9088
16638,543078,430.2995
16639,543098,97.88162
16640,543163,339.83792
16641,543200,175.43193
16642,543270,364.71075
16643,543343,391.1657
16644,543427,444.75314
16645,543499,386.90332
16646,543568,356.99155
16647,543634,330.77332
16648,543704,322.6057
16649,543762,301.32086
16650,543835,370.5346
16651,543886,246.2396
16652,543944,258.3557
16653,544020,396.0897
16654,544074,270.6768
16655,544101,120.41359
16656,544128,137.08557
16657,544195,340.46362
16658,544253,260.3044
16659,544315,311.5292
16660,544372,263.60345
16661,544449,398.21045
16662,544506,272.94437
16663,544553,225.16728
16664,544582,132.90721
16665,544632,237.27492
16666,544690,262.56128
16667,544757,319.7566
16668,544808,253.06557
16669,544852,223.14607
16670,544889,182.78062
16671,544966,396.0482
16672,545002,185.30493
16673,545045,221.65176
16674,545070,124.52139
16675,545111,202.66194
16676,545153,208.46552
16677,545172,90.6495
16678,545217,232.66615
16679,545252,174.59639
16680,545290,189.08638
16681,545332,211.22205
16682,545377,227.31474
16683,545406,146.21803
16684,545434,136.70584
16685,545476,208.44246
16686,545513,176.83952
16687,545562,253.71623
16688,545603,199.80757
16689,545652,256.6758
16690,545689,181.12793
16691,545708,91.445755
16692,545754,237.06503
16693,545795,205.93893
16694,545839,208.81975
16695,545879,202.89165
16696,545923,213.25323
16697,545954,152.81856
16698,545972,86.05226
16699,546013,208.95865
16700,546058,229.98065
16701,546100,210.95148
16702,546147,246.09274
16703,546188,202.50214
16704,546225,185.26822
16705,546249,112.06961
16706,546294,209.15593
16707,546333,192.36876
16708,546378,224.87642
16709,546428,253.7147
16710,546456,137.46826
16711,546509,267.2178
16712,546535,126.56314
16713,546581,227.04897
16714,546606,117.36963
16715,546651,223.11797
16716,546674,110.4894
16717,546721,245.82826
16718,546754,159.67488
16719,546774,97.70914
16720,546809,166.92981
16721,546836,132.50244
16722,546858,104.76124
16723,546885,131.34337
16724,546905,96.44731
16725,546951,217.00084
16726,546990,194.60873
16727,547011,100.56884
16728,547035,117.24485
16729,547056,100.96304
16730,547077,102.424
16731,547108,155.81827
16732,547135,128.9723
16733,547159,114.735054
16734,547179,94.78933
16735,547201,108.37739
16736,547222,101.444695
16737,547250,135.70407
16738,547294,239.65384
16739,547320,125.249756
16740,547346,128.71577
16741,547372,136.52263
16742,547422,265.97263
16743,547468,218.67839
16744,547513,229.30118
16745,547540,140.87074
16746,547565,123.541374
16747,547610,220.72412
16748,547649,190.81822
16749,547681,161.10707
16750,547702,102.019
16751,547722,95.165565
16752,547742,97.2718
16753,547762,96.032875
16754,547803,202.92252
16755,547826,109.92093
16756,547858,154.87924
16757,547883,125.94468
16758,547908,121.723175
16759,547937,148.81609
16760,547967,148.84216
16761,547996,146.78328
16762,548044,246.499
16763,548070,122.95066
16764,548090,95.416565
16765,548135,218.67311
16766,548165,147.25108
16767,548192,129.98973
16768,548223,151.45447
16769,548273,227.43437
16770,548293,94.53938
16771,548319,125.96282
16772,548349,149.66092
16773,548376,125.997604
16774,548400,115.388954
16775,548420,96.36936
16776,548459,199.34514
16777,548507,237.61696
16778,548545,179.19316
16779,548569,112.17083
16780,548596,128.62453
16781,548619,108.57729
16782,548643,114.93388
16783,548676,168.09476
16784,548712,173.3422
16785,548735,111.91865
16786,548756,103.35448
16787,548794,199.7946
16788,548819,122.26878
16789,548852,154.83945
16790,548891,201.69687
16791,548940,261.5093
16792,548996,297.34314
16793,549052,303.8606
16794,549110,310.56586
16795,549156,244.15282
16796,549220,352.69513
16797,549282,333.6918
16798,549350,364.70963
16799,549409,307.70953
16800,549452,226.76993
16801,549526,392.49973
16802,549589,338.5102
16803,549649,321.66998
16804,549706,305.51477
16805,549757,273.11957
16806,549809,275.79037
16807,549877,369.11075
16808,549940,336.97217
16809,550000,321.92993
16810,550055,299.84033
16811,550119,356.06982
16812,550192,390.70792
16813,550319,576.74146
16814,550374,292.8512
16815,550456,445.47134
16816,550541,439.92218
16817,550621,436.56482
16818,550672,275.12085
16819,550717,235.94409
16820,550781,335.8872
16821,550830,260.78503
16822,550888,304.14883
16823,550954,338.13516
16824,551004,265.65662
16825,551047,226.12747
16826,551098,274.85022
16827,551144,245.5679
16828,551194,262.53915
16829,551246,283.58267
16830,551287,211.72842
16831,551334,246.96901
16832,551383,266.4136
16833,551434,270.2349
16834,551485,261.84885
16835,551535,262.96716
16836,551582,247.89403
16837,551630,257.4139
16838,551670,207.00102
16839,551721,260.62454
16840,551773,276.0274
16841,551822,257.06146
16842,551874,269.74152
16843,551923,252.60175
16844,551966,223.0069
16845,552017,272.0186
16846,552065,255.91147
16847,552123,316.9991
16848,552169,240.52698
16849,552218,256.81055
16850,552272,287.91956
16851,552320,253.25468
16852,552371,272.92737
16853,552422,271.5373
16854,552470,252.21254
16855,552512,216.6067
16856,552564,279.57172
16857,552618,291.01044
16858,552662,229.7387
16859,552703,214.11734
16860,552750,246.80005
16861,552800,268.8545
16862,552855,299.33087
16863,552905,267.8147
16864,552956,273.62366
16865,553012,262.69482
16866,553073,290.98203
16867,553130,254.7867
16868,553168,172.20491
16869,553205,169.35004
16870,553238,155.46161
16871,553298,297.48145
16872,553342,207.96474
16873,553375,145.95969
16874,553422,240.4015
16875,553458,165.00182
16876,553507,229.32135
16877,553545,173.1052
16878,553582,171.98615
16879,553616,151.2008
16880,553649,152.70047
16881,553711,279.48926
16882,553746,161.7113
16883,553797,249.00673
16884,553847,245.02673
16885,553879,153.01895
16886,553943,323.86334
16887,553987,198.3869
16888,554022,160.17503
16889,554058,163.82443
16890,554100,195.29889
16891,554139,174.69508
16892,554185,227.17226
16893,554234,226.91142
16894,554286,245.91504
16895,554337,224.24454
16896,554375,178.51747
16897,554421,232.73834
16898,554478,279.5106
16899,554555,375.18082
16900,554611,269.2436
16901,554657,204.00258
16902,554691,146.7096
16903,554723,149.3596
16904,554771,248.58339
16905,554823,239.01216
16906,554864,184.56601
16907,554905,181.62936
16908,554946,196.24466
16909,554980,146.52408
16910,555027,223.17935
16911,555071,223.98572
16912,555090,89.56098
16913,555124,167.64917
16914,555149,122.27
16915,555188,188.55286
16916,555223,182.92389
16917,555253,152.77495
16918,555290,185.16667
16919,555314,118.02969
16920,555343,142.49248
16921,555369,122.31028
16922,555390,99.370865
16923,555418,142.77895
16924,555455,175.19757
16925,555487,155.10208
16926,555518,147.52594
16927,555542,116.39956
16928,555570,134.86623
16929,555598,133.07631
16930,555627,138.7049
16931,555651,116.69255
16932,555684,160.02078
16933,555710,125.93926
16934,555743,169.41058
16935,555777,165.91656
16936,555816,196.80008
16937,555842,123.267685
16938,555885,204.04115
16939,555913,137.49205
16940,555939,124.53956
16941,555960,101.380356
16942,555982,105.73758
16943,556017,174.58322
16944,556046,142.42525
16945,556069,112.68708
16946,556100,149.3117
16947,556121,98.808495
16948,556148,133.8281
16949,556175,131.50444
16950,556201,130.58772
16951,556228,135.40761
16952,556260,164.45871
16953,556304,214.16338
16954,556333,139.73006
16955,556360,137.05914
16956,556386,128.71648
16957,556414,130.4383
16958,556441,131.46722
16959,556484,209.0664
16960,556514,148.89601
16961,556536,103.85356
16962,556557,99.58663
16963,556583,122.98703
16964,556615,163.15666
16965,556635,93.29398
16966,556660,122.23179
16967,556683,111.68205
16968,556712,146.15558
16969,556749,198.20068
16970,556779,145.9899
16971,556806,135.57925
16972,556835,145.58025
16973,556862,134.53209
16974,556901,197.00012
16975,556928,130.29121
16976,556955,130.06921
16977,556980,117.5272
16978,557008,136.63939
16979,557033,121.17472
16980,557059,126.310875
16981,557097,185.8566
16982,557150,263.77972
16983,557187,181.9638
16984,557236,254.26108
16985,557328,425.13333
16986,557377,225.75908
16987,557408,148.238
16988,557459,288.17178
16989,557497,191.63681
16990,557530,163.35019
16991,557583,270.70343
16992,557635,264.98425
16993,557679,236.68501
16994,557721,203.9223
16995,557771,244.5521
16996,557825,261.39755
16997,557908,409.40982
16998,557958,237.39845
16999,558006,242.2309
17000,558055,259.7379
17001,558106,267.40814
17002,558164,284.05835
17003,558194,143.06398
17004,558256,287.0359
17005,558302,237.8268
17006,558348,214.81004
17007,558385,180.86462
17008,558434,238.65742
17009,558463,146.0718
17010,558520,278.4289
17011,558554,164.95264
17012,558605,250.48483
17013,558641,176.20714
17014,558691,266.9716
17015,558737,232.62216
17016,558774,188.11742
17017,558826,268.2634
17018,558883,255.74738
17019,558935,266.97565
17020,558980,241.66861
17021,559040,308.18967
17022,559087,243.65016
17023,559141,268.6462
17024,559190,225.49133
17025,559265,377.19684
17026,559348,424.79346
17027,559396,242.30217
17028,559455,305.3864
17029,559537,436.5552
17030,559605,369.14157
17031,559671,337.82947
17032,559732,288.9855
17033,559810,341.1192
17034,559912,501.83185
17035,559992,394.03772
17036,560049,298.06168
17037,560141,470.14352
17038,560226,441.46265
17039,560318,451.25497
17040,560403,442.32367
17041,560451,235.05553
17042,560509,283.2371
17043,560578,323.76074
17044,560691,567.739
17045,560743,243.23523
17046,560805,301.64203
17047,560880,386.3231
17048,560940,304.86188
17049,561014,349.7687
17050,561081,352.05853
17051,561161,393.9957
17052,561199,188.31097
17053,561235,172.21262
17054,561259,116.09953
17055,561299,207.19406
17056,561317,85.71221
17057,561343,127.70818
17058,561364,101.51352
17059,561390,129.22527
17060,561437,238.18808
17061,561495,269.16922
17062,561525,150.19334
17063,561551,127.37443
17064,561576,122.47405
17065,561600,118.753876
17066,561621,102.26309
17067,561660,193.42091
17068,561681,101.80829
17069,561727,225.93062
17070,561763,179.9384
17071,561787,117.59817
17072,561818,157.36618
17073,561837,91.24325
17074,561900,299.38327
17075,561978,402.30255
17076,562005,134.12924
17077,562022,80.816055
17078,562049,133.54654
17079,562082,164.09825
17080,562125,219.51941
17081,562167,214.92638
17082,562187,96.82463
17083,562211,116.822235
17084,562254,211.7153
17085,562279,122.63412
17086,562327,247.06213
17087,562350,115.03987
17088,562397,256.82578
17089,562443,213.04927
17090,562463,96.72619
17091,562483,96.55743
17092,562532,240.5305
17093,562569,185.61469
17094,562602,170.8291
17095,562625,112.621826
17096,562653,138.08769
17097,562699,228.31062
17098,562721,105.99113
17099,562764,221.60555
17100,562812,239.10132
17101,562832,95.98227
17102,562864,157.4502
17103,562895,153.57126
17104,562926,154.22868
17105,562949,113.19207
17106,563015,339.12476
17107,563051,185.99646
17108,563111,315.49765
17109,563147,173.8755
17110,563165,85.27077
17111,563258,427.23398
17112,563300,191.63553
17113,563351,230.21024
17114,563410,265.08884
17115,563456,208.7265
17116,563499,208.02626
17117,563541,188.90941
17118,563582,187.4786
17119,563633,235.5607
17120,563666,149.2999
17121,563696,127.887245
17122,563750,242.87093
17123,563792,192.12167
17124,563831,175.38237
17125,563872,181.83374
17126,563925,248.54839
17127,563948,105.33977
17128,564008,284.7452
17129,564047,184.96274
17130,564085,172.76169
17131,564121,171.49289
17132,564164,190.7791
17133,564199,155.00476
17134,564254,243.96324
17135,564294,172.55936
17136,564327,143.89832
17137,564367,171.2712
17138,564397,134.08118
17139,564437,183.07814
17140,564465,124.77964
17141,564519,265.6072
17142,564604,411.9025
17143,564623,87.26704
17144,564680,249.78752
17145,564724,204.30647
17146,564767,196.91628
17147,564818,242.87257
17148,564851,142.83904
17149,564893,186.05275
17150,564926,143.25389
17151,564952,110.0125
17152,564978,115.04648
17153,565021,191.88748
17154,565069,218.91508
17155,565108,176.79471
17156,565162,240.6871
17157,565192,133.23683
17158,565250,269.86578
17159,565304,278.9654
17160,565371,350.03964
17161,565422,263.0415
17162,565482,315.93295
17163,565525,217.38034
17164,565577,277.0396
17165,565633,305.1741
17166,565687,280.88486
17167,565745,309.78436
17168,565795,260.53015
17169,565845,260.28903
17170,565892,240.75371
17171,565943,261.5745
17172,566000,302.07828
17173,566048,245.09824
17174,566101,278.8515
17175,566160,307.9424
17176,566216,294.88757
17177,566266,261.34387
17178,566321,291.673
17179,566372,265.98178
17180,566431,316.01303
17181,566484,274.63437
17182,566545,327.16956
17183,566596,268.5454
17184,566654,309.59985
17185,566714,318.08252
17186,566761,250.0878
17187,566810,250.39478
17188,566862,272.58984
17189,566925,349.43103
17190,566987,322.1047
17191,567047,308.99216
17192,567101,282.46976
17193,567150,252.92387
17194,567204,276.55936
17195,567256,260.8491
17196,567305,253.79796
17197,567355,256.53708
17198,567396,208.02576
17199,567441,229.43106
17200,567493,273.46378
17201,567550,304.1736
17202,567598,248.01051
17203,567643,224.04893
17204,567696,273.0019
17205,567738,215.82555
17206,567783,230.15903
17207,567828,233.37231
17208,567884,294.03665
17209,567930,241.645
17210,567971,211.23323
17211,568017,236.17596
17212,568071,277.03815
17213,568116,229.41342
17214,568160,225.37735
17215,568200,203.31717
17216,568258,299.4453
17217,568314,295.41953
17218,568360,238.6875
17219,568404,226.71115
17220,568450,237.37015
17221,568499,253.47975
17222,568551,272.94183
17223,568600,259.4179
17224,568653,273.66736
17225,568704,268.54935
17226,568752,254.43361
17227,568807,288.78766
17228,568866,306.6826
17229,568908,213.78073
17230,568959,265.95123
17231,569016,309.72623
17232,569053,186.6495
17233,569111,305.97528
17234,569145,165.87901
17235,569200,284.6304
17236,569250,258.8615
17237,569306,292.08292
17238,569354,252.86737
17239,569400,240.38522
17240,569447,244.43542
17241,569495,252.75745
17242,569543,249.32999
17243,569593,261.4614
17244,569644,267.35736
17245,569683,204.09987
17246,569733,261.2066
17247,569778,227.38902
17248,569828,261.21628
17249,569876,239.89055
17250,569926,257.75775
17251,569974,240.87958
17252,570027,278.74063
17253,570074,243.02608
17254,570123,257.20255
17255,570170,239.25148
17256,570215,228.18689
17257,570264,257.36102
17258,570318,282.5566
17259,570364,233.29576
17260,570408,221.60695
17261,570456,242.81227
17262,570506,263.06158
17263,570551,225.50954
17264,570599,249.91011
17265,570650,259.40756
17266,570701,265.754
17267,570748,240.01411
17268,570797,255.0064
17269,570847,246.05655
17270,570896,254.76445
17271,570940,224.38602
17272,570991,265.5955
17273,571041,259.74814
17274,571086,226.87692
17275,571136,254.94638
17276,571185,252.68462
17277,571235,256.03094
17278,571291,295.95517
17279,571330,198.56029
17280,571375,235.74162
17281,571427,277.47073
17282,571482,291.448
17283,571540,301.2424
17284,571593,271.93137
17285,571650,290.38742
17286,571708,299.6555
17287,571763,275.87628
17288,571812,255.63025
17289,571865,291.07867
17290,571935,383.5805
17291,571985,254.15396
17292,572034,253.57178
17293,572087,270.73135
17294,572137,257.96307
17295,572191,281.73853
17296,572247,302.69263
17297,572297,256.96118
17298,572353,291.58386
17299,572401,245.2188
17300,572459,306.13406
17301,572523,348.22055
17302,572590,353.98706
17303,572662,381.1653
17304,572716,273.81937
17305,572768,265.53232
17306,572823,277.06985
17307,572880,290.11005
17308,572934,282.18018
17309,572983,253.937
17310,573035,271.20572
17311,573115,421.42188
17312,573173,287.0746
17313,573232,298.5279
17314,573282,259.6629
17315,573337,281.91937
17316,573379,216.26581
17317,573439,317.86072
17318,573495,301.04654
17319,573539,230.33801
17320,573598,312.03397
17321,573665,356.1972
17322,573717,276.4665
17323,573796,358.6203
17324,573870,405.69785
17325,573959,467.8349
17326,574047,466.27728
17327,574101,285.1552
17328,574160,302.1109
17329,574250,466.46893
17330,574294,229.49832
17331,574350,300.3913
17332,574416,327.6342
17333,574468,277.96216
17334,574544,397.94046
17335,574593,258.27332
17336,574638,234.22636
17337,574699,314.29462
17338,574759,298.54834
17339,574817,275.186
17340,574852,165.97261
17341,574895,215.4876
17342,574986,429.14706
17343,575038,272.42795
17344,575081,226.18999
17345,575141,326.34747
17346,575187,240.98293
17347,575261,389.5831
17348,575310,258.30225
17349,575378,351.40845
17350,575429,260.54816
17351,575494,343.42477
17352,575551,260.32538
17353,575644,498.40195
17354,575738,521.8254
17355,575787,244.6824
17356,575842,286.30142
17357,575918,411.72894
17358,575965,219.14792
17359,576034,368.80133
17360,576080,230.839
17361,576150,367.47888
17362,576212,325.37854
17363,576304,409.33362
17364,576353,257.13718
17365,576475,642.26794
17366,576555,416.4478
17367,576638,445.8741
17368,576696,307.45908
17369,576713,80.38336
17370,576777,321.6394
17371,576845,357.58722
17372,576898,260.24075
17373,576987,480.99457
17374,577003,75.65141
17375,577047,220.30368
17376,577110,334.5256
17377,577166,287.1248
17378,577228,299.4795
17379,577297,345.05997
17380,577365,343.2303
17381,577426,325.7717
17382,577462,169.69205
17383,577567,476.72598
17384,577615,241.37141
17385,577674,296.80466
17386,577733,265.7854
17387,577773,198.97484
17388,577844,307.53912
17389,577906,305.36487
17390,577978,362.27985
17391,578054,375.40915
17392,578117,321.33994
17393,578167,235.68762
17394,578220,269.58856
17395,578274,256.12976
17396,578339,348.7956
17397,578403,327.5989
17398,578451,252.40631
17399,578496,217.7805
17400,578551,280.5163
17401,578612,325.18637
17402,578679,343.06436
17403,578749,363.09467
17404,578801,259.41232
17405,578849,245.94627
17406,578914,336.58774
17407,578960,242.38489
17408,579012,270.29282
17409,579056,226.92624
17410,579105,242.19351
17411,579181,382.50195
17412,579243,307.84146
17413,579326,425.26862
17414,579375,242.80676
17415,579431,287.4941
17416,579493,326.2179
17417,579543,259.55106
17418,579631,421.05594
17419,579649,87.02453
17420,579669,94.06856
17421,579696,128.81511
17422,579726,144.50882
17423,579745,86.76868
17424,579773,136.42477
17425,579790,80.37831
17426,579807,80.76911
17427,579825,87.430046
17428,579844,86.12561
17429,579862,84.27708
17430,579879,80.76315
17431,579896,80.64909
17432,579918,103.542816
17433,579934,75.78524
17434,579953,87.22565
17435,579980,126.70299
17436,579997,81.14803
17437,580030,160.41441
17438,580048,87.92855
17439,580078,145.27783
17440,580109,147.73805
17441,580133,125.06864
17442,580151,87.317245
17443,580176,118.212265
17444,580193,80.74949
17445,580211,84.76433
17446,580228,81.63528
17447,580245,81.792114
17448,580264,95.34901
17449,580282,84.00383
17450,580301,94.93056
17451,580318,80.291664
17452,580346,133.45699
17453,580363,80.41174
17454,580380,80.57992
17455,580398,87.33822
17456,580424,122.98403
17457,580448,120.627914
17458,580477,146.89342
17459,580494,80.44345
17460,580529,175.22653
17461,580547,85.42481
17462,580574,132.3836
17463,580591,81.191185
17464,580607,75.902725
17465,580628,100.63135
17466,580653,119.607956
17467,580670,80.65388
17468,580687,80.602104
17469,580704,80.743324
17470,580723,87.446655
17471,580740,80.70187
17472,580759,89.05818
17473,580776,81.36054
17474,580792,75.79246
17475,580824,155.77368
17476,580841,81.6509
17477,580858,81.128586
17478,580875,80.34514
17479,580892,80.738655
17480,580913,102.17442
17481,580930,80.51888
17482,580947,80.703766
17483,580968,96.35842
17484,580987,88.82788
17485,581009,108.643036
17486,581026,80.56167
17487,581045,88.49675
17488,581064,88.28234
17489,581081,80.76079
17490,581098,80.65446
17491,581115,80.887344
17492,581138,108.96015
17493,581163,124.54104
17494,581182,93.863434
17495,581202,91.790855
17496,581226,111.81447
17497,581252,122.57553
17498,581283,145.0371
17499,581307,128.05421
17500,581331,119.047264
17501,581350,86.649284
17502,581367,80.37081
17503,581385,87.65297
17504,581402,80.638954
17505,581428,123.31662
17506,581446,84.89987
17507,581463,80.73724
17508,581481,86.897514
17509,581498,80.28502
17510,581516,87.09548
17511,581533,80.39667
17512,581550,80.65206
17513,581567,81.319084
17514,581584,81.288185
17515,581601,80.996735
17516,581635,164.81003
17517,581683,260.2098
17518,581732,256.71237
17519,581789,307.3947
17520,581830,214.45638
17521,581891,332.58395
17522,581943,279.9394
17523,581995,275.08655
17524,582048,280.51608
17525,582097,258.73334
17526,582149,273.9315
17527,582197,254.81729
17528,582246,261.8744
17529,582294,255.70389
17530,582343,263.0445
17531,582387,230.23561
17532,582439,277.89117
17533,582481,213.1349
17534,582538,299.2363
17535,582582,221.71133
17536,582633,270.23413
17537,582678,237.10568
17538,582726,253.61469
17539,582764,196.15506
17540,582808,229.95271
17541,582861,278.41653
17542,582907,240.86313
17543,582953,236.94518
17544,583005,270.49503
17545,583052,250.84161
17546,583093,210.83391
17547,583143,263.11487
17548,583186,226.99985
17549,583238,277.2473
17550,583287,257.90656
17551,583335,252.84438
17552,583388,286.22992
17553,583431,227.92773
17554,583481,261.68787
17555,583522,209.62225
17556,583568,242.1455
17557,583615,241.93022
17558,583665,266.11877
17559,583718,281.64127
17560,583770,282.79108
17561,583825,293.68942
17562,583906,398.07724
17563,583959,288.31802
17564,584017,306.56445
17565,584073,300.24448
17566,584127,285.87085
17567,584177,257.90778
17568,584235,313.8224
17569,584281,238.28062
17570,584335,281.79642
17571,584398,344.9327
17572,584461,334.83984
17573,584512,271.80396
17574,584563,268.06653
17575,584618,297.6899
17576,584675,304.11948
17577,584733,311.64938
17578,584786,282.18268
17579,584841,299.01562
17580,584885,231.46338
17581,584937,278.6661
17582,584993,298.70877
17583,585053,315.72025
17584,585108,288.97205
17585,585159,268.307
17586,585211,273.27298
17587,585266,286.1443
17588,585324,315.5003
17589,585365,203.92007
17590,585425,293.96826
17591,585488,334.0866
17592,585555,357.26755
17593,585625,356.95813
17594,585672,247.37247
17595,585710,188.5064
17596,585758,246.33987
17597,585795,160.93709
17598,585837,183.60771
17599,585882,189.33661
17600,585928,194.90346
17601,585965,161.42421
17602,586005,170.99843
17603,586052,204.42792
17604,586092,179.37712
17605,586137,193.50055
17606,586193,238.92351
17607,586254,263.11404
17608,586291,162.63068
17609,586333,177.73647
17610,586384,214.47168
17611,586422,166.7426
17612,586479,251.22528
17613,586517,166.61426
17614,586562,191.06267
17615,586606,186.50368
17616,586642,151.89618
17617,586695,239.6089
17618,586745,214.12685
17619,586780,162.25827
17620,586825,191.4644
17621,586858,133.2415
17622,586897,174.18463
17623,586957,252.72893
17624,587001,201.71542
17625,587041,176.0619
17626,587084,187.5169
17627,587121,163.85861
17628,587168,203.06168
17629,587227,255.78383
17630,587280,221.29071
17631,587317,164.05411
17632,587352,155.02931
17633,587414,272.56982
17634,587459,193.32014
17635,587503,186.0075
17636,587550,197.35345
17637,587602,213.78453
17638,587647,192.7561
17639,587693,199.7016
17640,587730,171.96051
17641,587779,202.97635
17642,587815,178.87679
17643,587852,177.53102
17644,587893,203.75822
17645,587919,123.650215
17646,587947,140.1428
17647,587975,136.71078
17648,588018,224.10544
17649,588072,289.08838
17650,588105,162.79263
17651,588144,200.60309
17652,588170,131.70395
17653,588210,211.14432
17654,588241,152.51483
17655,588274,158.66417
17656,588305,155.71175
17657,588332,129.60477
17658,588364,158.37491
17659,588387,112.48675
17660,588418,149.43336
17661,588462,223.87724
17662,588485,116.45834
17663,588505,95.477005
17664,588545,200.6686
17665,588582,181.47975
17666,588609,132.06786
17667,588632,113.65288
17668,588664,155.16008
17669,588708,225.85504
17670,588741,162.91916
17671,588760,92.980835
17672,588793,162.31973
17673,588825,158.03743
17674,588859,165.74895
17675,588892,157.56538
17676,588923,151.469
17677,588963,203.63208
17678,589003,207.71884
17679,589049,228.11859
17680,589079,146.61293
17681,589116,175.28462
17682,589160,214.63472
17683,589194,176.86374
17684,589223,143.1406
17685,589261,199.11438
17686,589294,168.97453
17687,589324,145.69514
17688,589346,110.27225
17689,589381,181.91068
17690,589421,211.1943
17691,589459,193.87465
17692,589505,243.47711
17693,589541,186.29248
17694,589564,109.42222
17695,589597,160.69162
17696,589623,128.78912
17697,589653,146.2283
17698,589693,211.17928
17699,589728,173.8293
17700,589757,145.39592
17701,589798,209.45654
17702,589832,167.5878
17703,589882,263.644
17704,589939,295.35294
17705,589991,270.2658
17706,590037,236.84763
17707,590094,292.16852
17708,590148,271.28253
17709,590201,277.08914
17710,590251,259.58817
17711,590306,283.16202
17712,590349,221.75829
17713,590402,271.92743
17714,590459,295.00702
17715,590526,354.14008
17716,590572,237.4746
17717,590622,257.21722
17718,590660,190.35706
17719,590719,299.32965
17720,590774,290.04553
17721,590821,235.13191
17722,590876,282.844
17723,590932,285.55026
17724,590993,314.1138
17725,591045,266.363
17726,591108,331.3918
17727,591160,267.67453
17728,591218,298.35577
17729,591272,277.83304
17730,591342,371.72797
17731,591395,278.27866
17732,591444,253.2294
17733,591491,244.50412
17734,591555,338.36307
17735,591609,281.6403
17736,591669,322.5246
17737,591723,276.06107
17738,591785,314.37875
17739,591838,275.96634
17740,591892,278.66757
17741,591993,446.3163
17742,592083,416.51205
17743,592139,274.81348
17744,592252,507.4942
17745,592284,150.32062
17746,592342,289.68784
17747,592396,253.04753
17748,592450,257.92242
17749,592502,247.13538
17750,592556,256.15506
17751,592625,299.86108
17752,592696,296.96426
17753,592756,281.18066
17754,592825,301.91602
17755,592883,257.63983
17756,592942,276.24716
17757,592999,253.14247
17758,593054,256.9726
17759,593163,462.17352
17760,593216,246.25203
17761,593273,268.32507
17762,593318,220.03503
17763,593370,244.25394
17764,593424,236.51834
17765,593485,271.4547
17766,593555,329.99466
17767,593597,197.347
17768,593651,262.11987
17769,593711,265.15366
17770,593782,302.78918
17771,593851,301.9791
17772,593893,183.88136
17773,593973,344.21497
17774,594039,326.59692
17775,594089,263.43146
17776,594149,320.6981
17777,594209,321.05228
17778,594262,275.34796
17779,594311,265.97635
17780,594375,328.58496
17781,594430,297.37476
17782,594484,285.57846
17783,594542,286.02945
17784,594613,344.03204
17785,594673,314.31296
17786,594731,311.8499
17787,594788,308.78513
17788,594882,474.44962
17789,594930,255.52632
17790,594977,240.62903
17791,595039,334.98645
17792,595102,332.3462
17793,595170,351.05762
17794,595231,303.7528
17795,595311,457.84036
17796,595361,243.29932
17797,595418,298.90347
17798,595468,266.524
17799,595510,217.88731
17800,595558,247.00507
17801,595621,325.7705
17802,595670,258.40222
17803,595715,230.39305
17804,595773,315.61
17805,595821,256.2177
17806,595867,250.15778
17807,595928,299.42923
17808,595988,314.12726
17809,596033,220.20839
17810,596079,219.45695
17811,596117,178.23239
17812,596178,301.87573
17813,596235,282.63248
17814,596264,139.50336
17815,596310,219.50194
17816,596361,248.33966
17817,596404,203.00902
17818,596449,223.40987
17819,596499,248.73526
17820,596552,254.45648
17821,596598,222.69403
17822,596646,218.97299
17823,596697,247.12541
17824,596760,317.0935
17825,596822,299.77325
17826,596889,333.13214
17827,596918,138.36804
17828,596989,346.7046
17829,597038,240.04453
17830,597081,204.48524
17831,597131,241.73831
17832,597196,310.39288
17833,597250,273.244
17834,597306,274.33957
17835,597354,233.0443
17836,597403,239.21736
17837,597454,247.75656
17838,597499,218.42076
17839,597571,367.86826
17840,597629,258.53223
17841,597674,222.55197
17842,597725,232.60129
17843,597780,259.04587
17844,597836,275.76544
17845,597895,291.15103
17846,597925,145.03996
17847,597960,165.58734
17848,598003,205.61974
17849,598067,307.4032
17850,598134,336.41306
17851,598194,296.80597
17852,598271,383.7968
17853,598357,416.0376
17854,598399,213.01062
17855,598467,347.67584
17856,598549,398.89133
17857,598603,279.53754
17858,598673,327.47397
17859,598730,287.59207
17860,598783,271.4456
17861,598840,292.2307
17862,598906,330.2633
17863,598964,292.10672
17864,599026,308.74863
17865,599091,346.76346
17866,599145,270.21533
17867,599201,292.82822
17868,599257,279.1515
17869,599313,287.80402
17870,599381,355.4795
17871,599447,318.16718
17872,599505,294.9366
17873,599557,255.27449
17874,599620,321.93243
17875,599673,279.6202
17876,599724,263.21265
17877,599785,315.29895
17878,599840,280.72073
17879,599876,175.07939
17880,599941,337.33017
17881,599993,263.7902
17882,600047,272.78326
17883,600117,341.359
17884,600183,354.10907
17885,600243,312.24033
17886,600315,377.62692
17887,600378,333.08368
17888,600441,333.05908
17889,600507,350.90756
17890,600572,348.53564
17891,600641,362.063
17892,600700,315.55585
17893,600763,332.11786
17894,600835,383.09158
17895,600896,322.74686
17896,600960,338.7429
17897,601031,374.62415
17898,601091,318.438
17899,601156,342.8528
17900,601214,307.77393
17901,601267,282.07025
17902,601332,330.64334
17903,601399,353.5978
17904,601475,398.09253
17905,601535,322.07138
17906,601590,288.71912
17907,601654,340.60135
17908,601716,329.54123
17909,601786,371.58435
17910,601853,349.72095
17911,601916,335.87122
17912,601971,282.85663
17913,602026,293.95163
17914,602093,360.7247
17915,602159,348.18265
17916,602258,466.28235
17917,602344,361.513
17918,602410,299.855
17919,602489,351.61984
17920,602560,337.1026
17921,602608,250.45374
17922,602682,344.3273
17923,602737,243.61365
17924,602796,280.3204
17925,602858,297.39938
17926,602911,238.7684
17927,602973,294.81723
17928,603020,223.7755
17929,603107,391.98944
17930,603186,375.97287
17931,603247,265.99393
17932,603307,272.79297
17933,603366,269.6322
17934,603463,442.79807
17935,603545,377.1813
17936,603599,272.01367
17937,603659,261.80807
17938,603729,315.55212
17939,603804,374.71466
17940,603862,270.36108
17941,603933,359.03815
17942,604010,349.35114
17943,604092,403.3186
17944,604166,370.17218
17945,604213,239.01588
17946,604270,304.6097
17947,604326,285.98105
17948,604397,348.23953
17949,604476,399.9718
17950,604515,198.23715
17951,604555,205.13638
17952,604607,279.58218
17953,604665,307.41107
17954,604716,263.72635
17955,604767,260.62842
17956,604817,257.97354
17957,604868,271.878
17958,604933,320.0556
17959,604989,289.16754
17960,605033,223.02597
17961,605073,204.06029
17962,605126,271.36325
17963,605173,245.4745
17964,605202,141.9485
17965,605252,262.81955
17966,605352,502.97437
17967,605404,272.67062
17968,605444,205.41728
17969,605488,226.54613
17970,605540,269.51318
17971,605566,128.32883
17972,605627,327.22287
17973,605704,397.39624
17974,605762,297.893
17975,605811,250.8916
17976,605853,214.23425
17977,605901,250.85782
17978,605959,310.8761
17979,606002,216.91255
17980,606049,241.56248
17981,606109,313.20883
17982,606170,309.57462
17983,606216,236.6597
17984,606271,266.128
17985,606360,446.63132
17986,606430,324.86298
17987,606499,353.02402
17988,606588,416.22388
17989,606631,204.06467
17990,606688,286.44376
17991,606740,249.0806
17992,606794,274.09442
17993,606848,252.16792
17994,606915,330.33603
17995,606974,282.38702
17996,607027,262.1452
17997,607103,382.54843
17998,607151,240.80864
17999,607205,275.7623
18000,607264,291.64474
18001,607306,202.78137
18002,607356,250.07416
18003,607426,355.9556
18004,607484,293.3184
18005,607539,279.42706
18006,607604,321.20004
18007,607654,252.37477
18008,607693,185.52214
18009,607738,217.12923
18010,607815,355.4074
18011,607854,184.24727
18012,607926,351.3924
18013,607977,240.77551
18014,608036,290.01926
18015,608080,217.34818
18016,608140,284.73352
18017,608195,278.4336
18018,608255,305.57025
18019,608289,161.38673
18020,608330,194.33925
18021,608361,143.04572
18022,608395,154.6502
18023,608431,168.69894
18024,608481,262.06027
18025,608513,145.45758
18026,608548,178.37076
18027,608581,152.6384
18028,608613,145.95319
18029,608649,166.40117
18030,608683,154.75092
18031,608716,150.86815
18032,608753,167.45459
18033,608788,160.83327
18034,608835,231.08928
18035,608868,152.59229
18036,608902,153.01274
18037,608937,160.1941
18038,608964,136.62178
18039,608998,153.63524
18040,609031,151.67714
18041,609066,159.0769
18042,609099,149.36363
18043,609131,152.40834
18044,609162,142.44635
18045,609202,200.46994
18046,609254,272.76578
18047,609285,141.22173
18048,609321,165.99414
18049,609369,249.31
18050,609406,171.08003
18051,609439,148.90971
18052,609471,144.97281
18053,609503,143.3186
18054,609547,213.46075
18055,609581,156.82332
18056,609615,154.79813
18057,609662,245.81859
18058,609700,189.77007
18059,609735,160.12985
18060,609785,257.66483
18061,609820,160.38768
18062,609853,149.0425
18063,609897,211.80649
18064,609955,312.2747
18065,609988,149.77711
18066,610019,140.73164
18067,610052,151.38521
18068,610118,322.30118
18069,610160,193.56757
18070,610194,153.63513
18071,610229,170.651
18072,610274,225.18857
18073,610318,221.20224
18074,610383,341.34225
18075,610448,329.27396
18076,610501,272.90265
18077,610591,468.54974
18078,610633,210.93541
18079,610719,443.218
18080,610803,442.35413
18081,610880,397.9093
18082,610948,354.72412
18083,611013,333.76102
18084,611102,456.28256
18085,611152,257.15375
18086,611207,287.71198
18087,611280,367.12897
18088,611334,275.59048
18089,611397,317.84103
18090,611437,196.71275
18091,611499,327.25363
18092,611572,372.87363
18093,611628,289.95428
18094,611682,275.69965
18095,611738,289.51706
18096,611801,326.00998
18097,611880,421.08768
18098,611942,318.4296
18099,611964,108.07053
18100,612020,283.95557
18101,612095,394.21463
18102,612168,373.78302
18103,612244,406.37476
18104,612268,117.339294
18105,612346,413.3605
18106,612417,393.79526
18107,612450,158.20859
18108,612513,326.01233
18109,612573,283.19897
18110,612666,463.5564
18111,612723,290.56784
18112,612759,166.66069
18113,612798,188.29723
18114,612833,164.55605
18115,612918,428.1699
18116,612980,318.3798
18117,613039,282.8764
18118,613082,193.69266
18119,613142,309.92416
18120,613207,314.6947
18121,613276,329.09122
18122,613369,505.89468
18123,613434,317.02567
18124,613493,296.74753
18125,613548,248.4753
18126,613576,131.25166
18127,613617,201.3361
18128,613670,248.37076
18129,613735,306.46103
18130,613807,386.31442
18131,613877,375.5882
18132,613919,197.58514
18133,613962,210.92023
18134,614031,321.13324
18135,614080,246.35309
18136,614131,255.58693
18137,614191,300.00366
18138,614268,339.4867
18139,614309,201.4301
18140,614362,269.6076
18141,614400,170.41278
18142,614437,187.6697
18143,614483,238.2606
18144,614528,238.68156
18145,614587,314.53046
18146,614641,269.0575
18147,614688,244.97919
18148,614730,224.47202
18149,614770,206.39229
18150,614815,243.31688
18151,614862,242.4455
18152,614910,258.2029
18153,614966,311.80655
18154,614991,130.36528
18155,615049,311.4733
18156,615091,219.80484
18157,615143,281.56583
18158,615180,190.22974
18159,615238,311.50613
18160,615285,246.4162
18161,615331,244.38286
18162,615380,278.36838
18163,615416,179.55072
18164,615464,252.29189
18165,615531,336.32217
18166,615567,182.95084
18167,615610,221.88312
18168,615659,260.40012
18169,615709,258.29794
18170,615761,279.0469
18171,615801,203.82416
18172,615860,327.86182
18173,615907,253.68945
18174,615960,293.1968
18175,616000,203.58543
18176,616048,243.88469
18177,616096,262.70074
18178,616150,279.34702
18179,616206,309.43292
18180,616243,197.18121
18181,616301,314.6429
18182,616353,293.04074
18183,616391,192.4836
18184,616438,255.85712
18185,616486,254.21059
18186,616523,183.75342
18187,616561,198.67369
18188,616599,198.20512
18189,616632,166.22769
18190,616675,236.06303
18191,616727,282.18625
18192,616776,262.7206
18193,616812,183.21814
18194,616853,218.33888
18195,616889,191.6107
18196,616929,208.45718
18197,616966,185.09618
18198,617008,214.45308
18199,617046,195.96844
18200,617083,189.10263
18201,617125,222.84718
18202,617162,197.66148
18203,617210,255.00388
18204,617248,202.78592
18205,617284,191.91966
18206,617321,179.26837
18207,617362,211.16486
18208,617402,211.31583
18209,617439,185.57018
18210,617488,253.82863
18211,617524,190.83797
18212,617565,214.69073
18213,617606,212.55847
18214,617652,243.53807
18215,617694,213.95647
18216,617728,163.66374
18217,617765,195.77303
18218,617801,183.73096
18219,617838,184.06714
18220,617884,249.50156
18221,617926,212.77393
18222,617965,201.61227
18223,618004,196.849
18224,618045,213.29134
18225,618087,213.65009
18226,618135,255.2244
18227,618178,225.35144
18228,618219,216.28212
18229,618259,207.58032
18230,618294,184.52908
18231,618333,193.60164
18232,618371,201.05159
18233,618410,198.76721
18234,618450,197.84094
18235,618490,206.22804
18236,618521,165.2887
18237,618539,84.08378
18238,618555,75.90044
18239,618572,80.154335
18240,618595,116.33943
18241,618634,210.23833
18242,618676,219.16484
18243,618727,260.59253
18244,618748,100.25848
18245,618765,80.89044
18246,618782,80.588715
18247,618811,153.77592
18248,618875,330.71677
18249,618892,80.56348
18250,618924,145.75014
18251,618943,88.300804
18252,618959,75.83729
18253,618976,80.60705
18254,619044,319.89322
18255,619064,95.839005
18256,619082,83.84173
18257,619097,71.14377
18258,619113,75.72671
18259,619146,143.10693
18260,619180,180.27306
18261,619218,189.34718
18262,619266,236.29263
18263,619286,95.08274
18264,619329,194.94324
18265,619346,80.63832
18266,619408,298.26505
18267,619442,167.28433
18268,619474,160.54767
18269,619493,90.65091
18270,619525,162.79657
18271,619542,80.45094
18272,619580,203.83723
18273,619620,217.53708
18274,619698,374.74954
18275,619714,75.87868
18276,619758,200.53407
18277,619775,80.53241
18278,619793,86.9717
18279,619811,85.49809
18280,619828,80.54271
18281,619877,236.09007
18282,619930,258.68137
18283,619948,86.472984
18284,619965,80.51404
18285,619982,80.082016
18286,620025,233.72981
18287,620080,256.5655
18288,620106,124.309654
18289,620144,203.49689
18290,620177,175.55284
18291,620210,167.27802
18292,620226,75.7347
18293,620278,248.92694
18294,620315,175.6092
18295,620335,93.19087
18296,620354,90.01851
18297,620383,144.68553
18298,620401,86.08846
18299,620418,80.33871
18300,620470,243.93643
18301,620487,81.34483
18302,620521,176.30295
18303,620540,90.27362
18304,620602,295.99564
18305,620653,249.65678
18306,620709,278.64676
18307,620780,337.43256
18308,620864,407.2699
18309,620923,290.62143
18310,620976,248.64156
18311,621050,363.09622
18312,621105,267.5648
18313,621165,309.86014
18314,621219,263.71796
18315,621281,285.02737
18316,621384,544.34937
18317,621429,230.60103
18318,621475,220.9911
18319,621534,266.7557
18320,621623,454.01923
18321,621677,265.49936
18322,621738,312.75516
18323,621801,288.34402
18324,621885,441.028
18325,621945,287.93506
18326,621987,202.18907
18327,622044,256.3879
18328,622105,298.9568
18329,622160,273.15277
18330,622222,309.6138
18331,622304,409.4989
18332,622360,259.46646
18333,622417,278.71786
18334,622484,330.8769
18335,622547,321.85312
18336,622600,253.98073
18337,622676,380.36786
18338,622716,192.67007
18339,622786,335.29263
18340,622848,299.1786
18341,622890,194.08539
18342,622955,316.3706
18343,622996,195.14627
18344,623085,469.84476
18345,623143,280.03918
18346,623197,264.0223
18347,623256,272.02783
18348,623302,225.11565
18349,623356,272.59216
18350,623403,234.77945
18351,623499,399.54404
18352,623535,167.33716
18353,623574,190.54916
18354,623629,268.94827
18355,623673,209.62228
18356,623737,276.58884
18357,623788,255.25436
18358,623839,260.12415
18359,623902,315.4807
18360,623946,204.77989
18361,624009,316.84564
18362,624044,166.39676
18363,624098,269.18884
18364,624141,199.99142
18365,624191,259.0894
18366,624233,199.82921
18367,624316,395.79108
18368,624349,157.32294
18369,624397,228.20193
18370,624459,297.86926
18371,624513,249.39372
18372,624570,256.5379
18373,624608,178.53514
18374,624689,366.17065
18375,624743,270.27292
18376,624813,326.9611
18377,624854,205.36848
18378,624888,171.676
18379,624940,261.09195
18380,624980,196.21922
18381,625049,348.10458
18382,625089,203.78333
18383,625137,247.86797
18384,625202,338.7757
18385,625246,219.3517
18386,625341,415.84662
18387,625392,260.47955
18388,625443,247.71956
18389,625509,336.2876
18390,625546,185.30873
18391,625597,254.88571
18392,625634,181.79343
18393,625683,242.87784
18394,625728,213.62274
18395,625763,172.37294
18396,625809,221.559
18397,625886,375.9769
18398,625924,185.52428
18399,625957,160.90787
18400,626009,253.86168
18401,626049,192.67984
18402,626117,361.72717
18403,626174,279.26434
18404,626212,186.8135
18405,626260,247.12975
18406,626302,210.9328
18407,626336,166.64194
18408,626368,157.8595
18409,626458,468.08444
18410,626511,272.11038
18411,626583,354.19473
18412,626630,246.61252
18413,626671,208.86122
18414,626727,294.5517
18415,626790,345.05182
18416,626855,337.5123
18417,626892,186.12837
18418,626936,226.3418
18419,626998,324.80542
18420,627049,273.18115
18421,627115,347.61252
18422,627171,295.30106
18423,627213,219.17905
18424,627256,220.00108
18425,627303,248.79227
18426,627382,404.411
18427,627440,300.70267
18428,627504,334.66403
18429,627547,230.04535
18430,627611,341.56982
18431,627657,239.59969
18432,627719,325.9527
18433,627779,320.6449
18434,627833,289.36646
18435,627909,375.78894
18436,627985,399.14368
18437,628087,540.68274
18438,628167,434.03668
18439,628217,272.92557
18440,628266,257.35748
18441,628337,392.6958
18442,628386,262.74054
18443,628445,320.925
18444,628518,390.6961
18445,628560,221.28444
18446,628614,278.18817
18447,628675,334.55222
18448,628732,309.78177
18449,628766,178.49895
18450,628816,263.41428
18451,628850,179.67294
18452,628916,354.41022
18453,628978,332.64908
18454,629005,136.26787
18455,629047,225.40802
18456,629078,156.26692
18457,629125,247.67706
18458,629153,139.75143
18459,629181,140.44238
18460,629223,231.32648
18461,629273,265.27554
18462,629307,175.76427
18463,629350,226.17282
18464,629383,167.47092
18465,629425,224.57295
18466,629474,264.11145
18467,629530,300.08716
18468,629581,269.05975
18469,629626,246.9476
18470,629659,168.31146
18471,629691,163.65852
18472,629724,170.49817
18473,629753,148.02322
18474,629798,246.74149
18475,629849,274.35757
18476,629898,269.24792
18477,629927,143.25937
18478,629995,366.32834
18479,630025,151.4228
18480,630060,185.04543
18481,630101,218.36295
18482,630156,292.55612
18483,630256,475.72382
18484,630316,320.2722
18485,630380,337.5927
18486,630416,187.95108
18487,630484,363.10046
18488,630514,152.89113
18489,630550,189.06113
18490,630592,232.61246
18491,630641,262.40317
18492,630677,185.6791
18493,630726,260.08456
18494,630783,307.39645
18495,630822,204.85347
18496,630870,256.41904
18497,630913,218.47
18498,630964,279.8417
18499,631005,217.1686
18500,631060,309.00012
18501,631104,232.5893
18502,631141,192.77528
18503,631203,329.65768
18504,631242,209.7486
18505,631302,334.33682
18506,631341,212.6377
18507,631380,209.80927
18508,631400,99.35927
18509,631441,219.74716
18510,631480,208.95277
18511,631555,450.55847
18512,631601,244.43745
18513,631648,256.9083
18514,631710,341.16913
18515,631754,227.31314
18516,631795,217.94153
18517,631832,193.93115
18518,631873,211.50317
18519,631929,304.2907
18520,631964,184.51831
18521,632011,253.81224
18522,632055,231.27829
18523,632113,309.6152
18524,632164,277.56244
18525,632204,210.64249
18526,632253,262.55237
18527,632290,196.91779
18528,632327,193.4566
18529,632359,165.74988
18530,632426,370.2958
18531,632449,117.50216
18532,632507,321.40674
18533,632567,340.5122
18534,632606,205.36844
18535,632645,207.29861
18536,632691,251.4798
18537,632725,177.42487
18538,632760,183.29817
18539,632805,242.94235
18540,632856,260.50092
18541,632914,305.36832
18542,632966,274.80276
18543,633014,255.15497
18544,633064,262.6834
18545,633116,270.9333
18546,633163,243.20639
18547,633210,246.96042
18548,633255,230.65485
18549,633302,244.2458
18550,633343,206.81192
18551,633388,232.27861
18552,633435,239.96365
18553,633486,267.8509
18554,633526,201.84222
18555,633577,265.6822
18556,633623,235.8562
18557,633676,279.161
18558,633724,254.36766
18559,633769,226.71301
18560,633815,236.05844
18561,633864,257.72958
18562,633914,262.1746
18563,633963,250.24652
18564,634010,241.63695
18565,634055,235.02672
18566,634105,258.3087
18567,634152,242.78026
18568,634204,273.3025
18569,634250,237.5864
18570,634299,258.74078
18571,634349,263.6654
18572,634397,251.78534
18573,634442,229.59167
18574,634496,277.8171
18575,634544,246.3353
18576,634591,245.47562
18577,634640,258.77475
18578,634686,236.37418
18579,634730,225.53792
18580,634773,217.62767
18581,634814,210.64093
18582,634863,252.55975
18583,634907,229.56465
18584,634976,365.42987
18585,635047,318.91583
18586,635094,226.67166
18587,635142,237.27682
18588,635204,278.4736
18589,635322,619.45056
18590,635434,496.21646
18591,635523,464.1487
18592,635589,319.74286
18593,635698,558.7957
18594,635763,299.58856
18595,635822,272.86594
18596,635908,392.20987
18597,635974,304.04007
18598,636084,567.15265
18599,636141,284.09457
18600,636196,252.1763
18601,636256,283.61823
18602,636306,254.53006
18603,636394,394.59354
18604,636441,226.32835
18605,636505,282.0636
18606,636564,299.3861
18607,636660,446.3423
18608,636726,293.79962
18609,636793,300.66278
18610,636837,213.60182
18611,636910,360.3922
18612,636958,241.53116
18613,637007,255.69415
18614,637052,216.63132
18615,637097,235.09688
18616,637163,340.51865
18617,637202,213.01375
18618,637240,194.99452
18619,637280,202.08203
18620,637335,273.42676
18621,637383,245.16835
18622,637429,241.2016
18623,637483,259.0386
18624,637527,233.16391
18625,637573,229.7527
18626,637622,250.19727
18627,637664,221.3723
18628,637717,240.55058
18629,637772,291.34183
18630,637821,253.86359
18631,637876,294.18698
18632,637910,167.0895
18633,637977,340.0666
18634,638026,248.08148
18635,638082,285.112
18636,638131,234.79144
18637,638183,269.51035
18638,638229,224.16875
18639,638299,371.9568
18640,638356,311.20123
18641,638405,245.7488
18642,638454,260.58884
18643,638500,231.4491
18644,638556,285.88232
18645,638597,203.80911
18646,638653,285.3846
18647,638706,262.87668
18648,638752,237.21922
18649,638811,274.95074
18650,638852,211.23537
18651,638902,261.81512
18652,638952,249.66347
18653,639001,251.76675
18654,639038,163.52765
18655,639074,158.0289
18656,639109,153.4346
18657,639145,155.12335
18658,639179,148.72777
18659,639214,154.3034
18660,639250,160.21239
18661,639288,165.69301
18662,639315,111.62234
18663,639348,154.0053
18664,639389,179.16972
18665,639425,157.04558
18666,639463,167.72618
18667,639493,122.022385
18668,639528,154.87476
18669,639564,160.84618
18670,639599,152.53387
18671,639636,161.74252
18672,639674,168.27162
18673,639712,166.1587
18674,639752,178.3646
18675,639788,153.33607
18676,639816,115.96334
18677,639852,160.10968
18678,639890,168.14105
18679,639918,114.23376
18680,639945,111.06489
18681,639984,168.85675
18682,640012,114.954865
18683,640050,161.94221
18684,640089,171.43097
18685,640129,175.36568
18686,640165,157.48276
18687,640202,167.0747
18688,640234,138.59023
18689,640273,171.23256
18690,640314,178.65321
18691,640350,160.21463
18692,640386,157.73695
18693,640424,161.55057
18694,640458,152.8154
18695,640488,123.073524
18696,640526,162.69302
18697,640562,158.76892
18698,640597,154.99611
18699,640624,112.139175
18700,640664,174.91336
18701,640699,156.72978
18702,640734,153.3783
18703,640770,159.93205
18704,640810,172.87859
18705,640844,153.52162
18706,640880,156.46823
18707,640916,159.95921
18708,640953,163.53278
18709,640985,144.32446
18710,641013,114.877525
18711,641080,338.30295
18712,641138,316.5917
18713,641292,787.9697
18714,641365,359.4872
18715,641456,444.45633
18716,641535,433.5577
18717,641617,439.62933
18718,641726,532.7768
18719,641809,438.4059
18720,641880,379.11606
18721,641977,469.08356
18722,642040,288.06445
18723,642108,338.8927
18724,642180,383.7893
18725,642240,317.1416
18726,642363,576.35223
18727,642464,513.3638
18728,642516,279.48514
18729,642605,481.6043
18730,642685,396.3362
18731,642745,317.9427
18732,642836,457.3676
18733,642957,524.6368
18734,643033,402.5016
18735,643088,276.3086
18736,643126,187.3095
18737,643161,170.9212
18738,643197,169.9266
18739,643231,165.51463
18740,643265,164.61674
18741,643300,170.21033
18742,643333,159.58543
18743,643373,194.17471
18744,643407,167.1637
18745,643448,197.11589
18746,643492,216.28883
18747,643525,159.42133
18748,643566,193.0036
18749,643608,207.70447
18750,643641,155.23091
18751,643685,206.85915
18752,643719,166.60637
18753,643757,183.95819
18754,643794,183.79997
18755,643828,160.22003
18756,643862,161.06999
18757,643898,176.3603
18758,643934,174.70494
18759,643966,157.10278
18760,644002,170.50853
18761,644042,196.29482
18762,644082,184.97295
18763,644121,188.67569
18764,644161,189.55058
18765,644194,158.85776
18766,644228,165.68143
18767,644264,176.07597
18768,644296,152.30562
18769,644323,128.9774
18770,644355,155.7573
18771,644390,170.80362
18772,644430,193.6356
18773,644471,201.45209
18774,644506,169.24825
18775,644536,148.03723
18776,644577,198.21602
18777,644615,186.13454
18778,644658,204.03471
18779,644686,138.87697
18780,644725,178.86421
18781,644767,202.10124
18782,644796,141.66867
18783,644839,204.95047
18784,644893,268.44632
18785,644937,211.85587
18786,644970,160.95844
18787,645007,180.67195
18788,645043,177.11345
18789,645083,196.91219
18790,645129,229.13066
18791,645204,347.61722
18792,645282,356.19553
18793,645358,383.2243
18794,645404,215.90173
18795,645479,374.0641
18796,645533,258.39154
18797,645593,271.82123
18798,645663,317.21338
18799,645738,374.91193
18800,645798,274.38303
18801,645857,283.5588
18802,645886,134.8628
18803,645971,396.63385
18804,646027,274.0881
18805,646107,403.63733
18806,646205,457.23804
18807,646275,326.4105
18808,646363,393.67242
18809,646487,585.7412
18810,646537,234.69357
18811,646608,335.1857
18812,646688,403.02576
18813,646748,282.6983
18814,646812,304.9014
18815,646907,440.00662
18816,646994,378.02866
18817,647061,315.22574
18818,647096,162.66306
18819,647187,433.86737
18820,647204,80.32264
18821,647239,194.01765
18822,647274,157.19304
18823,647316,223.05826
18824,647348,174.35666
18825,647375,148.19316
18826,647399,127.46098
18827,647456,293.28625
18828,647492,202.0581
18829,647518,140.27419
18830,647555,176.41718
18831,647588,175.08066
18832,647613,133.45177
18833,647635,113.63713
18834,647678,213.69073
18835,647708,163.27972
18836,647738,164.46382
18837,647774,191.4504
18838,647814,221.19708
18839,647843,160.87944
18840,647900,244.52132
18841,647931,160.08827
18842,647965,190.4354
18843,648000,188.31133
18844,648025,134.46498
18845,648085,306.26288
18846,648145,329.21326
18847,648172,149.18936
18848,648229,275.63107
18849,648262,166.93721
18850,648292,140.3554
18851,648326,173.7177
18852,648355,156.31955
18853,648413,303.45114
18854,648486,367.2685
18855,648512,141.78093
18856,648559,209.47011
18857,648591,176.39365
18858,648656,291.3369
18859,648745,439.0632
18860,648776,157.01175
18861,648810,161.6002
18862,648841,169.28133
18863,648873,179.64456
18864,648899,142.78679
18865,648945,246.0789
18866,648979,189.64755
18867,649054,410.19107
18868,649086,161.33882
18869,649138,225.65929
18870,649174,189.11412
18871,649209,198.31857
18872,649254,203.97948
18873,649300,241.27701
18874,649348,253.40756
18875,649397,267.46786
18876,649446,269.07645
18877,649495,259.43155
18878,649544,264.81635
18879,649590,248.7245
18880,649637,255.75983
18881,649684,250.56813
18882,649733,263.49576
18883,649779,241.73898
18884,649824,235.22382
18885,649872,263.14395
18886,649922,266.85495
18887,649971,261.59448
18888,650016,239.78983
18889,650067,275.90787
18890,650114,256.24915
18891,650159,235.86093
18892,650206,247.19714
18893,650255,268.92368
18894,650305,270.68842
18895,650346,213.74823
18896,650393,247.9099
18897,650442,266.19748
18898,650490,257.58075
18899,650536,240.89487
18900,650585,266.7595
18901,650632,243.85527
18902,650680,261.63007
18903,650728,256.244
18904,650774,240.64328
18905,650820,241.74126
18906,650870,273.2889
18907,650917,254.85422
18908,650961,230.98792
18909,651007,241.23224
18910,651054,248.24431
18911,651104,269.76483
18912,651154,270.74423
18913,651204,272.7296
18914,651252,250.59602
18915,651294,220.56097
18916,651311,81.12016
18917,651329,87.48607
18918,651346,80.93299
18919,651369,113.69006
18920,651392,113.36626
18921,651409,80.947845
18922,651427,86.86243
18923,651457,149.88719
18924,651474,81.42323
18925,651498,118.25984
18926,651515,81.220146
18927,651543,138.44753
18928,651560,81.23611
18929,651577,81.0986
18930,651600,114.001175
18931,651624,119.024666
18932,651641,80.90611
18933,651658,81.05871
18934,651674,76.00224
18935,651703,144.8273
18936,651731,137.21358
18937,651759,138.91028
18938,651787,138.49144
18939,651804,81.005905
18940,651821,81.12195
18941,651849,139.06604
18942,651875,129.009
18943,651905,150.09262
18944,651927,108.34744
18945,651944,80.90807
18946,651964,97.75548
18947,651995,152.46834
18948,652011,75.921646
18949,652040,145.74628
18950,652056,75.67753
18951,652084,140.04762
18952,652108,118.776474
18953,652125,80.978355
18954,652142,80.78538
18955,652158,75.91456
18956,652174,76.11037
18957,652191,81.08155
18958,652208,81.04664
18959,652224,76.06291
18960,652241,80.97846
18961,652258,81.127975
18962,652275,80.90988
18963,652292,81.190445
18964,652316,118.919785
18965,652345,143.04149
18966,652362,80.85703
18967,652379,80.897446
18968,652397,87.37796
18969,652414,81.271095
18970,652441,133.94583
18971,652458,81.45307
18972,652489,156.65329
18973,652506,81.24658
18974,652525,93.07097
18975,652542,81.103226
18976,652559,81.03055
18977,652589,147.3494
18978,652605,76.11481
18979,652631,127.90418
18980,652648,80.86614
18981,652677,142.9348
18982,652694,80.95327
18983,652711,81.02993
18984,652732,102.78012
18985,652749,81.342026
18986,652766,81.22977
18987,652783,80.85282
18988,652800,80.8493
18989,652822,108.81226
18990,652852,146.79546
18991,652869,81.16573
18992,652886,81.095314
18993,652902,76.03318
18994,652918,76.115875
18995,652934,75.73631
18996,652950,75.94681
18997,652967,80.988785
18998,652984,80.96725
18999,653001,80.925995
19000,653018,80.95615
19001,653047,144.75903
19002,653064,81.32088
19003,653081,81.48572
19004,653098,81.20082
19005,653115,81.38121
19006,653131,75.85523
19007,653153,108.75705
19008,653170,81.30873
19009,653197,134.62546
19010,653226,142.7893
19011,653255,144.13815
19012,653271,76.23882
19013,653298,133.48035
19014,653315,80.76178
19015,653367,273.5579
19016,653422,289.94986
19017,653473,267.27353
19018,653527,285.0945
19019,653583,293.061
19020,653635,274.63626
19021,653687,272.81308
19022,653754,361.6035
19023,653810,296.84656
19024,653860,262.40875
19025,653916,295.52554
19026,653966,263.60727
19027,654012,233.2413
19028,654062,264.36774
19029,654114,269.32147
19030,654166,273.28793
19031,654218,271.11707
19032,654269,271.61542
19033,654334,345.88516
19034,654403,369.479
19035,654457,283.90677
19036,654513,300.29727
19037,654576,337.16116
19038,654631,292.30484
19039,654689,303.6842
19040,654743,285.15665
19041,654796,277.37637
19042,654846,264.96884
19043,654898,275.83975
19044,654954,299.45712
19045,655005,268.59225
19046,655062,301.71936
19047,655118,295.99442
19048,655166,253.73756
19049,655220,289.8134
19050,655271,271.39175
19051,655328,298.26837
19052,655380,271.5557
19053,655418,196.23894
19054,655472,297.55148
19055,655512,210.76047
19056,655558,240.13968
19057,655601,223.50352
19058,655647,235.49936
19059,655694,244.36029
19060,655735,214.03508
19061,655777,212.0085
19062,655801,120.992134
19063,655846,236.96953
19064,655887,209.33481
19065,655930,224.39966
19066,655969,197.92552
19067,655992,117.00323
19068,656033,215.14833
19069,656076,221.476
19070,656124,255.76738
19071,656162,196.8374
19072,656201,201.7547
19073,656253,268.30746
19074,656280,140.49088
19075,656306,133.34912
19076,656347,209.10779
19077,656395,243.79742
19078,656437,213.82635
19079,656497,311.75278
19080,656539,215.89163
19081,656593,275.3848
19082,656614,104.39679
19083,656655,215.53343
19084,656699,224.29773
19085,656726,135.75946
19086,656764,196.24704
19087,656805,208.97523
19088,656847,214.32626
19089,656887,208.83638
19090,656978,477.7727
19091,656998,100.05023
19092,657040,218.21565
19093,657060,98.1133
19094,657111,263.8784
19095,657154,223.65964
19096,657205,259.96045
19097,657249,224.24075
19098,657292,223.43571
19099,657316,122.457825
19100,657370,298.75372
19101,657413,214.99953
19102,657485,319.16733
19103,657534,262.12692
19104,657595,325.05383
19105,657653,310.21796
19106,657699,243.44753
19107,657746,247.37898
19108,657809,328.70334
19109,657859,266.00125
19110,657922,332.5668
19111,657964,223.52922
19112,658020,291.0413
19113,658068,253.916
19114,658109,217.54259
19115,658181,373.42682
19116,658226,238.06021
19117,658291,335.96378
19118,658336,239.81717
19119,658379,226.34665
19120,658426,244.99727
19121,658482,296.8873
19122,658524,217.14722
19123,658584,319.1139
19124,658636,274.85562
19125,658681,233.98381
19126,658733,270.20404
19127,658773,210.64726
19128,658821,254.18246
19129,658886,348.43573
19130,658932,244.76187
19131,659004,369.17047
19132,659055,260.85
19133,659100,239.2032
19134,659169,361.97592
19135,659240,365.6583
19136,659284,229.24141
19137,659335,268.81473
19138,659382,246.57458
19139,659425,226.54192
19140,659473,250.26782
19141,659537,271.72357
19142,659596,263.08456
19143,659672,335.23676
19144,659725,224.5398
19145,659794,289.77356
19146,659844,218.06758
19147,659910,330.1461
19148,659952,183.85585
19149,660007,240.64977
19150,660056,210.1801
19151,660112,241.88829
19152,660172,267.91522
19153,660211,180.78838
19154,660272,264.6386
19155,660310,182.15482
19156,660369,249.0302
19157,660421,231.2467
19158,660465,195.00986
19159,660512,217.80318
19160,660561,211.75813
19161,660594,162.84373
19162,660667,336.37503
19163,660722,230.99693
19164,660780,252.87683
19165,660805,110.57049
19166,660847,197.56287
19167,660898,234.90898
19168,660950,227.41129
19169,661017,284.73032
19170,661063,222.13416
19171,661096,162.6504
19172,661150,229.02908
19173,661199,213.14984
19174,661263,266.4782
19175,661307,201.1749
19176,661361,221.92226
19177,661419,255.63937
19178,661470,221.09944
19179,661514,195.47452
19180,661544,155.28745
19181,661569,127.08641
19182,661618,264.43295
19183,661670,280.192
19184,661729,326.10748
19185,661777,258.67252
19186,661846,372.87762
19187,661899,285.97113
19188,661962,336.68457
19189,662013,271.0043
19190,662042,145.4312
19191,662103,327.18018
19192,662158,300.28986
19193,662213,305.14487
19194,662279,353.61362
19195,662336,308.881
19196,662366,154.02614
19197,662431,359.53647
19198,662478,249.59332
19199,662527,259.99445
19200,662547,98.39136
19201,662599,279.94263
19202,662644,233.29704
19203,662697,290.08517
19204,662746,257.32318
19205,662804,319.4207
19206,662859,309.53476
19207,662879,98.50785
19208,662927,260.66956
19209,662988,333.1044
19210,663060,372.70132
19211,663080,98.22795
19212,663100,98.10962
19213,663153,284.89633
19214,663179,130.08177
19215,663233,291.51917
19216,663281,255.85408
19217,663333,279.75772
19218,663397,336.97238
19219,663448,276.47827
19220,663520,383.69354
19221,663571,278.5574
19222,663595,106.0463
19223,663618,100.8556
19224,663640,95.10344
19225,663668,118.77593
19226,663694,109.71852
19227,663717,109.95383
19228,663747,128.68318
19229,663772,104.51752
19230,663797,109.78816
19231,663821,102.22544
19232,663845,102.49349
19233,663869,104.715836
19234,663896,115.856064
19235,663925,126.293365
19236,663948,97.46728
19237,663977,125.77897
19238,664005,126.18211
19239,664030,104.62498
19240,664056,112.67659
19241,664083,118.280365
19242,664111,133.85628
19243,664135,114.149536
19244,664158,101.312775
19245,664182,101.64991
19246,664206,102.4644
19247,664232,111.467224
19248,664260,118.310844
19249,664287,113.620224
19250,664310,97.9589
19251,664337,112.32129
19252,664366,124.10164
19253,664391,105.83466
19254,664419,117.49199
19255,664444,109.35571
19256,664475,143.36844
19257,664506,144.76974
19258,664526,88.581085
19259,664553,132.98785
19260,664584,150.16093
19261,664612,119.530525
19262,664638,111.382744
19263,664663,106.31231
19264,664688,106.277954
19265,664716,120.08004
19266,664740,115.86119
19267,664770,149.3324
19268,664794,105.660835
19269,664820,111.02511
19270,664845,109.08853
19271,664872,115.81293
19272,664899,115.89784
19273,664925,122.70647
19274,664944,85.404106
19275,664969,105.45337
19276,665000,142.0167
19277,665025,106.22553
19278,665050,106.12929
19279,665074,103.1583
19280,665100,112.129776
19281,665124,99.98553
19282,665148,104.371346
19283,665172,104.98472
19284,665197,109.60413
19285,665217,86.7117
19286,665248,143.30771
19287,665276,117.365875
19288,665301,108.638885
19289,665324,99.92711
19290,665347,98.77109
19291,665372,107.24206
19292,665396,106.57808
19293,665420,101.15902
19294,665450,137.73164
19295,665486,166.94711
19296,665517,142.81491
19297,665542,106.792656
19298,665570,118.95616
19299,665604,156.52135
19300,665675,355.74213
19301,665747,362.16977
19302,665788,195.64038
19303,665936,721.23865
19304,665998,312.5081
19305,666059,300.9614
19306,666154,472.7869
19307,666209,271.32193
19308,666285,388.21973
19309,666373,461.58566
19310,666432,289.70425
19311,666488,272.49164
19312,666599,544.5705
19313,666669,346.14948
19314,666745,360.9301
19315,666832,435.045
19316,666954,623.43665
19317,667017,317.02545
19318,667093,394.43088
19319,667184,477.16086
19320,667260,384.97144
19321,667345,455.21198
19322,667405,294.13745
19323,667458,268.21237
19324,667537,398.44263
19325,667616,390.9271
19326,667683,346.7154
19327,667747,328.0716
19328,667805,285.54364
19329,667865,303.95285
19330,667918,276.72876
19331,667984,340.6156
19332,668043,299.6807
19333,668086,211.27296
19334,668132,230.72736
19335,668187,270.0876
19336,668243,290.14368
19337,668309,343.40363
19338,668348,205.1838
19339,668408,306.40475
19340,668480,367.32983
19341,668537,280.43784
19342,668589,260.174
19343,668650,319.65768
19344,668704,271.12665
19345,668774,377.4582
19346,668830,284.1221
19347,668894,342.2401
19348,668958,319.32263
19349,669018,301.81335
19350,669099,412.65265
19351,669155,278.95447
19352,669218,320.61267
19353,669273,283.60797
19354,669317,224.6737
19355,669384,342.9944
19356,669431,228.16844
19357,669490,308.63147
19358,669544,287.7135
19359,669598,269.29486
19360,669647,252.66304
19361,669688,203.95337
19362,669738,246.00363
19363,669806,295.80826
19364,669868,306.48447
19365,669938,321.29956
19366,669987,235.08716
19367,670043,286.62668
19368,670125,389.3968
19369,670203,381.8675
19370,670242,191.2659
19371,670313,334.05704
19372,670408,453.39084
19373,670495,448.63956
19374,670565,318.0089
19375,670624,290.06952
19376,670695,328.4045
19377,670756,277.0728
19378,670841,374.30652
19379,670908,294.98947
19380,670974,320.78363
19381,671039,292.14038
19382,671105,301.78455
19383,671193,429.70554
19384,671274,405.4457
19385,671308,166.7787
19386,671392,403.57922
19387,671460,304.62915
19388,671517,286.97775
19389,671579,315.27856
19390,671641,312.36826
19391,671721,362.75955
19392,671771,251.08987
19393,671817,245.28824
19394,671865,255.8377
19395,671915,268.13306
19396,671961,245.13222
19397,672009,256.46603
19398,672058,263.47958
19399,672108,271.06445
19400,672154,243.41734
19401,672198,234.62303
19402,672250,279.69748
19403,672291,215.41815
19404,672334,226.74211
19405,672384,268.51807
19406,672429,237.67274
19407,672478,265.39532
19408,672525,251.6374
19409,672573,256.92438
19410,672619,246.40976
19411,672664,240.66304
19412,672713,265.05328
19413,672759,246.48016
19414,672802,225.42455
19415,672846,230.17416
19416,672894,257.15152
19417,672941,249.8715
19418,672990,259.32446
19419,673037,251.94977
19420,673083,244.67932
19421,673127,234.75517
19422,673173,243.64444
19423,673225,280.9205
19424,673273,259.4287
19425,673323,266.02277
19426,673369,243.8023
19427,673420,274.08667
19428,673467,250.05737
19429,673515,253.01414
19430,673560,242.38483
19431,673606,246.00879
19432,673656,266.35562
19433,673700,234.45374
19434,673744,233.92622
19435,673793,264.1855
19436,673824,144.06943
19437,673856,147.556
19438,673895,177.582
19439,673926,142.49765
19440,673957,144.99103
19441,673992,161.61905
19442,674024,146.47473
19443,674052,130.93073
19444,674092,197.49377
19445,674132,180.57172
19446,674166,158.73904
19447,674203,169.46584
19448,674234,144.7843
19449,674263,135.47932
19450,674296,153.42761
19451,674332,165.10461
19452,674376,196.22487
19453,674406,140.3334
19454,674434,131.96878
19455,674475,182.73685
19456,674511,164.73589
19457,674544,151.35583
19458,674579,163.5864
19459,674612,152.90385
19460,674639,127.0315
19461,674669,139.6368
19462,674695,123.95536
19463,674735,178.45721
19464,674767,150.2917
19465,674795,131.42227
19466,674822,127.758575
19467,674855,153.57152
19468,674882,128.29771
19469,674917,161.44707
19470,674950,152.38876
19471,674987,167.54788
19472,675017,142.53279
19473,675043,123.34943
19474,675081,172.99358
19475,675110,134.43288
19476,675158,214.61172
19477,675198,182.47299
19478,675232,159.94997
19479,675262,139.86719
19480,675301,178.77705
19481,675328,126.45205
19482,675355,126.8674
19483,675392,173.5019
19484,675424,145.1103
19485,675453,136.59715
19486,675482,139.04366
19487,675511,136.73729
19488,675566,249.22585
19489,675595,134.1788
19490,675627,149.99991
19491,675661,156.40668
19492,675691,146.17874
19493,675731,182.59222
19494,675763,146.79881
19495,675793,138.59024
19496,675827,157.20668
19497,675868,187.8327
19498,675917,244.83798
19499,675947,148.35007
19500,676008,304.93036
19501,676036,141.21962
19502,676092,262.8119
19503,676150,310.94125
19504,676174,119.75261
19505,676210,179.55714
19506,676257,222.9043
19507,676307,244.52592
19508,676346,199.9049
19509,676384,190.16553
19510,676446,345.2593
19511,676514,362.04178
19512,676562,256.293
19513,676622,312.58963
19514,676646,119.23566
19515,676692,223.7219
19516,676740,215.81699
19517,676770,150.32652
19518,676811,206.76262
19519,676852,195.43289
19520,676889,187.29913
19521,676916,134.84898
19522,676970,265.99634
19523,677011,210.74721
19524,677071,320.3135
19525,677124,294.42355
19526,677158,170.00856
19527,677201,216.03369
19528,677256,278.24948
19529,677303,224.68806
19530,677328,122.12762
19531,677429,478.2752
19532,677481,255.99802
19533,677519,191.50485
19534,677547,136.8804
19535,677582,172.0832
19536,677642,313.26566
19537,677700,302.8756
19538,677727,136.93141
19539,677750,111.88776
19540,677805,271.91736
19541,677870,333.09348
19542,677901,150.65063
19543,677921,97.82949
19544,677938,82.00286
19545,677956,84.886986
19546,677974,85.62562
19547,677994,98.13356
19548,678014,96.88503
19549,678031,81.972946
19550,678049,85.50251
19551,678068,89.844604
19552,678085,82.02583
19553,678103,86.7231
19554,678121,86.74477
19555,678142,103.091545
19556,678166,116.57178
19557,678185,89.76734
19558,678202,82.30455
19559,678221,91.44427
19560,678239,87.015045
19561,678263,117.727036
19562,678281,85.762276
19563,678301,97.15659
19564,678319,85.60736
19565,678337,86.75184
19566,678356,91.093666
19567,678374,86.683334
19568,678392,85.21765
19569,678409,81.73838
19570,678427,87.00688
19571,678445,87.02711
19572,678464,90.43563
19573,678482,85.11181
19574,678500,86.492386
19575,678523,112.8177
19576,678542,89.93248
19577,678560,84.97094
19578,678578,87.113304
19579,678599,100.87051
19580,678616,81.444336
19581,678638,107.45049
19582,678656,85.04545
19583,678673,81.29164
19584,678691,86.80979
19585,678709,85.59249
19586,678726,82.074066
19587,678744,87.33954
19588,678762,86.906746
19589,678780,85.48747
19590,678799,90.403175
19591,678821,107.812675
19592,678839,86.57603
19593,678858,91.82877
19594,678878,97.85187
19595,678896,86.65907
19596,678916,96.59083
19597,678936,96.83804
19598,678953,82.20202
19599,678971,85.298454
19600,678989,87.151115
19601,679007,86.69247
19602,679033,122.55863
19603,679052,91.64259
19604,679069,80.623825
19605,679086,82.07455
19606,679104,85.038895
19607,679129,122.86569
19608,679147,86.911835
19609,679165,86.923676
19610,679183,86.91716
19611,679201,86.85222
19612,679220,91.66834
19613,679241,102.2739
19614,679259,85.62242
19615,679277,85.01794
19616,679296,92.20517
19617,679314,85.32874
19618,679337,113.61503
19619,679356,90.25072
19620,679373,81.25319
19621,679391,86.88358
19622,679409,87.4071
19623,679428,91.72777
19624,679446,85.72569
19625,679465,92.479004
19626,679483,84.8441
19627,679502,90.225365
19628,679520,85.07704
19629,679541,102.05769
19630,679559,85.90216
19631,679578,92.38489
19632,679595,80.44703
19633,679612,80.799965
19634,679629,82.2935
19635,679648,91.88496
19636,679667,92.66349
19637,679687,97.87608
19638,679705,84.99477
19639,679722,81.85307
19640,679741,89.978165
19641,679762,101.872406
19642,679780,87.14009
19643,679798,86.10127
19644,679817,90.29772
19645,679835,85.56959
19646,679854,90.04522
19647,679872,86.46094
19648,679890,86.40567
19649,679908,85.10677
19650,679926,86.72541
19651,679978,263.33707
19652,679992,66.615685
19653,680007,71.105804
19654,680022,71.02403
19655,680037,70.803925
19656,680051,66.35906
19657,680065,66.103546
19658,680079,66.27928
19659,680094,71.13952
19660,680108,66.412094
19661,680122,66.33973
19662,680137,70.9311
19663,680152,71.146645
19664,680166,66.09
19665,680181,70.97396
19666,680195,66.3489
19667,680210,70.975044
19668,680225,70.89308
19669,680239,66.181076
19670,680254,70.92399
19671,680268,66.26038
19672,680282,66.18899
19673,680297,70.989746
19674,680311,66.06344
19675,680326,71.03265
19676,680341,70.953514
19677,680355,66.242096
19678,680370,71.03788
19679,680385,71.00577
19680,680400,71.073044
19681,680414,66.32651
19682,680429,70.93457
19683,680444,70.95361
19684,680459,70.97998
19685,680473,66.29595
19686,680487,66.31788
19687,680501,66.34764
19688,680515,66.26414
19689,680529,66.176674
19690,680544,71.127815
19691,680559,71.240486
19692,680573,66.49318
19693,680588,71.05825
19694,680603,70.75979
19695,680617,66.310776
19696,680631,66.117455
19697,680645,66.18522
19698,680659,66.35866
19699,680673,66.29948
19700,680688,70.78359
19701,680703,70.94604
19702,680717,66.32783
19703,680731,66.37589
19704,680746,71.16791
19705,680761,70.81487
19706,680775,66.04219
19707,680789,66.16677
19708,680803,66.08877
19709,680818,71.14522
19710,680832,66.21518
19711,680846,66.21781
19712,680861,71.08745
19713,680875,66.384544
19714,680889,66.19435
19715,680904,71.14977
19716,680918,66.19737
19717,680933,71.18356
19718,680948,71.13483
19719,680963,71.140724
19720,680977,66.36835
19721,680991,66.15372
19722,681006,71.00278
19723,681021,71.089096
19724,681035,66.38129
19725,681050,71.13482
19726,681065,71.08395
19727,681079,66.1983
19728,681094,70.85272
19729,681108,66.141365
19730,681122,66.47264
19731,681137,70.86237
19732,681151,66.32926
19733,681165,66.270645
19734,681180,71.01528
19735,681195,71.15043
19736,681209,66.27379
19737,681224,71.022575
19738,681238,66.42757
19739,681252,66.24528
19740,681266,66.36453
19741,681280,66.10914
19742,681295,71.063354
19743,681310,71.02679
19744,681327,79.71113
19745,681342,70.8873
19746,681357,70.87007
19747,681372,71.06855
19748,681387,71.08323
19749,681402,71.08244
19750,681417,71.01955
19751,681432,71.14474
19752,681447,71.083305
19753,681461,66.349075
19754,681476,71.19281
19755,681491,71.141
19756,681506,71.1835
19757,681521,70.78765
19758,681536,70.87085
19759,681551,70.95739
19760,681566,71.08231
19761,681580,66.48447
19762,681595,71.083244
19763,681610,71.00939
19764,681624,66.52118
19765,681638,66.07129
19766,681652,66.31367
19767,681667,70.810234
19768,681682,71.04195
19769,681696,66.321495
19770,681711,70.91734
19771,681726,71.17089
19772,681740,66.18973
19773,681755,70.96017
19774,681770,71.2745
19775,681784,66.51579
19776,681798,66.30839
19777,681812,66.236855
19778,681827,71.01701
19779,681842,70.97366
19780,681857,71.203026
19781,681872,70.91135
19782,681887,71.22187
19783,681902,71.077446
19784,681916,66.27748
19785,681931,71.06456
19786,681945,66.40928
19787,681959,66.31094
19788,681973,66.18032
19789,681988,70.95665
19790,682038,256.84048
19791,682095,299.74127
19792,682153,303.13245
19793,682201,241.70074
19794,682252,262.60458
19795,682303,265.47577
19796,682368,335.21082
19797,682424,289.89145
19798,682483,307.31277
19799,682543,313.57498
19800,682593,258.72043
19801,682645,268.85355
19802,682700,287.342
19803,682759,310.5643
19804,682826,350.22543
19805,682879,274.50653
19806,682931,270.37442
19807,682985,280.7879
19808,683028,216.03091
19809,683084,292.2974
19810,683130,229.729
19811,683186,291.07007
19812,683251,345.6375
19813,683306,287.7322
19814,683357,256.73203
19815,683409,272.11453
19816,683463,279.8053
19817,683522,311.51483
19818,683573,264.1774
19819,683626,269.36923
19820,683668,205.01357
19821,683713,223.85858
19822,683768,287.01535
19823,683827,309.58267
19824,683890,329.5857
19825,683948,306.5509
19826,684003,284.65198
19827,684056,274.76428
19828,684114,316.75757
19829,684174,331.68127
19830,684237,347.61826
19831,684292,295.27307
19832,684355,328.68457
19833,684415,307.08932
19834,684477,332.51825
19835,684530,282.20993
19836,684582,277.3583
19837,684642,309.22507
19838,684696,282.25745
19839,684758,340.64465
19840,684811,286.20587
19841,684865,296.7103
19842,684917,281.57294
19843,684973,297.88757
19844,685030,301.21628
19845,685086,301.50632
19846,685138,280.40527
19847,685215,410.42126
19848,685276,337.3668
19849,685341,351.55386
19850,685402,315.43948
19851,685454,280.31744
19852,685518,346.42838
19853,685593,406.76514
19854,685656,321.9443
19855,685715,311.26477
19856,685787,377.05627
19857,685856,354.66714
19858,685914,317.90918
19859,685965,270.84702
19860,686026,322.5463
19861,686084,298.1918
19862,686164,408.9624
19863,686228,326.84918
19864,686294,318.2241
19865,686344,260.34622
19866,686402,294.18555
19867,686458,301.6249
19868,686518,309.40936
19869,686571,274.3209
19870,686614,221.60918
19871,686670,294.26242
19872,686712,204.56741
19873,686774,334.82816
19874,686832,294.9632
19875,686898,342.66504
19876,686945,244.66518
19877,687002,292.0452
19878,687059,299.80997
19879,687105,235.60245
19880,687163,293.87146
19881,687223,300.19482
19882,687265,202.30424
19883,687326,313.31113
19884,687392,353.148
19885,687446,270.57516
19886,687497,264.16345
19887,687549,261.4834
19888,687607,305.73773
19889,687670,319.06277
19890,687758,380.81012
19891,687817,295.633
19892,687873,282.04352
19893,687931,297.56512
19894,687988,309.93777
19895,688038,265.33853
19896,688089,262.7394
19897,688154,313.1414
19898,688209,289.18405
19899,688248,192.39407
19900,688285,179.85112
19901,688352,346.12186
19902,688413,309.61108
19903,688483,344.59454
19904,688554,347.5896
19905,688604,263.16675
19906,688676,364.39194
19907,688744,359.0927
19908,688801,291.33215
19909,688878,399.79562
19910,688969,472.50015
19911,689030,305.50232
19912,689095,328.6036
19913,689155,303.47202
19914,689224,357.9616
19915,689282,302.9698
19916,689336,268.30258
19917,689398,324.40652
19918,689464,350.35712
19919,689523,298.2966
19920,689569,230.733
19921,689627,290.9707
19922,689681,281.26465
19923,689739,297.80637
19924,689788,246.01067
19925,689845,292.68646
19926,689899,269.51883
19927,689945,226.34389
19928,690002,297.44183
19929,690063,299.4913
19930,690115,270.97998
19931,690188,354.51917
19932,690239,272.6413
19933,690287,236.69255
19934,690330,222.41965
19935,690372,213.4696
19936,690440,358.3984
19937,690478,195.5511
19938,690531,275.166
19939,690587,297.8738
19940,690634,250.63771
19941,690675,213.25824
19942,690721,229.50948
19943,690771,257.4462
19944,690824,275.84604
19945,690874,265.52084
19946,690894,97.977455
19947,690936,215.49867
19948,690979,224.9476
19949,691021,219.3374
19950,691070,259.92078
19951,691132,326.8467
19952,691182,262.02417
19953,691228,228.1028
19954,691321,489.92477
19955,691369,252.13998
19956,691410,202.05907
19957,691465,286.91238
19958,691536,366.3521
19959,691592,295.01935
19960,691642,263.30176
19961,691676,167.6063
19962,691721,239.4375
19963,691806,443.66074
19964,691856,262.9111
19965,691896,205.9539
19966,691941,229.29736
19967,691977,178.46873
19968,692025,243.9707
19969,692094,358.21188
19970,692141,240.57755
19971,692255,536.01544
19972,692292,198.33246
19973,692351,315.58817
19974,692392,225.89818
19975,692430,204.29117
19976,692448,86.4415
19977,692502,278.35425
19978,692551,262.87924
19979,692606,295.94897
19980,692646,217.80853
19981,692668,110.6993
19982,692693,128.26173
19983,692712,93.26746
19984,692746,184.17534
19985,692808,331.58847
19986,692869,325.6012
19987,692930,326.65204
19988,692950,100.06486
19989,692992,222.85866
19990,693010,86.74893
19991,693074,350.41864
19992,693129,302.46628
19993,693205,415.25217
19994,693257,281.77954
19995,693314,298.44534
19996,693334,98.42197
19997,693371,194.79337
19998,693394,117.41014
19999,693441,247.13426
20000,693501,322.9886
20001,693524,116.51942
20002,693563,205.42058
20003,693614,268.6978
20004,693668,282.85217
20005,693706,200.89377
20006,693741,186.80043
20007,693761,99.76934
20008,693784,117.091125
20009,693817,175.5058
20010,693877,325.4933
20011,693938,328.36307
20012,693973,186.72621
20013,694029,298.0114
20014,694100,383.4496
20015,694123,117.078705
20016,694184,333.24573
20017,694224,217.14691
20018,694290,358.5793
20019,694318,131.65698
20020,694345,132.77298
20021,694366,103.81418
20022,694392,127.13038
20023,694424,158.21822
20024,694453,137.25427
20025,694488,168.84117
20026,694512,116.469955
20027,694556,209.8998
20028,694588,158.90019
20029,694619,153.79456
20030,694648,138.81183
20031,694670,108.05469
20032,694700,144.8231
20033,694739,194.97533
20034,694771,155.5484
20035,694814,208.34946
20036,694832,87.92288
20037,694859,130.17029
20038,694887,136.60446
20039,694927,195.46262
20040,694954,130.95706
20041,694975,101.4283
20042,695015,195.05965
20043,695037,107.68379
20044,695086,241.53362
20045,695107,104.27444
20046,695152,210.30853
20047,695174,105.46771
20048,695218,218.46597
20049,695245,133.82997
20050,695268,113.13473
20051,695315,255.54086
20052,695340,123.22098
20053,695378,185.2144
20054,695422,217.07019
20055,695481,289.74826
20056,695506,122.72679
20057,695528,106.724785
20058,695579,248.26962
20059,695621,202.8603
20060,695649,135.11552
20061,695672,111.66061
20062,695704,156.27577
20063,695728,115.92866
20064,695757,140.31485
20065,695801,222.90854
20066,695824,112.19299
20067,695854,148.49742
20068,695879,122.44465
20069,695904,122.82228
20070,695954,242.49052
20071,696010,278.9284
20072,696034,117.72599
20073,696085,238.89854
20074,696122,177.91992
20075,696144,106.9153
20076,696172,137.88574
20077,696193,102.614815
20078,696216,112.88737
20079,696251,168.80885
20080,696290,196.07391
20081,696314,119.96333
20082,696385,339.99405
20083,696442,239.12813
20084,696495,230.29352
20085,696556,300.47983
20086,696614,290.4346
20087,696682,342.80725
20088,696757,362.45193
20089,696828,368.93518
20090,696927,527.9723
20091,696991,311.13898
20092,697087,488.28882
20093,697138,251.42055
20094,697212,388.5658
20095,697265,220.11798
20096,697319,246.77113
20097,697383,321.4312
20098,697441,292.57452
20099,697478,174.60173
20100,697538,301.10016
20101,697603,340.39777
20102,697676,349.65045
20103,697737,286.22116
20104,697796,295.4663
20105,697858,305.0808
20106,697896,179.4011
20107,698016,598.0585
20108,698068,258.85336
20109,698126,279.77332
20110,698194,331.15442
20111,698258,313.5064
20112,698315,284.68124
20113,698393,400.25958
20114,698448,290.9416
20115,698547,506.42593
20116,698605,287.8723
20117,698688,426.69104
20118,698730,208.11008
20119,698837,480.14386
20120,698890,259.4411
20121,698973,442.05948
20122,699022,255.86913
20123,699081,312.52722
20124,699137,289.6055
20125,699206,365.84146
20126,699239,165.78333
20127,699292,267.29828
20128,699352,319.38727
20129,699452,490.06113
20130,699535,426.04547
20131,699592,304.37943
20132,699649,272.29376
20133,699725,404.99503
20134,699796,337.11493
20135,699849,258.39682
20136,699912,299.06543
20137,699976,347.3773
20138,700053,414.47546
20139,700133,384.2327
20140,700185,266.07498
20141,700298,558.78674
20142,700391,452.50186
